ds4: Metal device Apple M5 Ultra, 256.00 GiB RAM
ds4: Metal 4 tensor API enabled for Tensor kernels
ds4: drift-patch flags hc_stable=on norm_unify=on kv_raw_f32=off rope_exp2_log2=off math_safe=off tensor_matmul=on
ds4: Metal model views created in 4.645 ms, residency requested in 780.873 ms, warmup 5.649 ms (mapped 157001.67 MiB from offset 5.09 MiB)
ds4: Metal mapped mmaped model as 1 overlapping shared buffers
ds4: metal backend initialized for graph diagnostics
ds4: memory: KV 0.31 GiB (raw 0.19 + compressed 0.13) + buffers 0.06 GiB + resident model 153.32 GiB = 153.70 GiB planned
ds4: memory detail: ctx=16384 prefill_cap=2048 raw_kv_rows=2304 compressed_kv_rows=4098 backend=metal
1003 02:29:28 ds4-server: context buffers 387.14 MiB (ctx=16384, backend=metal, prefill_chunk=2048, raw_kv_rows=2304, compressed_kv_rows=4098)
1003 02:29:28 ds4-server: 2 resident sessions request at least 0.76 GiB of context buffers, or 0.69 GiB when the model shares one prefill workspace
ds4: shared session prefill workspace enabled: cap=2048, 2.10 GiB total GPU memory; each additional session aliases this allocation
1003 02:29:28 ds4-server: batched mode enabled resident_sessions=2 prefill_quantum=2048 mixed_prefill_quantum=128 decode_coalesce_us=2000
1003 02:29:28 ds4-server: listening on http://127.0.0.1:18185
1003 02:29:29 ds4-server: chat ctx=0..8201:8201 prompt start
1003 02:29:31 ds4-server: chat ctx=0..8201:8201 prefill chunk 2048/8201 (25.0%) chunk=0.00 t/s avg=1015.34 t/s 2.017s
1003 02:29:33 ds4-server: chat ctx=0..8201:8201 prefill chunk 4096/8201 (49.9%) chunk=968.19 t/s avg=991.20 t/s 4.132s
1003 02:29:35 ds4-server: chat ctx=0..8201:8201 prefill chunk 6144/8201 (74.9%) chunk=960.92 t/s avg=980.90 t/s 6.264s
1003 02:29:37 ds4-server: chat ctx=0..8201:8201 prefill chunk 8192/8201 (99.9%) chunk=955.87 t/s avg=974.52 t/s 8.406s
1003 02:29:37 ds4-server: chat ctx=0..8201:8201 prefill chunk 8201/8201 (100.0%) chunk=64.51 t/s avg=959.66 t/s 8.546s
1003 02:29:37 ds4-server: chat ctx=0..8201:8201 prompt done 8.546s
1003 02:29:38 ds4-server: chat ctx=8201..8251:50 gen=50 decoding chunk=55.59 t/s avg=55.59 t/s 0.899s
1003 02:29:39 ds4-server: chat ctx=8251..8301:50 gen=100 decoding chunk=55.65 t/s avg=55.62 t/s 1.798s
1003 02:29:40 ds4-server: chat ctx=8301..8351:50 gen=150 decoding chunk=55.47 t/s avg=55.57 t/s 2.699s
1003 02:29:41 ds4-server: chat ctx=8351..8401:50 gen=200 decoding chunk=55.44 t/s avg=55.54 t/s 3.601s
1003 02:29:42 ds4-server: chat ctx=8401..8451:50 gen=250 decoding chunk=55.43 t/s avg=55.52 t/s 4.503s
1003 02:29:42 ds4-server: chat ctx=8451..8457:6 gen=256 decoding chunk=55.30 t/s avg=55.51 t/s 4.612s
1003 02:29:42 ds4-server: chat ctx=0..8201:8201 gen=256 finish=length 13.158s
1003 02:29:42 ds4-server: chat ctx=0..8201:8201 prompt start
1003 02:29:44 ds4-server: chat ctx=0..8201:8201 prefill chunk 2048/8201 (25.0%) chunk=0.00 t/s avg=1038.34 t/s 1.972s
1003 02:29:46 ds4-server: chat ctx=0..8201:8201 prefill chunk 4096/8201 (49.9%) chunk=969.17 t/s avg=1002.56 t/s 4.086s
1003 02:29:48 ds4-server: chat ctx=0..8201:8201 prefill chunk 6144/8201 (74.9%) chunk=960.94 t/s avg=988.30 t/s 6.217s
1003 02:29:50 ds4-server: chat ctx=0..8201:8201 prefill chunk 8192/8201 (99.9%) chunk=956.73 t/s avg=980.21 t/s 8.357s
1003 02:29:50 ds4-server: chat ctx=0..8201:8201 prefill chunk 8201/8201 (100.0%) chunk=66.20 t/s avg=965.58 t/s 8.493s
1003 02:29:50 ds4-server: chat ctx=0..8201:8201 prompt done 8.493s
1003 02:29:51 ds4-server: chat ctx=8201..8251:50 gen=50 decoding chunk=55.66 t/s avg=55.66 t/s 0.898s
1003 02:29:52 ds4-server: chat ctx=8251..8301:50 gen=100 decoding chunk=55.66 t/s avg=55.66 t/s 1.797s
1003 02:29:53 ds4-server: chat ctx=8301..8351:50 gen=150 decoding chunk=55.44 t/s avg=55.59 t/s 2.699s
1003 02:29:54 ds4-server: chat ctx=8351..8401:50 gen=200 decoding chunk=55.47 t/s avg=55.56 t/s 3.600s
1003 02:29:55 ds4-server: chat ctx=8401..8451:50 gen=250 decoding chunk=55.39 t/s avg=55.53 t/s 4.502s
1003 02:29:55 ds4-server: chat ctx=8451..8457:6 gen=256 decoding chunk=55.27 t/s avg=55.52 t/s 4.611s
1003 02:29:55 ds4-server: chat ctx=0..8201:8201 gen=256 finish=length 13.105s
1003 02:29:55 slot 0: request reuses nothing; evicting checkpoint (8457 tokens, idle 13 s, protected)
1003 02:29:55 ds4-server: live kv cache miss live=8457 prompt=8201 common=17 vision=match reason=token-mismatch
1003 02:29:55 ds4-server: chat ctx=0..8201:8201 prompt start
1003 02:29:55 slot 1: request reuses nothing; evicting checkpoint (8457 tokens, idle 0 s, protected)
1003 02:29:57 ds4-server: chat ctx=0..8201:8201 prefill chunk 2048/8201 (25.0%) chunk=0.00 t/s avg=1039.10 t/s 1.971s
1003 02:29:59 ds4-server: chat ctx=0..8201:8201 prefill chunk 4096/8201 (49.9%) chunk=968.54 t/s avg=1002.58 t/s 4.085s
1003 02:30:01 ds4-server: chat ctx=0..8201:8201 prefill chunk 6144/8201 (74.9%) chunk=960.49 t/s avg=988.14 t/s 6.218s
1003 02:30:03 ds4-server: chat ctx=0..8201:8201 prefill chunk 8192/8201 (99.9%) chunk=956.16 t/s avg=979.95 t/s 8.360s
1003 02:30:03 ds4-server: chat ctx=0..8201:8201 prefill chunk 8201/8201 (100.0%) chunk=66.04 t/s avg=965.29 t/s 8.496s
1003 02:30:03 ds4-server: chat ctx=0..8201:8201 prompt done 8.496s
1003 02:30:03 ds4-server: live kv cache miss live=8457 prompt=8201 common=17 vision=match reason=token-mismatch
1003 02:30:03 ds4-server: chat ctx=0..8201:8201 prompt start
1003 02:30:05 ds4-server: chat ctx=0..8201:8201 prefill chunk 2048/8201 (25.0%) chunk=0.00 t/s avg=1035.39 t/s 1.978s
1003 02:30:06 ds4-server: chat ctx=0..8201:8201 prefill chunk 2176/8201 (26.5%) chunk=254.23 t/s avg=876.89 t/s 2.481s
1003 02:30:06 ds4-server: chat ctx=0..8201:8201 prefill chunk 2304/8201 (28.1%) chunk=249.04 t/s avg=769.16 t/s 2.995s
1003 02:30:07 ds4-server: chat ctx=0..8201:8201 prefill chunk 2432/8201 (29.7%) chunk=243.36 t/s avg=690.63 t/s 3.521s
1003 02:30:07 ds4-server: chat ctx=0..8201:8201 prefill chunk 2560/8201 (31.2%) chunk=250.22 t/s avg=634.77 t/s 4.033s
1003 02:30:08 ds4-server: chat ctx=0..8201:8201 prefill chunk 2688/8201 (32.8%) chunk=246.78 t/s avg=590.55 t/s 4.552s
1003 02:30:08 ds4-server: chat ctx=0..8201:8201 prefill chunk 2816/8201 (34.3%) chunk=247.06 t/s avg=555.45 t/s 5.070s
1003 02:30:09 ds4-server: chat ctx=0..8201:8201 prefill chunk 2944/8201 (35.9%) chunk=228.30 t/s avg=522.87 t/s 5.630s
1003 02:30:09 ds4-server: chat ctx=0..8201:8201 prefill chunk 3072/8201 (37.5%) chunk=248.58 t/s avg=499.89 t/s 6.145s
1003 02:30:10 ds4-server: chat ctx=0..8201:8201 prefill chunk 3200/8201 (39.0%) chunk=254.85 t/s avg=481.38 t/s 6.648s
1003 02:30:10 ds4-server: chat ctx=0..8201:8201 prefill chunk 3328/8201 (40.6%) chunk=253.65 t/s avg=465.31 t/s 7.152s
1003 02:30:11 ds4-server: chat ctx=0..8201:8201 prefill chunk 3456/8201 (42.1%) chunk=246.68 t/s avg=450.52 t/s 7.671s
1003 02:30:12 ds4-server: chat ctx=0..8201:8201 prefill chunk 3584/8201 (43.7%) chunk=240.48 t/s avg=436.89 t/s 8.203s
1003 02:30:12 ds4-server: chat ctx=0..8201:8201 prefill chunk 3712/8201 (45.3%) chunk=259.73 t/s avg=426.85 t/s 8.696s
1003 02:30:13 ds4-server: chat ctx=0..8201:8201 prefill chunk 3840/8201 (46.8%) chunk=252.16 t/s avg=417.22 t/s 9.204s
1003 02:30:13 ds4-server: chat ctx=0..8201:8201 prefill chunk 3968/8201 (48.4%) chunk=249.68 t/s avg=408.38 t/s 9.716s
1003 02:30:14 ds4-server: chat ctx=0..8201:8201 prefill chunk 4096/8201 (49.9%) chunk=237.16 t/s avg=399.37 t/s 10.256s
1003 02:30:14 ds4-server: chat ctx=0..8201:8201 prefill chunk 4224/8201 (51.5%) chunk=240.56 t/s avg=391.53 t/s 10.788s
1003 02:30:15 ds4-server: chat ctx=0..8201:8201 prefill chunk 4352/8201 (53.1%) chunk=240.28 t/s avg=384.42 t/s 11.321s
1003 02:30:15 ds4-server: chat ctx=0..8201:8201 prefill chunk 4480/8201 (54.6%) chunk=230.57 t/s avg=377.23 t/s 11.876s
1003 02:30:16 ds4-server: chat ctx=0..8201:8201 prefill chunk 4608/8201 (56.2%) chunk=233.27 t/s avg=370.87 t/s 12.425s
1003 02:30:16 ds4-server: chat ctx=0..8201:8201 prefill chunk 4736/8201 (57.7%) chunk=228.69 t/s avg=364.74 t/s 12.985s
1003 02:30:17 ds4-server: chat ctx=0..8201:8201 prefill chunk 4864/8201 (59.3%) chunk=233.90 t/s avg=359.45 t/s 13.532s
1003 02:30:17 ds4-server: chat ctx=0..8201:8201 prefill chunk 4992/8201 (60.9%) chunk=231.41 t/s avg=354.42 t/s 14.085s
1003 02:30:18 ds4-server: chat ctx=0..8201:8201 prefill chunk 5120/8201 (62.4%) chunk=245.20 t/s avg=350.52 t/s 14.607s
1003 02:30:18 ds4-server: chat ctx=0..8201:8201 prefill chunk 5248/8201 (64.0%) chunk=229.61 t/s avg=346.07 t/s 15.164s
1003 02:30:19 ds4-server: chat ctx=0..8201:8201 prefill chunk 5376/8201 (65.6%) chunk=232.24 t/s avg=342.08 t/s 15.716s
1003 02:30:20 ds4-server: chat ctx=0..8201:8201 prefill chunk 5504/8201 (67.1%) chunk=232.03 t/s avg=338.35 t/s 16.267s
1003 02:30:20 ds4-server: chat ctx=0..8201:8201 prefill chunk 5632/8201 (68.7%) chunk=237.82 t/s avg=335.13 t/s 16.806s
1003 02:30:21 ds4-server: chat ctx=0..8201:8201 prefill chunk 5760/8201 (70.2%) chunk=238.10 t/s avg=332.12 t/s 17.343s
1003 02:30:21 ds4-server: chat ctx=0..8201:8201 prefill chunk 5888/8201 (71.8%) chunk=247.81 t/s avg=329.68 t/s 17.860s
1003 02:30:22 ds4-server: chat ctx=0..8201:8201 prefill chunk 6016/8201 (73.4%) chunk=246.95 t/s avg=327.35 t/s 18.378s
1003 02:30:22 ds4-server: chat ctx=0..8201:8201 prefill chunk 6144/8201 (74.9%) chunk=242.40 t/s avg=324.98 t/s 18.906s
1003 02:30:23 ds4-server: chat ctx=0..8201:8201 prefill chunk 6272/8201 (76.5%) chunk=244.40 t/s avg=322.80 t/s 19.430s
1003 02:30:23 ds4-server: chat ctx=0..8201:8201 prefill chunk 6400/8201 (78.0%) chunk=240.62 t/s avg=320.61 t/s 19.962s
1003 02:30:24 ds4-server: chat ctx=0..8201:8201 prefill chunk 6528/8201 (79.6%) chunk=235.53 t/s avg=318.36 t/s 20.505s
1003 02:30:24 ds4-server: chat ctx=0..8201:8201 prefill chunk 6656/8201 (81.2%) chunk=240.68 t/s avg=316.40 t/s 21.037s
1003 02:30:25 ds4-server: chat ctx=0..8201:8201 prefill chunk 6784/8201 (82.7%) chunk=241.20 t/s avg=314.55 t/s 21.568s
1003 02:30:25 ds4-server: chat ctx=0..8201:8201 prefill chunk 6912/8201 (84.3%) chunk=248.58 t/s avg=313.01 t/s 22.083s
1003 02:30:26 ds4-server: chat ctx=0..8201:8201 prefill chunk 7040/8201 (85.8%) chunk=232.86 t/s avg=311.06 t/s 22.632s
1003 02:30:26 ds4-server: chat ctx=0..8201:8201 prefill chunk 7168/8201 (87.4%) chunk=243.05 t/s avg=309.51 t/s 23.159s
1003 02:30:27 ds4-server: chat ctx=0..8201:8201 prefill chunk 7296/8201 (89.0%) chunk=243.42 t/s avg=308.05 t/s 23.685s
1003 02:30:28 ds4-server: chat ctx=0..8201:8201 prefill chunk 7424/8201 (90.5%) chunk=229.35 t/s avg=306.24 t/s 24.243s
1003 02:30:28 ds4-server: chat ctx=0..8201:8201 prefill chunk 7552/8201 (92.1%) chunk=236.82 t/s avg=304.72 t/s 24.783s
1003 02:30:29 ds4-server: chat ctx=0..8201:8201 prefill chunk 7680/8201 (93.6%) chunk=247.35 t/s avg=303.55 t/s 25.301s
1003 02:30:29 ds4-server: chat ctx=0..8201:8201 prefill chunk 7808/8201 (95.2%) chunk=232.09 t/s avg=302.02 t/s 25.852s
1003 02:30:30 ds4-server: chat ctx=0..8201:8201 prefill chunk 7936/8201 (96.8%) chunk=240.06 t/s avg=300.77 t/s 26.386s
1003 02:30:30 ds4-server: chat ctx=0..8201:8201 prefill chunk 8064/8201 (98.3%) chunk=242.70 t/s avg=299.63 t/s 26.913s
1003 02:30:31 ds4-server: chat ctx=0..8201:8201 prefill chunk 8192/8201 (99.9%) chunk=226.12 t/s avg=298.12 t/s 27.479s
1003 02:30:31 ds4-server: chat ctx=0..8201:8201 prefill chunk 8201/8201 (100.0%) chunk=58.67 t/s avg=296.79 t/s 27.632s
1003 02:30:31 ds4-server: chat ctx=0..8201:8201 prompt done 27.632s
1003 02:30:31 ds4-server: chat ctx=8201..8251:50 gen=50 decoding chunk=1.81 t/s avg=1.81 t/s 27.650s
1003 02:30:33 ds4-server: chat ctx=8251..8301:50 gen=100 decoding chunk=24.23 t/s avg=3.37 t/s 29.714s
1003 02:30:33 ds4-server: chat ctx=8201..8251:50 gen=50 decoding chunk=24.02 t/s avg=24.02 t/s 2.082s
1003 02:30:35 ds4-server: chat ctx=8301..8351:50 gen=150 decoding chunk=25.63 t/s avg=4.74 t/s 31.665s
1003 02:30:35 ds4-server: chat ctx=8251..8301:50 gen=100 decoding chunk=25.63 t/s avg=24.80 t/s 4.032s
1003 02:30:37 ds4-server: chat ctx=8301..8351:50 gen=150 decoding chunk=25.60 t/s avg=25.06 t/s 5.985s
1003 02:30:37 ds4-server: chat ctx=8351..8401:50 gen=200 decoding chunk=25.60 t/s avg=5.95 t/s 33.618s
1003 02:30:39 ds4-server: chat ctx=8351..8401:50 gen=200 decoding chunk=25.60 t/s avg=25.19 t/s 7.939s
1003 02:30:39 ds4-server: chat ctx=8401..8451:50 gen=250 decoding chunk=25.60 t/s avg=7.03 t/s 35.571s
1003 02:30:39 ds4-server: chat ctx=8451..8457:6 gen=256 decoding chunk=25.60 t/s avg=7.15 t/s 35.806s
1003 02:30:39 ds4-server: chat ctx=0..8201:8201 gen=256 finish=length 44.302s
1003 02:30:39 slot 0: request reuses nothing; evicting checkpoint (8457 tokens, idle 0 s, protected)
1003 02:30:39 ds4-server: live kv cache miss live=8457 prompt=8201 common=17 vision=match reason=token-mismatch
1003 02:30:39 ds4-server: chat ctx=0..8201:8201 prompt start
1003 02:30:40 ds4-server: chat ctx=0..8201:8201 prefill chunk 128/8201 (1.6%) chunk=0.00 t/s avg=244.66 t/s 0.523s
1003 02:30:40 ds4-server: chat ctx=0..8201:8201 prefill chunk 256/8201 (3.1%) chunk=277.56 t/s avg=260.07 t/s 0.984s
1003 02:30:41 ds4-server: chat ctx=0..8201:8201 prefill chunk 384/8201 (4.7%) chunk=267.62 t/s avg=262.54 t/s 1.463s
1003 02:30:41 ds4-server: chat ctx=0..8201:8201 prefill chunk 512/8201 (6.2%) chunk=264.84 t/s avg=263.11 t/s 1.946s
1003 02:30:42 ds4-server: chat ctx=0..8201:8201 prefill chunk 640/8201 (7.8%) chunk=260.34 t/s avg=262.55 t/s 2.438s
1003 02:30:42 ds4-server: chat ctx=0..8201:8201 prefill chunk 768/8201 (9.4%) chunk=271.48 t/s avg=264.00 t/s 2.909s
1003 02:30:43 ds4-server: chat ctx=0..8201:8201 prefill chunk 896/8201 (10.9%) chunk=249.60 t/s avg=261.84 t/s 3.422s
1003 02:30:43 ds4-server: chat ctx=0..8201:8201 prefill chunk 1024/8201 (12.5%) chunk=246.15 t/s avg=259.77 t/s 3.942s
1003 02:30:44 ds4-server: chat ctx=0..8201:8201 prefill chunk 1152/8201 (14.0%) chunk=274.96 t/s avg=261.38 t/s 4.407s
1003 02:30:44 ds4-server: chat ctx=0..8201:8201 prefill chunk 1280/8201 (15.6%) chunk=267.74 t/s avg=262.00 t/s 4.886s
1003 02:30:45 ds4-server: chat ctx=0..8201:8201 prefill chunk 1408/8201 (17.2%) chunk=260.87 t/s avg=261.90 t/s 5.376s
1003 02:30:45 ds4-server: chat ctx=0..8201:8201 prefill chunk 1536/8201 (18.7%) chunk=256.28 t/s avg=261.42 t/s 5.876s
1003 02:30:45 ds4-server: chat ctx=0..8201:8201 prefill chunk 1664/8201 (20.3%) chunk=276.87 t/s avg=262.55 t/s 6.338s
1003 02:30:46 ds4-server: chat ctx=0..8201:8201 prefill chunk 1792/8201 (21.9%) chunk=256.94 t/s avg=262.14 t/s 6.836s
1003 02:30:47 ds4-server: chat ctx=0..8201:8201 prefill chunk 1920/8201 (23.4%) chunk=247.59 t/s avg=261.11 t/s 7.353s
1003 02:30:47 ds4-server: chat ctx=0..8201:8201 prefill chunk 2048/8201 (25.0%) chunk=263.08 t/s avg=261.24 t/s 7.840s
1003 02:30:48 ds4-server: chat ctx=0..8201:8201 prefill chunk 2176/8201 (26.5%) chunk=244.99 t/s avg=260.22 t/s 8.362s
1003 02:30:48 ds4-server: chat ctx=0..8201:8201 prefill chunk 2304/8201 (28.1%) chunk=247.68 t/s avg=259.49 t/s 8.879s
1003 02:30:49 ds4-server: chat ctx=0..8201:8201 prefill chunk 2432/8201 (29.7%) chunk=243.07 t/s avg=258.57 t/s 9.406s
1003 02:30:49 ds4-server: chat ctx=0..8201:8201 prefill chunk 2560/8201 (31.2%) chunk=249.30 t/s avg=258.09 t/s 9.919s
1003 02:30:50 ds4-server: chat ctx=0..8201:8201 prefill chunk 2688/8201 (32.8%) chunk=245.29 t/s avg=257.45 t/s 10.441s
1003 02:30:50 ds4-server: chat ctx=0..8201:8201 prefill chunk 2816/8201 (34.3%) chunk=246.51 t/s avg=256.93 t/s 10.960s
1003 02:30:51 ds4-server: chat ctx=0..8201:8201 prefill chunk 2944/8201 (35.9%) chunk=228.08 t/s avg=255.53 t/s 11.521s
1003 02:30:51 ds4-server: chat ctx=0..8201:8201 prefill chunk 3072/8201 (37.5%) chunk=248.85 t/s avg=255.24 t/s 12.036s
1003 02:30:52 ds4-server: chat ctx=0..8201:8201 prefill chunk 3200/8201 (39.0%) chunk=254.67 t/s avg=255.22 t/s 12.538s
1003 02:30:52 ds4-server: chat ctx=0..8201:8201 prefill chunk 3328/8201 (40.6%) chunk=252.83 t/s avg=255.13 t/s 13.044s
1003 02:30:53 ds4-server: chat ctx=0..8201:8201 prefill chunk 3456/8201 (42.1%) chunk=247.23 t/s avg=254.83 t/s 13.562s
1003 02:30:53 ds4-server: chat ctx=0..8201:8201 prefill chunk 3584/8201 (43.7%) chunk=239.54 t/s avg=254.25 t/s 14.097s
1003 02:30:54 ds4-server: chat ctx=0..8201:8201 prefill chunk 3712/8201 (45.3%) chunk=259.50 t/s avg=254.42 t/s 14.590s
1003 02:30:54 ds4-server: chat ctx=0..8201:8201 prefill chunk 3840/8201 (46.8%) chunk=252.21 t/s avg=254.35 t/s 15.097s
1003 02:30:55 ds4-server: chat ctx=0..8201:8201 prefill chunk 3968/8201 (48.4%) chunk=249.08 t/s avg=254.18 t/s 15.611s
1003 02:30:55 ds4-server: chat ctx=0..8201:8201 prefill chunk 4096/8201 (49.9%) chunk=237.80 t/s avg=253.63 t/s 16.150s
1003 02:30:56 ds4-server: chat ctx=0..8201:8201 prefill chunk 4224/8201 (51.5%) chunk=239.06 t/s avg=253.16 t/s 16.685s
1003 02:30:56 ds4-server: chat ctx=0..8201:8201 prefill chunk 4352/8201 (53.1%) chunk=239.56 t/s avg=252.74 t/s 17.219s
1003 02:30:57 ds4-server: chat ctx=0..8201:8201 prefill chunk 4480/8201 (54.6%) chunk=232.00 t/s avg=252.10 t/s 17.771s
1003 02:30:57 ds4-server: chat ctx=0..8201:8201 prefill chunk 4608/8201 (56.2%) chunk=232.87 t/s avg=251.52 t/s 18.321s
1003 02:30:58 ds4-server: chat ctx=0..8201:8201 prefill chunk 4736/8201 (57.7%) chunk=227.85 t/s avg=250.82 t/s 18.882s
1003 02:30:59 ds4-server: chat ctx=0..8201:8201 prefill chunk 4864/8201 (59.3%) chunk=232.87 t/s avg=250.31 t/s 19.432s
1003 02:30:59 ds4-server: chat ctx=0..8201:8201 prefill chunk 4992/8201 (60.9%) chunk=232.87 t/s avg=249.83 t/s 19.982s
1003 02:31:00 ds4-server: chat ctx=0..8201:8201 prefill chunk 5120/8201 (62.4%) chunk=245.15 t/s avg=249.71 t/s 20.504s
1003 02:31:00 ds4-server: chat ctx=0..8201:8201 prefill chunk 5248/8201 (64.0%) chunk=228.96 t/s avg=249.16 t/s 21.063s
1003 02:31:01 ds4-server: chat ctx=0..8201:8201 prefill chunk 5376/8201 (65.6%) chunk=232.06 t/s avg=248.72 t/s 21.615s
1003 02:31:01 ds4-server: chat ctx=8401..8451:50 gen=250 decoding chunk=2.28 t/s avg=8.38 t/s 29.824s
1003 02:31:01 ds4-server: chat ctx=0..8201:8201 prefill chunk 5504/8201 (67.1%) chunk=230.93 t/s avg=248.28 t/s 22.169s
1003 02:31:02 ds4-server: chat ctx=0..8201:8201 prefill chunk 5632/8201 (68.7%) chunk=236.64 t/s avg=248.00 t/s 22.710s
1003 02:31:02 ds4-server: chat ctx=0..8201:8201 prefill chunk 5760/8201 (70.2%) chunk=237.47 t/s avg=247.76 t/s 23.249s
1003 02:31:03 ds4-server: chat ctx=0..8201:8201 prefill chunk 5888/8201 (71.8%) chunk=247.46 t/s avg=247.75 t/s 23.766s
1003 02:31:03 ds4-server: chat ctx=0..8201:8201 prefill chunk 6016/8201 (73.4%) chunk=246.27 t/s avg=247.72 t/s 24.286s
1003 02:31:04 ds4-server: chat ctx=0..8201:8201 prefill chunk 6144/8201 (74.9%) chunk=242.31 t/s avg=247.60 t/s 24.814s
1003 02:31:04 ds4-server: chat ctx=8451..8457:6 gen=256 decoding chunk=1.88 t/s avg=7.75 t/s 33.024s
1003 02:31:04 ds4-server: chat ctx=0..8201:8201 gen=256 finish=length 60.656s
1003 02:31:04 slot 1: request reuses nothing; evicting checkpoint (8457 tokens, idle 0 s, protected)
1003 02:31:04 ds4-server: chat ctx=0..8201:8201 prefill chunk 6272/8201 (76.5%) chunk=243.97 t/s avg=247.53 t/s 25.339s
1003 02:31:07 ds4-server: chat ctx=0..8201:8201 prefill chunk 8192/8201 (99.9%) chunk=951.42 t/s avg=299.45 t/s 27.357s
1003 02:31:07 ds4-server: chat ctx=0..8201:8201 prefill chunk 8201/8201 (100.0%) chunk=65.89 t/s avg=298.29 t/s 27.493s
1003 02:31:07 ds4-server: chat ctx=0..8201:8201 prompt done 27.493s
1003 02:31:07 ds4-server: live kv cache miss live=8457 prompt=8201 common=17 vision=match reason=token-mismatch
1003 02:31:07 ds4-server: chat ctx=0..8201:8201 prompt start
1003 02:31:09 ds4-server: chat ctx=0..8201:8201 prefill chunk 2048/8201 (25.0%) chunk=0.00 t/s avg=1035.03 t/s 1.979s
1003 02:31:09 ds4-server: chat ctx=0..8201:8201 prefill chunk 2176/8201 (26.5%) chunk=253.48 t/s avg=876.13 t/s 2.484s
1003 02:31:10 ds4-server: chat ctx=0..8201:8201 prefill chunk 2304/8201 (28.1%) chunk=248.05 t/s avg=768.09 t/s 3.000s
1003 02:31:10 ds4-server: chat ctx=0..8201:8201 prefill chunk 2432/8201 (29.7%) chunk=243.23 t/s avg=689.75 t/s 3.526s
1003 02:31:11 ds4-server: chat ctx=0..8201:8201 prefill chunk 2560/8201 (31.2%) chunk=248.94 t/s avg=633.65 t/s 4.040s
1003 02:31:11 ds4-server: chat ctx=0..8201:8201 prefill chunk 2688/8201 (32.8%) chunk=246.62 t/s avg=589.59 t/s 4.559s
1003 02:31:12 ds4-server: chat ctx=0..8201:8201 prefill chunk 2816/8201 (34.3%) chunk=246.25 t/s avg=554.45 t/s 5.079s
1003 02:31:12 ds4-server: chat ctx=0..8201:8201 prefill chunk 2944/8201 (35.9%) chunk=227.28 t/s avg=521.79 t/s 5.642s
1003 02:31:13 ds4-server: chat ctx=0..8201:8201 prefill chunk 3072/8201 (37.5%) chunk=248.61 t/s avg=498.95 t/s 6.157s
1003 02:31:13 ds4-server: chat ctx=0..8201:8201 prefill chunk 3200/8201 (39.0%) chunk=254.51 t/s avg=480.49 t/s 6.660s
1003 02:31:14 ds4-server: chat ctx=0..8201:8201 prefill chunk 3328/8201 (40.6%) chunk=252.15 t/s avg=464.32 t/s 7.167s
1003 02:31:14 ds4-server: chat ctx=0..8201:8201 prefill chunk 3456/8201 (42.1%) chunk=247.11 t/s avg=449.68 t/s 7.685s
1003 02:31:15 ds4-server: chat ctx=0..8201:8201 prefill chunk 3584/8201 (43.7%) chunk=240.55 t/s avg=436.14 t/s 8.218s
1003 02:31:15 ds4-server: chat ctx=0..8201:8201 prefill chunk 3712/8201 (45.3%) chunk=259.04 t/s avg=426.09 t/s 8.712s
1003 02:31:16 ds4-server: chat ctx=0..8201:8201 prefill chunk 3840/8201 (46.8%) chunk=250.96 t/s avg=416.41 t/s 9.222s
1003 02:31:16 ds4-server: chat ctx=0..8201:8201 prefill chunk 3968/8201 (48.4%) chunk=249.05 t/s avg=407.57 t/s 9.736s
1003 02:31:17 ds4-server: chat ctx=0..8201:8201 prefill chunk 4096/8201 (49.9%) chunk=236.60 t/s avg=398.57 t/s 10.277s
1003 02:31:17 ds4-server: chat ctx=0..8201:8201 prefill chunk 4224/8201 (51.5%) chunk=240.17 t/s avg=390.76 t/s 10.810s
1003 02:31:18 ds4-server: chat ctx=0..8201:8201 prefill chunk 4352/8201 (53.1%) chunk=239.58 t/s avg=383.64 t/s 11.344s
1003 02:31:19 ds4-server: chat ctx=0..8201:8201 prefill chunk 4480/8201 (54.6%) chunk=230.40 t/s avg=376.49 t/s 11.900s
1003 02:31:19 ds4-server: chat ctx=0..8201:8201 prefill chunk 4608/8201 (56.2%) chunk=233.16 t/s avg=370.17 t/s 12.448s
1003 02:31:20 ds4-server: chat ctx=0..8201:8201 prefill chunk 4736/8201 (57.7%) chunk=228.83 t/s avg=364.09 t/s 13.008s
1003 02:31:20 ds4-server: chat ctx=0..8201:8201 prefill chunk 4864/8201 (59.3%) chunk=233.62 t/s avg=358.81 t/s 13.556s
1003 02:31:21 ds4-server: chat ctx=0..8201:8201 prefill chunk 4992/8201 (60.9%) chunk=231.40 t/s avg=353.82 t/s 14.109s
1003 02:31:21 ds4-server: chat ctx=0..8201:8201 prefill chunk 5120/8201 (62.4%) chunk=244.20 t/s avg=349.89 t/s 14.633s
1003 02:31:22 ds4-server: chat ctx=0..8201:8201 prefill chunk 5248/8201 (64.0%) chunk=228.41 t/s avg=345.41 t/s 15.193s
1003 02:31:22 ds4-server: chat ctx=0..8201:8201 prefill chunk 5376/8201 (65.6%) chunk=231.52 t/s avg=341.41 t/s 15.746s
1003 02:31:23 ds4-server: chat ctx=0..8201:8201 prefill chunk 5504/8201 (67.1%) chunk=229.92 t/s avg=337.60 t/s 16.303s
1003 02:31:23 ds4-server: chat ctx=0..8201:8201 prefill chunk 5632/8201 (68.7%) chunk=236.48 t/s avg=334.36 t/s 16.844s
1003 02:31:24 ds4-server: chat ctx=0..8201:8201 prefill chunk 5760/8201 (70.2%) chunk=238.13 t/s avg=331.38 t/s 17.382s
1003 02:31:25 ds4-server: chat ctx=0..8201:8201 prefill chunk 5888/8201 (71.8%) chunk=247.88 t/s avg=328.97 t/s 17.898s
1003 02:31:25 ds4-server: chat ctx=0..8201:8201 prefill chunk 6016/8201 (73.4%) chunk=246.43 t/s avg=326.64 t/s 18.418s
1003 02:31:26 ds4-server: chat ctx=0..8201:8201 prefill chunk 6144/8201 (74.9%) chunk=242.49 t/s avg=324.30 t/s 18.946s
1003 02:31:26 ds4-server: chat ctx=0..8201:8201 prefill chunk 6272/8201 (76.5%) chunk=243.79 t/s avg=322.13 t/s 19.471s
1003 02:31:27 ds4-server: chat ctx=0..8201:8201 prefill chunk 6400/8201 (78.0%) chunk=240.26 t/s avg=319.95 t/s 20.003s
1003 02:31:27 ds4-server: chat ctx=0..8201:8201 prefill chunk 6528/8201 (79.6%) chunk=235.38 t/s avg=317.71 t/s 20.547s
1003 02:31:28 ds4-server: chat ctx=0..8201:8201 prefill chunk 6656/8201 (81.2%) chunk=241.32 t/s avg=315.79 t/s 21.078s
1003 02:31:28 ds4-server: chat ctx=0..8201:8201 prefill chunk 6784/8201 (82.7%) chunk=240.43 t/s avg=313.93 t/s 21.610s
1003 02:31:29 ds4-server: chat ctx=0..8201:8201 prefill chunk 6912/8201 (84.3%) chunk=247.97 t/s avg=312.39 t/s 22.126s
1003 02:31:29 ds4-server: chat ctx=0..8201:8201 prefill chunk 7040/8201 (85.8%) chunk=232.62 t/s avg=310.46 t/s 22.676s
1003 02:31:30 ds4-server: chat ctx=0..8201:8201 prefill chunk 7168/8201 (87.4%) chunk=243.54 t/s avg=308.94 t/s 23.202s
1003 02:31:30 ds4-server: chat ctx=0..8201:8201 prefill chunk 7296/8201 (89.0%) chunk=242.67 t/s avg=307.47 t/s 23.729s
1003 02:31:31 ds4-server: chat ctx=0..8201:8201 prefill chunk 7424/8201 (90.5%) chunk=228.51 t/s avg=305.65 t/s 24.290s
1003 02:31:31 ds4-server: chat ctx=0..8201:8201 prefill chunk 7552/8201 (92.1%) chunk=236.45 t/s avg=304.14 t/s 24.831s
1003 02:31:32 ds4-server: chat ctx=0..8201:8201 prefill chunk 7680/8201 (93.6%) chunk=247.06 t/s avg=302.97 t/s 25.349s
1003 02:31:33 ds4-server: chat ctx=0..8201:8201 prefill chunk 7808/8201 (95.2%) chunk=231.48 t/s avg=301.44 t/s 25.902s
1003 02:31:33 ds4-server: chat ctx=0..8201:8201 prefill chunk 7936/8201 (96.8%) chunk=238.24 t/s avg=300.16 t/s 26.439s
1003 02:31:34 ds4-server: chat ctx=0..8201:8201 prefill chunk 8064/8201 (98.3%) chunk=242.28 t/s avg=299.03 t/s 26.968s
1003 02:31:34 ds4-server: chat ctx=0..8201:8201 prefill chunk 8192/8201 (99.9%) chunk=225.49 t/s avg=297.51 t/s 27.535s
1003 02:31:34 ds4-server: chat ctx=0..8201:8201 prefill chunk 8201/8201 (100.0%) chunk=58.57 t/s avg=296.18 t/s 27.689s
1003 02:31:34 ds4-server: chat ctx=0..8201:8201 prompt done 27.689s
1003 02:31:34 ds4-server: chat ctx=8201..8251:50 gen=50 decoding chunk=1.80 t/s avg=1.80 t/s 27.707s
1003 02:31:36 ds4-server: chat ctx=8251..8301:50 gen=100 decoding chunk=25.64 t/s avg=3.37 t/s 29.657s
1003 02:31:36 ds4-server: chat ctx=8201..8251:50 gen=50 decoding chunk=25.40 t/s avg=25.40 t/s 1.968s
1003 02:31:38 ds4-server: chat ctx=8301..8351:50 gen=150 decoding chunk=25.59 t/s avg=4.75 t/s 31.611s
1003 02:31:38 ds4-server: chat ctx=8251..8301:50 gen=100 decoding chunk=25.59 t/s avg=25.50 t/s 3.922s
1003 02:31:40 ds4-server: chat ctx=8301..8351:50 gen=150 decoding chunk=25.57 t/s avg=25.52 t/s 5.877s
1003 02:31:40 ds4-server: chat ctx=8351..8401:50 gen=200 decoding chunk=25.57 t/s avg=5.96 t/s 33.566s
1003 02:31:42 ds4-server: chat ctx=8401..8451:50 gen=250 decoding chunk=25.57 t/s avg=7.04 t/s 35.521s
1003 02:31:42 ds4-server: chat ctx=8351..8401:50 gen=200 decoding chunk=25.57 t/s avg=25.54 t/s 7.832s
1003 02:31:42 ds4-server: chat ctx=8451..8457:6 gen=256 decoding chunk=25.48 t/s avg=7.16 t/s 35.757s
1003 02:31:42 ds4-server: chat ctx=0..8201:8201 gen=256 finish=length 63.250s
1003 02:31:42 slot 0: request reuses nothing; evicting checkpoint (8457 tokens, idle 0 s, protected)
1003 02:31:42 ds4-server: live kv cache miss live=8457 prompt=8201 common=17 vision=match reason=token-mismatch
1003 02:31:42 ds4-server: chat ctx=0..8201:8201 prompt start
1003 02:31:43 ds4-server: chat ctx=0..8201:8201 prefill chunk 128/8201 (1.6%) chunk=0.00 t/s avg=244.49 t/s 0.524s
1003 02:31:43 ds4-server: chat ctx=0..8201:8201 prefill chunk 256/8201 (3.1%) chunk=277.55 t/s avg=259.97 t/s 0.985s
1003 02:31:44 ds4-server: chat ctx=0..8201:8201 prefill chunk 384/8201 (4.7%) chunk=267.76 t/s avg=262.52 t/s 1.463s
1003 02:31:44 ds4-server: chat ctx=0..8201:8201 prefill chunk 512/8201 (6.2%) chunk=265.21 t/s avg=263.19 t/s 1.945s
1003 02:31:45 ds4-server: chat ctx=0..8201:8201 prefill chunk 640/8201 (7.8%) chunk=260.57 t/s avg=262.66 t/s 2.437s
1003 02:31:45 ds4-server: chat ctx=0..8201:8201 prefill chunk 768/8201 (9.4%) chunk=270.76 t/s avg=263.98 t/s 2.909s
1003 02:31:46 ds4-server: chat ctx=0..8201:8201 prefill chunk 896/8201 (10.9%) chunk=249.55 t/s avg=261.81 t/s 3.422s
1003 02:31:46 ds4-server: chat ctx=0..8201:8201 prefill chunk 1024/8201 (12.5%) chunk=244.83 t/s avg=259.56 t/s 3.945s
1003 02:31:47 ds4-server: chat ctx=0..8201:8201 prefill chunk 1152/8201 (14.0%) chunk=275.31 t/s avg=261.22 t/s 4.410s
1003 02:31:47 ds4-server: chat ctx=0..8201:8201 prefill chunk 1280/8201 (15.6%) chunk=268.27 t/s avg=261.91 t/s 4.887s
1003 02:31:48 ds4-server: chat ctx=0..8201:8201 prefill chunk 1408/8201 (17.2%) chunk=258.44 t/s avg=261.59 t/s 5.382s
1003 02:31:48 ds4-server: chat ctx=0..8201:8201 prefill chunk 1536/8201 (18.7%) chunk=256.05 t/s avg=261.12 t/s 5.882s
1003 02:31:49 ds4-server: chat ctx=0..8201:8201 prefill chunk 1664/8201 (20.3%) chunk=275.82 t/s avg=262.19 t/s 6.346s
1003 02:31:49 ds4-server: chat ctx=0..8201:8201 prefill chunk 1792/8201 (21.9%) chunk=257.39 t/s avg=261.85 t/s 6.844s
1003 02:31:50 ds4-server: chat ctx=0..8201:8201 prefill chunk 1920/8201 (23.4%) chunk=248.29 t/s avg=260.90 t/s 7.359s
1003 02:31:50 ds4-server: chat ctx=0..8201:8201 prefill chunk 2048/8201 (25.0%) chunk=262.16 t/s avg=260.97 t/s 7.848s
1003 02:31:51 ds4-server: chat ctx=0..8201:8201 prefill chunk 2176/8201 (26.5%) chunk=245.73 t/s avg=260.03 t/s 8.368s
1003 02:31:51 ds4-server: chat ctx=0..8201:8201 prefill chunk 2304/8201 (28.1%) chunk=248.95 t/s avg=259.39 t/s 8.883s
1003 02:31:52 ds4-server: chat ctx=0..8201:8201 prefill chunk 2432/8201 (29.7%) chunk=243.18 t/s avg=258.48 t/s 9.409s
1003 02:31:52 ds4-server: chat ctx=0..8201:8201 prefill chunk 2560/8201 (31.2%) chunk=248.91 t/s avg=257.98 t/s 9.923s
1003 02:31:53 ds4-server: chat ctx=0..8201:8201 prefill chunk 2688/8201 (32.8%) chunk=245.00 t/s avg=257.33 t/s 10.446s
1003 02:31:53 ds4-server: chat ctx=0..8201:8201 prefill chunk 2816/8201 (34.3%) chunk=246.90 t/s avg=256.84 t/s 10.964s
1003 02:31:54 ds4-server: chat ctx=0..8201:8201 prefill chunk 2944/8201 (35.9%) chunk=228.04 t/s avg=255.44 t/s 11.525s
1003 02:31:54 ds4-server: chat ctx=0..8201:8201 prefill chunk 3072/8201 (37.5%) chunk=248.28 t/s avg=255.13 t/s 12.041s
1003 02:31:55 ds4-server: chat ctx=0..8201:8201 prefill chunk 3200/8201 (39.0%) chunk=255.01 t/s avg=255.13 t/s 12.543s
1003 02:31:55 ds4-server: chat ctx=0..8201:8201 prefill chunk 3328/8201 (40.6%) chunk=252.40 t/s avg=255.02 t/s 13.050s
1003 02:31:56 ds4-server: chat ctx=0..8201:8201 prefill chunk 3456/8201 (42.1%) chunk=246.80 t/s avg=254.71 t/s 13.569s
1003 02:31:57 ds4-server: chat ctx=0..8201:8201 prefill chunk 3584/8201 (43.7%) chunk=240.22 t/s avg=254.16 t/s 14.101s
1003 02:31:57 ds4-server: chat ctx=0..8201:8201 prefill chunk 3712/8201 (45.3%) chunk=259.52 t/s avg=254.34 t/s 14.595s
1003 02:31:58 ds4-server: chat ctx=0..8201:8201 prefill chunk 3840/8201 (46.8%) chunk=250.04 t/s avg=254.19 t/s 15.107s
1003 02:31:58 ds4-server: chat ctx=0..8201:8201 prefill chunk 3968/8201 (48.4%) chunk=249.86 t/s avg=254.05 t/s 15.619s
1003 02:31:59 ds4-server: chat ctx=0..8201:8201 prefill chunk 4096/8201 (49.9%) chunk=235.05 t/s avg=253.41 t/s 16.163s
1003 02:31:59 ds4-server: chat ctx=0..8201:8201 prefill chunk 4224/8201 (51.5%) chunk=240.28 t/s avg=252.99 t/s 16.696s
1003 02:32:00 ds4-server: chat ctx=0..8201:8201 prefill chunk 4352/8201 (53.1%) chunk=239.07 t/s avg=252.56 t/s 17.232s
1003 02:32:00 ds4-server: chat ctx=0..8201:8201 prefill chunk 4480/8201 (54.6%) chunk=232.46 t/s avg=251.94 t/s 17.782s
1003 02:32:01 ds4-server: chat ctx=0..8201:8201 prefill chunk 4608/8201 (56.2%) chunk=232.98 t/s avg=251.37 t/s 18.332s
1003 02:32:01 ds4-server: chat ctx=0..8201:8201 prefill chunk 4736/8201 (57.7%) chunk=228.48 t/s avg=250.69 t/s 18.892s
1003 02:32:02 ds4-server: chat ctx=0..8201:8201 prefill chunk 4864/8201 (59.3%) chunk=234.43 t/s avg=250.23 t/s 19.438s
1003 02:32:02 ds4-server: chat ctx=0..8201:8201 prefill chunk 4992/8201 (60.9%) chunk=231.11 t/s avg=249.70 t/s 19.992s
1003 02:32:03 ds4-server: chat ctx=0..8201:8201 prefill chunk 5120/8201 (62.4%) chunk=243.28 t/s avg=249.54 t/s 20.518s
1003 02:32:03 ds4-server: chat ctx=0..8201:8201 prefill chunk 5248/8201 (64.0%) chunk=229.48 t/s avg=249.01 t/s 21.076s
1003 02:32:04 ds4-server: chat ctx=0..8201:8201 prefill chunk 5376/8201 (65.6%) chunk=232.34 t/s avg=248.58 t/s 21.626s
1003 02:32:04 ds4-server: chat ctx=8401..8451:50 gen=250 decoding chunk=2.28 t/s avg=8.41 t/s 29.730s
1003 02:32:05 ds4-server: chat ctx=0..8201:8201 prefill chunk 5504/8201 (67.1%) chunk=230.83 t/s avg=248.14 t/s 22.181s
1003 02:32:05 ds4-server: chat ctx=0..8201:8201 prefill chunk 5632/8201 (68.7%) chunk=235.98 t/s avg=247.85 t/s 22.723s
1003 02:32:06 ds4-server: chat ctx=0..8201:8201 prefill chunk 5760/8201 (70.2%) chunk=236.91 t/s avg=247.60 t/s 23.264s
1003 02:32:06 ds4-server: chat ctx=0..8201:8201 prefill chunk 5888/8201 (71.8%) chunk=248.01 t/s avg=247.61 t/s 23.780s
1003 02:32:07 ds4-server: chat ctx=0..8201:8201 prefill chunk 6016/8201 (73.4%) chunk=246.85 t/s avg=247.59 t/s 24.298s
1003 02:32:07 ds4-server: chat ctx=0..8201:8201 prefill chunk 6144/8201 (74.9%) chunk=241.66 t/s avg=247.46 t/s 24.828s
1003 02:32:07 ds4-server: chat ctx=8451..8457:6 gen=256 decoding chunk=1.87 t/s avg=7.77 t/s 32.932s
1003 02:32:07 ds4-server: chat ctx=0..8201:8201 gen=256 finish=length 60.621s
1003 02:32:07 slot 1: request reuses nothing; evicting checkpoint (8457 tokens, idle 0 s, protected)
1003 02:32:08 ds4-server: chat ctx=0..8201:8201 prefill chunk 6272/8201 (76.5%) chunk=244.87 t/s avg=247.41 t/s 25.351s
1003 02:32:10 ds4-server: chat ctx=0..8201:8201 prefill chunk 8192/8201 (99.9%) chunk=951.54 t/s avg=299.32 t/s 27.369s
1003 02:32:10 ds4-server: chat ctx=0..8201:8201 prefill chunk 8201/8201 (100.0%) chunk=65.68 t/s avg=298.16 t/s 27.506s
1003 02:32:10 ds4-server: chat ctx=0..8201:8201 prompt done 27.506s
1003 02:32:10 ds4-server: live kv cache miss live=8457 prompt=8201 common=17 vision=match reason=token-mismatch
1003 02:32:10 ds4-server: chat ctx=0..8201:8201 prompt start
1003 02:32:12 ds4-server: chat ctx=0..8201:8201 prefill chunk 2048/8201 (25.0%) chunk=0.00 t/s avg=1033.59 t/s 1.981s
1003 02:32:12 ds4-server: chat ctx=0..8201:8201 prefill chunk 2176/8201 (26.5%) chunk=253.06 t/s avg=874.86 t/s 2.487s
1003 02:32:13 ds4-server: chat ctx=0..8201:8201 prefill chunk 2304/8201 (28.1%) chunk=247.84 t/s avg=767.05 t/s 3.004s
1003 02:32:13 ds4-server: chat ctx=0..8201:8201 prefill chunk 2432/8201 (29.7%) chunk=243.42 t/s avg=689.04 t/s 3.530s
1003 02:32:14 ds4-server: chat ctx=0..8201:8201 prefill chunk 2560/8201 (31.2%) chunk=249.38 t/s avg=633.22 t/s 4.043s
1003 02:32:14 ds4-server: chat ctx=0..8201:8201 prefill chunk 2688/8201 (32.8%) chunk=246.71 t/s avg=589.26 t/s 4.562s
1003 02:32:15 ds4-server: chat ctx=0..8201:8201 prefill chunk 2816/8201 (34.3%) chunk=246.18 t/s avg=554.15 t/s 5.082s
1003 02:32:16 ds4-server: chat ctx=0..8201:8201 prefill chunk 2944/8201 (35.9%) chunk=227.99 t/s avg=521.70 t/s 5.643s
1003 02:32:16 ds4-server: chat ctx=0..8201:8201 prefill chunk 3072/8201 (37.5%) chunk=248.68 t/s avg=498.88 t/s 6.158s
1003 02:32:17 ds4-server: chat ctx=0..8201:8201 prefill chunk 3200/8201 (39.0%) chunk=254.73 t/s avg=480.46 t/s 6.660s
1003 02:32:17 ds4-server: chat ctx=0..8201:8201 prefill chunk 3328/8201 (40.6%) chunk=252.47 t/s avg=464.33 t/s 7.167s
1003 02:32:18 ds4-server: chat ctx=0..8201:8201 prefill chunk 3456/8201 (42.1%) chunk=246.71 t/s avg=449.64 t/s 7.686s
1003 02:32:18 ds4-server: chat ctx=0..8201:8201 prefill chunk 3584/8201 (43.7%) chunk=240.25 t/s avg=436.07 t/s 8.219s
1003 02:32:19 ds4-server: chat ctx=0..8201:8201 prefill chunk 3712/8201 (45.3%) chunk=259.72 t/s avg=426.09 t/s 8.712s
1003 02:32:19 ds4-server: chat ctx=0..8201:8201 prefill chunk 3840/8201 (46.8%) chunk=251.55 t/s avg=416.46 t/s 9.221s
1003 02:32:20 ds4-server: chat ctx=0..8201:8201 prefill chunk 3968/8201 (48.4%) chunk=249.09 t/s avg=407.63 t/s 9.734s
1003 02:32:20 ds4-server: chat ctx=0..8201:8201 prefill chunk 4096/8201 (49.9%) chunk=235.77 t/s avg=398.55 t/s 10.277s
1003 02:32:21 ds4-server: chat ctx=0..8201:8201 prefill chunk 4224/8201 (51.5%) chunk=240.18 t/s avg=390.74 t/s 10.810s
1003 02:32:21 ds4-server: chat ctx=0..8201:8201 prefill chunk 4352/8201 (53.1%) chunk=239.90 t/s avg=383.65 t/s 11.344s
1003 02:32:22 ds4-server: chat ctx=0..8201:8201 prefill chunk 4480/8201 (54.6%) chunk=231.37 t/s avg=376.56 t/s 11.897s
1003 02:32:22 ds4-server: chat ctx=0..8201:8201 prefill chunk 4608/8201 (56.2%) chunk=233.04 t/s avg=370.23 t/s 12.446s
1003 02:32:23 ds4-server: chat ctx=0..8201:8201 prefill chunk 4736/8201 (57.7%) chunk=228.01 t/s avg=364.09 t/s 13.008s
1003 02:32:23 ds4-server: chat ctx=0..8201:8201 prefill chunk 4864/8201 (59.3%) chunk=232.55 t/s avg=358.75 t/s 13.558s
1003 02:32:24 ds4-server: chat ctx=0..8201:8201 prefill chunk 4992/8201 (60.9%) chunk=230.42 t/s avg=353.70 t/s 14.114s
1003 02:32:25 ds4-server: chat ctx=0..8201:8201 prefill chunk 5120/8201 (62.4%) chunk=245.92 t/s avg=349.87 t/s 14.634s
1003 02:32:25 ds4-server: chat ctx=0..8201:8201 prefill chunk 5248/8201 (64.0%) chunk=229.06 t/s avg=345.42 t/s 15.193s
1003 02:32:26 ds4-server: chat ctx=0..8201:8201 prefill chunk 5376/8201 (65.6%) chunk=230.79 t/s avg=341.39 t/s 15.748s
1003 02:32:26 ds4-server: chat ctx=0..8201:8201 prefill chunk 5504/8201 (67.1%) chunk=231.04 t/s avg=337.64 t/s 16.302s
1003 02:32:27 ds4-server: chat ctx=0..8201:8201 prefill chunk 5632/8201 (68.7%) chunk=236.97 t/s avg=334.41 t/s 16.842s
1003 02:32:27 ds4-server: chat ctx=0..8201:8201 prefill chunk 5760/8201 (70.2%) chunk=238.70 t/s avg=331.45 t/s 17.378s
1003 02:32:28 ds4-server: chat ctx=0..8201:8201 prefill chunk 5888/8201 (71.8%) chunk=248.02 t/s avg=329.05 t/s 17.894s
1003 02:32:28 ds4-server: chat ctx=0..8201:8201 prefill chunk 6016/8201 (73.4%) chunk=246.53 t/s avg=326.72 t/s 18.413s
1003 02:32:29 ds4-server: chat ctx=0..8201:8201 prefill chunk 6144/8201 (74.9%) chunk=242.91 t/s avg=324.39 t/s 18.940s
1003 02:32:29 ds4-server: chat ctx=0..8201:8201 prefill chunk 6272/8201 (76.5%) chunk=244.20 t/s avg=322.23 t/s 19.464s
1003 02:32:30 ds4-server: chat ctx=0..8201:8201 prefill chunk 6400/8201 (78.0%) chunk=240.40 t/s avg=320.05 t/s 19.997s
1003 02:32:30 ds4-server: chat ctx=0..8201:8201 prefill chunk 6528/8201 (79.6%) chunk=236.18 t/s avg=317.84 t/s 20.539s
1003 02:32:31 ds4-server: chat ctx=0..8201:8201 prefill chunk 6656/8201 (81.2%) chunk=240.36 t/s avg=315.88 t/s 21.071s
1003 02:32:32 ds4-server: chat ctx=0..8201:8201 prefill chunk 6784/8201 (82.7%) chunk=241.27 t/s avg=314.05 t/s 21.602s
1003 02:32:32 ds4-server: chat ctx=0..8201:8201 prefill chunk 6912/8201 (84.3%) chunk=249.39 t/s avg=312.55 t/s 22.115s
1003 02:32:33 ds4-server: chat ctx=0..8201:8201 prefill chunk 7040/8201 (85.8%) chunk=232.08 t/s avg=310.59 t/s 22.667s
1003 02:32:33 ds4-server: chat ctx=0..8201:8201 prefill chunk 7168/8201 (87.4%) chunk=242.76 t/s avg=309.05 t/s 23.194s
1003 02:32:34 ds4-server: chat ctx=0..8201:8201 prefill chunk 7296/8201 (89.0%) chunk=243.14 t/s avg=307.58 t/s 23.720s
1003 02:32:34 ds4-server: chat ctx=0..8201:8201 prefill chunk 7424/8201 (90.5%) chunk=230.34 t/s avg=305.82 t/s 24.276s
1003 02:32:35 ds4-server: chat ctx=0..8201:8201 prefill chunk 7552/8201 (92.1%) chunk=237.31 t/s avg=304.33 t/s 24.815s
1003 02:32:35 ds4-server: chat ctx=0..8201:8201 prefill chunk 7680/8201 (93.6%) chunk=246.23 t/s avg=303.14 t/s 25.335s
1003 02:32:36 ds4-server: chat ctx=0..8201:8201 prefill chunk 7808/8201 (95.2%) chunk=231.01 t/s avg=301.59 t/s 25.889s
1003 02:32:36 ds4-server: chat ctx=0..8201:8201 prefill chunk 7936/8201 (96.8%) chunk=238.66 t/s avg=300.31 t/s 26.426s
1003 02:32:37 ds4-server: chat ctx=0..8201:8201 prefill chunk 8064/8201 (98.3%) chunk=241.80 t/s avg=299.17 t/s 26.955s
1003 02:32:37 ds4-server: chat ctx=0..8201:8201 prefill chunk 8192/8201 (99.9%) chunk=225.77 t/s avg=297.65 t/s 27.522s
1003 02:32:38 ds4-server: chat ctx=0..8201:8201 prefill chunk 8201/8201 (100.0%) chunk=58.47 t/s avg=296.32 t/s 27.676s
1003 02:32:38 ds4-server: chat ctx=0..8201:8201 prompt done 27.676s
1003 02:32:38 ds4-server: chat ctx=8201..8251:50 gen=50 decoding chunk=1.81 t/s avg=1.81 t/s 27.694s
1003 02:32:40 ds4-server: chat ctx=8201..8251:50 gen=50 decoding chunk=25.43 t/s avg=25.43 t/s 1.966s
1003 02:32:40 ds4-server: chat ctx=8251..8301:50 gen=100 decoding chunk=25.66 t/s avg=3.37 t/s 29.642s
1003 02:32:42 ds4-server: chat ctx=8301..8351:50 gen=150 decoding chunk=25.60 t/s avg=4.75 t/s 31.595s
1003 02:32:42 ds4-server: chat ctx=8251..8301:50 gen=100 decoding chunk=25.60 t/s avg=25.52 t/s 3.919s
1003 02:32:43 ds4-server: chat ctx=8301..8351:50 gen=150 decoding chunk=25.57 t/s avg=25.54 t/s 5.874s
1003 02:32:43 ds4-server: chat ctx=8351..8401:50 gen=200 decoding chunk=25.57 t/s avg=5.96 t/s 33.550s
1003 02:32:45 ds4-server: chat ctx=8351..8401:50 gen=200 decoding chunk=25.57 t/s avg=25.54 t/s 7.830s
1003 02:32:45 ds4-server: chat ctx=8401..8451:50 gen=250 decoding chunk=25.57 t/s avg=7.04 t/s 35.506s
1003 02:32:46 ds4-server: chat ctx=8451..8457:6 gen=256 decoding chunk=25.54 t/s avg=7.16 t/s 35.741s
1003 02:32:46 ds4-server: chat ctx=0..8201:8201 gen=256 finish=length 63.247s
1003 02:32:46 slot 0: request reuses nothing; evicting checkpoint (8457 tokens, idle 0 s, protected)
1003 02:32:46 ds4-server: live kv cache miss live=8457 prompt=8201 common=17 vision=match reason=token-mismatch
1003 02:32:46 ds4-server: chat ctx=0..8201:8201 prompt start
1003 02:32:46 ds4-server: chat ctx=0..8201:8201 prefill chunk 128/8201 (1.6%) chunk=0.00 t/s avg=243.82 t/s 0.525s
1003 02:32:47 ds4-server: chat ctx=0..8201:8201 prefill chunk 256/8201 (3.1%) chunk=277.14 t/s avg=259.41 t/s 0.987s
1003 02:32:47 ds4-server: chat ctx=0..8201:8201 prefill chunk 384/8201 (4.7%) chunk=267.40 t/s avg=262.02 t/s 1.466s
1003 02:32:48 ds4-server: chat ctx=0..8201:8201 prefill chunk 512/8201 (6.2%) chunk=265.37 t/s avg=262.85 t/s 1.948s
1003 02:32:48 ds4-server: chat ctx=0..8201:8201 prefill chunk 640/8201 (7.8%) chunk=259.30 t/s avg=262.13 t/s 2.442s
1003 02:32:49 ds4-server: chat ctx=0..8201:8201 prefill chunk 768/8201 (9.4%) chunk=269.47 t/s avg=263.33 t/s 2.917s
1003 02:32:49 ds4-server: chat ctx=0..8201:8201 prefill chunk 896/8201 (10.9%) chunk=249.85 t/s avg=261.31 t/s 3.429s
1003 02:32:50 ds4-server: chat ctx=0..8201:8201 prefill chunk 1024/8201 (12.5%) chunk=246.20 t/s avg=259.32 t/s 3.949s
1003 02:32:50 ds4-server: chat ctx=0..8201:8201 prefill chunk 1152/8201 (14.0%) chunk=274.40 t/s avg=260.92 t/s 4.415s
1003 02:32:51 ds4-server: chat ctx=0..8201:8201 prefill chunk 1280/8201 (15.6%) chunk=267.63 t/s avg=261.57 t/s 4.893s
1003 02:32:51 ds4-server: chat ctx=0..8201:8201 prefill chunk 1408/8201 (17.2%) chunk=259.63 t/s avg=261.40 t/s 5.386s
1003 02:32:52 ds4-server: chat ctx=0..8201:8201 prefill chunk 1536/8201 (18.7%) chunk=254.67 t/s avg=260.82 t/s 5.889s
1003 02:32:52 ds4-server: chat ctx=0..8201:8201 prefill chunk 1664/8201 (20.3%) chunk=275.83 t/s avg=261.92 t/s 6.353s
1003 02:32:53 ds4-server: chat ctx=0..8201:8201 prefill chunk 1792/8201 (21.9%) chunk=256.48 t/s avg=261.52 t/s 6.852s
1003 02:32:53 ds4-server: chat ctx=0..8201:8201 prefill chunk 1920/8201 (23.4%) chunk=247.93 t/s avg=260.57 t/s 7.368s
1003 02:32:54 ds4-server: chat ctx=0..8201:8201 prefill chunk 2048/8201 (25.0%) chunk=260.61 t/s avg=260.57 t/s 7.860s
1003 02:32:54 ds4-server: chat ctx=0..8201:8201 prefill chunk 2176/8201 (26.5%) chunk=245.54 t/s avg=259.64 t/s 8.381s
1003 02:32:55 ds4-server: chat ctx=0..8201:8201 prefill chunk 2304/8201 (28.1%) chunk=248.02 t/s avg=258.96 t/s 8.897s
1003 02:32:55 ds4-server: chat ctx=0..8201:8201 prefill chunk 2432/8201 (29.7%) chunk=243.22 t/s avg=258.08 t/s 9.423s
1003 02:32:56 ds4-server: chat ctx=0..8201:8201 prefill chunk 2560/8201 (31.2%) chunk=248.52 t/s avg=257.59 t/s 9.938s
1003 02:32:56 ds4-server: chat ctx=0..8201:8201 prefill chunk 2688/8201 (32.8%) chunk=245.33 t/s avg=256.98 t/s 10.460s
1003 02:32:57 ds4-server: chat ctx=0..8201:8201 prefill chunk 2816/8201 (34.3%) chunk=247.18 t/s avg=256.51 t/s 10.978s
1003 02:32:57 ds4-server: chat ctx=0..8201:8201 prefill chunk 2944/8201 (35.9%) chunk=227.66 t/s avg=255.11 t/s 11.540s
1003 02:32:58 ds4-server: chat ctx=0..8201:8201 prefill chunk 3072/8201 (37.5%) chunk=248.28 t/s avg=254.82 t/s 12.056s
1003 02:32:58 ds4-server: chat ctx=0..8201:8201 prefill chunk 3200/8201 (39.0%) chunk=254.57 t/s avg=254.81 t/s 12.559s
1003 02:32:59 ds4-server: chat ctx=0..8201:8201 prefill chunk 3328/8201 (40.6%) chunk=253.36 t/s avg=254.75 t/s 13.064s
1003 02:32:59 ds4-server: chat ctx=0..8201:8201 prefill chunk 3456/8201 (42.1%) chunk=246.19 t/s avg=254.42 t/s 13.584s
1003 02:33:00 ds4-server: chat ctx=0..8201:8201 prefill chunk 3584/8201 (43.7%) chunk=239.81 t/s avg=253.87 t/s 14.117s
1003 02:33:00 ds4-server: chat ctx=0..8201:8201 prefill chunk 3712/8201 (45.3%) chunk=259.39 t/s avg=254.06 t/s 14.611s
1003 02:33:01 ds4-server: chat ctx=0..8201:8201 prefill chunk 3840/8201 (46.8%) chunk=250.96 t/s avg=253.95 t/s 15.121s
1003 02:33:01 ds4-server: chat ctx=0..8201:8201 prefill chunk 3968/8201 (48.4%) chunk=248.88 t/s avg=253.79 t/s 15.635s
1003 02:33:02 ds4-server: chat ctx=0..8201:8201 prefill chunk 4096/8201 (49.9%) chunk=236.27 t/s avg=253.20 t/s 16.177s
1003 02:33:02 ds4-server: chat ctx=0..8201:8201 prefill chunk 4224/8201 (51.5%) chunk=239.05 t/s avg=252.75 t/s 16.712s
1003 02:33:03 ds4-server: chat ctx=0..8201:8201 prefill chunk 4352/8201 (53.1%) chunk=239.00 t/s avg=252.32 t/s 17.248s
1003 02:33:03 ds4-server: chat ctx=0..8201:8201 prefill chunk 4480/8201 (54.6%) chunk=230.48 t/s avg=251.64 t/s 17.803s
1003 02:33:04 ds4-server: chat ctx=0..8201:8201 prefill chunk 4608/8201 (56.2%) chunk=232.43 t/s avg=251.06 t/s 18.354s
1003 02:33:05 ds4-server: chat ctx=0..8201:8201 prefill chunk 4736/8201 (57.7%) chunk=228.99 t/s avg=250.41 t/s 18.913s
1003 02:33:05 ds4-server: chat ctx=0..8201:8201 prefill chunk 4864/8201 (59.3%) chunk=233.71 t/s avg=249.94 t/s 19.461s
1003 02:33:06 ds4-server: chat ctx=0..8201:8201 prefill chunk 4992/8201 (60.9%) chunk=230.60 t/s avg=249.40 t/s 20.016s
1003 02:33:06 ds4-server: chat ctx=0..8201:8201 prefill chunk 5120/8201 (62.4%) chunk=244.37 t/s avg=249.27 t/s 20.540s
1003 02:33:07 ds4-server: chat ctx=0..8201:8201 prefill chunk 5248/8201 (64.0%) chunk=229.09 t/s avg=248.74 t/s 21.098s
1003 02:33:07 ds4-server: chat ctx=0..8201:8201 prefill chunk 5376/8201 (65.6%) chunk=230.20 t/s avg=248.26 t/s 21.654s
1003 02:33:07 ds4-server: chat ctx=8401..8451:50 gen=250 decoding chunk=2.28 t/s avg=8.40 t/s 29.756s
1003 02:33:08 ds4-server: chat ctx=0..8201:8201 prefill chunk 5504/8201 (67.1%) chunk=232.53 t/s avg=247.87 t/s 22.205s
1003 02:33:08 ds4-server: chat ctx=0..8201:8201 prefill chunk 5632/8201 (68.7%) chunk=236.38 t/s avg=247.60 t/s 22.746s
1003 02:33:09 ds4-server: chat ctx=0..8201:8201 prefill chunk 5760/8201 (70.2%) chunk=237.75 t/s avg=247.37 t/s 23.285s
1003 02:33:09 ds4-server: chat ctx=0..8201:8201 prefill chunk 5888/8201 (71.8%) chunk=248.27 t/s avg=247.39 t/s 23.800s
1003 02:33:10 ds4-server: chat ctx=0..8201:8201 prefill chunk 6016/8201 (73.4%) chunk=246.83 t/s avg=247.38 t/s 24.319s
1003 02:33:11 ds4-server: chat ctx=0..8201:8201 prefill chunk 6144/8201 (74.9%) chunk=242.03 t/s avg=247.27 t/s 24.848s
1003 02:33:11 ds4-server: chat ctx=8451..8457:6 gen=256 decoding chunk=1.88 t/s avg=7.77 t/s 32.949s
1003 02:33:11 ds4-server: chat ctx=0..8201:8201 gen=256 finish=length 60.625s
1003 02:33:11 slot 1: request reuses nothing; evicting checkpoint (8457 tokens, idle 0 s, protected)
1003 02:33:11 ds4-server: chat ctx=0..8201:8201 prefill chunk 6272/8201 (76.5%) chunk=244.26 t/s avg=247.20 t/s 25.372s
1003 02:33:13 ds4-server: chat ctx=0..8201:8201 prefill chunk 8192/8201 (99.9%) chunk=951.55 t/s avg=299.09 t/s 27.390s
1003 02:33:13 ds4-server: chat ctx=0..8201:8201 prefill chunk 8201/8201 (100.0%) chunk=65.74 t/s avg=297.93 t/s 27.526s
1003 02:33:13 ds4-server: chat ctx=0..8201:8201 prompt done 27.526s
1003 02:33:13 ds4-server: live kv cache miss live=8457 prompt=8201 common=17 vision=match reason=token-mismatch
1003 02:33:13 ds4-server: chat ctx=0..8201:8201 prompt start
1003 02:33:15 ds4-server: chat ctx=0..8201:8201 prefill chunk 2048/8201 (25.0%) chunk=0.00 t/s avg=1034.27 t/s 1.980s
1003 02:33:16 ds4-server: chat ctx=0..8201:8201 prefill chunk 2176/8201 (26.5%) chunk=253.42 t/s avg=875.57 t/s 2.485s
1003 02:33:16 ds4-server: chat ctx=0..8201:8201 prefill chunk 2304/8201 (28.1%) chunk=248.18 t/s avg=767.75 t/s 3.001s
1003 02:33:17 ds4-server: chat ctx=0..8201:8201 prefill chunk 2432/8201 (29.7%) chunk=243.72 t/s avg=689.70 t/s 3.526s
1003 02:33:17 ds4-server: chat ctx=0..8201:8201 prefill chunk 2560/8201 (31.2%) chunk=249.29 t/s avg=633.72 t/s 4.040s
1003 02:33:18 ds4-server: chat ctx=0..8201:8201 prefill chunk 2688/8201 (32.8%) chunk=245.28 t/s avg=589.28 t/s 4.561s
1003 02:33:18 ds4-server: chat ctx=0..8201:8201 prefill chunk 2816/8201 (34.3%) chunk=247.28 t/s avg=554.43 t/s 5.079s
1003 02:33:19 ds4-server: chat ctx=0..8201:8201 prefill chunk 2944/8201 (35.9%) chunk=227.56 t/s avg=521.84 t/s 5.642s
1003 02:33:19 ds4-server: chat ctx=0..8201:8201 prefill chunk 3072/8201 (37.5%) chunk=248.73 t/s avg=499.01 t/s 6.156s
1003 02:33:20 ds4-server: chat ctx=0..8201:8201 prefill chunk 3200/8201 (39.0%) chunk=255.21 t/s avg=480.64 t/s 6.658s
1003 02:33:20 ds4-server: chat ctx=0..8201:8201 prefill chunk 3328/8201 (40.6%) chunk=252.83 t/s avg=464.54 t/s 7.164s
1003 02:33:21 ds4-server: chat ctx=0..8201:8201 prefill chunk 3456/8201 (42.1%) chunk=246.75 t/s avg=449.84 t/s 7.683s
1003 02:33:21 ds4-server: chat ctx=0..8201:8201 prefill chunk 3584/8201 (43.7%) chunk=240.56 t/s avg=436.28 t/s 8.215s
1003 02:33:22 ds4-server: chat ctx=0..8201:8201 prefill chunk 3712/8201 (45.3%) chunk=258.96 t/s avg=426.22 t/s 8.709s
1003 02:33:22 ds4-server: chat ctx=0..8201:8201 prefill chunk 3840/8201 (46.8%) chunk=251.26 t/s avg=416.55 t/s 9.219s
1003 02:33:23 ds4-server: chat ctx=0..8201:8201 prefill chunk 3968/8201 (48.4%) chunk=249.03 t/s avg=407.70 t/s 9.733s
1003 02:33:23 ds4-server: chat ctx=0..8201:8201 prefill chunk 4096/8201 (49.9%) chunk=236.50 t/s avg=398.68 t/s 10.274s
1003 02:33:24 ds4-server: chat ctx=0..8201:8201 prefill chunk 4224/8201 (51.5%) chunk=240.99 t/s avg=390.93 t/s 10.805s
1003 02:33:25 ds4-server: chat ctx=0..8201:8201 prefill chunk 4352/8201 (53.1%) chunk=240.29 t/s avg=383.85 t/s 11.338s
1003 02:33:25 ds4-server: chat ctx=0..8201:8201 prefill chunk 4480/8201 (54.6%) chunk=230.99 t/s avg=376.73 t/s 11.892s
1003 02:33:26 ds4-server: chat ctx=0..8201:8201 prefill chunk 4608/8201 (56.2%) chunk=232.89 t/s avg=370.38 t/s 12.441s
1003 02:33:26 ds4-server: chat ctx=0..8201:8201 prefill chunk 4736/8201 (57.7%) chunk=228.22 t/s avg=364.24 t/s 13.002s
1003 02:33:27 ds4-server: chat ctx=0..8201:8201 prefill chunk 4864/8201 (59.3%) chunk=234.02 t/s avg=358.99 t/s 13.549s
1003 02:33:27 ds4-server: chat ctx=0..8201:8201 prefill chunk 4992/8201 (60.9%) chunk=230.53 t/s avg=353.93 t/s 14.104s
1003 02:33:28 ds4-server: chat ctx=0..8201:8201 prefill chunk 5120/8201 (62.4%) chunk=244.98 t/s avg=350.04 t/s 14.627s
1003 02:33:28 ds4-server: chat ctx=0..8201:8201 prefill chunk 5248/8201 (64.0%) chunk=229.12 t/s avg=345.59 t/s 15.186s
1003 02:33:29 ds4-server: chat ctx=0..8201:8201 prefill chunk 5376/8201 (65.6%) chunk=232.11 t/s avg=341.61 t/s 15.737s
1003 02:33:30 ds4-server: chat ctx=0..8201:8201 prefill chunk 5504/8201 (67.1%) chunk=230.39 t/s avg=337.82 t/s 16.293s
1003 02:33:30 ds4-server: chat ctx=0..8201:8201 prefill chunk 5632/8201 (68.7%) chunk=236.56 t/s avg=334.57 t/s 16.834s
1003 02:33:31 ds4-server: chat ctx=0..8201:8201 prefill chunk 5760/8201 (70.2%) chunk=238.39 t/s avg=331.59 t/s 17.371s
1003 02:33:31 ds4-server: chat ctx=0..8201:8201 prefill chunk 5888/8201 (71.8%) chunk=247.40 t/s avg=329.16 t/s 17.888s
1003 02:33:32 ds4-server: chat ctx=0..8201:8201 prefill chunk 6016/8201 (73.4%) chunk=246.28 t/s avg=326.82 t/s 18.408s
1003 02:33:32 ds4-server: chat ctx=0..8201:8201 prefill chunk 6144/8201 (74.9%) chunk=241.99 t/s avg=324.45 t/s 18.937s
1003 02:33:33 ds4-server: chat ctx=0..8201:8201 prefill chunk 6272/8201 (76.5%) chunk=244.47 t/s avg=322.30 t/s 19.460s
1003 02:33:33 ds4-server: chat ctx=0..8201:8201 prefill chunk 6400/8201 (78.0%) chunk=240.32 t/s avg=320.11 t/s 19.993s
1003 02:33:34 ds4-server: chat ctx=0..8201:8201 prefill chunk 6528/8201 (79.6%) chunk=236.38 t/s avg=317.90 t/s 20.534s
1003 02:33:34 ds4-server: chat ctx=0..8201:8201 prefill chunk 6656/8201 (81.2%) chunk=240.03 t/s avg=315.93 t/s 21.068s
1003 02:33:35 ds4-server: chat ctx=0..8201:8201 prefill chunk 6784/8201 (82.7%) chunk=241.09 t/s avg=314.09 t/s 21.599s
1003 02:33:35 ds4-server: chat ctx=0..8201:8201 prefill chunk 6912/8201 (84.3%) chunk=250.00 t/s avg=312.61 t/s 22.111s
1003 02:33:36 ds4-server: chat ctx=0..8201:8201 prefill chunk 7040/8201 (85.8%) chunk=232.17 t/s avg=310.65 t/s 22.662s
1003 02:33:36 ds4-server: chat ctx=0..8201:8201 prefill chunk 7168/8201 (87.4%) chunk=243.46 t/s avg=309.13 t/s 23.188s
1003 02:33:37 ds4-server: chat ctx=0..8201:8201 prefill chunk 7296/8201 (89.0%) chunk=243.00 t/s avg=307.66 t/s 23.714s
1003 02:33:37 ds4-server: chat ctx=0..8201:8201 prefill chunk 7424/8201 (90.5%) chunk=229.11 t/s avg=305.85 t/s 24.273s
1003 02:33:38 ds4-server: chat ctx=0..8201:8201 prefill chunk 7552/8201 (92.1%) chunk=236.51 t/s avg=304.34 t/s 24.814s
1003 02:33:39 ds4-server: chat ctx=0..8201:8201 prefill chunk 7680/8201 (93.6%) chunk=247.60 t/s avg=303.18 t/s 25.331s
1003 02:33:39 ds4-server: chat ctx=0..8201:8201 prefill chunk 7808/8201 (95.2%) chunk=231.09 t/s avg=301.64 t/s 25.885s
1003 02:33:40 ds4-server: chat ctx=0..8201:8201 prefill chunk 7936/8201 (96.8%) chunk=237.88 t/s avg=300.34 t/s 26.423s
1003 02:33:40 ds4-server: chat ctx=0..8201:8201 prefill chunk 8064/8201 (98.3%) chunk=242.09 t/s avg=299.20 t/s 26.952s
1003 02:33:41 ds4-server: chat ctx=0..8201:8201 prefill chunk 8192/8201 (99.9%) chunk=225.83 t/s avg=297.69 t/s 27.519s
1003 02:33:41 ds4-server: chat ctx=0..8201:8201 prefill chunk 8201/8201 (100.0%) chunk=58.51 t/s avg=296.36 t/s 27.673s
1003 02:33:41 ds4-server: chat ctx=0..8201:8201 prompt done 27.673s
1003 02:33:41 ds4-server: chat ctx=8201..8251:50 gen=50 decoding chunk=1.81 t/s avg=1.81 t/s 27.691s
1003 02:33:43 ds4-server: chat ctx=8201..8251:50 gen=50 decoding chunk=25.41 t/s avg=25.41 t/s 1.968s
1003 02:33:43 ds4-server: chat ctx=8251..8301:50 gen=100 decoding chunk=25.64 t/s avg=3.37 t/s 29.641s
1003 02:33:45 ds4-server: chat ctx=8251..8301:50 gen=100 decoding chunk=25.58 t/s avg=25.49 t/s 3.922s
1003 02:33:45 ds4-server: chat ctx=8301..8351:50 gen=150 decoding chunk=25.58 t/s avg=4.75 t/s 31.595s
1003 02:33:47 ds4-server: chat ctx=8301..8351:50 gen=150 decoding chunk=25.57 t/s avg=25.52 t/s 5.878s
1003 02:33:47 ds4-server: chat ctx=8351..8401:50 gen=200 decoding chunk=25.57 t/s avg=5.96 t/s 33.550s
1003 02:33:49 ds4-server: chat ctx=8401..8451:50 gen=250 decoding chunk=25.56 t/s avg=7.04 t/s 35.507s
1003 02:33:49 ds4-server: chat ctx=8351..8401:50 gen=200 decoding chunk=25.56 t/s avg=25.53 t/s 7.834s
1003 02:33:49 ds4-server: chat ctx=8451..8457:6 gen=256 decoding chunk=25.55 t/s avg=7.16 t/s 35.742s
1003 02:33:49 ds4-server: chat ctx=0..8201:8201 gen=256 finish=length 63.268s
1003 02:33:49 slot 0: request reuses nothing; evicting checkpoint (8457 tokens, idle 0 s, protected)
1003 02:33:49 ds4-server: live kv cache miss live=8457 prompt=8201 common=17 vision=match reason=token-mismatch
1003 02:33:49 ds4-server: chat ctx=0..8201:8201 prompt start
1003 02:33:49 ds4-server: chat ctx=0..8201:8201 prefill chunk 128/8201 (1.6%) chunk=0.00 t/s avg=244.03 t/s 0.525s
1003 02:33:50 ds4-server: chat ctx=0..8201:8201 prefill chunk 256/8201 (3.1%) chunk=277.13 t/s avg=259.53 t/s 0.986s
1003 02:33:50 ds4-server: chat ctx=0..8201:8201 prefill chunk 384/8201 (4.7%) chunk=267.69 t/s avg=262.19 t/s 1.465s
1003 02:33:51 ds4-server: chat ctx=0..8201:8201 prefill chunk 512/8201 (6.2%) chunk=265.18 t/s avg=262.94 t/s 1.947s
1003 02:33:51 ds4-server: chat ctx=0..8201:8201 prefill chunk 640/8201 (7.8%) chunk=259.73 t/s avg=262.29 t/s 2.440s
1003 02:33:52 ds4-server: chat ctx=0..8201:8201 prefill chunk 768/8201 (9.4%) chunk=270.75 t/s avg=263.66 t/s 2.913s
1003 02:33:52 ds4-server: chat ctx=0..8201:8201 prefill chunk 896/8201 (10.9%) chunk=250.25 t/s avg=261.66 t/s 3.424s
1003 02:33:53 ds4-server: chat ctx=0..8201:8201 prefill chunk 1024/8201 (12.5%) chunk=245.44 t/s avg=259.51 t/s 3.946s
1003 02:33:53 ds4-server: chat ctx=0..8201:8201 prefill chunk 1152/8201 (14.0%) chunk=274.82 t/s avg=261.13 t/s 4.412s
1003 02:33:54 ds4-server: chat ctx=0..8201:8201 prefill chunk 1280/8201 (15.6%) chunk=270.28 t/s avg=262.02 t/s 4.885s
1003 02:33:54 ds4-server: chat ctx=0..8201:8201 prefill chunk 1408/8201 (17.2%) chunk=259.99 t/s avg=261.83 t/s 5.377s
1003 02:33:55 ds4-server: chat ctx=0..8201:8201 prefill chunk 1536/8201 (18.7%) chunk=255.80 t/s avg=261.32 t/s 5.878s
1003 02:33:55 ds4-server: chat ctx=0..8201:8201 prefill chunk 1664/8201 (20.3%) chunk=275.48 t/s avg=262.36 t/s 6.343s
1003 02:33:56 ds4-server: chat ctx=0..8201:8201 prefill chunk 1792/8201 (21.9%) chunk=257.32 t/s avg=261.99 t/s 6.840s
1003 02:33:56 ds4-server: chat ctx=0..8201:8201 prefill chunk 1920/8201 (23.4%) chunk=248.14 t/s avg=261.02 t/s 7.356s
1003 02:33:57 ds4-server: chat ctx=0..8201:8201 prefill chunk 2048/8201 (25.0%) chunk=262.12 t/s avg=261.09 t/s 7.844s
1003 02:33:57 ds4-server: chat ctx=0..8201:8201 prefill chunk 2176/8201 (26.5%) chunk=245.77 t/s avg=260.13 t/s 8.365s
1003 02:33:58 ds4-server: chat ctx=0..8201:8201 prefill chunk 2304/8201 (28.1%) chunk=248.55 t/s avg=259.46 t/s 8.880s
1003 02:33:58 ds4-server: chat ctx=0..8201:8201 prefill chunk 2432/8201 (29.7%) chunk=243.73 t/s avg=258.58 t/s 9.405s
1003 02:33:59 ds4-server: chat ctx=0..8201:8201 prefill chunk 2560/8201 (31.2%) chunk=249.29 t/s avg=258.10 t/s 9.919s
1003 02:33:59 ds4-server: chat ctx=0..8201:8201 prefill chunk 2688/8201 (32.8%) chunk=246.31 t/s avg=257.52 t/s 10.438s
1003 02:34:00 ds4-server: chat ctx=0..8201:8201 prefill chunk 2816/8201 (34.3%) chunk=247.03 t/s avg=257.02 t/s 10.956s
1003 02:34:00 ds4-server: chat ctx=0..8201:8201 prefill chunk 2944/8201 (35.9%) chunk=228.06 t/s avg=255.61 t/s 11.518s
1003 02:34:01 ds4-server: chat ctx=0..8201:8201 prefill chunk 3072/8201 (37.5%) chunk=248.91 t/s avg=255.32 t/s 12.032s
1003 02:34:02 ds4-server: chat ctx=0..8201:8201 prefill chunk 3200/8201 (39.0%) chunk=254.89 t/s avg=255.30 t/s 12.534s
1003 02:34:02 ds4-server: chat ctx=0..8201:8201 prefill chunk 3328/8201 (40.6%) chunk=252.78 t/s avg=255.21 t/s 13.040s
1003 02:34:03 ds4-server: chat ctx=0..8201:8201 prefill chunk 3456/8201 (42.1%) chunk=247.42 t/s avg=254.91 t/s 13.558s
1003 02:34:03 ds4-server: chat ctx=0..8201:8201 prefill chunk 3584/8201 (43.7%) chunk=238.91 t/s avg=254.30 t/s 14.094s
1003 02:34:04 ds4-server: chat ctx=0..8201:8201 prefill chunk 3712/8201 (45.3%) chunk=259.81 t/s avg=254.49 t/s 14.586s
1003 02:34:04 ds4-server: chat ctx=0..8201:8201 prefill chunk 3840/8201 (46.8%) chunk=250.92 t/s avg=254.37 t/s 15.096s
1003 02:34:05 ds4-server: chat ctx=0..8201:8201 prefill chunk 3968/8201 (48.4%) chunk=249.91 t/s avg=254.22 t/s 15.608s
1003 02:34:05 ds4-server: chat ctx=0..8201:8201 prefill chunk 4096/8201 (49.9%) chunk=236.69 t/s avg=253.63 t/s 16.149s
1003 02:34:06 ds4-server: chat ctx=0..8201:8201 prefill chunk 4224/8201 (51.5%) chunk=239.13 t/s avg=253.17 t/s 16.685s
1003 02:34:06 ds4-server: chat ctx=0..8201:8201 prefill chunk 4352/8201 (53.1%) chunk=239.67 t/s avg=252.75 t/s 17.219s
1003 02:34:07 ds4-server: chat ctx=0..8201:8201 prefill chunk 4480/8201 (54.6%) chunk=230.81 t/s avg=252.07 t/s 17.773s
1003 02:34:07 ds4-server: chat ctx=0..8201:8201 prefill chunk 4608/8201 (56.2%) chunk=233.13 t/s avg=251.50 t/s 18.322s
1003 02:34:08 ds4-server: chat ctx=0..8201:8201 prefill chunk 4736/8201 (57.7%) chunk=229.11 t/s avg=250.84 t/s 18.881s
1003 02:34:08 ds4-server: chat ctx=0..8201:8201 prefill chunk 4864/8201 (59.3%) chunk=234.75 t/s avg=250.38 t/s 19.426s
1003 02:34:09 ds4-server: chat ctx=0..8201:8201 prefill chunk 4992/8201 (60.9%) chunk=232.64 t/s avg=249.90 t/s 19.976s
1003 02:34:09 ds4-server: chat ctx=0..8201:8201 prefill chunk 5120/8201 (62.4%) chunk=245.25 t/s avg=249.78 t/s 20.498s
1003 02:34:10 ds4-server: chat ctx=0..8201:8201 prefill chunk 5248/8201 (64.0%) chunk=229.48 t/s avg=249.24 t/s 21.056s
1003 02:34:11 ds4-server: chat ctx=0..8201:8201 prefill chunk 5376/8201 (65.6%) chunk=231.18 t/s avg=248.78 t/s 21.610s
1003 02:34:11 ds4-server: chat ctx=8401..8451:50 gen=250 decoding chunk=2.29 t/s avg=8.41 t/s 29.715s
1003 02:34:11 ds4-server: chat ctx=0..8201:8201 prefill chunk 5504/8201 (67.1%) chunk=231.74 t/s avg=248.35 t/s 22.162s
1003 02:34:12 ds4-server: chat ctx=0..8201:8201 prefill chunk 5632/8201 (68.7%) chunk=234.93 t/s avg=248.03 t/s 22.707s
1003 02:34:12 ds4-server: chat ctx=0..8201:8201 prefill chunk 5760/8201 (70.2%) chunk=238.53 t/s avg=247.81 t/s 23.244s
1003 02:34:13 ds4-server: chat ctx=0..8201:8201 prefill chunk 5888/8201 (71.8%) chunk=246.98 t/s avg=247.79 t/s 23.762s
1003 02:34:13 ds4-server: chat ctx=0..8201:8201 prefill chunk 6016/8201 (73.4%) chunk=247.42 t/s avg=247.78 t/s 24.279s
1003 02:34:14 ds4-server: chat ctx=0..8201:8201 prefill chunk 6144/8201 (74.9%) chunk=241.70 t/s avg=247.65 t/s 24.809s
1003 02:34:14 ds4-server: chat ctx=8451..8457:6 gen=256 decoding chunk=1.88 t/s avg=7.78 t/s 32.914s
1003 02:34:14 ds4-server: chat ctx=0..8201:8201 gen=256 finish=length 60.587s
1003 02:34:14 slot 1: request reuses nothing; evicting checkpoint (8457 tokens, idle 0 s, protected)
1003 02:34:14 ds4-server: chat ctx=0..8201:8201 prefill chunk 6272/8201 (76.5%) chunk=244.20 t/s avg=247.58 t/s 25.333s
1003 02:34:16 ds4-server: chat ctx=0..8201:8201 prefill chunk 8192/8201 (99.9%) chunk=951.76 t/s avg=299.52 t/s 27.350s
1003 02:34:16 ds4-server: chat ctx=0..8201:8201 prefill chunk 8201/8201 (100.0%) chunk=65.82 t/s avg=298.36 t/s 27.487s
1003 02:34:16 ds4-server: chat ctx=0..8201:8201 prompt done 27.487s
1003 02:34:16 ds4-server: live kv cache miss live=8457 prompt=8201 common=17 vision=match reason=token-mismatch
1003 02:34:16 ds4-server: chat ctx=0..8201:8201 prompt start
1003 02:34:18 ds4-server: chat ctx=0..8201:8201 prefill chunk 2048/8201 (25.0%) chunk=0.00 t/s avg=1034.82 t/s 1.979s
1003 02:34:19 ds4-server: chat ctx=0..8201:8201 prefill chunk 2176/8201 (26.5%) chunk=253.57 t/s avg=876.05 t/s 2.484s
1003 02:34:19 ds4-server: chat ctx=0..8201:8201 prefill chunk 2304/8201 (28.1%) chunk=248.42 t/s avg=768.22 t/s 2.999s
1003 02:34:20 ds4-server: chat ctx=0..8201:8201 prefill chunk 2432/8201 (29.7%) chunk=243.22 t/s avg=689.85 t/s 3.525s
1003 02:34:20 ds4-server: chat ctx=0..8201:8201 prefill chunk 2560/8201 (31.2%) chunk=249.00 t/s avg=633.75 t/s 4.039s
1003 02:34:21 ds4-server: chat ctx=0..8201:8201 prefill chunk 2688/8201 (32.8%) chunk=245.80 t/s avg=589.45 t/s 4.560s
1003 02:34:22 ds4-server: chat ctx=0..8201:8201 prefill chunk 2816/8201 (34.3%) chunk=247.06 t/s avg=554.52 t/s 5.078s
1003 02:34:22 ds4-server: chat ctx=0..8201:8201 prefill chunk 2944/8201 (35.9%) chunk=228.12 t/s avg=522.04 t/s 5.639s
1003 02:34:23 ds4-server: chat ctx=0..8201:8201 prefill chunk 3072/8201 (37.5%) chunk=248.30 t/s avg=499.11 t/s 6.155s
1003 02:34:23 ds4-server: chat ctx=0..8201:8201 prefill chunk 3200/8201 (39.0%) chunk=254.21 t/s avg=480.59 t/s 6.658s
1003 02:34:24 ds4-server: chat ctx=0..8201:8201 prefill chunk 3328/8201 (40.6%) chunk=253.15 t/s avg=464.54 t/s 7.164s
1003 02:34:24 ds4-server: chat ctx=0..8201:8201 prefill chunk 3456/8201 (42.1%) chunk=246.29 t/s avg=449.78 t/s 7.684s
1003 02:34:25 ds4-server: chat ctx=0..8201:8201 prefill chunk 3584/8201 (43.7%) chunk=240.71 t/s avg=436.25 t/s 8.216s
1003 02:34:25 ds4-server: chat ctx=0..8201:8201 prefill chunk 3712/8201 (45.3%) chunk=259.65 t/s avg=426.25 t/s 8.709s
1003 02:34:26 ds4-server: chat ctx=0..8201:8201 prefill chunk 3840/8201 (46.8%) chunk=250.73 t/s avg=416.53 t/s 9.219s
1003 02:34:26 ds4-server: chat ctx=0..8201:8201 prefill chunk 3968/8201 (48.4%) chunk=249.55 t/s avg=407.73 t/s 9.732s
1003 02:34:27 ds4-server: chat ctx=0..8201:8201 prefill chunk 4096/8201 (49.9%) chunk=236.69 t/s avg=398.72 t/s 10.273s
1003 02:34:27 ds4-server: chat ctx=0..8201:8201 prefill chunk 4224/8201 (51.5%) chunk=239.86 t/s avg=390.88 t/s 10.806s
1003 02:34:28 ds4-server: chat ctx=0..8201:8201 prefill chunk 4352/8201 (53.1%) chunk=240.42 t/s avg=383.82 t/s 11.339s
1003 02:34:28 ds4-server: chat ctx=0..8201:8201 prefill chunk 4480/8201 (54.6%) chunk=232.69 t/s avg=376.82 t/s 11.889s
1003 02:34:29 ds4-server: chat ctx=0..8201:8201 prefill chunk 4608/8201 (56.2%) chunk=232.93 t/s avg=370.47 t/s 12.438s
1003 02:34:29 ds4-server: chat ctx=0..8201:8201 prefill chunk 4736/8201 (57.7%) chunk=228.42 t/s avg=364.34 t/s 12.999s
1003 02:34:30 ds4-server: chat ctx=0..8201:8201 prefill chunk 4864/8201 (59.3%) chunk=234.73 t/s avg=359.12 t/s 13.544s
1003 02:34:31 ds4-server: chat ctx=0..8201:8201 prefill chunk 4992/8201 (60.9%) chunk=231.19 t/s avg=354.10 t/s 14.098s
1003 02:34:31 ds4-server: chat ctx=0..8201:8201 prefill chunk 5120/8201 (62.4%) chunk=244.47 t/s avg=350.17 t/s 14.621s
1003 02:34:32 ds4-server: chat ctx=0..8201:8201 prefill chunk 5248/8201 (64.0%) chunk=228.97 t/s avg=345.71 t/s 15.180s
1003 02:34:32 ds4-server: chat ctx=0..8201:8201 prefill chunk 5376/8201 (65.6%) chunk=230.53 t/s avg=341.65 t/s 15.736s
1003 02:34:33 ds4-server: chat ctx=0..8201:8201 prefill chunk 5504/8201 (67.1%) chunk=230.82 t/s avg=337.87 t/s 16.290s
1003 02:34:33 ds4-server: chat ctx=0..8201:8201 prefill chunk 5632/8201 (68.7%) chunk=236.75 t/s avg=334.62 t/s 16.831s
1003 02:34:34 ds4-server: chat ctx=0..8201:8201 prefill chunk 5760/8201 (70.2%) chunk=237.91 t/s avg=331.63 t/s 17.369s
1003 02:34:34 ds4-server: chat ctx=0..8201:8201 prefill chunk 5888/8201 (71.8%) chunk=247.75 t/s avg=329.21 t/s 17.885s
1003 02:34:35 ds4-server: chat ctx=0..8201:8201 prefill chunk 6016/8201 (73.4%) chunk=246.48 t/s avg=326.87 t/s 18.405s
1003 02:34:35 ds4-server: chat ctx=0..8201:8201 prefill chunk 6144/8201 (74.9%) chunk=242.59 t/s avg=324.52 t/s 18.932s
1003 02:34:36 ds4-server: chat ctx=0..8201:8201 prefill chunk 6272/8201 (76.5%) chunk=244.11 t/s avg=322.36 t/s 19.457s
1003 02:34:36 ds4-server: chat ctx=0..8201:8201 prefill chunk 6400/8201 (78.0%) chunk=240.58 t/s avg=320.18 t/s 19.989s
1003 02:34:37 ds4-server: chat ctx=0..8201:8201 prefill chunk 6528/8201 (79.6%) chunk=235.80 t/s avg=317.95 t/s 20.532s
1003 02:34:38 ds4-server: chat ctx=0..8201:8201 prefill chunk 6656/8201 (81.2%) chunk=241.07 t/s avg=316.01 t/s 21.063s
1003 02:34:38 ds4-server: chat ctx=0..8201:8201 prefill chunk 6784/8201 (82.7%) chunk=240.48 t/s avg=314.15 t/s 21.595s
1003 02:34:39 ds4-server: chat ctx=0..8201:8201 prefill chunk 6912/8201 (84.3%) chunk=248.41 t/s avg=312.62 t/s 22.110s
1003 02:34:39 ds4-server: chat ctx=0..8201:8201 prefill chunk 7040/8201 (85.8%) chunk=232.59 t/s avg=310.67 t/s 22.661s
1003 02:34:40 ds4-server: chat ctx=0..8201:8201 prefill chunk 7168/8201 (87.4%) chunk=243.95 t/s avg=309.16 t/s 23.185s
1003 02:34:40 ds4-server: chat ctx=0..8201:8201 prefill chunk 7296/8201 (89.0%) chunk=242.54 t/s avg=307.68 t/s 23.713s
1003 02:34:41 ds4-server: chat ctx=0..8201:8201 prefill chunk 7424/8201 (90.5%) chunk=229.23 t/s avg=305.88 t/s 24.271s
1003 02:34:41 ds4-server: chat ctx=0..8201:8201 prefill chunk 7552/8201 (92.1%) chunk=236.60 t/s avg=304.36 t/s 24.812s
1003 02:34:42 ds4-server: chat ctx=0..8201:8201 prefill chunk 7680/8201 (93.6%) chunk=247.23 t/s avg=303.20 t/s 25.330s
1003 02:34:42 ds4-server: chat ctx=0..8201:8201 prefill chunk 7808/8201 (95.2%) chunk=230.05 t/s avg=301.62 t/s 25.886s
1003 02:34:43 ds4-server: chat ctx=0..8201:8201 prefill chunk 7936/8201 (96.8%) chunk=237.97 t/s avg=300.33 t/s 26.424s
1003 02:34:43 ds4-server: chat ctx=0..8201:8201 prefill chunk 8064/8201 (98.3%) chunk=241.56 t/s avg=299.17 t/s 26.954s
1003 02:34:44 ds4-server: chat ctx=0..8201:8201 prefill chunk 8192/8201 (99.9%) chunk=225.77 t/s avg=297.66 t/s 27.521s
1003 02:34:44 ds4-server: chat ctx=0..8201:8201 prefill chunk 8201/8201 (100.0%) chunk=58.52 t/s avg=296.33 t/s 27.675s
1003 02:34:44 ds4-server: chat ctx=0..8201:8201 prompt done 27.675s
1003 02:34:44 ds4-server: chat ctx=8201..8251:50 gen=50 decoding chunk=1.81 t/s avg=1.81 t/s 27.693s
1003 02:34:46 ds4-server: chat ctx=8201..8251:50 gen=50 decoding chunk=25.42 t/s avg=25.42 t/s 1.967s
1003 02:34:46 ds4-server: chat ctx=8251..8301:50 gen=100 decoding chunk=25.65 t/s avg=3.37 t/s 29.642s
1003 02:34:48 ds4-server: chat ctx=8251..8301:50 gen=100 decoding chunk=25.58 t/s avg=25.50 t/s 3.921s
1003 02:34:48 ds4-server: chat ctx=8301..8351:50 gen=150 decoding chunk=25.58 t/s avg=4.75 t/s 31.597s
1003 02:34:50 ds4-server: chat ctx=8301..8351:50 gen=150 decoding chunk=25.56 t/s avg=25.52 t/s 5.878s
1003 02:34:50 ds4-server: chat ctx=8351..8401:50 gen=200 decoding chunk=25.56 t/s avg=5.96 t/s 33.553s
1003 02:34:52 ds4-server: chat ctx=8351..8401:50 gen=200 decoding chunk=25.55 t/s avg=25.53 t/s 7.835s
1003 02:34:52 ds4-server: chat ctx=8401..8451:50 gen=250 decoding chunk=25.55 t/s avg=7.04 t/s 35.510s
1003 02:34:52 ds4-server: chat ctx=8451..8457:6 gen=256 decoding chunk=25.56 t/s avg=7.16 t/s 35.745s
1003 02:34:52 ds4-server: chat ctx=0..8201:8201 gen=256 finish=length 63.232s
1003 02:34:52 slot 0: request reuses nothing; evicting checkpoint (8457 tokens, idle 0 s, protected)
1003 02:34:52 ds4-server: live kv cache miss live=8457 prompt=8201 common=17 vision=match reason=token-mismatch
1003 02:34:52 ds4-server: chat ctx=0..8201:8201 prompt start
1003 02:34:53 ds4-server: chat ctx=0..8201:8201 prefill chunk 128/8201 (1.6%) chunk=0.00 t/s avg=243.90 t/s 0.525s
1003 02:34:53 ds4-server: chat ctx=0..8201:8201 prefill chunk 256/8201 (3.1%) chunk=277.46 t/s avg=259.60 t/s 0.986s
1003 02:34:54 ds4-server: chat ctx=0..8201:8201 prefill chunk 384/8201 (4.7%) chunk=266.81 t/s avg=261.96 t/s 1.466s
1003 02:34:54 ds4-server: chat ctx=0..8201:8201 prefill chunk 512/8201 (6.2%) chunk=264.97 t/s avg=262.70 t/s 1.949s
1003 02:34:55 ds4-server: chat ctx=0..8201:8201 prefill chunk 640/8201 (7.8%) chunk=259.99 t/s avg=262.16 t/s 2.441s
1003 02:34:55 ds4-server: chat ctx=0..8201:8201 prefill chunk 768/8201 (9.4%) chunk=270.23 t/s avg=263.47 t/s 2.915s
1003 02:34:56 ds4-server: chat ctx=0..8201:8201 prefill chunk 896/8201 (10.9%) chunk=249.48 t/s avg=261.37 t/s 3.428s
1003 02:34:56 ds4-server: chat ctx=0..8201:8201 prefill chunk 1024/8201 (12.5%) chunk=245.29 t/s avg=259.25 t/s 3.950s
1003 02:34:57 ds4-server: chat ctx=0..8201:8201 prefill chunk 1152/8201 (14.0%) chunk=273.99 t/s avg=260.81 t/s 4.417s
1003 02:34:57 ds4-server: chat ctx=0..8201:8201 prefill chunk 1280/8201 (15.6%) chunk=266.67 t/s avg=261.38 t/s 4.897s
1003 02:34:58 ds4-server: chat ctx=0..8201:8201 prefill chunk 1408/8201 (17.2%) chunk=259.37 t/s avg=261.20 t/s 5.391s
1003 02:34:58 ds4-server: chat ctx=0..8201:8201 prefill chunk 1536/8201 (18.7%) chunk=255.52 t/s avg=260.72 t/s 5.891s
1003 02:34:59 ds4-server: chat ctx=0..8201:8201 prefill chunk 1664/8201 (20.3%) chunk=275.86 t/s avg=261.82 t/s 6.355s
1003 02:34:59 ds4-server: chat ctx=0..8201:8201 prefill chunk 1792/8201 (21.9%) chunk=257.04 t/s avg=261.47 t/s 6.853s
1003 02:35:00 ds4-server: chat ctx=0..8201:8201 prefill chunk 1920/8201 (23.4%) chunk=247.30 t/s avg=260.48 t/s 7.371s
1003 02:35:00 ds4-server: chat ctx=0..8201:8201 prefill chunk 2048/8201 (25.0%) chunk=261.55 t/s avg=260.55 t/s 7.860s
1003 02:35:01 ds4-server: chat ctx=0..8201:8201 prefill chunk 2176/8201 (26.5%) chunk=245.02 t/s avg=259.58 t/s 8.383s
1003 02:35:01 ds4-server: chat ctx=0..8201:8201 prefill chunk 2304/8201 (28.1%) chunk=247.67 t/s avg=258.89 t/s 8.900s
1003 02:35:02 ds4-server: chat ctx=0..8201:8201 prefill chunk 2432/8201 (29.7%) chunk=243.45 t/s avg=258.03 t/s 9.425s
1003 02:35:02 ds4-server: chat ctx=0..8201:8201 prefill chunk 2560/8201 (31.2%) chunk=249.74 t/s avg=257.60 t/s 9.938s
1003 02:35:03 ds4-server: chat ctx=0..8201:8201 prefill chunk 2688/8201 (32.8%) chunk=245.01 t/s avg=256.97 t/s 10.460s
1003 02:35:03 ds4-server: chat ctx=0..8201:8201 prefill chunk 2816/8201 (34.3%) chunk=246.72 t/s avg=256.49 t/s 10.979s
1003 02:35:04 ds4-server: chat ctx=0..8201:8201 prefill chunk 2944/8201 (35.9%) chunk=227.97 t/s avg=255.10 t/s 11.541s
1003 02:35:04 ds4-server: chat ctx=0..8201:8201 prefill chunk 3072/8201 (37.5%) chunk=248.78 t/s avg=254.83 t/s 12.055s
1003 02:35:05 ds4-server: chat ctx=0..8201:8201 prefill chunk 3200/8201 (39.0%) chunk=254.81 t/s avg=254.83 t/s 12.557s
1003 02:35:05 ds4-server: chat ctx=0..8201:8201 prefill chunk 3328/8201 (40.6%) chunk=252.50 t/s avg=254.74 t/s 13.064s
1003 02:35:06 ds4-server: chat ctx=0..8201:8201 prefill chunk 3456/8201 (42.1%) chunk=246.82 t/s avg=254.44 t/s 13.583s
1003 02:35:06 ds4-server: chat ctx=0..8201:8201 prefill chunk 3584/8201 (43.7%) chunk=239.87 t/s avg=253.88 t/s 14.117s
1003 02:35:07 ds4-server: chat ctx=0..8201:8201 prefill chunk 3712/8201 (45.3%) chunk=259.47 t/s avg=254.07 t/s 14.610s
1003 02:35:07 ds4-server: chat ctx=0..8201:8201 prefill chunk 3840/8201 (46.8%) chunk=250.13 t/s avg=253.94 t/s 15.122s
1003 02:35:08 ds4-server: chat ctx=0..8201:8201 prefill chunk 3968/8201 (48.4%) chunk=250.07 t/s avg=253.81 t/s 15.634s
1003 02:35:08 ds4-server: chat ctx=0..8201:8201 prefill chunk 4096/8201 (49.9%) chunk=236.23 t/s avg=253.22 t/s 16.175s
1003 02:35:09 ds4-server: chat ctx=0..8201:8201 prefill chunk 4224/8201 (51.5%) chunk=239.53 t/s avg=252.79 t/s 16.710s
1003 02:35:09 ds4-server: chat ctx=0..8201:8201 prefill chunk 4352/8201 (53.1%) chunk=239.20 t/s avg=252.36 t/s 17.245s
1003 02:35:10 ds4-server: chat ctx=0..8201:8201 prefill chunk 4480/8201 (54.6%) chunk=231.06 t/s avg=251.70 t/s 17.799s
1003 02:35:11 ds4-server: chat ctx=0..8201:8201 prefill chunk 4608/8201 (56.2%) chunk=231.91 t/s avg=251.11 t/s 18.351s
1003 02:35:11 ds4-server: chat ctx=0..8201:8201 prefill chunk 4736/8201 (57.7%) chunk=227.77 t/s avg=250.41 t/s 18.913s
1003 02:35:12 ds4-server: chat ctx=0..8201:8201 prefill chunk 4864/8201 (59.3%) chunk=235.50 t/s avg=250.00 t/s 19.456s
1003 02:35:12 ds4-server: chat ctx=0..8201:8201 prefill chunk 4992/8201 (60.9%) chunk=230.74 t/s avg=249.46 t/s 20.011s
1003 02:35:13 ds4-server: chat ctx=0..8201:8201 prefill chunk 5120/8201 (62.4%) chunk=242.93 t/s avg=249.30 t/s 20.538s
1003 02:35:13 ds4-server: chat ctx=0..8201:8201 prefill chunk 5248/8201 (64.0%) chunk=228.41 t/s avg=248.74 t/s 21.098s
1003 02:35:14 ds4-server: chat ctx=0..8201:8201 prefill chunk 5376/8201 (65.6%) chunk=231.54 t/s avg=248.30 t/s 21.651s
1003 02:35:14 ds4-server: chat ctx=8401..8451:50 gen=250 decoding chunk=2.28 t/s avg=8.40 t/s 29.757s
1003 02:35:14 ds4-server: chat ctx=0..8201:8201 prefill chunk 5504/8201 (67.1%) chunk=231.48 t/s avg=247.88 t/s 22.204s
1003 02:35:15 ds4-server: chat ctx=0..8201:8201 prefill chunk 5632/8201 (68.7%) chunk=236.69 t/s avg=247.62 t/s 22.745s
1003 02:35:16 ds4-server: chat ctx=0..8201:8201 prefill chunk 5760/8201 (70.2%) chunk=237.23 t/s avg=247.38 t/s 23.284s
1003 02:35:16 ds4-server: chat ctx=0..8201:8201 prefill chunk 5888/8201 (71.8%) chunk=247.66 t/s avg=247.38 t/s 23.801s
1003 02:35:17 ds4-server: chat ctx=0..8201:8201 prefill chunk 6016/8201 (73.4%) chunk=246.18 t/s avg=247.36 t/s 24.321s
1003 02:35:17 ds4-server: chat ctx=0..8201:8201 prefill chunk 6144/8201 (74.9%) chunk=242.92 t/s avg=247.26 t/s 24.848s
1003 02:35:17 ds4-server: chat ctx=8451..8457:6 gen=256 decoding chunk=1.88 t/s avg=7.77 t/s 32.954s
1003 02:35:17 ds4-server: chat ctx=0..8201:8201 gen=256 finish=length 60.630s
1003 02:35:17 slot 1: request reuses nothing; evicting checkpoint (8457 tokens, idle 0 s, protected)
1003 02:35:18 ds4-server: chat ctx=0..8201:8201 prefill chunk 6272/8201 (76.5%) chunk=243.25 t/s avg=247.18 t/s 25.374s
1003 02:35:20 ds4-server: chat ctx=0..8201:8201 prefill chunk 8192/8201 (99.9%) chunk=951.69 t/s avg=299.07 t/s 27.392s
1003 02:35:20 ds4-server: chat ctx=0..8201:8201 prefill chunk 8201/8201 (100.0%) chunk=65.79 t/s avg=297.91 t/s 27.529s
1003 02:35:20 ds4-server: chat ctx=0..8201:8201 prompt done 27.529s
1003 02:35:20 ds4-server: live kv cache miss live=8457 prompt=8201 common=17 vision=match reason=token-mismatch
1003 02:35:20 ds4-server: chat ctx=0..8201:8201 prompt start
1003 02:35:22 ds4-server: chat ctx=0..8201:8201 prefill chunk 2048/8201 (25.0%) chunk=0.00 t/s avg=1034.45 t/s 1.980s
1003 02:35:22 ds4-server: chat ctx=0..8201:8201 prefill chunk 2176/8201 (26.5%) chunk=253.44 t/s avg=875.71 t/s 2.485s
1003 02:35:23 ds4-server: chat ctx=0..8201:8201 prefill chunk 2304/8201 (28.1%) chunk=247.87 t/s avg=767.68 t/s 3.001s
1003 02:35:23 ds4-server: chat ctx=0..8201:8201 prefill chunk 2432/8201 (29.7%) chunk=242.67 t/s avg=689.20 t/s 3.529s
1003 02:35:24 ds4-server: chat ctx=0..8201:8201 prefill chunk 2560/8201 (31.2%) chunk=249.57 t/s avg=633.41 t/s 4.042s
1003 02:35:24 ds4-server: chat ctx=0..8201:8201 prefill chunk 2688/8201 (32.8%) chunk=245.60 t/s avg=589.12 t/s 4.563s
1003 02:35:25 ds4-server: chat ctx=0..8201:8201 prefill chunk 2816/8201 (34.3%) chunk=246.84 t/s avg=554.19 t/s 5.081s
1003 02:35:25 ds4-server: chat ctx=0..8201:8201 prefill chunk 2944/8201 (35.9%) chunk=228.61 t/s avg=521.87 t/s 5.641s
1003 02:35:26 ds4-server: chat ctx=0..8201:8201 prefill chunk 3072/8201 (37.5%) chunk=249.06 t/s avg=499.09 t/s 6.155s
1003 02:35:26 ds4-server: chat ctx=0..8201:8201 prefill chunk 3200/8201 (39.0%) chunk=254.34 t/s avg=480.59 t/s 6.658s
1003 02:35:27 ds4-server: chat ctx=0..8201:8201 prefill chunk 3328/8201 (40.6%) chunk=252.30 t/s avg=464.43 t/s 7.166s
1003 02:35:27 ds4-server: chat ctx=0..8201:8201 prefill chunk 3456/8201 (42.1%) chunk=246.75 t/s avg=449.74 t/s 7.684s
1003 02:35:28 ds4-server: chat ctx=0..8201:8201 prefill chunk 3584/8201 (43.7%) chunk=239.97 t/s avg=436.12 t/s 8.218s
1003 02:35:28 ds4-server: chat ctx=0..8201:8201 prefill chunk 3712/8201 (45.3%) chunk=259.68 t/s avg=426.14 t/s 8.711s
1003 02:35:29 ds4-server: chat ctx=0..8201:8201 prefill chunk 3840/8201 (46.8%) chunk=252.34 t/s avg=416.57 t/s 9.218s
1003 02:35:29 ds4-server: chat ctx=0..8201:8201 prefill chunk 3968/8201 (48.4%) chunk=248.82 t/s avg=407.71 t/s 9.732s
1003 02:35:30 ds4-server: chat ctx=0..8201:8201 prefill chunk 4096/8201 (49.9%) chunk=235.75 t/s avg=398.62 t/s 10.275s
1003 02:35:31 ds4-server: chat ctx=0..8201:8201 prefill chunk 4224/8201 (51.5%) chunk=239.50 t/s avg=390.75 t/s 10.810s
1003 02:35:31 ds4-server: chat ctx=0..8201:8201 prefill chunk 4352/8201 (53.1%) chunk=239.89 t/s avg=383.66 t/s 11.343s
1003 02:35:32 ds4-server: chat ctx=0..8201:8201 prefill chunk 4480/8201 (54.6%) chunk=230.43 t/s avg=376.50 t/s 11.899s
1003 02:35:32 ds4-server: chat ctx=0..8201:8201 prefill chunk 4608/8201 (56.2%) chunk=232.83 t/s avg=370.16 t/s 12.449s
1003 02:35:33 ds4-server: chat ctx=0..8201:8201 prefill chunk 4736/8201 (57.7%) chunk=227.85 t/s avg=364.02 t/s 13.010s
1003 02:35:33 ds4-server: chat ctx=0..8201:8201 prefill chunk 4864/8201 (59.3%) chunk=233.08 t/s avg=358.71 t/s 13.560s
1003 02:35:34 ds4-server: chat ctx=0..8201:8201 prefill chunk 4992/8201 (60.9%) chunk=231.07 t/s avg=353.70 t/s 14.114s
1003 02:35:34 ds4-server: chat ctx=0..8201:8201 prefill chunk 5120/8201 (62.4%) chunk=244.78 t/s avg=349.81 t/s 14.636s
1003 02:35:35 ds4-server: chat ctx=0..8201:8201 prefill chunk 5248/8201 (64.0%) chunk=228.50 t/s avg=345.34 t/s 15.197s
1003 02:35:35 ds4-server: chat ctx=0..8201:8201 prefill chunk 5376/8201 (65.6%) chunk=231.85 t/s avg=341.36 t/s 15.749s
1003 02:35:36 ds4-server: chat ctx=0..8201:8201 prefill chunk 5504/8201 (67.1%) chunk=231.07 t/s avg=337.61 t/s 16.303s
1003 02:35:37 ds4-server: chat ctx=0..8201:8201 prefill chunk 5632/8201 (68.7%) chunk=235.79 t/s avg=334.33 t/s 16.846s
1003 02:35:37 ds4-server: chat ctx=0..8201:8201 prefill chunk 5760/8201 (70.2%) chunk=238.85 t/s avg=331.39 t/s 17.381s
1003 02:35:38 ds4-server: chat ctx=0..8201:8201 prefill chunk 5888/8201 (71.8%) chunk=247.30 t/s avg=328.96 t/s 17.899s
1003 02:35:38 ds4-server: chat ctx=0..8201:8201 prefill chunk 6016/8201 (73.4%) chunk=246.71 t/s avg=326.64 t/s 18.418s
1003 02:35:39 ds4-server: chat ctx=0..8201:8201 prefill chunk 6144/8201 (74.9%) chunk=242.18 t/s avg=324.28 t/s 18.946s
1003 02:35:39 ds4-server: chat ctx=0..8201:8201 prefill chunk 6272/8201 (76.5%) chunk=243.40 t/s avg=322.10 t/s 19.472s
1003 02:35:40 ds4-server: chat ctx=0..8201:8201 prefill chunk 6400/8201 (78.0%) chunk=240.65 t/s avg=319.93 t/s 20.004s
1003 02:35:40 ds4-server: chat ctx=0..8201:8201 prefill chunk 6528/8201 (79.6%) chunk=236.85 t/s avg=317.75 t/s 20.545s
1003 02:35:41 ds4-server: chat ctx=0..8201:8201 prefill chunk 6656/8201 (81.2%) chunk=240.37 t/s avg=315.79 t/s 21.077s
1003 02:35:41 ds4-server: chat ctx=0..8201:8201 prefill chunk 6784/8201 (82.7%) chunk=240.80 t/s avg=313.95 t/s 21.609s
1003 02:35:42 ds4-server: chat ctx=0..8201:8201 prefill chunk 6912/8201 (84.3%) chunk=248.30 t/s avg=312.42 t/s 22.124s
1003 02:35:42 ds4-server: chat ctx=0..8201:8201 prefill chunk 7040/8201 (85.8%) chunk=232.86 t/s avg=310.49 t/s 22.674s
1003 02:35:43 ds4-server: chat ctx=0..8201:8201 prefill chunk 7168/8201 (87.4%) chunk=243.71 t/s avg=308.98 t/s 23.199s
1003 02:35:43 ds4-server: chat ctx=0..8201:8201 prefill chunk 7296/8201 (89.0%) chunk=243.08 t/s avg=307.52 t/s 23.726s
1003 02:35:44 ds4-server: chat ctx=0..8201:8201 prefill chunk 7424/8201 (90.5%) chunk=228.84 t/s avg=305.70 t/s 24.285s
1003 02:35:45 ds4-server: chat ctx=0..8201:8201 prefill chunk 7552/8201 (92.1%) chunk=236.94 t/s avg=304.21 t/s 24.825s
1003 02:35:45 ds4-server: chat ctx=0..8201:8201 prefill chunk 7680/8201 (93.6%) chunk=248.46 t/s avg=303.07 t/s 25.340s
1003 02:35:46 ds4-server: chat ctx=0..8201:8201 prefill chunk 7808/8201 (95.2%) chunk=232.24 t/s avg=301.57 t/s 25.892s
1003 02:35:46 ds4-server: chat ctx=0..8201:8201 prefill chunk 7936/8201 (96.8%) chunk=239.82 t/s avg=300.32 t/s 26.425s
1003 02:35:47 ds4-server: chat ctx=0..8201:8201 prefill chunk 8064/8201 (98.3%) chunk=242.87 t/s avg=299.20 t/s 26.952s
1003 02:35:47 ds4-server: chat ctx=0..8201:8201 prefill chunk 8192/8201 (99.9%) chunk=226.24 t/s avg=297.70 t/s 27.518s
1003 02:35:47 ds4-server: chat ctx=0..8201:8201 prefill chunk 8201/8201 (100.0%) chunk=58.48 t/s avg=296.37 t/s 27.672s
1003 02:35:47 ds4-server: chat ctx=0..8201:8201 prompt done 27.672s
1003 02:35:47 ds4-server: chat ctx=8201..8251:50 gen=50 decoding chunk=1.81 t/s avg=1.81 t/s 27.690s
1003 02:35:49 ds4-server: chat ctx=8201..8251:50 gen=50 decoding chunk=25.42 t/s avg=25.42 t/s 1.967s
1003 02:35:49 ds4-server: chat ctx=8251..8301:50 gen=100 decoding chunk=25.66 t/s avg=3.37 t/s 29.639s
1003 02:35:51 ds4-server: chat ctx=8301..8351:50 gen=150 decoding chunk=25.59 t/s avg=4.75 t/s 31.593s
1003 02:35:51 ds4-server: chat ctx=8251..8301:50 gen=100 decoding chunk=25.59 t/s avg=25.51 t/s 3.921s
1003 02:35:53 ds4-server: chat ctx=8351..8401:50 gen=200 decoding chunk=25.57 t/s avg=5.96 t/s 33.548s
1003 02:35:53 ds4-server: chat ctx=8301..8351:50 gen=150 decoding chunk=25.57 t/s avg=25.53 t/s 5.876s
1003 02:35:55 ds4-server: chat ctx=8351..8401:50 gen=200 decoding chunk=25.56 t/s avg=25.54 t/s 7.832s
1003 02:35:55 ds4-server: chat ctx=8401..8451:50 gen=250 decoding chunk=25.56 t/s avg=7.04 t/s 35.504s
1003 02:35:55 ds4-server: chat ctx=8451..8457:6 gen=256 decoding chunk=25.59 t/s avg=7.16 t/s 35.738s
1003 02:35:55 ds4-server: chat ctx=0..8201:8201 gen=256 finish=length 63.267s
1003 02:35:55 slot 0: request reuses nothing; evicting checkpoint (8457 tokens, idle 0 s, protected)
1003 02:35:56 ds4-server: live kv cache miss live=8457 prompt=8201 common=17 vision=match reason=token-mismatch
1003 02:35:56 ds4-server: chat ctx=0..8201:8201 prompt start
1003 02:35:56 ds4-server: chat ctx=0..8201:8201 prefill chunk 128/8201 (1.6%) chunk=0.00 t/s avg=244.58 t/s 0.523s
1003 02:35:56 ds4-server: chat ctx=0..8201:8201 prefill chunk 256/8201 (3.1%) chunk=277.63 t/s avg=260.06 t/s 0.984s
1003 02:35:57 ds4-server: chat ctx=0..8201:8201 prefill chunk 384/8201 (4.7%) chunk=267.06 t/s avg=262.35 t/s 1.464s
1003 02:35:57 ds4-server: chat ctx=0..8201:8201 prefill chunk 512/8201 (6.2%) chunk=265.83 t/s avg=263.21 t/s 1.945s
1003 02:35:58 ds4-server: chat ctx=0..8201:8201 prefill chunk 640/8201 (7.8%) chunk=260.17 t/s avg=262.60 t/s 2.437s
1003 02:35:58 ds4-server: chat ctx=0..8201:8201 prefill chunk 768/8201 (9.4%) chunk=270.05 t/s avg=263.81 t/s 2.911s
1003 02:35:59 ds4-server: chat ctx=0..8201:8201 prefill chunk 896/8201 (10.9%) chunk=249.54 t/s avg=261.67 t/s 3.424s
1003 02:35:59 ds4-server: chat ctx=0..8201:8201 prefill chunk 1024/8201 (12.5%) chunk=245.80 t/s avg=259.58 t/s 3.945s
1003 02:36:00 ds4-server: chat ctx=0..8201:8201 prefill chunk 1152/8201 (14.0%) chunk=274.48 t/s avg=261.15 t/s 4.411s
1003 02:36:00 ds4-server: chat ctx=0..8201:8201 prefill chunk 1280/8201 (15.6%) chunk=268.75 t/s avg=261.89 t/s 4.887s
1003 02:36:01 ds4-server: chat ctx=0..8201:8201 prefill chunk 1408/8201 (17.2%) chunk=259.53 t/s avg=261.68 t/s 5.381s
1003 02:36:01 ds4-server: chat ctx=0..8201:8201 prefill chunk 1536/8201 (18.7%) chunk=255.51 t/s avg=261.15 t/s 5.882s
1003 02:36:02 ds4-server: chat ctx=0..8201:8201 prefill chunk 1664/8201 (20.3%) chunk=275.98 t/s avg=262.24 t/s 6.345s
1003 02:36:02 ds4-server: chat ctx=0..8201:8201 prefill chunk 1792/8201 (21.9%) chunk=257.50 t/s avg=261.89 t/s 6.843s
1003 02:36:03 ds4-server: chat ctx=0..8201:8201 prefill chunk 1920/8201 (23.4%) chunk=247.56 t/s avg=260.88 t/s 7.360s
1003 02:36:03 ds4-server: chat ctx=0..8201:8201 prefill chunk 2048/8201 (25.0%) chunk=261.45 t/s avg=260.92 t/s 7.849s
1003 02:36:04 ds4-server: chat ctx=0..8201:8201 prefill chunk 2176/8201 (26.5%) chunk=246.19 t/s avg=260.00 t/s 8.369s
1003 02:36:04 ds4-server: chat ctx=0..8201:8201 prefill chunk 2304/8201 (28.1%) chunk=247.84 t/s avg=259.30 t/s 8.886s
1003 02:36:05 ds4-server: chat ctx=0..8201:8201 prefill chunk 2432/8201 (29.7%) chunk=244.21 t/s avg=258.46 t/s 9.410s
1003 02:36:05 ds4-server: chat ctx=0..8201:8201 prefill chunk 2560/8201 (31.2%) chunk=248.85 t/s avg=257.96 t/s 9.924s
1003 02:36:06 ds4-server: chat ctx=0..8201:8201 prefill chunk 2688/8201 (32.8%) chunk=246.80 t/s avg=257.40 t/s 10.443s
1003 02:36:06 ds4-server: chat ctx=0..8201:8201 prefill chunk 2816/8201 (34.3%) chunk=247.50 t/s avg=256.94 t/s 10.960s
1003 02:36:07 ds4-server: chat ctx=0..8201:8201 prefill chunk 2944/8201 (35.9%) chunk=228.84 t/s avg=255.57 t/s 11.519s
1003 02:36:08 ds4-server: chat ctx=0..8201:8201 prefill chunk 3072/8201 (37.5%) chunk=248.43 t/s avg=255.27 t/s 12.034s
1003 02:36:08 ds4-server: chat ctx=0..8201:8201 prefill chunk 3200/8201 (39.0%) chunk=254.82 t/s avg=255.25 t/s 12.537s
1003 02:36:09 ds4-server: chat ctx=0..8201:8201 prefill chunk 3328/8201 (40.6%) chunk=252.28 t/s avg=255.13 t/s 13.044s
1003 02:36:09 ds4-server: chat ctx=0..8201:8201 prefill chunk 3456/8201 (42.1%) chunk=246.70 t/s avg=254.81 t/s 13.563s
1003 02:36:10 ds4-server: chat ctx=0..8201:8201 prefill chunk 3584/8201 (43.7%) chunk=239.30 t/s avg=254.22 t/s 14.098s
1003 02:36:10 ds4-server: chat ctx=0..8201:8201 prefill chunk 3712/8201 (45.3%) chunk=259.26 t/s avg=254.39 t/s 14.592s
1003 02:36:11 ds4-server: chat ctx=0..8201:8201 prefill chunk 3840/8201 (46.8%) chunk=251.62 t/s avg=254.30 t/s 15.100s
1003 02:36:11 ds4-server: chat ctx=0..8201:8201 prefill chunk 3968/8201 (48.4%) chunk=248.97 t/s avg=254.12 t/s 15.614s
1003 02:36:12 ds4-server: chat ctx=0..8201:8201 prefill chunk 4096/8201 (49.9%) chunk=235.21 t/s avg=253.49 t/s 16.159s
1003 02:36:12 ds4-server: chat ctx=0..8201:8201 prefill chunk 4224/8201 (51.5%) chunk=240.34 t/s avg=253.07 t/s 16.691s
1003 02:36:13 ds4-server: chat ctx=0..8201:8201 prefill chunk 4352/8201 (53.1%) chunk=239.39 t/s avg=252.64 t/s 17.226s
1003 02:36:13 ds4-server: chat ctx=0..8201:8201 prefill chunk 4480/8201 (54.6%) chunk=230.89 t/s avg=251.97 t/s 17.780s
1003 02:36:14 ds4-server: chat ctx=0..8201:8201 prefill chunk 4608/8201 (56.2%) chunk=231.93 t/s avg=251.36 t/s 18.332s
1003 02:36:14 ds4-server: chat ctx=0..8201:8201 prefill chunk 4736/8201 (57.7%) chunk=228.10 t/s avg=250.67 t/s 18.893s
1003 02:36:15 ds4-server: chat ctx=0..8201:8201 prefill chunk 4864/8201 (59.3%) chunk=234.11 t/s avg=250.21 t/s 19.440s
1003 02:36:15 ds4-server: chat ctx=0..8201:8201 prefill chunk 4992/8201 (60.9%) chunk=230.44 t/s avg=249.66 t/s 19.996s
1003 02:36:16 ds4-server: chat ctx=0..8201:8201 prefill chunk 5120/8201 (62.4%) chunk=243.49 t/s avg=249.50 t/s 20.521s
1003 02:36:17 ds4-server: chat ctx=0..8201:8201 prefill chunk 5248/8201 (64.0%) chunk=228.64 t/s avg=248.94 t/s 21.081s
1003 02:36:17 ds4-server: chat ctx=0..8201:8201 prefill chunk 5376/8201 (65.6%) chunk=231.80 t/s avg=248.51 t/s 21.633s
1003 02:36:17 ds4-server: chat ctx=8401..8451:50 gen=250 decoding chunk=2.28 t/s avg=8.41 t/s 29.736s
1003 02:36:18 ds4-server: chat ctx=0..8201:8201 prefill chunk 5504/8201 (67.1%) chunk=231.07 t/s avg=248.07 t/s 22.187s
1003 02:36:18 ds4-server: chat ctx=0..8201:8201 prefill chunk 5632/8201 (68.7%) chunk=235.02 t/s avg=247.76 t/s 22.732s
1003 02:36:19 ds4-server: chat ctx=0..8201:8201 prefill chunk 5760/8201 (70.2%) chunk=238.28 t/s avg=247.54 t/s 23.269s
1003 02:36:19 ds4-server: chat ctx=0..8201:8201 prefill chunk 5888/8201 (71.8%) chunk=247.35 t/s avg=247.54 t/s 23.787s
1003 02:36:20 ds4-server: chat ctx=0..8201:8201 prefill chunk 6016/8201 (73.4%) chunk=246.97 t/s avg=247.52 t/s 24.305s
1003 02:36:20 ds4-server: chat ctx=0..8201:8201 prefill chunk 6144/8201 (74.9%) chunk=241.64 t/s avg=247.40 t/s 24.835s
1003 02:36:20 ds4-server: chat ctx=8451..8457:6 gen=256 decoding chunk=1.87 t/s avg=7.77 t/s 32.937s
1003 02:36:20 ds4-server: chat ctx=0..8201:8201 gen=256 finish=length 60.610s
1003 02:36:20 slot 1: request reuses nothing; evicting checkpoint (8457 tokens, idle 0 s, protected)
1003 02:36:21 ds4-server: chat ctx=0..8201:8201 prefill chunk 6272/8201 (76.5%) chunk=243.68 t/s avg=247.32 t/s 25.360s
1003 02:36:23 ds4-server: chat ctx=0..8201:8201 prefill chunk 8192/8201 (99.9%) chunk=952.48 t/s avg=299.24 t/s 27.376s
1003 02:36:23 ds4-server: chat ctx=0..8201:8201 prefill chunk 8201/8201 (100.0%) chunk=66.10 t/s avg=298.09 t/s 27.512s
1003 02:36:23 ds4-server: chat ctx=0..8201:8201 prompt done 27.512s
1003 02:36:23 ds4-server: live kv cache miss live=8457 prompt=8201 common=17 vision=match reason=token-mismatch
1003 02:36:23 ds4-server: chat ctx=0..8201:8201 prompt start
1003 02:36:25 ds4-server: chat ctx=0..8201:8201 prefill chunk 2048/8201 (25.0%) chunk=0.00 t/s avg=1034.16 t/s 1.980s
1003 02:36:26 ds4-server: chat ctx=0..8201:8201 prefill chunk 2176/8201 (26.5%) chunk=253.76 t/s avg=875.73 t/s 2.485s
1003 02:36:26 ds4-server: chat ctx=0..8201:8201 prefill chunk 2304/8201 (28.1%) chunk=247.43 t/s avg=767.46 t/s 3.002s
1003 02:36:27 ds4-server: chat ctx=0..8201:8201 prefill chunk 2432/8201 (29.7%) chunk=243.66 t/s avg=689.45 t/s 3.527s
1003 02:36:27 ds4-server: chat ctx=0..8201:8201 prefill chunk 2560/8201 (31.2%) chunk=249.96 t/s avg=633.74 t/s 4.040s
1003 02:36:28 ds4-server: chat ctx=0..8201:8201 prefill chunk 2688/8201 (32.8%) chunk=246.03 t/s avg=589.50 t/s 4.560s
1003 02:36:28 ds4-server: chat ctx=0..8201:8201 prefill chunk 2816/8201 (34.3%) chunk=247.03 t/s avg=554.56 t/s 5.078s
1003 02:36:29 ds4-server: chat ctx=0..8201:8201 prefill chunk 2944/8201 (35.9%) chunk=227.67 t/s avg=521.97 t/s 5.640s
1003 02:36:29 ds4-server: chat ctx=0..8201:8201 prefill chunk 3072/8201 (37.5%) chunk=248.25 t/s avg=499.05 t/s 6.156s
1003 02:36:30 ds4-server: chat ctx=0..8201:8201 prefill chunk 3200/8201 (39.0%) chunk=254.84 t/s avg=480.62 t/s 6.658s
1003 02:36:30 ds4-server: chat ctx=0..8201:8201 prefill chunk 3328/8201 (40.6%) chunk=252.54 t/s avg=464.49 t/s 7.165s
1003 02:36:31 ds4-server: chat ctx=0..8201:8201 prefill chunk 3456/8201 (42.1%) chunk=246.44 t/s avg=449.75 t/s 7.684s
1003 02:36:31 ds4-server: chat ctx=0..8201:8201 prefill chunk 3584/8201 (43.7%) chunk=240.75 t/s avg=436.22 t/s 8.216s
1003 02:36:32 ds4-server: chat ctx=0..8201:8201 prefill chunk 3712/8201 (45.3%) chunk=261.05 t/s avg=426.36 t/s 8.706s
1003 02:36:32 ds4-server: chat ctx=0..8201:8201 prefill chunk 3840/8201 (46.8%) chunk=252.00 t/s avg=416.75 t/s 9.214s
1003 02:36:33 ds4-server: chat ctx=0..8201:8201 prefill chunk 3968/8201 (48.4%) chunk=249.68 t/s avg=407.94 t/s 9.727s
1003 02:36:33 ds4-server: chat ctx=0..8201:8201 prefill chunk 4096/8201 (49.9%) chunk=236.70 t/s avg=398.92 t/s 10.268s
1003 02:36:34 ds4-server: chat ctx=0..8201:8201 prefill chunk 4224/8201 (51.5%) chunk=239.77 t/s avg=391.06 t/s 10.802s
1003 02:36:34 ds4-server: chat ctx=0..8201:8201 prefill chunk 4352/8201 (53.1%) chunk=242.13 t/s avg=384.11 t/s 11.330s
1003 02:36:35 ds4-server: chat ctx=0..8201:8201 prefill chunk 4480/8201 (54.6%) chunk=231.76 t/s avg=377.03 t/s 11.882s
1003 02:36:35 ds4-server: chat ctx=0..8201:8201 prefill chunk 4608/8201 (56.2%) chunk=232.77 t/s avg=370.65 t/s 12.432s
1003 02:36:36 ds4-server: chat ctx=0..8201:8201 prefill chunk 4736/8201 (57.7%) chunk=227.79 t/s avg=364.47 t/s 12.994s
1003 02:36:37 ds4-server: chat ctx=0..8201:8201 prefill chunk 4864/8201 (59.3%) chunk=233.76 t/s avg=359.18 t/s 13.542s
1003 02:36:37 ds4-server: chat ctx=0..8201:8201 prefill chunk 4992/8201 (60.9%) chunk=231.39 t/s avg=354.17 t/s 14.095s
1003 02:36:38 ds4-server: chat ctx=0..8201:8201 prefill chunk 5120/8201 (62.4%) chunk=244.35 t/s avg=350.23 t/s 14.619s
1003 02:36:38 ds4-server: chat ctx=0..8201:8201 prefill chunk 5248/8201 (64.0%) chunk=228.05 t/s avg=345.71 t/s 15.180s
1003 02:36:39 ds4-server: chat ctx=0..8201:8201 prefill chunk 5376/8201 (65.6%) chunk=231.23 t/s avg=341.69 t/s 15.734s
1003 02:36:39 ds4-server: chat ctx=0..8201:8201 prefill chunk 5504/8201 (67.1%) chunk=230.93 t/s avg=337.92 t/s 16.288s
1003 02:36:40 ds4-server: chat ctx=0..8201:8201 prefill chunk 5632/8201 (68.7%) chunk=237.30 t/s avg=334.69 t/s 16.827s
1003 02:36:40 ds4-server: chat ctx=0..8201:8201 prefill chunk 5760/8201 (70.2%) chunk=239.22 t/s avg=331.75 t/s 17.362s
1003 02:36:41 ds4-server: chat ctx=0..8201:8201 prefill chunk 5888/8201 (71.8%) chunk=248.01 t/s avg=329.33 t/s 17.879s
1003 02:36:41 ds4-server: chat ctx=0..8201:8201 prefill chunk 6016/8201 (73.4%) chunk=246.99 t/s avg=327.01 t/s 18.397s
1003 02:36:42 ds4-server: chat ctx=0..8201:8201 prefill chunk 6144/8201 (74.9%) chunk=242.07 t/s avg=324.64 t/s 18.926s
1003 02:36:42 ds4-server: chat ctx=0..8201:8201 prefill chunk 6272/8201 (76.5%) chunk=243.50 t/s avg=322.45 t/s 19.451s
1003 02:36:43 ds4-server: chat ctx=0..8201:8201 prefill chunk 6400/8201 (78.0%) chunk=241.29 t/s avg=320.29 t/s 19.982s
1003 02:36:44 ds4-server: chat ctx=0..8201:8201 prefill chunk 6528/8201 (79.6%) chunk=235.35 t/s avg=318.04 t/s 20.526s
1003 02:36:44 ds4-server: chat ctx=0..8201:8201 prefill chunk 6656/8201 (81.2%) chunk=240.50 t/s avg=316.08 t/s 21.058s
1003 02:36:45 ds4-server: chat ctx=0..8201:8201 prefill chunk 6784/8201 (82.7%) chunk=240.66 t/s avg=314.22 t/s 21.590s
1003 02:36:45 ds4-server: chat ctx=0..8201:8201 prefill chunk 6912/8201 (84.3%) chunk=249.14 t/s avg=312.71 t/s 22.104s
1003 02:36:46 ds4-server: chat ctx=0..8201:8201 prefill chunk 7040/8201 (85.8%) chunk=232.69 t/s avg=310.77 t/s 22.654s
1003 02:36:46 ds4-server: chat ctx=0..8201:8201 prefill chunk 7168/8201 (87.4%) chunk=242.95 t/s avg=309.23 t/s 23.180s
1003 02:36:47 ds4-server: chat ctx=0..8201:8201 prefill chunk 7296/8201 (89.0%) chunk=243.01 t/s avg=307.75 t/s 23.707s
1003 02:36:47 ds4-server: chat ctx=0..8201:8201 prefill chunk 7424/8201 (90.5%) chunk=229.57 t/s avg=305.96 t/s 24.265s
1003 02:36:48 ds4-server: chat ctx=0..8201:8201 prefill chunk 7552/8201 (92.1%) chunk=236.77 t/s avg=304.45 t/s 24.805s
1003 02:36:48 ds4-server: chat ctx=0..8201:8201 prefill chunk 7680/8201 (93.6%) chunk=247.04 t/s avg=303.28 t/s 25.324s
1003 02:36:49 ds4-server: chat ctx=0..8201:8201 prefill chunk 7808/8201 (95.2%) chunk=231.94 t/s avg=301.75 t/s 25.875s
1003 02:36:49 ds4-server: chat ctx=0..8201:8201 prefill chunk 7936/8201 (96.8%) chunk=238.09 t/s avg=300.46 t/s 26.413s
1003 02:36:50 ds4-server: chat ctx=0..8201:8201 prefill chunk 8064/8201 (98.3%) chunk=242.51 t/s avg=299.32 t/s 26.941s
1003 02:36:51 ds4-server: chat ctx=0..8201:8201 prefill chunk 8192/8201 (99.9%) chunk=226.34 t/s avg=297.82 t/s 27.506s
1003 02:36:51 ds4-server: chat ctx=0..8201:8201 prefill chunk 8201/8201 (100.0%) chunk=58.56 t/s avg=296.49 t/s 27.660s
1003 02:36:51 ds4-server: chat ctx=0..8201:8201 prompt done 27.660s
1003 02:36:51 ds4-server: chat ctx=8201..8251:50 gen=50 decoding chunk=1.81 t/s avg=1.81 t/s 27.678s
1003 02:36:53 ds4-server: chat ctx=8201..8251:50 gen=50 decoding chunk=25.43 t/s avg=25.43 t/s 1.966s
1003 02:36:53 ds4-server: chat ctx=8251..8301:50 gen=100 decoding chunk=25.66 t/s avg=3.38 t/s 29.626s
1003 02:36:55 ds4-server: chat ctx=8301..8351:50 gen=150 decoding chunk=25.59 t/s avg=4.75 t/s 31.581s
1003 02:36:55 ds4-server: chat ctx=8251..8301:50 gen=100 decoding chunk=25.59 t/s avg=25.51 t/s 3.921s
1003 02:36:57 ds4-server: chat ctx=8301..8351:50 gen=150 decoding chunk=25.58 t/s avg=25.53 t/s 5.875s
1003 02:36:57 ds4-server: chat ctx=8351..8401:50 gen=200 decoding chunk=25.58 t/s avg=5.96 t/s 33.535s
1003 02:36:59 ds4-server: chat ctx=8351..8401:50 gen=200 decoding chunk=25.58 t/s avg=25.54 t/s 7.830s
1003 02:36:59 ds4-server: chat ctx=8401..8451:50 gen=250 decoding chunk=25.57 t/s avg=7.04 t/s 35.490s
1003 02:36:59 ds4-server: chat ctx=8451..8457:6 gen=256 decoding chunk=25.58 t/s avg=7.17 t/s 35.725s
1003 02:36:59 ds4-server: chat ctx=0..8201:8201 gen=256 finish=length 63.237s
1003 02:36:59 slot 0: request reuses nothing; evicting checkpoint (8457 tokens, idle 0 s, protected)
1003 02:36:59 ds4-server: live kv cache miss live=8457 prompt=8201 common=17 vision=match reason=token-mismatch
1003 02:36:59 ds4-server: chat ctx=0..8201:8201 prompt start
1003 02:36:59 ds4-server: chat ctx=0..8201:8201 prefill chunk 128/8201 (1.6%) chunk=0.00 t/s avg=244.43 t/s 0.524s
1003 02:37:00 ds4-server: chat ctx=0..8201:8201 prefill chunk 256/8201 (3.1%) chunk=277.56 t/s avg=259.94 t/s 0.985s
1003 02:37:00 ds4-server: chat ctx=0..8201:8201 prefill chunk 384/8201 (4.7%) chunk=266.69 t/s avg=262.15 t/s 1.465s
1003 02:37:01 ds4-server: chat ctx=0..8201:8201 prefill chunk 512/8201 (6.2%) chunk=264.93 t/s avg=262.84 t/s 1.948s
1003 02:37:01 ds4-server: chat ctx=0..8201:8201 prefill chunk 640/8201 (7.8%) chunk=260.49 t/s avg=262.37 t/s 2.439s
1003 02:37:02 ds4-server: chat ctx=0..8201:8201 prefill chunk 768/8201 (9.4%) chunk=270.54 t/s avg=263.70 t/s 2.912s
1003 02:37:02 ds4-server: chat ctx=0..8201:8201 prefill chunk 896/8201 (10.9%) chunk=249.82 t/s avg=261.62 t/s 3.425s
1003 02:37:03 ds4-server: chat ctx=0..8201:8201 prefill chunk 1024/8201 (12.5%) chunk=245.02 t/s avg=259.42 t/s 3.947s
1003 02:37:03 ds4-server: chat ctx=0..8201:8201 prefill chunk 1152/8201 (14.0%) chunk=274.59 t/s avg=261.03 t/s 4.413s
1003 02:37:04 ds4-server: chat ctx=0..8201:8201 prefill chunk 1280/8201 (15.6%) chunk=268.70 t/s avg=261.77 t/s 4.890s
1003 02:37:04 ds4-server: chat ctx=0..8201:8201 prefill chunk 1408/8201 (17.2%) chunk=260.37 t/s avg=261.65 t/s 5.381s
1003 02:37:05 ds4-server: chat ctx=0..8201:8201 prefill chunk 1536/8201 (18.7%) chunk=255.94 t/s avg=261.16 t/s 5.881s
1003 02:37:05 ds4-server: chat ctx=0..8201:8201 prefill chunk 1664/8201 (20.3%) chunk=276.37 t/s avg=262.27 t/s 6.345s
1003 02:37:06 ds4-server: chat ctx=0..8201:8201 prefill chunk 1792/8201 (21.9%) chunk=256.84 t/s avg=261.87 t/s 6.843s
1003 02:37:06 ds4-server: chat ctx=0..8201:8201 prefill chunk 1920/8201 (23.4%) chunk=248.73 t/s avg=260.96 t/s 7.358s
1003 02:37:07 ds4-server: chat ctx=0..8201:8201 prefill chunk 2048/8201 (25.0%) chunk=261.75 t/s avg=261.00 t/s 7.847s
1003 02:37:07 ds4-server: chat ctx=0..8201:8201 prefill chunk 2176/8201 (26.5%) chunk=245.00 t/s avg=260.01 t/s 8.369s
1003 02:37:08 ds4-server: chat ctx=0..8201:8201 prefill chunk 2304/8201 (28.1%) chunk=247.60 t/s avg=259.28 t/s 8.886s
1003 02:37:08 ds4-server: chat ctx=0..8201:8201 prefill chunk 2432/8201 (29.7%) chunk=243.09 t/s avg=258.38 t/s 9.413s
1003 02:37:09 ds4-server: chat ctx=0..8201:8201 prefill chunk 2560/8201 (31.2%) chunk=249.04 t/s avg=257.90 t/s 9.927s
1003 02:37:09 ds4-server: chat ctx=0..8201:8201 prefill chunk 2688/8201 (32.8%) chunk=244.79 t/s avg=257.24 t/s 10.449s
1003 02:37:10 ds4-server: chat ctx=0..8201:8201 prefill chunk 2816/8201 (34.3%) chunk=246.04 t/s avg=256.71 t/s 10.970s
1003 02:37:10 ds4-server: chat ctx=0..8201:8201 prefill chunk 2944/8201 (35.9%) chunk=228.21 t/s avg=255.32 t/s 11.531s
1003 02:37:11 ds4-server: chat ctx=0..8201:8201 prefill chunk 3072/8201 (37.5%) chunk=248.33 t/s avg=255.02 t/s 12.046s
1003 02:37:11 ds4-server: chat ctx=0..8201:8201 prefill chunk 3200/8201 (39.0%) chunk=254.15 t/s avg=254.99 t/s 12.550s
1003 02:37:12 ds4-server: chat ctx=0..8201:8201 prefill chunk 3328/8201 (40.6%) chunk=252.88 t/s avg=254.91 t/s 13.056s
1003 02:37:12 ds4-server: chat ctx=0..8201:8201 prefill chunk 3456/8201 (42.1%) chunk=246.19 t/s avg=254.57 t/s 13.576s
1003 02:37:13 ds4-server: chat ctx=0..8201:8201 prefill chunk 3584/8201 (43.7%) chunk=239.72 t/s avg=254.01 t/s 14.110s
1003 02:37:13 ds4-server: chat ctx=0..8201:8201 prefill chunk 3712/8201 (45.3%) chunk=260.82 t/s avg=254.24 t/s 14.600s
1003 02:37:14 ds4-server: chat ctx=0..8201:8201 prefill chunk 3840/8201 (46.8%) chunk=251.87 t/s avg=254.16 t/s 15.109s
1003 02:37:14 ds4-server: chat ctx=0..8201:8201 prefill chunk 3968/8201 (48.4%) chunk=249.45 t/s avg=254.00 t/s 15.622s
1003 02:37:15 ds4-server: chat ctx=0..8201:8201 prefill chunk 4096/8201 (49.9%) chunk=235.88 t/s avg=253.40 t/s 16.164s
1003 02:37:15 ds4-server: chat ctx=0..8201:8201 prefill chunk 4224/8201 (51.5%) chunk=240.51 t/s avg=252.99 t/s 16.697s
1003 02:37:16 ds4-server: chat ctx=0..8201:8201 prefill chunk 4352/8201 (53.1%) chunk=239.61 t/s avg=252.57 t/s 17.231s
1003 02:37:17 ds4-server: chat ctx=0..8201:8201 prefill chunk 4480/8201 (54.6%) chunk=231.09 t/s avg=251.90 t/s 17.785s
1003 02:37:17 ds4-server: chat ctx=0..8201:8201 prefill chunk 4608/8201 (56.2%) chunk=232.13 t/s avg=251.31 t/s 18.336s
1003 02:37:18 ds4-server: chat ctx=0..8201:8201 prefill chunk 4736/8201 (57.7%) chunk=229.18 t/s avg=250.65 t/s 18.895s
1003 02:37:18 ds4-server: chat ctx=0..8201:8201 prefill chunk 4864/8201 (59.3%) chunk=233.52 t/s avg=250.17 t/s 19.443s
1003 02:37:19 ds4-server: chat ctx=0..8201:8201 prefill chunk 4992/8201 (60.9%) chunk=231.38 t/s avg=249.65 t/s 19.996s
1003 02:37:19 ds4-server: chat ctx=0..8201:8201 prefill chunk 5120/8201 (62.4%) chunk=242.22 t/s avg=249.46 t/s 20.524s
1003 02:37:20 ds4-server: chat ctx=0..8201:8201 prefill chunk 5248/8201 (64.0%) chunk=229.37 t/s avg=248.93 t/s 21.082s
1003 02:37:20 ds4-server: chat ctx=0..8201:8201 prefill chunk 5376/8201 (65.6%) chunk=232.38 t/s avg=248.51 t/s 21.633s
1003 02:37:20 ds4-server: chat ctx=8401..8451:50 gen=250 decoding chunk=2.28 t/s avg=8.41 t/s 29.735s
1003 02:37:21 ds4-server: chat ctx=0..8201:8201 prefill chunk 5504/8201 (67.1%) chunk=230.57 t/s avg=248.06 t/s 22.188s
1003 02:37:21 ds4-server: chat ctx=0..8201:8201 prefill chunk 5632/8201 (68.7%) chunk=235.08 t/s avg=247.75 t/s 22.733s
1003 02:37:22 ds4-server: chat ctx=0..8201:8201 prefill chunk 5760/8201 (70.2%) chunk=238.20 t/s avg=247.53 t/s 23.270s
1003 02:37:23 ds4-server: chat ctx=0..8201:8201 prefill chunk 5888/8201 (71.8%) chunk=247.09 t/s avg=247.52 t/s 23.788s
1003 02:37:23 ds4-server: chat ctx=0..8201:8201 prefill chunk 6016/8201 (73.4%) chunk=246.31 t/s avg=247.49 t/s 24.308s
1003 02:37:24 ds4-server: chat ctx=0..8201:8201 prefill chunk 6144/8201 (74.9%) chunk=241.28 t/s avg=247.36 t/s 24.838s
1003 02:37:24 ds4-server: chat ctx=8451..8457:6 gen=256 decoding chunk=1.87 t/s avg=7.77 t/s 32.940s
1003 02:37:24 ds4-server: chat ctx=0..8201:8201 gen=256 finish=length 60.600s
1003 02:37:24 slot 1: request reuses nothing; evicting checkpoint (8457 tokens, idle 0 s, protected)
1003 02:37:24 ds4-server: chat ctx=0..8201:8201 prefill chunk 6272/8201 (76.5%) chunk=244.15 t/s avg=247.29 t/s 25.363s
1003 02:37:26 ds4-server: chat ctx=0..8201:8201 prefill chunk 8192/8201 (99.9%) chunk=952.55 t/s avg=299.21 t/s 27.378s
1003 02:37:26 ds4-server: chat ctx=0..8201:8201 prefill chunk 8201/8201 (100.0%) chunk=65.95 t/s avg=298.06 t/s 27.515s
1003 02:37:26 ds4-server: chat ctx=0..8201:8201 prompt done 27.515s
1003 02:37:26 ds4-server: live kv cache miss live=8457 prompt=8201 common=17 vision=match reason=token-mismatch
1003 02:37:26 ds4-server: chat ctx=0..8201:8201 prompt start
1003 02:37:28 ds4-server: chat ctx=0..8201:8201 prefill chunk 2048/8201 (25.0%) chunk=0.00 t/s avg=1034.24 t/s 1.980s
1003 02:37:29 ds4-server: chat ctx=0..8201:8201 prefill chunk 2176/8201 (26.5%) chunk=253.61 t/s avg=875.69 t/s 2.485s
1003 02:37:29 ds4-server: chat ctx=0..8201:8201 prefill chunk 2304/8201 (28.1%) chunk=247.83 t/s avg=767.65 t/s 3.001s
1003 02:37:30 ds4-server: chat ctx=0..8201:8201 prefill chunk 2432/8201 (29.7%) chunk=243.57 t/s avg=689.56 t/s 3.527s
1003 02:37:30 ds4-server: chat ctx=0..8201:8201 prefill chunk 2560/8201 (31.2%) chunk=249.10 t/s avg=633.55 t/s 4.041s
1003 02:37:31 ds4-server: chat ctx=0..8201:8201 prefill chunk 2688/8201 (32.8%) chunk=245.28 t/s avg=589.14 t/s 4.563s
1003 02:37:31 ds4-server: chat ctx=0..8201:8201 prefill chunk 2816/8201 (34.3%) chunk=246.64 t/s avg=554.16 t/s 5.082s
1003 02:37:32 ds4-server: chat ctx=0..8201:8201 prefill chunk 2944/8201 (35.9%) chunk=228.76 t/s avg=521.88 t/s 5.641s
1003 02:37:32 ds4-server: chat ctx=0..8201:8201 prefill chunk 3072/8201 (37.5%) chunk=248.70 t/s avg=499.04 t/s 6.156s
1003 02:37:33 ds4-server: chat ctx=0..8201:8201 prefill chunk 3200/8201 (39.0%) chunk=254.00 t/s avg=480.50 t/s 6.660s
1003 02:37:33 ds4-server: chat ctx=0..8201:8201 prefill chunk 3328/8201 (40.6%) chunk=252.49 t/s avg=464.37 t/s 7.167s
1003 02:37:34 ds4-server: chat ctx=0..8201:8201 prefill chunk 3456/8201 (42.1%) chunk=246.67 t/s avg=449.67 t/s 7.686s
1003 02:37:34 ds4-server: chat ctx=0..8201:8201 prefill chunk 3584/8201 (43.7%) chunk=240.27 t/s avg=436.10 t/s 8.218s
1003 02:37:35 ds4-server: chat ctx=0..8201:8201 prefill chunk 3712/8201 (45.3%) chunk=259.73 t/s avg=426.12 t/s 8.711s
1003 02:37:35 ds4-server: chat ctx=0..8201:8201 prefill chunk 3840/8201 (46.8%) chunk=250.32 t/s avg=416.37 t/s 9.222s
1003 02:37:36 ds4-server: chat ctx=0..8201:8201 prefill chunk 3968/8201 (48.4%) chunk=249.98 t/s avg=407.62 t/s 9.735s
1003 02:37:37 ds4-server: chat ctx=0..8201:8201 prefill chunk 4096/8201 (49.9%) chunk=236.54 t/s avg=398.61 t/s 10.276s
1003 02:37:37 ds4-server: chat ctx=0..8201:8201 prefill chunk 4224/8201 (51.5%) chunk=239.90 t/s avg=390.78 t/s 10.809s
1003 02:37:38 ds4-server: chat ctx=0..8201:8201 prefill chunk 4352/8201 (53.1%) chunk=239.59 t/s avg=383.66 t/s 11.343s
1003 02:37:38 ds4-server: chat ctx=0..8201:8201 prefill chunk 4480/8201 (54.6%) chunk=230.59 t/s avg=376.52 t/s 11.899s
1003 02:37:39 ds4-server: chat ctx=0..8201:8201 prefill chunk 4608/8201 (56.2%) chunk=233.02 t/s avg=370.18 t/s 12.448s
1003 02:37:39 ds4-server: chat ctx=0..8201:8201 prefill chunk 4736/8201 (57.7%) chunk=228.80 t/s avg=364.10 t/s 13.007s
1003 02:37:40 ds4-server: chat ctx=0..8201:8201 prefill chunk 4864/8201 (59.3%) chunk=234.33 t/s avg=358.87 t/s 13.554s
1003 02:37:40 ds4-server: chat ctx=0..8201:8201 prefill chunk 4992/8201 (60.9%) chunk=231.45 t/s avg=353.88 t/s 14.107s
1003 02:37:41 ds4-server: chat ctx=0..8201:8201 prefill chunk 5120/8201 (62.4%) chunk=243.08 t/s avg=349.89 t/s 14.633s
1003 02:37:41 ds4-server: chat ctx=0..8201:8201 prefill chunk 5248/8201 (64.0%) chunk=228.82 t/s avg=345.43 t/s 15.193s
1003 02:37:42 ds4-server: chat ctx=0..8201:8201 prefill chunk 5376/8201 (65.6%) chunk=230.56 t/s avg=341.38 t/s 15.748s
1003 02:37:43 ds4-server: chat ctx=0..8201:8201 prefill chunk 5504/8201 (67.1%) chunk=230.71 t/s avg=337.62 t/s 16.303s
1003 02:37:43 ds4-server: chat ctx=0..8201:8201 prefill chunk 5632/8201 (68.7%) chunk=237.16 t/s avg=334.40 t/s 16.842s
1003 02:37:44 ds4-server: chat ctx=0..8201:8201 prefill chunk 5760/8201 (70.2%) chunk=237.92 t/s avg=331.41 t/s 17.380s
1003 02:37:44 ds4-server: chat ctx=0..8201:8201 prefill chunk 5888/8201 (71.8%) chunk=247.89 t/s avg=329.00 t/s 17.897s
1003 02:37:45 ds4-server: chat ctx=0..8201:8201 prefill chunk 6016/8201 (73.4%) chunk=246.90 t/s avg=326.69 t/s 18.415s
1003 02:37:45 ds4-server: chat ctx=0..8201:8201 prefill chunk 6144/8201 (74.9%) chunk=242.22 t/s avg=324.33 t/s 18.943s
1003 02:37:46 ds4-server: chat ctx=0..8201:8201 prefill chunk 6272/8201 (76.5%) chunk=245.07 t/s avg=322.21 t/s 19.466s
1003 02:37:46 ds4-server: chat ctx=0..8201:8201 prefill chunk 6400/8201 (78.0%) chunk=241.26 t/s avg=320.06 t/s 19.996s
1003 02:37:47 ds4-server: chat ctx=0..8201:8201 prefill chunk 6528/8201 (79.6%) chunk=235.85 t/s avg=317.83 t/s 20.539s
1003 02:37:47 ds4-server: chat ctx=0..8201:8201 prefill chunk 6656/8201 (81.2%) chunk=240.02 t/s avg=315.86 t/s 21.072s
1003 02:37:48 ds4-server: chat ctx=0..8201:8201 prefill chunk 6784/8201 (82.7%) chunk=240.72 t/s avg=314.01 t/s 21.604s
1003 02:37:48 ds4-server: chat ctx=0..8201:8201 prefill chunk 6912/8201 (84.3%) chunk=247.99 t/s avg=312.47 t/s 22.120s
1003 02:37:49 ds4-server: chat ctx=0..8201:8201 prefill chunk 7040/8201 (85.8%) chunk=233.14 t/s avg=310.55 t/s 22.669s
1003 02:37:49 ds4-server: chat ctx=0..8201:8201 prefill chunk 7168/8201 (87.4%) chunk=243.69 t/s avg=309.04 t/s 23.195s
1003 02:37:50 ds4-server: chat ctx=0..8201:8201 prefill chunk 7296/8201 (89.0%) chunk=243.09 t/s avg=307.57 t/s 23.721s
1003 02:37:51 ds4-server: chat ctx=0..8201:8201 prefill chunk 7424/8201 (90.5%) chunk=230.14 t/s avg=305.80 t/s 24.277s
1003 02:37:51 ds4-server: chat ctx=0..8201:8201 prefill chunk 7552/8201 (92.1%) chunk=237.30 t/s avg=304.31 t/s 24.817s
1003 02:37:52 ds4-server: chat ctx=0..8201:8201 prefill chunk 7680/8201 (93.6%) chunk=246.99 t/s avg=303.14 t/s 25.335s
1003 02:37:52 ds4-server: chat ctx=0..8201:8201 prefill chunk 7808/8201 (95.2%) chunk=233.14 t/s avg=301.65 t/s 25.884s
1003 02:37:53 ds4-server: chat ctx=0..8201:8201 prefill chunk 7936/8201 (96.8%) chunk=239.41 t/s avg=300.40 t/s 26.419s
1003 02:37:53 ds4-server: chat ctx=0..8201:8201 prefill chunk 8064/8201 (98.3%) chunk=241.95 t/s avg=299.25 t/s 26.948s
1003 02:37:54 ds4-server: chat ctx=0..8201:8201 prefill chunk 8192/8201 (99.9%) chunk=226.64 t/s avg=297.76 t/s 27.512s
1003 02:37:54 ds4-server: chat ctx=0..8201:8201 prefill chunk 8201/8201 (100.0%) chunk=58.60 t/s avg=296.43 t/s 27.666s
1003 02:37:54 ds4-server: chat ctx=0..8201:8201 prompt done 27.666s
1003 02:37:54 ds4-server: chat ctx=8201..8251:50 gen=50 decoding chunk=1.81 t/s avg=1.81 t/s 27.684s
1003 02:37:56 ds4-server: chat ctx=8251..8301:50 gen=100 decoding chunk=25.68 t/s avg=3.37 t/s 29.631s
1003 02:37:56 ds4-server: chat ctx=8201..8251:50 gen=50 decoding chunk=25.45 t/s avg=25.45 t/s 1.965s
1003 02:37:58 ds4-server: chat ctx=8251..8301:50 gen=100 decoding chunk=25.61 t/s avg=25.53 t/s 3.917s
1003 02:37:58 ds4-server: chat ctx=8301..8351:50 gen=150 decoding chunk=25.61 t/s avg=4.75 t/s 31.583s
1003 02:38:00 ds4-server: chat ctx=8301..8351:50 gen=150 decoding chunk=25.58 t/s avg=25.55 t/s 5.872s
1003 02:38:00 ds4-server: chat ctx=8351..8401:50 gen=200 decoding chunk=25.58 t/s avg=5.96 t/s 33.538s
1003 02:38:02 ds4-server: chat ctx=8351..8401:50 gen=200 decoding chunk=25.59 t/s avg=25.56 t/s 7.826s
1003 02:38:02 ds4-server: chat ctx=8401..8451:50 gen=250 decoding chunk=25.59 t/s avg=7.04 t/s 35.492s
1003 02:38:02 ds4-server: chat ctx=8451..8457:6 gen=256 decoding chunk=25.58 t/s avg=7.17 t/s 35.726s
1003 02:38:02 ds4-server: chat ctx=0..8201:8201 gen=256 finish=length 63.241s
1003 02:38:02 slot 0: request reuses nothing; evicting checkpoint (8457 tokens, idle 0 s, protected)
1003 02:38:02 ds4-server: live kv cache miss live=8457 prompt=8201 common=17 vision=match reason=token-mismatch
1003 02:38:02 ds4-server: chat ctx=0..8201:8201 prompt start
1003 02:38:03 ds4-server: chat ctx=0..8201:8201 prefill chunk 128/8201 (1.6%) chunk=0.00 t/s avg=252.77 t/s 0.506s
1003 02:38:03 ds4-server: chat ctx=0..8201:8201 prefill chunk 256/8201 (3.1%) chunk=277.67 t/s avg=264.64 t/s 0.967s
1003 02:38:03 ds4-server: chat ctx=0..8201:8201 prefill chunk 384/8201 (4.7%) chunk=267.75 t/s avg=265.67 t/s 1.445s
1003 02:38:04 ds4-server: chat ctx=0..8201:8201 prefill chunk 512/8201 (6.2%) chunk=266.40 t/s avg=265.85 t/s 1.926s
1003 02:38:04 ds4-server: chat ctx=0..8201:8201 prefill chunk 640/8201 (7.8%) chunk=259.86 t/s avg=264.63 t/s 2.418s
1003 02:38:05 ds4-server: chat ctx=0..8201:8201 prefill chunk 768/8201 (9.4%) chunk=270.91 t/s avg=265.66 t/s 2.891s
1003 02:38:05 ds4-server: chat ctx=0..8201:8201 prefill chunk 896/8201 (10.9%) chunk=250.88 t/s avg=263.44 t/s 3.401s
1003 02:38:06 ds4-server: chat ctx=0..8201:8201 prefill chunk 1024/8201 (12.5%) chunk=245.58 t/s avg=261.07 t/s 3.922s
1003 02:38:06 ds4-server: chat ctx=0..8201:8201 prefill chunk 1152/8201 (14.0%) chunk=274.53 t/s avg=262.50 t/s 4.389s
1003 02:38:07 ds4-server: chat ctx=0..8201:8201 prefill chunk 1280/8201 (15.6%) chunk=267.62 t/s avg=263.00 t/s 4.867s
1003 02:38:07 ds4-server: chat ctx=0..8201:8201 prefill chunk 1408/8201 (17.2%) chunk=259.79 t/s avg=262.71 t/s 5.360s
1003 02:38:08 ds4-server: chat ctx=0..8201:8201 prefill chunk 1536/8201 (18.7%) chunk=256.11 t/s avg=262.14 t/s 5.859s
1003 02:38:08 ds4-server: chat ctx=0..8201:8201 prefill chunk 1664/8201 (20.3%) chunk=276.66 t/s avg=263.21 t/s 6.322s
1003 02:38:09 ds4-server: chat ctx=0..8201:8201 prefill chunk 1792/8201 (21.9%) chunk=257.48 t/s avg=262.79 t/s 6.819s
1003 02:38:09 ds4-server: chat ctx=0..8201:8201 prefill chunk 1920/8201 (23.4%) chunk=248.60 t/s avg=261.79 t/s 7.334s
1003 02:38:10 ds4-server: chat ctx=0..8201:8201 prefill chunk 2048/8201 (25.0%) chunk=262.04 t/s avg=261.81 t/s 7.823s
1003 02:38:10 ds4-server: chat ctx=0..8201:8201 prefill chunk 2176/8201 (26.5%) chunk=245.64 t/s avg=260.80 t/s 8.344s
1003 02:38:11 ds4-server: chat ctx=0..8201:8201 prefill chunk 2304/8201 (28.1%) chunk=248.45 t/s avg=260.08 t/s 8.859s
1003 02:38:11 ds4-server: chat ctx=0..8201:8201 prefill chunk 2432/8201 (29.7%) chunk=243.01 t/s avg=259.12 t/s 9.386s
1003 02:38:12 ds4-server: chat ctx=0..8201:8201 prefill chunk 2560/8201 (31.2%) chunk=249.31 t/s avg=258.61 t/s 9.899s
1003 02:38:12 ds4-server: chat ctx=0..8201:8201 prefill chunk 2688/8201 (32.8%) chunk=245.48 t/s avg=257.96 t/s 10.420s
1003 02:38:13 ds4-server: chat ctx=0..8201:8201 prefill chunk 2816/8201 (34.3%) chunk=246.24 t/s avg=257.40 t/s 10.940s
1003 02:38:14 ds4-server: chat ctx=0..8201:8201 prefill chunk 2944/8201 (35.9%) chunk=227.36 t/s avg=255.93 t/s 11.503s
1003 02:38:14 ds4-server: chat ctx=0..8201:8201 prefill chunk 3072/8201 (37.5%) chunk=248.75 t/s avg=255.62 t/s 12.018s
1003 02:38:15 ds4-server: chat ctx=0..8201:8201 prefill chunk 3200/8201 (39.0%) chunk=254.04 t/s avg=255.56 t/s 12.522s
1003 02:38:15 ds4-server: chat ctx=0..8201:8201 prefill chunk 3328/8201 (40.6%) chunk=252.08 t/s avg=255.42 t/s 13.029s
1003 02:38:16 ds4-server: chat ctx=0..8201:8201 prefill chunk 3456/8201 (42.1%) chunk=247.56 t/s avg=255.12 t/s 13.546s
1003 02:38:16 ds4-server: chat ctx=0..8201:8201 prefill chunk 3584/8201 (43.7%) chunk=240.59 t/s avg=254.57 t/s 14.078s
1003 02:38:17 ds4-server: chat ctx=0..8201:8201 prefill chunk 3712/8201 (45.3%) chunk=258.73 t/s avg=254.71 t/s 14.573s
1003 02:38:17 ds4-server: chat ctx=0..8201:8201 prefill chunk 3840/8201 (46.8%) chunk=250.84 t/s avg=254.58 t/s 15.083s
1003 02:38:18 ds4-server: chat ctx=0..8201:8201 prefill chunk 3968/8201 (48.4%) chunk=250.14 t/s avg=254.44 t/s 15.595s
1003 02:38:18 ds4-server: chat ctx=0..8201:8201 prefill chunk 4096/8201 (49.9%) chunk=236.11 t/s avg=253.82 t/s 16.137s
1003 02:38:19 ds4-server: chat ctx=0..8201:8201 prefill chunk 4224/8201 (51.5%) chunk=239.75 t/s avg=253.37 t/s 16.671s
1003 02:38:19 ds4-server: chat ctx=0..8201:8201 prefill chunk 4352/8201 (53.1%) chunk=239.27 t/s avg=252.93 t/s 17.206s
1003 02:38:20 ds4-server: chat ctx=0..8201:8201 prefill chunk 4480/8201 (54.6%) chunk=231.00 t/s avg=252.25 t/s 17.760s
1003 02:38:20 ds4-server: chat ctx=0..8201:8201 prefill chunk 4608/8201 (56.2%) chunk=233.38 t/s avg=251.68 t/s 18.309s
1003 02:38:21 ds4-server: chat ctx=0..8201:8201 prefill chunk 4736/8201 (57.7%) chunk=228.83 t/s avg=251.01 t/s 18.868s
1003 02:38:21 ds4-server: chat ctx=0..8201:8201 prefill chunk 4864/8201 (59.3%) chunk=235.20 t/s avg=250.56 t/s 19.412s
1003 02:38:22 ds4-server: chat ctx=0..8201:8201 prefill chunk 4992/8201 (60.9%) chunk=229.73 t/s avg=249.98 t/s 19.969s
1003 02:38:23 ds4-server: chat ctx=0..8201:8201 prefill chunk 5120/8201 (62.4%) chunk=245.67 t/s avg=249.87 t/s 20.491s
1003 02:38:23 ds4-server: chat ctx=0..8201:8201 prefill chunk 5248/8201 (64.0%) chunk=229.05 t/s avg=249.32 t/s 21.049s
1003 02:38:24 ds4-server: chat ctx=0..8201:8201 prefill chunk 5376/8201 (65.6%) chunk=231.54 t/s avg=248.86 t/s 21.602s
1003 02:38:24 ds4-server: chat ctx=0..8201:8201 prefill chunk 5504/8201 (67.1%) chunk=231.89 t/s avg=248.44 t/s 22.154s
1003 02:38:24 ds4-server: chat ctx=8401..8451:50 gen=250 decoding chunk=2.23 t/s avg=8.26 t/s 30.251s
1003 02:38:25 ds4-server: chat ctx=0..8201:8201 prefill chunk 5632/8201 (68.7%) chunk=238.51 t/s avg=248.21 t/s 22.691s
1003 02:38:25 ds4-server: chat ctx=0..8201:8201 prefill chunk 5760/8201 (70.2%) chunk=238.19 t/s avg=247.97 t/s 23.228s
1003 02:38:26 ds4-server: chat ctx=0..8201:8201 prefill chunk 5888/8201 (71.8%) chunk=247.78 t/s avg=247.97 t/s 23.745s
1003 02:38:26 ds4-server: chat ctx=0..8201:8201 prefill chunk 6016/8201 (73.4%) chunk=246.50 t/s avg=247.94 t/s 24.264s
1003 02:38:27 ds4-server: chat ctx=0..8201:8201 prefill chunk 6144/8201 (74.9%) chunk=242.70 t/s avg=247.83 t/s 24.791s
1003 02:38:27 ds4-server: chat ctx=0..8201:8201 prefill chunk 6272/8201 (76.5%) chunk=244.78 t/s avg=247.76 t/s 25.314s
1003 02:38:27 ds4-server: chat ctx=8451..8457:6 gen=256 decoding chunk=1.90 t/s avg=7.66 t/s 33.411s
1003 02:38:27 ds4-server: chat ctx=0..8201:8201 gen=256 finish=length 61.077s
1003 02:38:27 slot 1: request reuses nothing; evicting checkpoint (8457 tokens, idle 0 s, protected)
1003 02:38:28 ds4-server: chat ctx=0..8201:8201 prefill chunk 6400/8201 (78.0%) chunk=240.83 t/s avg=247.62 t/s 25.846s
1003 02:38:30 ds4-server: chat ctx=0..8201:8201 prefill chunk 8192/8201 (99.9%) chunk=936.44 t/s avg=295.11 t/s 27.760s
1003 02:38:30 ds4-server: chat ctx=0..8201:8201 prefill chunk 8201/8201 (100.0%) chunk=66.02 t/s avg=293.99 t/s 27.896s
1003 02:38:30 ds4-server: chat ctx=0..8201:8201 prompt done 27.896s
1003 02:38:30 ds4-server: live kv cache miss live=8457 prompt=8201 common=17 vision=match reason=token-mismatch
1003 02:38:30 ds4-server: chat ctx=0..8201:8201 prompt start
1003 02:38:32 ds4-server: chat ctx=0..8201:8201 prefill chunk 2048/8201 (25.0%) chunk=0.00 t/s avg=1034.58 t/s 1.980s
1003 02:38:32 ds4-server: chat ctx=0..8201:8201 prefill chunk 2176/8201 (26.5%) chunk=253.63 t/s avg=875.93 t/s 2.484s
1003 02:38:33 ds4-server: chat ctx=0..8201:8201 prefill chunk 2304/8201 (28.1%) chunk=248.60 t/s avg=768.23 t/s 2.999s
1003 02:38:33 ds4-server: chat ctx=0..8201:8201 prefill chunk 2432/8201 (29.7%) chunk=243.26 t/s avg=689.87 t/s 3.525s
1003 02:38:34 ds4-server: chat ctx=0..8201:8201 prefill chunk 2560/8201 (31.2%) chunk=249.49 t/s avg=633.92 t/s 4.038s
1003 02:38:34 ds4-server: chat ctx=0..8201:8201 prefill chunk 2688/8201 (32.8%) chunk=246.18 t/s avg=589.70 t/s 4.558s
1003 02:38:35 ds4-server: chat ctx=0..8201:8201 prefill chunk 2816/8201 (34.3%) chunk=245.92 t/s avg=554.46 t/s 5.079s
1003 02:38:36 ds4-server: chat ctx=0..8201:8201 prefill chunk 2944/8201 (35.9%) chunk=228.42 t/s avg=522.07 t/s 5.639s
1003 02:38:36 ds4-server: chat ctx=0..8201:8201 prefill chunk 3072/8201 (37.5%) chunk=249.23 t/s avg=499.29 t/s 6.153s
1003 02:38:37 ds4-server: chat ctx=0..8201:8201 prefill chunk 3200/8201 (39.0%) chunk=254.40 t/s avg=480.78 t/s 6.656s
1003 02:38:37 ds4-server: chat ctx=0..8201:8201 prefill chunk 3328/8201 (40.6%) chunk=253.48 t/s avg=464.75 t/s 7.161s
1003 02:38:38 ds4-server: chat ctx=0..8201:8201 prefill chunk 3456/8201 (42.1%) chunk=246.97 t/s avg=450.05 t/s 7.679s
1003 02:38:38 ds4-server: chat ctx=0..8201:8201 prefill chunk 3584/8201 (43.7%) chunk=240.13 t/s avg=436.43 t/s 8.212s
1003 02:38:39 ds4-server: chat ctx=0..8201:8201 prefill chunk 3712/8201 (45.3%) chunk=259.07 t/s avg=426.36 t/s 8.706s
1003 02:38:39 ds4-server: chat ctx=0..8201:8201 prefill chunk 3840/8201 (46.8%) chunk=251.73 t/s avg=416.73 t/s 9.215s
1003 02:38:40 ds4-server: chat ctx=0..8201:8201 prefill chunk 3968/8201 (48.4%) chunk=250.36 t/s avg=407.98 t/s 9.726s
1003 02:38:40 ds4-server: chat ctx=0..8201:8201 prefill chunk 4096/8201 (49.9%) chunk=238.07 t/s avg=399.08 t/s 10.264s
1003 02:38:41 ds4-server: chat ctx=0..8201:8201 prefill chunk 4224/8201 (51.5%) chunk=239.30 t/s avg=391.17 t/s 10.798s
1003 02:38:41 ds4-server: chat ctx=0..8201:8201 prefill chunk 4352/8201 (53.1%) chunk=239.18 t/s avg=383.99 t/s 11.334s
1003 02:38:42 ds4-server: chat ctx=0..8201:8201 prefill chunk 4480/8201 (54.6%) chunk=231.48 t/s avg=376.89 t/s 11.887s
1003 02:38:42 ds4-server: chat ctx=0..8201:8201 prefill chunk 4608/8201 (56.2%) chunk=232.89 t/s avg=370.53 t/s 12.436s
1003 02:38:43 ds4-server: chat ctx=0..8201:8201 prefill chunk 4736/8201 (57.7%) chunk=228.34 t/s avg=364.40 t/s 12.997s
1003 02:38:43 ds4-server: chat ctx=0..8201:8201 prefill chunk 4864/8201 (59.3%) chunk=234.21 t/s avg=359.14 t/s 13.543s
1003 02:38:44 ds4-server: chat ctx=0..8201:8201 prefill chunk 4992/8201 (60.9%) chunk=231.50 t/s avg=354.14 t/s 14.096s
1003 02:38:45 ds4-server: chat ctx=0..8201:8201 prefill chunk 5120/8201 (62.4%) chunk=245.71 t/s avg=350.27 t/s 14.617s
1003 02:38:45 ds4-server: chat ctx=0..8201:8201 prefill chunk 5248/8201 (64.0%) chunk=229.71 t/s avg=345.85 t/s 15.174s
1003 02:38:46 ds4-server: chat ctx=0..8201:8201 prefill chunk 5376/8201 (65.6%) chunk=232.65 t/s avg=341.89 t/s 15.725s
1003 02:38:46 ds4-server: chat ctx=0..8201:8201 prefill chunk 5504/8201 (67.1%) chunk=231.48 t/s avg=338.13 t/s 16.278s
1003 02:38:47 ds4-server: chat ctx=0..8201:8201 prefill chunk 5632/8201 (68.7%) chunk=236.43 t/s avg=334.86 t/s 16.819s
1003 02:38:47 ds4-server: chat ctx=0..8201:8201 prefill chunk 5760/8201 (70.2%) chunk=239.62 t/s avg=331.93 t/s 17.353s
1003 02:38:48 ds4-server: chat ctx=0..8201:8201 prefill chunk 5888/8201 (71.8%) chunk=248.76 t/s avg=329.53 t/s 17.868s
1003 02:38:48 ds4-server: chat ctx=0..8201:8201 prefill chunk 6016/8201 (73.4%) chunk=246.79 t/s avg=327.20 t/s 18.386s
1003 02:38:49 ds4-server: chat ctx=0..8201:8201 prefill chunk 6144/8201 (74.9%) chunk=241.66 t/s avg=324.80 t/s 18.916s
1003 02:38:49 ds4-server: chat ctx=0..8201:8201 prefill chunk 6272/8201 (76.5%) chunk=244.87 t/s avg=322.65 t/s 19.439s
1003 02:38:50 ds4-server: chat ctx=0..8201:8201 prefill chunk 6400/8201 (78.0%) chunk=240.67 t/s avg=320.47 t/s 19.971s
1003 02:38:50 ds4-server: chat ctx=0..8201:8201 prefill chunk 6528/8201 (79.6%) chunk=236.02 t/s avg=318.24 t/s 20.513s
1003 02:38:51 ds4-server: chat ctx=0..8201:8201 prefill chunk 6656/8201 (81.2%) chunk=241.28 t/s avg=316.30 t/s 21.043s
1003 02:38:51 ds4-server: chat ctx=0..8201:8201 prefill chunk 6784/8201 (82.7%) chunk=240.45 t/s avg=314.43 t/s 21.576s
1003 02:38:52 ds4-server: chat ctx=0..8201:8201 prefill chunk 6912/8201 (84.3%) chunk=249.46 t/s avg=312.92 t/s 22.089s
1003 02:38:53 ds4-server: chat ctx=0..8201:8201 prefill chunk 7040/8201 (85.8%) chunk=233.03 t/s avg=310.98 t/s 22.638s
1003 02:38:53 ds4-server: chat ctx=0..8201:8201 prefill chunk 7168/8201 (87.4%) chunk=244.06 t/s avg=309.46 t/s 23.163s
1003 02:38:54 ds4-server: chat ctx=0..8201:8201 prefill chunk 7296/8201 (89.0%) chunk=243.14 t/s avg=307.99 t/s 23.689s
1003 02:38:54 ds4-server: chat ctx=0..8201:8201 prefill chunk 7424/8201 (90.5%) chunk=228.74 t/s avg=306.16 t/s 24.249s
1003 02:38:55 ds4-server: chat ctx=0..8201:8201 prefill chunk 7552/8201 (92.1%) chunk=236.59 t/s avg=304.64 t/s 24.790s
1003 02:38:55 ds4-server: chat ctx=0..8201:8201 prefill chunk 7680/8201 (93.6%) chunk=247.54 t/s avg=303.48 t/s 25.307s
1003 02:38:56 ds4-server: chat ctx=0..8201:8201 prefill chunk 7808/8201 (95.2%) chunk=232.21 t/s avg=301.96 t/s 25.858s
1003 02:38:56 ds4-server: chat ctx=0..8201:8201 prefill chunk 7936/8201 (96.8%) chunk=239.23 t/s avg=300.69 t/s 26.393s
1003 02:38:57 ds4-server: chat ctx=0..8201:8201 prefill chunk 8064/8201 (98.3%) chunk=242.46 t/s avg=299.54 t/s 26.921s
1003 02:38:57 ds4-server: chat ctx=0..8201:8201 prefill chunk 8192/8201 (99.9%) chunk=225.86 t/s avg=298.02 t/s 27.488s
1003 02:38:58 ds4-server: chat ctx=0..8201:8201 prefill chunk 8201/8201 (100.0%) chunk=58.49 t/s avg=296.69 t/s 27.642s
1003 02:38:58 ds4-server: chat ctx=0..8201:8201 prompt done 27.642s
1003 02:38:58 ds4-server: chat ctx=8201..8251:50 gen=50 decoding chunk=1.81 t/s avg=1.81 t/s 27.660s
1003 02:39:00 ds4-server: chat ctx=8201..8251:50 gen=50 decoding chunk=25.43 t/s avg=25.43 t/s 1.966s
1003 02:39:00 ds4-server: chat ctx=8251..8301:50 gen=100 decoding chunk=25.67 t/s avg=3.38 t/s 29.608s
1003 02:39:01 ds4-server: chat ctx=8251..8301:50 gen=100 decoding chunk=25.60 t/s avg=25.52 t/s 3.919s
1003 02:39:01 ds4-server: chat ctx=8301..8351:50 gen=150 decoding chunk=25.60 t/s avg=4.75 t/s 31.561s
1003 02:39:03 ds4-server: chat ctx=8301..8351:50 gen=150 decoding chunk=25.58 t/s avg=25.54 t/s 5.874s
1003 02:39:03 ds4-server: chat ctx=8351..8401:50 gen=200 decoding chunk=25.58 t/s avg=5.97 t/s 33.515s
1003 02:39:05 ds4-server: chat ctx=8351..8401:50 gen=200 decoding chunk=25.58 t/s avg=25.55 t/s 7.828s
1003 02:39:05 ds4-server: chat ctx=8401..8451:50 gen=250 decoding chunk=25.58 t/s avg=7.05 t/s 35.470s
1003 02:39:06 ds4-server: chat ctx=8451..8457:6 gen=256 decoding chunk=25.58 t/s avg=7.17 t/s 35.705s
1003 02:39:06 ds4-server: chat ctx=0..8201:8201 gen=256 finish=length 63.601s
1003 02:39:06 slot 0: request reuses nothing; evicting checkpoint (8457 tokens, idle 0 s, protected)
1003 02:39:06 ds4-server: live kv cache miss live=8457 prompt=8201 common=17 vision=match reason=token-mismatch
1003 02:39:06 ds4-server: chat ctx=0..8201:8201 prompt start
1003 02:39:06 ds4-server: chat ctx=0..8201:8201 prefill chunk 128/8201 (1.6%) chunk=0.00 t/s avg=244.43 t/s 0.524s
1003 02:39:07 ds4-server: chat ctx=0..8201:8201 prefill chunk 256/8201 (3.1%) chunk=277.83 t/s avg=260.06 t/s 0.984s
1003 02:39:07 ds4-server: chat ctx=0..8201:8201 prefill chunk 384/8201 (4.7%) chunk=267.07 t/s avg=262.36 t/s 1.464s
1003 02:39:08 ds4-server: chat ctx=0..8201:8201 prefill chunk 512/8201 (6.2%) chunk=264.59 t/s avg=262.91 t/s 1.947s
1003 02:39:08 ds4-server: chat ctx=0..8201:8201 prefill chunk 640/8201 (7.8%) chunk=259.76 t/s avg=262.27 t/s 2.440s
1003 02:39:09 ds4-server: chat ctx=0..8201:8201 prefill chunk 768/8201 (9.4%) chunk=270.04 t/s avg=263.54 t/s 2.914s
1003 02:39:09 ds4-server: chat ctx=0..8201:8201 prefill chunk 896/8201 (10.9%) chunk=250.35 t/s avg=261.57 t/s 3.425s
1003 02:39:10 ds4-server: chat ctx=0..8201:8201 prefill chunk 1024/8201 (12.5%) chunk=244.36 t/s avg=259.29 t/s 3.949s
1003 02:39:10 ds4-server: chat ctx=0..8201:8201 prefill chunk 1152/8201 (14.0%) chunk=274.38 t/s avg=260.88 t/s 4.416s
1003 02:39:11 ds4-server: chat ctx=0..8201:8201 prefill chunk 1280/8201 (15.6%) chunk=268.38 t/s avg=261.61 t/s 4.893s
1003 02:39:11 ds4-server: chat ctx=0..8201:8201 prefill chunk 1408/8201 (17.2%) chunk=258.89 t/s avg=261.36 t/s 5.387s
1003 02:39:12 ds4-server: chat ctx=0..8201:8201 prefill chunk 1536/8201 (18.7%) chunk=255.62 t/s avg=260.87 t/s 5.888s
1003 02:39:12 ds4-server: chat ctx=0..8201:8201 prefill chunk 1664/8201 (20.3%) chunk=275.99 t/s avg=261.98 t/s 6.352s
1003 02:39:12 ds4-server: chat ctx=0..8201:8201 prefill chunk 1792/8201 (21.9%) chunk=256.73 t/s avg=261.60 t/s 6.850s
1003 02:39:13 ds4-server: chat ctx=0..8201:8201 prefill chunk 1920/8201 (23.4%) chunk=246.79 t/s avg=260.55 t/s 7.369s
1003 02:39:13 ds4-server: chat ctx=0..8201:8201 prefill chunk 2048/8201 (25.0%) chunk=261.24 t/s avg=260.60 t/s 7.859s
1003 02:39:14 ds4-server: chat ctx=0..8201:8201 prefill chunk 2176/8201 (26.5%) chunk=245.54 t/s avg=259.66 t/s 8.380s
1003 02:39:15 ds4-server: chat ctx=0..8201:8201 prefill chunk 2304/8201 (28.1%) chunk=248.83 t/s avg=259.03 t/s 8.895s
1003 02:39:15 ds4-server: chat ctx=0..8201:8201 prefill chunk 2432/8201 (29.7%) chunk=243.19 t/s avg=258.15 t/s 9.421s
1003 02:39:16 ds4-server: chat ctx=0..8201:8201 prefill chunk 2560/8201 (31.2%) chunk=249.26 t/s avg=257.69 t/s 9.934s
1003 02:39:16 ds4-server: chat ctx=0..8201:8201 prefill chunk 2688/8201 (32.8%) chunk=245.66 t/s avg=257.09 t/s 10.456s
1003 02:39:17 ds4-server: chat ctx=0..8201:8201 prefill chunk 2816/8201 (34.3%) chunk=246.20 t/s avg=256.57 t/s 10.975s
1003 02:39:17 ds4-server: chat ctx=0..8201:8201 prefill chunk 2944/8201 (35.9%) chunk=227.14 t/s avg=255.14 t/s 11.539s
1003 02:39:18 ds4-server: chat ctx=0..8201:8201 prefill chunk 3072/8201 (37.5%) chunk=248.41 t/s avg=254.85 t/s 12.054s
1003 02:39:18 ds4-server: chat ctx=0..8201:8201 prefill chunk 3200/8201 (39.0%) chunk=254.06 t/s avg=254.82 t/s 12.558s
1003 02:39:19 ds4-server: chat ctx=0..8201:8201 prefill chunk 3328/8201 (40.6%) chunk=253.11 t/s avg=254.75 t/s 13.064s
1003 02:39:19 ds4-server: chat ctx=0..8201:8201 prefill chunk 3456/8201 (42.1%) chunk=246.35 t/s avg=254.43 t/s 13.583s
1003 02:39:20 ds4-server: chat ctx=0..8201:8201 prefill chunk 3584/8201 (43.7%) chunk=239.84 t/s avg=253.88 t/s 14.117s
1003 02:39:20 ds4-server: chat ctx=0..8201:8201 prefill chunk 3712/8201 (45.3%) chunk=259.52 t/s avg=254.07 t/s 14.610s
1003 02:39:21 ds4-server: chat ctx=0..8201:8201 prefill chunk 3840/8201 (46.8%) chunk=250.65 t/s avg=253.95 t/s 15.121s
1003 02:39:21 ds4-server: chat ctx=0..8201:8201 prefill chunk 3968/8201 (48.4%) chunk=250.21 t/s avg=253.83 t/s 15.633s
1003 02:39:22 ds4-server: chat ctx=0..8201:8201 prefill chunk 4096/8201 (49.9%) chunk=235.80 t/s avg=253.23 t/s 16.175s
1003 02:39:22 ds4-server: chat ctx=0..8201:8201 prefill chunk 4224/8201 (51.5%) chunk=239.26 t/s avg=252.78 t/s 16.710s
1003 02:39:23 ds4-server: chat ctx=0..8201:8201 prefill chunk 4352/8201 (53.1%) chunk=239.50 t/s avg=252.37 t/s 17.245s
1003 02:39:23 ds4-server: chat ctx=0..8201:8201 prefill chunk 4480/8201 (54.6%) chunk=231.35 t/s avg=251.71 t/s 17.798s
1003 02:39:24 ds4-server: chat ctx=0..8201:8201 prefill chunk 4608/8201 (56.2%) chunk=232.72 t/s avg=251.14 t/s 18.348s
1003 02:39:25 ds4-server: chat ctx=0..8201:8201 prefill chunk 4736/8201 (57.7%) chunk=229.04 t/s avg=250.49 t/s 18.907s
1003 02:39:25 ds4-server: chat ctx=0..8201:8201 prefill chunk 4864/8201 (59.3%) chunk=234.14 t/s avg=250.03 t/s 19.454s
1003 02:39:26 ds4-server: chat ctx=0..8201:8201 prefill chunk 4992/8201 (60.9%) chunk=231.75 t/s avg=249.53 t/s 20.006s
1003 02:39:26 ds4-server: chat ctx=0..8201:8201 prefill chunk 5120/8201 (62.4%) chunk=243.52 t/s avg=249.37 t/s 20.532s
1003 02:39:27 ds4-server: chat ctx=0..8201:8201 prefill chunk 5248/8201 (64.0%) chunk=229.71 t/s avg=248.85 t/s 21.089s
1003 02:39:27 ds4-server: chat ctx=0..8201:8201 prefill chunk 5376/8201 (65.6%) chunk=230.82 t/s avg=248.39 t/s 21.643s
1003 02:39:27 ds4-server: chat ctx=8401..8451:50 gen=250 decoding chunk=2.28 t/s avg=8.41 t/s 29.743s
1003 02:39:28 ds4-server: chat ctx=0..8201:8201 prefill chunk 5504/8201 (67.1%) chunk=232.04 t/s avg=247.98 t/s 22.195s
1003 02:39:28 ds4-server: chat ctx=0..8201:8201 prefill chunk 5632/8201 (68.7%) chunk=236.94 t/s avg=247.72 t/s 22.735s
1003 02:39:29 ds4-server: chat ctx=0..8201:8201 prefill chunk 5760/8201 (70.2%) chunk=238.79 t/s avg=247.52 t/s 23.271s
1003 02:39:29 ds4-server: chat ctx=0..8201:8201 prefill chunk 5888/8201 (71.8%) chunk=247.44 t/s avg=247.51 t/s 23.789s
1003 02:39:30 ds4-server: chat ctx=0..8201:8201 prefill chunk 6016/8201 (73.4%) chunk=246.64 t/s avg=247.50 t/s 24.307s
1003 02:39:30 ds4-server: chat ctx=0..8201:8201 prefill chunk 6144/8201 (74.9%) chunk=242.81 t/s avg=247.40 t/s 24.835s
1003 02:39:30 ds4-server: chat ctx=8451..8457:6 gen=256 decoding chunk=1.88 t/s avg=7.77 t/s 32.934s
1003 02:39:30 ds4-server: chat ctx=0..8201:8201 gen=256 finish=length 60.576s
1003 02:39:30 slot 1: request reuses nothing; evicting checkpoint (8457 tokens, idle 0 s, protected)
1003 02:39:31 ds4-server: chat ctx=0..8201:8201 prefill chunk 6272/8201 (76.5%) chunk=243.80 t/s avg=247.32 t/s 25.360s
1003 02:39:33 ds4-server: chat ctx=0..8201:8201 prefill chunk 8192/8201 (99.9%) chunk=952.06 t/s avg=299.24 t/s 27.376s
1003 02:39:33 ds4-server: chat ctx=0..8201:8201 prefill chunk 8201/8201 (100.0%) chunk=65.91 t/s avg=298.08 t/s 27.513s
1003 02:39:33 ds4-server: chat ctx=0..8201:8201 prompt done 27.513s
1003 02:39:33 ds4-server: live kv cache miss live=8457 prompt=8201 common=17 vision=match reason=token-mismatch
1003 02:39:33 ds4-server: chat ctx=0..8201:8201 prompt start
1003 02:39:35 ds4-server: chat ctx=0..8201:8201 prefill chunk 2048/8201 (25.0%) chunk=0.00 t/s avg=1034.53 t/s 1.980s
1003 02:39:36 ds4-server: chat ctx=0..8201:8201 prefill chunk 2176/8201 (26.5%) chunk=254.02 t/s avg=876.17 t/s 2.484s
1003 02:39:36 ds4-server: chat ctx=0..8201:8201 prefill chunk 2304/8201 (28.1%) chunk=247.75 t/s avg=767.96 t/s 3.000s
1003 02:39:37 ds4-server: chat ctx=0..8201:8201 prefill chunk 2432/8201 (29.7%) chunk=242.99 t/s avg=689.55 t/s 3.527s
1003 02:39:37 ds4-server: chat ctx=0..8201:8201 prefill chunk 2560/8201 (31.2%) chunk=249.70 t/s avg=633.73 t/s 4.040s
1003 02:39:38 ds4-server: chat ctx=0..8201:8201 prefill chunk 2688/8201 (32.8%) chunk=245.64 t/s avg=589.39 t/s 4.561s
1003 02:39:38 ds4-server: chat ctx=0..8201:8201 prefill chunk 2816/8201 (34.3%) chunk=247.02 t/s avg=554.46 t/s 5.079s
1003 02:39:39 ds4-server: chat ctx=0..8201:8201 prefill chunk 2944/8201 (35.9%) chunk=228.54 t/s avg=522.09 t/s 5.639s
1003 02:39:39 ds4-server: chat ctx=0..8201:8201 prefill chunk 3072/8201 (37.5%) chunk=248.84 t/s avg=499.25 t/s 6.153s
1003 02:39:40 ds4-server: chat ctx=0..8201:8201 prefill chunk 3200/8201 (39.0%) chunk=254.64 t/s avg=480.77 t/s 6.656s
1003 02:39:40 ds4-server: chat ctx=0..8201:8201 prefill chunk 3328/8201 (40.6%) chunk=252.72 t/s avg=464.65 t/s 7.162s
1003 02:39:41 ds4-server: chat ctx=0..8201:8201 prefill chunk 3456/8201 (42.1%) chunk=246.82 t/s avg=449.94 t/s 7.681s
1003 02:39:41 ds4-server: chat ctx=0..8201:8201 prefill chunk 3584/8201 (43.7%) chunk=239.81 t/s avg=436.29 t/s 8.215s
1003 02:39:42 ds4-server: chat ctx=0..8201:8201 prefill chunk 3712/8201 (45.3%) chunk=259.85 t/s avg=426.30 t/s 8.707s
1003 02:39:42 ds4-server: chat ctx=0..8201:8201 prefill chunk 3840/8201 (46.8%) chunk=251.35 t/s avg=416.64 t/s 9.217s
1003 02:39:43 ds4-server: chat ctx=0..8201:8201 prefill chunk 3968/8201 (48.4%) chunk=248.61 t/s avg=407.75 t/s 9.732s
1003 02:39:43 ds4-server: chat ctx=0..8201:8201 prefill chunk 4096/8201 (49.9%) chunk=236.37 t/s avg=398.71 t/s 10.273s
1003 02:39:44 ds4-server: chat ctx=0..8201:8201 prefill chunk 4224/8201 (51.5%) chunk=239.79 t/s avg=390.86 t/s 10.807s
1003 02:39:44 ds4-server: chat ctx=0..8201:8201 prefill chunk 4352/8201 (53.1%) chunk=240.77 t/s avg=383.83 t/s 11.338s
1003 02:39:45 ds4-server: chat ctx=0..8201:8201 prefill chunk 4480/8201 (54.6%) chunk=231.51 t/s avg=376.75 t/s 11.891s
1003 02:39:46 ds4-server: chat ctx=0..8201:8201 prefill chunk 4608/8201 (56.2%) chunk=233.00 t/s avg=370.40 t/s 12.441s
1003 02:39:46 ds4-server: chat ctx=0..8201:8201 prefill chunk 4736/8201 (57.7%) chunk=228.52 t/s avg=364.28 t/s 13.001s
1003 02:39:47 ds4-server: chat ctx=0..8201:8201 prefill chunk 4864/8201 (59.3%) chunk=234.18 t/s avg=359.04 t/s 13.547s
1003 02:39:47 ds4-server: chat ctx=0..8201:8201 prefill chunk 4992/8201 (60.9%) chunk=231.31 t/s avg=354.02 t/s 14.101s
1003 02:39:48 ds4-server: chat ctx=0..8201:8201 prefill chunk 5120/8201 (62.4%) chunk=244.35 t/s avg=350.09 t/s 14.625s
1003 02:39:48 ds4-server: chat ctx=0..8201:8201 prefill chunk 5248/8201 (64.0%) chunk=228.73 t/s avg=345.62 t/s 15.184s
1003 02:39:49 ds4-server: chat ctx=0..8201:8201 prefill chunk 5376/8201 (65.6%) chunk=232.05 t/s avg=341.64 t/s 15.736s
1003 02:39:49 ds4-server: chat ctx=0..8201:8201 prefill chunk 5504/8201 (67.1%) chunk=231.56 t/s avg=337.91 t/s 16.289s
1003 02:39:50 ds4-server: chat ctx=0..8201:8201 prefill chunk 5632/8201 (68.7%) chunk=235.97 t/s avg=334.62 t/s 16.831s
1003 02:39:51 ds4-server: chat ctx=0..8201:8201 prefill chunk 5760/8201 (70.2%) chunk=239.63 t/s avg=331.70 t/s 17.365s
1003 02:39:51 ds4-server: chat ctx=0..8201:8201 prefill chunk 5888/8201 (71.8%) chunk=248.21 t/s avg=329.29 t/s 17.881s
1003 02:39:52 ds4-server: chat ctx=0..8201:8201 prefill chunk 6016/8201 (73.4%) chunk=247.66 t/s avg=327.00 t/s 18.398s
1003 02:39:52 ds4-server: chat ctx=0..8201:8201 prefill chunk 6144/8201 (74.9%) chunk=242.26 t/s avg=324.63 t/s 18.926s
1003 02:39:53 ds4-server: chat ctx=0..8201:8201 prefill chunk 6272/8201 (76.5%) chunk=243.82 t/s avg=322.45 t/s 19.451s
1003 02:39:53 ds4-server: chat ctx=0..8201:8201 prefill chunk 6400/8201 (78.0%) chunk=240.91 t/s avg=320.28 t/s 19.982s
1003 02:39:54 ds4-server: chat ctx=0..8201:8201 prefill chunk 6528/8201 (79.6%) chunk=236.51 t/s avg=318.07 t/s 20.524s
1003 02:39:54 ds4-server: chat ctx=0..8201:8201 prefill chunk 6656/8201 (81.2%) chunk=240.09 t/s avg=316.10 t/s 21.057s
1003 02:39:55 ds4-server: chat ctx=0..8201:8201 prefill chunk 6784/8201 (82.7%) chunk=240.56 t/s avg=314.24 t/s 21.589s
1003 02:39:55 ds4-server: chat ctx=0..8201:8201 prefill chunk 6912/8201 (84.3%) chunk=249.13 t/s avg=312.72 t/s 22.103s
1003 02:39:56 ds4-server: chat ctx=0..8201:8201 prefill chunk 7040/8201 (85.8%) chunk=232.04 t/s avg=310.76 t/s 22.654s
1003 02:39:56 ds4-server: chat ctx=0..8201:8201 prefill chunk 7168/8201 (87.4%) chunk=243.26 t/s avg=309.23 t/s 23.180s
1003 02:39:57 ds4-server: chat ctx=0..8201:8201 prefill chunk 7296/8201 (89.0%) chunk=243.93 t/s avg=307.78 t/s 23.705s
1003 02:39:57 ds4-server: chat ctx=0..8201:8201 prefill chunk 7424/8201 (90.5%) chunk=228.86 t/s avg=305.96 t/s 24.264s
1003 02:39:58 ds4-server: chat ctx=0..8201:8201 prefill chunk 7552/8201 (92.1%) chunk=237.79 t/s avg=304.48 t/s 24.803s
1003 02:39:58 ds4-server: chat ctx=0..8201:8201 prefill chunk 7680/8201 (93.6%) chunk=246.94 t/s avg=303.30 t/s 25.321s
1003 02:39:59 ds4-server: chat ctx=0..8201:8201 prefill chunk 7808/8201 (95.2%) chunk=231.63 t/s avg=301.77 t/s 25.874s
1003 02:40:00 ds4-server: chat ctx=0..8201:8201 prefill chunk 7936/8201 (96.8%) chunk=239.80 t/s avg=300.52 t/s 26.407s
1003 02:40:00 ds4-server: chat ctx=0..8201:8201 prefill chunk 8064/8201 (98.3%) chunk=242.38 t/s avg=299.38 t/s 26.936s
1003 02:40:01 ds4-server: chat ctx=0..8201:8201 prefill chunk 8192/8201 (99.9%) chunk=226.46 t/s avg=297.88 t/s 27.501s
1003 02:40:01 ds4-server: chat ctx=0..8201:8201 prefill chunk 8201/8201 (100.0%) chunk=58.57 t/s avg=296.55 t/s 27.654s
1003 02:40:01 ds4-server: chat ctx=0..8201:8201 prompt done 27.654s
1003 02:40:01 ds4-server: chat ctx=8201..8251:50 gen=50 decoding chunk=1.81 t/s avg=1.81 t/s 27.672s
1003 02:40:03 ds4-server: chat ctx=8201..8251:50 gen=50 decoding chunk=25.43 t/s avg=25.43 t/s 1.966s
1003 02:40:03 ds4-server: chat ctx=8251..8301:50 gen=100 decoding chunk=25.67 t/s avg=3.38 t/s 29.620s
1003 02:40:05 ds4-server: chat ctx=8251..8301:50 gen=100 decoding chunk=25.60 t/s avg=25.52 t/s 3.919s
1003 02:40:05 ds4-server: chat ctx=8301..8351:50 gen=150 decoding chunk=25.60 t/s avg=4.75 t/s 31.574s
1003 02:40:07 ds4-server: chat ctx=8351..8401:50 gen=200 decoding chunk=25.58 t/s avg=5.97 t/s 33.529s
1003 02:40:07 ds4-server: chat ctx=8301..8351:50 gen=150 decoding chunk=25.58 t/s avg=25.54 t/s 5.874s
1003 02:40:09 ds4-server: chat ctx=8401..8451:50 gen=250 decoding chunk=25.59 t/s avg=7.05 t/s 35.482s
1003 02:40:09 ds4-server: chat ctx=8351..8401:50 gen=200 decoding chunk=25.59 t/s avg=25.55 t/s 7.828s
1003 02:40:09 ds4-server: chat ctx=8451..8457:6 gen=256 decoding chunk=25.63 t/s avg=7.17 t/s 35.717s
1003 02:40:09 ds4-server: chat ctx=0..8201:8201 gen=256 finish=length 63.230s
1003 02:40:09 slot 0: request reuses nothing; evicting checkpoint (8457 tokens, idle 0 s, protected)
1003 02:40:09 ds4-server: live kv cache miss live=8457 prompt=8201 common=17 vision=match reason=token-mismatch
1003 02:40:09 ds4-server: chat ctx=0..8201:8201 prompt start
1003 02:40:09 ds4-server: chat ctx=0..8201:8201 prefill chunk 128/8201 (1.6%) chunk=0.00 t/s avg=253.43 t/s 0.505s
1003 02:40:10 ds4-server: chat ctx=0..8201:8201 prefill chunk 256/8201 (3.1%) chunk=277.13 t/s avg=264.75 t/s 0.967s
1003 02:40:10 ds4-server: chat ctx=0..8201:8201 prefill chunk 384/8201 (4.7%) chunk=267.65 t/s avg=265.71 t/s 1.445s
1003 02:40:11 ds4-server: chat ctx=0..8201:8201 prefill chunk 512/8201 (6.2%) chunk=265.11 t/s avg=265.56 t/s 1.928s
1003 02:40:11 ds4-server: chat ctx=0..8201:8201 prefill chunk 640/8201 (7.8%) chunk=258.79 t/s avg=264.18 t/s 2.423s
1003 02:40:12 ds4-server: chat ctx=0..8201:8201 prefill chunk 768/8201 (9.4%) chunk=270.42 t/s avg=265.20 t/s 2.896s
1003 02:40:12 ds4-server: chat ctx=0..8201:8201 prefill chunk 896/8201 (10.9%) chunk=249.26 t/s avg=262.80 t/s 3.409s
1003 02:40:13 ds4-server: chat ctx=0..8201:8201 prefill chunk 1024/8201 (12.5%) chunk=245.44 t/s avg=260.49 t/s 3.931s
1003 02:40:13 ds4-server: chat ctx=0..8201:8201 prefill chunk 1152/8201 (14.0%) chunk=275.31 t/s avg=262.06 t/s 4.396s
1003 02:40:14 ds4-server: chat ctx=0..8201:8201 prefill chunk 1280/8201 (15.6%) chunk=267.35 t/s avg=262.58 t/s 4.875s
1003 02:40:14 ds4-server: chat ctx=0..8201:8201 prefill chunk 1408/8201 (17.2%) chunk=259.67 t/s avg=262.31 t/s 5.368s
1003 02:40:15 ds4-server: chat ctx=0..8201:8201 prefill chunk 1536/8201 (18.7%) chunk=255.85 t/s avg=261.76 t/s 5.868s
1003 02:40:15 ds4-server: chat ctx=0..8201:8201 prefill chunk 1664/8201 (20.3%) chunk=276.37 t/s avg=262.83 t/s 6.331s
1003 02:40:16 ds4-server: chat ctx=0..8201:8201 prefill chunk 1792/8201 (21.9%) chunk=256.41 t/s avg=262.36 t/s 6.830s
1003 02:40:16 ds4-server: chat ctx=0..8201:8201 prefill chunk 1920/8201 (23.4%) chunk=248.09 t/s avg=261.36 t/s 7.346s
1003 02:40:17 ds4-server: chat ctx=0..8201:8201 prefill chunk 2048/8201 (25.0%) chunk=262.07 t/s avg=261.40 t/s 7.835s
1003 02:40:17 ds4-server: chat ctx=0..8201:8201 prefill chunk 2176/8201 (26.5%) chunk=244.82 t/s avg=260.37 t/s 8.357s
1003 02:40:18 ds4-server: chat ctx=0..8201:8201 prefill chunk 2304/8201 (28.1%) chunk=247.86 t/s avg=259.64 t/s 8.874s
1003 02:40:18 ds4-server: chat ctx=0..8201:8201 prefill chunk 2432/8201 (29.7%) chunk=243.52 t/s avg=258.74 t/s 9.399s
1003 02:40:19 ds4-server: chat ctx=0..8201:8201 prefill chunk 2560/8201 (31.2%) chunk=249.71 t/s avg=258.27 t/s 9.912s
1003 02:40:19 ds4-server: chat ctx=0..8201:8201 prefill chunk 2688/8201 (32.8%) chunk=245.21 t/s avg=257.62 t/s 10.434s
1003 02:40:20 ds4-server: chat ctx=0..8201:8201 prefill chunk 2816/8201 (34.3%) chunk=246.98 t/s avg=257.11 t/s 10.952s
1003 02:40:20 ds4-server: chat ctx=0..8201:8201 prefill chunk 2944/8201 (35.9%) chunk=228.49 t/s avg=255.72 t/s 11.513s
1003 02:40:21 ds4-server: chat ctx=0..8201:8201 prefill chunk 3072/8201 (37.5%) chunk=248.09 t/s avg=255.39 t/s 12.029s
1003 02:40:21 ds4-server: chat ctx=0..8201:8201 prefill chunk 3200/8201 (39.0%) chunk=254.72 t/s avg=255.37 t/s 12.531s
1003 02:40:22 ds4-server: chat ctx=0..8201:8201 prefill chunk 3328/8201 (40.6%) chunk=253.35 t/s avg=255.29 t/s 13.036s
1003 02:40:22 ds4-server: chat ctx=0..8201:8201 prefill chunk 3456/8201 (42.1%) chunk=247.08 t/s avg=254.97 t/s 13.554s
1003 02:40:23 ds4-server: chat ctx=0..8201:8201 prefill chunk 3584/8201 (43.7%) chunk=240.66 t/s avg=254.43 t/s 14.086s
1003 02:40:23 ds4-server: chat ctx=0..8201:8201 prefill chunk 3712/8201 (45.3%) chunk=258.82 t/s avg=254.58 t/s 14.581s
1003 02:40:24 ds4-server: chat ctx=0..8201:8201 prefill chunk 3840/8201 (46.8%) chunk=251.38 t/s avg=254.47 t/s 15.090s
1003 02:40:24 ds4-server: chat ctx=0..8201:8201 prefill chunk 3968/8201 (48.4%) chunk=249.84 t/s avg=254.32 t/s 15.602s
1003 02:40:25 ds4-server: chat ctx=0..8201:8201 prefill chunk 4096/8201 (49.9%) chunk=236.28 t/s avg=253.72 t/s 16.144s
1003 02:40:26 ds4-server: chat ctx=0..8201:8201 prefill chunk 4224/8201 (51.5%) chunk=239.43 t/s avg=253.26 t/s 16.679s
1003 02:40:26 ds4-server: chat ctx=0..8201:8201 prefill chunk 4352/8201 (53.1%) chunk=239.69 t/s avg=252.84 t/s 17.213s
1003 02:40:27 ds4-server: chat ctx=0..8201:8201 prefill chunk 4480/8201 (54.6%) chunk=232.42 t/s avg=252.20 t/s 17.763s
1003 02:40:27 ds4-server: chat ctx=0..8201:8201 prefill chunk 4608/8201 (56.2%) chunk=232.93 t/s avg=251.63 t/s 18.313s
1003 02:40:28 ds4-server: chat ctx=0..8201:8201 prefill chunk 4736/8201 (57.7%) chunk=226.97 t/s avg=250.89 t/s 18.877s
1003 02:40:28 ds4-server: chat ctx=0..8201:8201 prefill chunk 4864/8201 (59.3%) chunk=234.99 t/s avg=250.44 t/s 19.422s
1003 02:40:29 ds4-server: chat ctx=0..8201:8201 prefill chunk 4992/8201 (60.9%) chunk=230.44 t/s avg=249.89 t/s 19.977s
1003 02:40:29 ds4-server: chat ctx=0..8201:8201 prefill chunk 5120/8201 (62.4%) chunk=243.81 t/s avg=249.73 t/s 20.502s
1003 02:40:30 ds4-server: chat ctx=0..8201:8201 prefill chunk 5248/8201 (64.0%) chunk=228.55 t/s avg=249.17 t/s 21.062s
1003 02:40:31 ds4-server: chat ctx=0..8201:8201 prefill chunk 5376/8201 (65.6%) chunk=231.50 t/s avg=248.72 t/s 21.615s
1003 02:40:31 ds4-server: chat ctx=0..8201:8201 prefill chunk 5504/8201 (67.1%) chunk=232.65 t/s avg=248.32 t/s 22.165s
1003 02:40:31 ds4-server: chat ctx=8401..8451:50 gen=250 decoding chunk=2.23 t/s avg=8.26 t/s 30.264s
1003 02:40:32 ds4-server: chat ctx=0..8201:8201 prefill chunk 5632/8201 (68.7%) chunk=236.54 t/s avg=248.04 t/s 22.706s
1003 02:40:32 ds4-server: chat ctx=0..8201:8201 prefill chunk 5760/8201 (70.2%) chunk=238.55 t/s avg=247.82 t/s 23.243s
1003 02:40:33 ds4-server: chat ctx=0..8201:8201 prefill chunk 5888/8201 (71.8%) chunk=247.64 t/s avg=247.81 t/s 23.760s
1003 02:40:33 ds4-server: chat ctx=0..8201:8201 prefill chunk 6016/8201 (73.4%) chunk=247.27 t/s avg=247.80 t/s 24.277s
1003 02:40:34 ds4-server: chat ctx=0..8201:8201 prefill chunk 6144/8201 (74.9%) chunk=242.98 t/s avg=247.70 t/s 24.804s
1003 02:40:34 ds4-server: chat ctx=0..8201:8201 prefill chunk 6272/8201 (76.5%) chunk=243.45 t/s avg=247.61 t/s 25.330s
1003 02:40:34 ds4-server: chat ctx=8451..8457:6 gen=256 decoding chunk=1.90 t/s avg=7.66 t/s 33.429s
1003 02:40:34 ds4-server: chat ctx=0..8201:8201 gen=256 finish=length 61.083s
1003 02:40:34 slot 1: request reuses nothing; evicting checkpoint (8457 tokens, idle 0 s, protected)
1003 02:40:35 ds4-server: chat ctx=0..8201:8201 prefill chunk 6400/8201 (78.0%) chunk=240.94 t/s avg=247.48 t/s 25.861s
1003 02:40:37 ds4-server: chat ctx=0..8201:8201 prefill chunk 8192/8201 (99.9%) chunk=935.08 t/s avg=294.91 t/s 27.778s
1003 02:40:37 ds4-server: chat ctx=0..8201:8201 prefill chunk 8201/8201 (100.0%) chunk=66.00 t/s avg=293.80 t/s 27.914s
1003 02:40:37 ds4-server: chat ctx=0..8201:8201 prompt done 27.914s
1003 02:40:37 ds4-server: live kv cache miss live=8457 prompt=8201 common=17 vision=match reason=token-mismatch
1003 02:40:37 ds4-server: chat ctx=0..8201:8201 prompt start
1003 02:40:39 ds4-server: chat ctx=0..8201:8201 prefill chunk 2048/8201 (25.0%) chunk=0.00 t/s avg=1034.02 t/s 1.981s
1003 02:40:39 ds4-server: chat ctx=0..8201:8201 prefill chunk 2176/8201 (26.5%) chunk=253.55 t/s avg=875.49 t/s 2.485s
1003 02:40:40 ds4-server: chat ctx=0..8201:8201 prefill chunk 2304/8201 (28.1%) chunk=248.38 t/s avg=767.80 t/s 3.001s
1003 02:40:40 ds4-server: chat ctx=0..8201:8201 prefill chunk 2432/8201 (29.7%) chunk=243.41 t/s avg=689.60 t/s 3.527s
1003 02:40:41 ds4-server: chat ctx=0..8201:8201 prefill chunk 2560/8201 (31.2%) chunk=249.76 t/s avg=633.80 t/s 4.039s
1003 02:40:41 ds4-server: chat ctx=0..8201:8201 prefill chunk 2688/8201 (32.8%) chunk=245.32 t/s avg=589.36 t/s 4.561s
1003 02:40:42 ds4-server: chat ctx=0..8201:8201 prefill chunk 2816/8201 (34.3%) chunk=246.30 t/s avg=554.26 t/s 5.081s
1003 02:40:42 ds4-server: chat ctx=0..8201:8201 prefill chunk 2944/8201 (35.9%) chunk=227.27 t/s avg=521.63 t/s 5.644s
1003 02:40:43 ds4-server: chat ctx=0..8201:8201 prefill chunk 3072/8201 (37.5%) chunk=247.95 t/s avg=498.70 t/s 6.160s
1003 02:40:43 ds4-server: chat ctx=0..8201:8201 prefill chunk 3200/8201 (39.0%) chunk=254.58 t/s avg=480.28 t/s 6.663s
1003 02:40:44 ds4-server: chat ctx=0..8201:8201 prefill chunk 3328/8201 (40.6%) chunk=252.27 t/s avg=464.14 t/s 7.170s
1003 02:40:44 ds4-server: chat ctx=0..8201:8201 prefill chunk 3456/8201 (42.1%) chunk=247.23 t/s avg=449.53 t/s 7.688s
1003 02:40:45 ds4-server: chat ctx=0..8201:8201 prefill chunk 3584/8201 (43.7%) chunk=240.72 t/s avg=436.03 t/s 8.220s
1003 02:40:46 ds4-server: chat ctx=0..8201:8201 prefill chunk 3712/8201 (45.3%) chunk=259.75 t/s avg=426.06 t/s 8.712s
1003 02:40:46 ds4-server: chat ctx=0..8201:8201 prefill chunk 3840/8201 (46.8%) chunk=251.35 t/s avg=416.41 t/s 9.222s
1003 02:40:47 ds4-server: chat ctx=0..8201:8201 prefill chunk 3968/8201 (48.4%) chunk=249.24 t/s avg=407.59 t/s 9.735s
1003 02:40:47 ds4-server: chat ctx=0..8201:8201 prefill chunk 4096/8201 (49.9%) chunk=237.67 t/s avg=398.68 t/s 10.274s
1003 02:40:48 ds4-server: chat ctx=0..8201:8201 prefill chunk 4224/8201 (51.5%) chunk=239.83 t/s avg=390.84 t/s 10.808s
1003 02:40:48 ds4-server: chat ctx=0..8201:8201 prefill chunk 4352/8201 (53.1%) chunk=240.63 t/s avg=383.79 t/s 11.340s
1003 02:40:49 ds4-server: chat ctx=0..8201:8201 prefill chunk 4480/8201 (54.6%) chunk=230.77 t/s avg=376.65 t/s 11.894s
1003 02:40:49 ds4-server: chat ctx=0..8201:8201 prefill chunk 4608/8201 (56.2%) chunk=232.33 t/s avg=370.27 t/s 12.445s
1003 02:40:50 ds4-server: chat ctx=0..8201:8201 prefill chunk 4736/8201 (57.7%) chunk=228.88 t/s avg=364.19 t/s 13.004s
1003 02:40:50 ds4-server: chat ctx=0..8201:8201 prefill chunk 4864/8201 (59.3%) chunk=233.79 t/s avg=358.92 t/s 13.552s
1003 02:40:51 ds4-server: chat ctx=0..8201:8201 prefill chunk 4992/8201 (60.9%) chunk=230.72 t/s avg=353.88 t/s 14.107s
1003 02:40:51 ds4-server: chat ctx=0..8201:8201 prefill chunk 5120/8201 (62.4%) chunk=243.97 t/s avg=349.93 t/s 14.631s
1003 02:40:52 ds4-server: chat ctx=0..8201:8201 prefill chunk 5248/8201 (64.0%) chunk=228.51 t/s avg=345.46 t/s 15.191s
1003 02:40:53 ds4-server: chat ctx=0..8201:8201 prefill chunk 5376/8201 (65.6%) chunk=231.67 t/s avg=341.46 t/s 15.744s
1003 02:40:53 ds4-server: chat ctx=0..8201:8201 prefill chunk 5504/8201 (67.1%) chunk=230.81 t/s avg=337.70 t/s 16.299s
1003 02:40:54 ds4-server: chat ctx=0..8201:8201 prefill chunk 5632/8201 (68.7%) chunk=237.01 t/s avg=334.47 t/s 16.839s
1003 02:40:54 ds4-server: chat ctx=0..8201:8201 prefill chunk 5760/8201 (70.2%) chunk=238.29 t/s avg=331.50 t/s 17.376s
1003 02:40:55 ds4-server: chat ctx=0..8201:8201 prefill chunk 5888/8201 (71.8%) chunk=247.35 t/s avg=329.06 t/s 17.893s
1003 02:40:55 ds4-server: chat ctx=0..8201:8201 prefill chunk 6016/8201 (73.4%) chunk=246.27 t/s avg=326.73 t/s 18.413s
1003 02:40:56 ds4-server: chat ctx=0..8201:8201 prefill chunk 6144/8201 (74.9%) chunk=242.86 t/s avg=324.39 t/s 18.940s
1003 02:40:56 ds4-server: chat ctx=0..8201:8201 prefill chunk 6272/8201 (76.5%) chunk=244.00 t/s avg=322.23 t/s 19.465s
1003 02:40:57 ds4-server: chat ctx=0..8201:8201 prefill chunk 6400/8201 (78.0%) chunk=240.97 t/s avg=320.07 t/s 19.996s
1003 02:40:57 ds4-server: chat ctx=0..8201:8201 prefill chunk 6528/8201 (79.6%) chunk=234.76 t/s avg=317.80 t/s 20.541s
1003 02:40:58 ds4-server: chat ctx=0..8201:8201 prefill chunk 6656/8201 (81.2%) chunk=239.40 t/s avg=315.81 t/s 21.076s
1003 02:40:58 ds4-server: chat ctx=0..8201:8201 prefill chunk 6784/8201 (82.7%) chunk=240.27 t/s avg=313.95 t/s 21.608s
1003 02:40:59 ds4-server: chat ctx=0..8201:8201 prefill chunk 6912/8201 (84.3%) chunk=248.82 t/s avg=312.44 t/s 22.123s
1003 02:40:59 ds4-server: chat ctx=0..8201:8201 prefill chunk 7040/8201 (85.8%) chunk=233.34 t/s avg=310.52 t/s 22.671s
1003 02:41:00 ds4-server: chat ctx=0..8201:8201 prefill chunk 7168/8201 (87.4%) chunk=242.17 t/s avg=308.97 t/s 23.200s
1003 02:41:01 ds4-server: chat ctx=0..8201:8201 prefill chunk 7296/8201 (89.0%) chunk=243.31 t/s avg=307.51 t/s 23.726s
1003 02:41:01 ds4-server: chat ctx=0..8201:8201 prefill chunk 7424/8201 (90.5%) chunk=228.77 t/s avg=305.70 t/s 24.286s
1003 02:41:02 ds4-server: chat ctx=0..8201:8201 prefill chunk 7552/8201 (92.1%) chunk=236.04 t/s avg=304.17 t/s 24.828s
1003 02:41:02 ds4-server: chat ctx=0..8201:8201 prefill chunk 7680/8201 (93.6%) chunk=247.14 t/s avg=303.01 t/s 25.346s
1003 02:41:03 ds4-server: chat ctx=0..8201:8201 prefill chunk 7808/8201 (95.2%) chunk=231.94 t/s avg=301.49 t/s 25.898s
1003 02:41:03 ds4-server: chat ctx=0..8201:8201 prefill chunk 7936/8201 (96.8%) chunk=239.21 t/s avg=300.23 t/s 26.433s
1003 02:41:04 ds4-server: chat ctx=0..8201:8201 prefill chunk 8064/8201 (98.3%) chunk=241.17 t/s avg=299.07 t/s 26.963s
1003 02:41:04 ds4-server: chat ctx=0..8201:8201 prefill chunk 8192/8201 (99.9%) chunk=225.11 t/s avg=297.54 t/s 27.532s
1003 02:41:04 ds4-server: chat ctx=0..8201:8201 prefill chunk 8201/8201 (100.0%) chunk=58.54 t/s avg=296.22 t/s 27.686s
1003 02:41:04 ds4-server: chat ctx=0..8201:8201 prompt done 27.686s
1003 02:41:05 ds4-server: chat ctx=8201..8251:50 gen=50 decoding chunk=1.80 t/s avg=1.80 t/s 27.704s
1003 02:41:06 ds4-server: chat ctx=8201..8251:50 gen=50 decoding chunk=25.42 t/s avg=25.42 t/s 1.967s
1003 02:41:06 ds4-server: chat ctx=8251..8301:50 gen=100 decoding chunk=25.65 t/s avg=3.37 t/s 29.653s
1003 02:41:08 ds4-server: chat ctx=8301..8351:50 gen=150 decoding chunk=25.59 t/s avg=4.75 t/s 31.607s
1003 02:41:08 ds4-server: chat ctx=8251..8301:50 gen=100 decoding chunk=25.59 t/s avg=25.50 t/s 3.921s
1003 02:41:10 ds4-server: chat ctx=8301..8351:50 gen=150 decoding chunk=25.58 t/s avg=25.53 t/s 5.875s
1003 02:41:10 ds4-server: chat ctx=8351..8401:50 gen=200 decoding chunk=25.58 t/s avg=5.96 t/s 33.561s
1003 02:41:12 ds4-server: chat ctx=8401..8451:50 gen=250 decoding chunk=25.58 t/s avg=7.04 t/s 35.516s
1003 02:41:12 ds4-server: chat ctx=8351..8401:50 gen=200 decoding chunk=25.58 t/s avg=25.54 t/s 7.830s
1003 02:41:13 ds4-server: chat ctx=8451..8457:6 gen=256 decoding chunk=25.59 t/s avg=7.16 t/s 35.750s
1003 02:41:13 ds4-server: chat ctx=0..8201:8201 gen=256 finish=length 63.665s
1003 02:41:13 slot 0: request reuses nothing; evicting checkpoint (8457 tokens, idle 0 s, protected)
1003 02:41:13 ds4-server: live kv cache miss live=8457 prompt=8201 common=17 vision=match reason=token-mismatch
1003 02:41:13 ds4-server: chat ctx=0..8201:8201 prompt start
1003 02:41:13 ds4-server: chat ctx=0..8201:8201 prefill chunk 128/8201 (1.6%) chunk=0.00 t/s avg=244.68 t/s 0.523s
1003 02:41:14 ds4-server: chat ctx=0..8201:8201 prefill chunk 256/8201 (3.1%) chunk=278.02 t/s avg=260.28 t/s 0.984s
1003 02:41:14 ds4-server: chat ctx=0..8201:8201 prefill chunk 384/8201 (4.7%) chunk=267.41 t/s avg=262.62 t/s 1.462s
1003 02:41:15 ds4-server: chat ctx=0..8201:8201 prefill chunk 512/8201 (6.2%) chunk=265.25 t/s avg=263.27 t/s 1.945s
1003 02:41:15 ds4-server: chat ctx=0..8201:8201 prefill chunk 640/8201 (7.8%) chunk=260.11 t/s avg=262.63 t/s 2.437s
1003 02:41:15 ds4-server: chat ctx=0..8201:8201 prefill chunk 768/8201 (9.4%) chunk=269.59 t/s avg=263.77 t/s 2.912s
1003 02:41:16 ds4-server: chat ctx=0..8201:8201 prefill chunk 896/8201 (10.9%) chunk=249.91 t/s avg=261.69 t/s 3.424s
1003 02:41:17 ds4-server: chat ctx=0..8201:8201 prefill chunk 1024/8201 (12.5%) chunk=245.27 t/s avg=259.52 t/s 3.946s
1003 02:41:17 ds4-server: chat ctx=0..8201:8201 prefill chunk 1152/8201 (14.0%) chunk=274.18 t/s avg=261.07 t/s 4.413s
1003 02:41:17 ds4-server: chat ctx=0..8201:8201 prefill chunk 1280/8201 (15.6%) chunk=268.53 t/s avg=261.80 t/s 4.889s
1003 02:41:18 ds4-server: chat ctx=0..8201:8201 prefill chunk 1408/8201 (17.2%) chunk=259.61 t/s avg=261.60 t/s 5.382s
1003 02:41:18 ds4-server: chat ctx=0..8201:8201 prefill chunk 1536/8201 (18.7%) chunk=255.59 t/s avg=261.09 t/s 5.883s
1003 02:41:19 ds4-server: chat ctx=0..8201:8201 prefill chunk 1664/8201 (20.3%) chunk=275.54 t/s avg=262.15 t/s 6.348s
1003 02:41:19 ds4-server: chat ctx=0..8201:8201 prefill chunk 1792/8201 (21.9%) chunk=257.34 t/s avg=261.80 t/s 6.845s
1003 02:41:20 ds4-server: chat ctx=0..8201:8201 prefill chunk 1920/8201 (23.4%) chunk=246.94 t/s avg=260.75 t/s 7.363s
1003 02:41:20 ds4-server: chat ctx=0..8201:8201 prefill chunk 2048/8201 (25.0%) chunk=261.77 t/s avg=260.81 t/s 7.852s
1003 02:41:21 ds4-server: chat ctx=0..8201:8201 prefill chunk 2176/8201 (26.5%) chunk=245.52 t/s avg=259.86 t/s 8.374s
1003 02:41:21 ds4-server: chat ctx=0..8201:8201 prefill chunk 2304/8201 (28.1%) chunk=248.27 t/s avg=259.19 t/s 8.889s
1003 02:41:22 ds4-server: chat ctx=0..8201:8201 prefill chunk 2432/8201 (29.7%) chunk=243.34 t/s avg=258.30 t/s 9.415s
1003 02:41:22 ds4-server: chat ctx=0..8201:8201 prefill chunk 2560/8201 (31.2%) chunk=249.59 t/s avg=257.85 t/s 9.928s
1003 02:41:23 ds4-server: chat ctx=0..8201:8201 prefill chunk 2688/8201 (32.8%) chunk=245.41 t/s avg=257.23 t/s 10.450s
1003 02:41:24 ds4-server: chat ctx=0..8201:8201 prefill chunk 2816/8201 (34.3%) chunk=246.67 t/s avg=256.73 t/s 10.969s
1003 02:41:24 ds4-server: chat ctx=0..8201:8201 prefill chunk 2944/8201 (35.9%) chunk=227.84 t/s avg=255.32 t/s 11.530s
1003 02:41:25 ds4-server: chat ctx=0..8201:8201 prefill chunk 3072/8201 (37.5%) chunk=248.20 t/s avg=255.02 t/s 12.046s
1003 02:41:25 ds4-server: chat ctx=0..8201:8201 prefill chunk 3200/8201 (39.0%) chunk=254.99 t/s avg=255.02 t/s 12.548s
1003 02:41:26 ds4-server: chat ctx=0..8201:8201 prefill chunk 3328/8201 (40.6%) chunk=252.77 t/s avg=254.93 t/s 13.054s
1003 02:41:26 ds4-server: chat ctx=0..8201:8201 prefill chunk 3456/8201 (42.1%) chunk=246.78 t/s avg=254.62 t/s 13.573s
1003 02:41:27 ds4-server: chat ctx=0..8201:8201 prefill chunk 3584/8201 (43.7%) chunk=239.13 t/s avg=254.03 t/s 14.108s
1003 02:41:27 ds4-server: chat ctx=0..8201:8201 prefill chunk 3712/8201 (45.3%) chunk=259.25 t/s avg=254.21 t/s 14.602s
1003 02:41:28 ds4-server: chat ctx=0..8201:8201 prefill chunk 3840/8201 (46.8%) chunk=251.30 t/s avg=254.11 t/s 15.112s
1003 02:41:28 ds4-server: chat ctx=0..8201:8201 prefill chunk 3968/8201 (48.4%) chunk=248.44 t/s avg=253.92 t/s 15.627s
1003 02:41:29 ds4-server: chat ctx=0..8201:8201 prefill chunk 4096/8201 (49.9%) chunk=236.74 t/s avg=253.35 t/s 16.167s
1003 02:41:29 ds4-server: chat ctx=0..8201:8201 prefill chunk 4224/8201 (51.5%) chunk=240.88 t/s avg=252.95 t/s 16.699s
1003 02:41:30 ds4-server: chat ctx=0..8201:8201 prefill chunk 4352/8201 (53.1%) chunk=239.65 t/s avg=252.54 t/s 17.233s
1003 02:41:30 ds4-server: chat ctx=0..8201:8201 prefill chunk 4480/8201 (54.6%) chunk=230.47 t/s avg=251.85 t/s 17.788s
1003 02:41:31 ds4-server: chat ctx=0..8201:8201 prefill chunk 4608/8201 (56.2%) chunk=232.73 t/s avg=251.28 t/s 18.338s
1003 02:41:31 ds4-server: chat ctx=0..8201:8201 prefill chunk 4736/8201 (57.7%) chunk=228.60 t/s avg=250.61 t/s 18.898s
1003 02:41:32 ds4-server: chat ctx=0..8201:8201 prefill chunk 4864/8201 (59.3%) chunk=234.57 t/s avg=250.16 t/s 19.444s
1003 02:41:33 ds4-server: chat ctx=0..8201:8201 prefill chunk 4992/8201 (60.9%) chunk=230.85 t/s avg=249.62 t/s 19.998s
1003 02:41:33 ds4-server: chat ctx=0..8201:8201 prefill chunk 5120/8201 (62.4%) chunk=243.02 t/s avg=249.45 t/s 20.525s
1003 02:41:34 ds4-server: chat ctx=0..8201:8201 prefill chunk 5248/8201 (64.0%) chunk=228.91 t/s avg=248.91 t/s 21.084s
1003 02:41:34 ds4-server: chat ctx=0..8201:8201 prefill chunk 5376/8201 (65.6%) chunk=231.28 t/s avg=248.45 t/s 21.638s
1003 02:41:34 ds4-server: chat ctx=8401..8451:50 gen=250 decoding chunk=2.28 t/s avg=8.41 t/s 29.739s
1003 02:41:35 ds4-server: chat ctx=0..8201:8201 prefill chunk 5504/8201 (67.1%) chunk=230.69 t/s avg=248.01 t/s 22.193s
1003 02:41:35 ds4-server: chat ctx=0..8201:8201 prefill chunk 5632/8201 (68.7%) chunk=236.49 t/s avg=247.74 t/s 22.734s
1003 02:41:36 ds4-server: chat ctx=0..8201:8201 prefill chunk 5760/8201 (70.2%) chunk=237.87 t/s avg=247.51 t/s 23.272s
1003 02:41:36 ds4-server: chat ctx=0..8201:8201 prefill chunk 5888/8201 (71.8%) chunk=247.19 t/s avg=247.50 t/s 23.790s
1003 02:41:37 ds4-server: chat ctx=0..8201:8201 prefill chunk 6016/8201 (73.4%) chunk=247.05 t/s avg=247.49 t/s 24.308s
1003 02:41:37 ds4-server: chat ctx=0..8201:8201 prefill chunk 6144/8201 (74.9%) chunk=242.80 t/s avg=247.39 t/s 24.835s
1003 02:41:37 ds4-server: chat ctx=8451..8457:6 gen=256 decoding chunk=1.88 t/s avg=7.77 t/s 32.936s
1003 02:41:37 ds4-server: chat ctx=0..8201:8201 gen=256 finish=length 60.622s
1003 02:41:37 slot 1: request reuses nothing; evicting checkpoint (8457 tokens, idle 0 s, protected)
1003 02:41:38 ds4-server: chat ctx=0..8201:8201 prefill chunk 6272/8201 (76.5%) chunk=245.12 t/s avg=247.35 t/s 25.357s
1003 02:41:40 ds4-server: chat ctx=0..8201:8201 prefill chunk 8192/8201 (99.9%) chunk=951.64 t/s avg=299.25 t/s 27.375s
1003 02:41:40 ds4-server: chat ctx=0..8201:8201 prefill chunk 8201/8201 (100.0%) chunk=65.83 t/s avg=298.09 t/s 27.512s
1003 02:41:40 ds4-server: chat ctx=0..8201:8201 prompt done 27.512s
1003 02:41:40 ds4-server: live kv cache miss live=8457 prompt=8201 common=17 vision=match reason=token-mismatch
1003 02:41:40 ds4-server: chat ctx=0..8201:8201 prompt start
1003 02:41:42 ds4-server: chat ctx=0..8201:8201 prefill chunk 2048/8201 (25.0%) chunk=0.00 t/s avg=1034.40 t/s 1.980s
1003 02:41:43 ds4-server: chat ctx=0..8201:8201 prefill chunk 2176/8201 (26.5%) chunk=253.60 t/s avg=875.79 t/s 2.485s
1003 02:41:43 ds4-server: chat ctx=0..8201:8201 prefill chunk 2304/8201 (28.1%) chunk=247.50 t/s avg=767.54 t/s 3.002s
1003 02:41:44 ds4-server: chat ctx=0..8201:8201 prefill chunk 2432/8201 (29.7%) chunk=242.50 t/s avg=689.02 t/s 3.530s
1003 02:41:44 ds4-server: chat ctx=0..8201:8201 prefill chunk 2560/8201 (31.2%) chunk=248.80 t/s avg=633.02 t/s 4.044s
1003 02:41:45 ds4-server: chat ctx=0..8201:8201 prefill chunk 2688/8201 (32.8%) chunk=247.43 t/s avg=589.29 t/s 4.561s
1003 02:41:45 ds4-server: chat ctx=0..8201:8201 prefill chunk 2816/8201 (34.3%) chunk=245.63 t/s avg=554.06 t/s 5.083s
1003 02:41:46 ds4-server: chat ctx=0..8201:8201 prefill chunk 2944/8201 (35.9%) chunk=227.89 t/s avg=521.60 t/s 5.644s
1003 02:41:46 ds4-server: chat ctx=0..8201:8201 prefill chunk 3072/8201 (37.5%) chunk=248.79 t/s avg=498.81 t/s 6.159s
1003 02:41:47 ds4-server: chat ctx=0..8201:8201 prefill chunk 3200/8201 (39.0%) chunk=254.35 t/s avg=480.34 t/s 6.662s
1003 02:41:47 ds4-server: chat ctx=0..8201:8201 prefill chunk 3328/8201 (40.6%) chunk=253.38 t/s avg=464.35 t/s 7.167s
1003 02:41:48 ds4-server: chat ctx=0..8201:8201 prefill chunk 3456/8201 (42.1%) chunk=246.78 t/s avg=449.66 t/s 7.686s
1003 02:41:48 ds4-server: chat ctx=0..8201:8201 prefill chunk 3584/8201 (43.7%) chunk=240.31 t/s avg=436.09 t/s 8.218s
1003 02:41:49 ds4-server: chat ctx=0..8201:8201 prefill chunk 3712/8201 (45.3%) chunk=259.51 t/s avg=426.10 t/s 8.712s
1003 02:41:49 ds4-server: chat ctx=0..8201:8201 prefill chunk 3840/8201 (46.8%) chunk=251.61 t/s avg=416.47 t/s 9.220s
1003 02:41:50 ds4-server: chat ctx=0..8201:8201 prefill chunk 3968/8201 (48.4%) chunk=249.56 t/s avg=407.67 t/s 9.733s
1003 02:41:50 ds4-server: chat ctx=0..8201:8201 prefill chunk 4096/8201 (49.9%) chunk=236.87 t/s avg=398.69 t/s 10.274s
1003 02:41:51 ds4-server: chat ctx=0..8201:8201 prefill chunk 4224/8201 (51.5%) chunk=239.89 t/s avg=390.85 t/s 10.807s
1003 02:41:51 ds4-server: chat ctx=0..8201:8201 prefill chunk 4352/8201 (53.1%) chunk=238.90 t/s avg=383.67 t/s 11.343s
1003 02:41:52 ds4-server: chat ctx=0..8201:8201 prefill chunk 4480/8201 (54.6%) chunk=230.34 t/s avg=376.51 t/s 11.899s
1003 02:41:53 ds4-server: chat ctx=0..8201:8201 prefill chunk 4608/8201 (56.2%) chunk=232.86 t/s avg=370.17 t/s 12.448s
1003 02:41:53 ds4-server: chat ctx=0..8201:8201 prefill chunk 4736/8201 (57.7%) chunk=228.02 t/s avg=364.03 t/s 13.010s
1003 02:41:54 ds4-server: chat ctx=0..8201:8201 prefill chunk 4864/8201 (59.3%) chunk=234.55 t/s avg=358.82 t/s 13.555s
1003 02:41:54 ds4-server: chat ctx=0..8201:8201 prefill chunk 4992/8201 (60.9%) chunk=231.59 t/s avg=353.84 t/s 14.108s
1003 02:41:55 ds4-server: chat ctx=0..8201:8201 prefill chunk 5120/8201 (62.4%) chunk=244.84 t/s avg=349.94 t/s 14.631s
1003 02:41:55 ds4-server: chat ctx=0..8201:8201 prefill chunk 5248/8201 (64.0%) chunk=229.36 t/s avg=345.51 t/s 15.189s
1003 02:41:56 ds4-server: chat ctx=0..8201:8201 prefill chunk 5376/8201 (65.6%) chunk=230.71 t/s avg=341.47 t/s 15.744s
1003 02:41:56 ds4-server: chat ctx=0..8201:8201 prefill chunk 5504/8201 (67.1%) chunk=231.10 t/s avg=337.72 t/s 16.298s
1003 02:41:57 ds4-server: chat ctx=0..8201:8201 prefill chunk 5632/8201 (68.7%) chunk=235.38 t/s avg=334.41 t/s 16.842s
1003 02:41:57 ds4-server: chat ctx=0..8201:8201 prefill chunk 5760/8201 (70.2%) chunk=238.61 t/s avg=331.45 t/s 17.378s
1003 02:41:58 ds4-server: chat ctx=0..8201:8201 prefill chunk 5888/8201 (71.8%) chunk=247.32 t/s avg=329.02 t/s 17.896s
1003 02:41:58 ds4-server: chat ctx=0..8201:8201 prefill chunk 6016/8201 (73.4%) chunk=246.33 t/s avg=326.69 t/s 18.415s
1003 02:41:59 ds4-server: chat ctx=0..8201:8201 prefill chunk 6144/8201 (74.9%) chunk=242.93 t/s avg=324.36 t/s 18.942s
1003 02:42:00 ds4-server: chat ctx=0..8201:8201 prefill chunk 6272/8201 (76.5%) chunk=244.59 t/s avg=322.21 t/s 19.465s
1003 02:42:00 ds4-server: chat ctx=0..8201:8201 prefill chunk 6400/8201 (78.0%) chunk=241.02 t/s avg=320.06 t/s 19.996s
1003 02:42:01 ds4-server: chat ctx=0..8201:8201 prefill chunk 6528/8201 (79.6%) chunk=236.32 t/s avg=317.85 t/s 20.538s
1003 02:42:01 ds4-server: chat ctx=0..8201:8201 prefill chunk 6656/8201 (81.2%) chunk=240.97 t/s avg=315.91 t/s 21.069s
1003 02:42:02 ds4-server: chat ctx=0..8201:8201 prefill chunk 6784/8201 (82.7%) chunk=241.97 t/s avg=314.10 t/s 21.598s
1003 02:42:02 ds4-server: chat ctx=0..8201:8201 prefill chunk 6912/8201 (84.3%) chunk=248.35 t/s avg=312.57 t/s 22.114s
1003 02:42:03 ds4-server: chat ctx=0..8201:8201 prefill chunk 7040/8201 (85.8%) chunk=233.10 t/s avg=310.64 t/s 22.663s
1003 02:42:03 ds4-server: chat ctx=0..8201:8201 prefill chunk 7168/8201 (87.4%) chunk=243.09 t/s avg=309.11 t/s 23.189s
1003 02:42:04 ds4-server: chat ctx=0..8201:8201 prefill chunk 7296/8201 (89.0%) chunk=242.84 t/s avg=307.64 t/s 23.716s
1003 02:42:04 ds4-server: chat ctx=0..8201:8201 prefill chunk 7424/8201 (90.5%) chunk=228.85 t/s avg=305.82 t/s 24.276s
1003 02:42:05 ds4-server: chat ctx=0..8201:8201 prefill chunk 7552/8201 (92.1%) chunk=236.97 t/s avg=304.32 t/s 24.816s
1003 02:42:05 ds4-server: chat ctx=0..8201:8201 prefill chunk 7680/8201 (93.6%) chunk=247.51 t/s avg=303.16 t/s 25.333s
1003 02:42:06 ds4-server: chat ctx=0..8201:8201 prefill chunk 7808/8201 (95.2%) chunk=231.91 t/s avg=301.64 t/s 25.885s
1003 02:42:07 ds4-server: chat ctx=0..8201:8201 prefill chunk 7936/8201 (96.8%) chunk=238.68 t/s avg=300.36 t/s 26.421s
1003 02:42:07 ds4-server: chat ctx=0..8201:8201 prefill chunk 8064/8201 (98.3%) chunk=242.69 t/s avg=299.24 t/s 26.949s
1003 02:42:08 ds4-server: chat ctx=0..8201:8201 prefill chunk 8192/8201 (99.9%) chunk=226.84 t/s avg=297.75 t/s 27.513s
1003 02:42:08 ds4-server: chat ctx=0..8201:8201 prefill chunk 8201/8201 (100.0%) chunk=58.59 t/s avg=296.42 t/s 27.667s
1003 02:42:08 ds4-server: chat ctx=0..8201:8201 prompt done 27.667s
1003 02:42:08 ds4-server: chat ctx=8201..8251:50 gen=50 decoding chunk=1.81 t/s avg=1.81 t/s 27.685s
1003 02:42:10 ds4-server: chat ctx=8251..8301:50 gen=100 decoding chunk=25.68 t/s avg=3.37 t/s 29.632s
1003 02:42:10 ds4-server: chat ctx=8201..8251:50 gen=50 decoding chunk=25.45 t/s avg=25.45 t/s 1.965s
1003 02:42:12 ds4-server: chat ctx=8251..8301:50 gen=100 decoding chunk=25.61 t/s avg=25.53 t/s 3.917s
1003 02:42:12 ds4-server: chat ctx=8301..8351:50 gen=150 decoding chunk=25.61 t/s avg=4.75 t/s 31.584s
1003 02:42:14 ds4-server: chat ctx=8351..8401:50 gen=200 decoding chunk=25.59 t/s avg=5.96 t/s 33.538s
1003 02:42:14 ds4-server: chat ctx=8301..8351:50 gen=150 decoding chunk=25.59 t/s avg=25.55 t/s 5.871s
1003 02:42:16 ds4-server: chat ctx=8351..8401:50 gen=200 decoding chunk=25.60 t/s avg=25.56 t/s 7.824s
1003 02:42:16 ds4-server: chat ctx=8401..8451:50 gen=250 decoding chunk=25.60 t/s avg=7.04 t/s 35.491s
1003 02:42:16 ds4-server: chat ctx=8451..8457:6 gen=256 decoding chunk=25.59 t/s avg=7.17 t/s 35.725s
1003 02:42:16 ds4-server: chat ctx=0..8201:8201 gen=256 finish=length 63.237s
1003 02:42:16 slot 0: request reuses nothing; evicting checkpoint (8457 tokens, idle 0 s, protected)
1003 02:42:16 ds4-server: live kv cache miss live=8457 prompt=8201 common=17 vision=match reason=token-mismatch
1003 02:42:16 ds4-server: chat ctx=0..8201:8201 prompt start
1003 02:42:16 ds4-server: chat ctx=0..8201:8201 prefill chunk 128/8201 (1.6%) chunk=0.00 t/s avg=244.70 t/s 0.523s
1003 02:42:17 ds4-server: chat ctx=0..8201:8201 prefill chunk 256/8201 (3.1%) chunk=277.60 t/s avg=260.12 t/s 0.984s
1003 02:42:17 ds4-server: chat ctx=0..8201:8201 prefill chunk 384/8201 (4.7%) chunk=266.70 t/s avg=262.27 t/s 1.464s
1003 02:42:18 ds4-server: chat ctx=0..8201:8201 prefill chunk 512/8201 (6.2%) chunk=265.37 t/s avg=263.04 t/s 1.946s
1003 02:42:18 ds4-server: chat ctx=0..8201:8201 prefill chunk 640/8201 (7.8%) chunk=259.49 t/s avg=262.32 t/s 2.440s
1003 02:42:19 ds4-server: chat ctx=0..8201:8201 prefill chunk 768/8201 (9.4%) chunk=270.56 t/s avg=263.66 t/s 2.913s
1003 02:42:19 ds4-server: chat ctx=0..8201:8201 prefill chunk 896/8201 (10.9%) chunk=249.41 t/s avg=261.53 t/s 3.426s
1003 02:42:20 ds4-server: chat ctx=0..8201:8201 prefill chunk 1024/8201 (12.5%) chunk=245.43 t/s avg=259.40 t/s 3.948s
1003 02:42:20 ds4-server: chat ctx=0..8201:8201 prefill chunk 1152/8201 (14.0%) chunk=274.13 t/s avg=260.96 t/s 4.415s
1003 02:42:21 ds4-server: chat ctx=0..8201:8201 prefill chunk 1280/8201 (15.6%) chunk=269.59 t/s avg=261.80 t/s 4.889s
1003 02:42:21 ds4-server: chat ctx=0..8201:8201 prefill chunk 1408/8201 (17.2%) chunk=258.77 t/s avg=261.52 t/s 5.384s
1003 02:42:22 ds4-server: chat ctx=0..8201:8201 prefill chunk 1536/8201 (18.7%) chunk=256.61 t/s avg=261.10 t/s 5.883s
1003 02:42:22 ds4-server: chat ctx=0..8201:8201 prefill chunk 1664/8201 (20.3%) chunk=276.22 t/s avg=262.21 t/s 6.346s
1003 02:42:23 ds4-server: chat ctx=0..8201:8201 prefill chunk 1792/8201 (21.9%) chunk=257.00 t/s avg=261.83 t/s 6.844s
1003 02:42:23 ds4-server: chat ctx=0..8201:8201 prefill chunk 1920/8201 (23.4%) chunk=247.79 t/s avg=260.84 t/s 7.361s
1003 02:42:24 ds4-server: chat ctx=0..8201:8201 prefill chunk 2048/8201 (25.0%) chunk=261.63 t/s avg=260.89 t/s 7.850s
1003 02:42:24 ds4-server: chat ctx=0..8201:8201 prefill chunk 2176/8201 (26.5%) chunk=245.28 t/s avg=259.92 t/s 8.372s
1003 02:42:25 ds4-server: chat ctx=0..8201:8201 prefill chunk 2304/8201 (28.1%) chunk=248.85 t/s avg=259.28 t/s 8.886s
1003 02:42:25 ds4-server: chat ctx=0..8201:8201 prefill chunk 2432/8201 (29.7%) chunk=243.70 t/s avg=258.41 t/s 9.412s
1003 02:42:26 ds4-server: chat ctx=0..8201:8201 prefill chunk 2560/8201 (31.2%) chunk=249.41 t/s avg=257.94 t/s 9.925s
1003 02:42:26 ds4-server: chat ctx=0..8201:8201 prefill chunk 2688/8201 (32.8%) chunk=244.87 t/s avg=257.29 t/s 10.447s
1003 02:42:27 ds4-server: chat ctx=0..8201:8201 prefill chunk 2816/8201 (34.3%) chunk=245.59 t/s avg=256.73 t/s 10.969s
1003 02:42:27 ds4-server: chat ctx=0..8201:8201 prefill chunk 2944/8201 (35.9%) chunk=228.22 t/s avg=255.34 t/s 11.530s
1003 02:42:28 ds4-server: chat ctx=0..8201:8201 prefill chunk 3072/8201 (37.5%) chunk=248.16 t/s avg=255.04 t/s 12.045s
1003 02:42:28 ds4-server: chat ctx=0..8201:8201 prefill chunk 3200/8201 (39.0%) chunk=255.14 t/s avg=255.04 t/s 12.547s
1003 02:42:29 ds4-server: chat ctx=0..8201:8201 prefill chunk 3328/8201 (40.6%) chunk=253.04 t/s avg=254.96 t/s 13.053s
1003 02:42:29 ds4-server: chat ctx=0..8201:8201 prefill chunk 3456/8201 (42.1%) chunk=246.63 t/s avg=254.64 t/s 13.572s
1003 02:42:30 ds4-server: chat ctx=0..8201:8201 prefill chunk 3584/8201 (43.7%) chunk=240.28 t/s avg=254.10 t/s 14.105s
1003 02:42:30 ds4-server: chat ctx=0..8201:8201 prefill chunk 3712/8201 (45.3%) chunk=260.23 t/s avg=254.31 t/s 14.596s
1003 02:42:31 ds4-server: chat ctx=0..8201:8201 prefill chunk 3840/8201 (46.8%) chunk=252.04 t/s avg=254.23 t/s 15.104s
1003 02:42:31 ds4-server: chat ctx=0..8201:8201 prefill chunk 3968/8201 (48.4%) chunk=249.49 t/s avg=254.08 t/s 15.617s
1003 02:42:32 ds4-server: chat ctx=0..8201:8201 prefill chunk 4096/8201 (49.9%) chunk=237.28 t/s avg=253.52 t/s 16.157s
1003 02:42:33 ds4-server: chat ctx=0..8201:8201 prefill chunk 4224/8201 (51.5%) chunk=239.53 t/s avg=253.07 t/s 16.691s
1003 02:42:33 ds4-server: chat ctx=0..8201:8201 prefill chunk 4352/8201 (53.1%) chunk=240.69 t/s avg=252.69 t/s 17.223s
1003 02:42:34 ds4-server: chat ctx=0..8201:8201 prefill chunk 4480/8201 (54.6%) chunk=230.73 t/s avg=252.00 t/s 17.778s
1003 02:42:34 ds4-server: chat ctx=0..8201:8201 prefill chunk 4608/8201 (56.2%) chunk=232.55 t/s avg=251.42 t/s 18.328s
1003 02:42:35 ds4-server: chat ctx=0..8201:8201 prefill chunk 4736/8201 (57.7%) chunk=227.73 t/s avg=250.71 t/s 18.890s
1003 02:42:35 ds4-server: chat ctx=0..8201:8201 prefill chunk 4864/8201 (59.3%) chunk=233.62 t/s avg=250.23 t/s 19.438s
1003 02:42:36 ds4-server: chat ctx=0..8201:8201 prefill chunk 4992/8201 (60.9%) chunk=230.47 t/s avg=249.68 t/s 19.993s
1003 02:42:36 ds4-server: chat ctx=0..8201:8201 prefill chunk 5120/8201 (62.4%) chunk=243.13 t/s avg=249.51 t/s 20.520s
1003 02:42:37 ds4-server: chat ctx=0..8201:8201 prefill chunk 5248/8201 (64.0%) chunk=229.09 t/s avg=248.97 t/s 21.079s
1003 02:42:37 ds4-server: chat ctx=0..8201:8201 prefill chunk 5376/8201 (65.6%) chunk=231.44 t/s avg=248.52 t/s 21.632s
1003 02:42:37 ds4-server: chat ctx=8401..8451:50 gen=250 decoding chunk=2.28 t/s avg=8.41 t/s 29.727s
1003 02:42:38 ds4-server: chat ctx=0..8201:8201 prefill chunk 5504/8201 (67.1%) chunk=231.35 t/s avg=248.10 t/s 22.185s
1003 02:42:39 ds4-server: chat ctx=0..8201:8201 prefill chunk 5632/8201 (68.7%) chunk=235.59 t/s avg=247.80 t/s 22.728s
1003 02:42:39 ds4-server: chat ctx=0..8201:8201 prefill chunk 5760/8201 (70.2%) chunk=238.45 t/s avg=247.58 t/s 23.265s
1003 02:42:40 ds4-server: chat ctx=0..8201:8201 prefill chunk 5888/8201 (71.8%) chunk=248.16 t/s avg=247.59 t/s 23.781s
1003 02:42:40 ds4-server: chat ctx=0..8201:8201 prefill chunk 6016/8201 (73.4%) chunk=246.82 t/s avg=247.58 t/s 24.300s
1003 02:42:41 ds4-server: chat ctx=0..8201:8201 prefill chunk 6144/8201 (74.9%) chunk=240.79 t/s avg=247.43 t/s 24.831s
1003 02:42:41 ds4-server: chat ctx=8451..8457:6 gen=256 decoding chunk=1.88 t/s avg=7.77 t/s 32.926s
1003 02:42:41 ds4-server: chat ctx=0..8201:8201 gen=256 finish=length 60.593s
1003 02:42:41 slot 1: request reuses nothing; evicting checkpoint (8457 tokens, idle 0 s, protected)
1003 02:42:41 ds4-server: chat ctx=0..8201:8201 prefill chunk 6272/8201 (76.5%) chunk=244.69 t/s avg=247.37 t/s 25.354s
1003 02:42:43 ds4-server: chat ctx=0..8201:8201 prefill chunk 8192/8201 (99.9%) chunk=952.13 t/s avg=299.30 t/s 27.371s
1003 02:42:43 ds4-server: chat ctx=0..8201:8201 prefill chunk 8201/8201 (100.0%) chunk=66.03 t/s avg=298.14 t/s 27.507s
1003 02:42:43 ds4-server: chat ctx=0..8201:8201 prompt done 27.507s
1003 02:42:43 ds4-server: live kv cache miss live=8457 prompt=8201 common=17 vision=match reason=token-mismatch
1003 02:42:43 ds4-server: chat ctx=0..8201:8201 prompt start
1003 02:42:45 ds4-server: chat ctx=0..8201:8201 prefill chunk 2048/8201 (25.0%) chunk=0.00 t/s avg=1034.33 t/s 1.980s
1003 02:42:46 ds4-server: chat ctx=0..8201:8201 prefill chunk 2176/8201 (26.5%) chunk=254.21 t/s avg=876.17 t/s 2.484s
1003 02:42:46 ds4-server: chat ctx=0..8201:8201 prefill chunk 2304/8201 (28.1%) chunk=247.88 t/s avg=768.02 t/s 3.000s
1003 02:42:47 ds4-server: chat ctx=0..8201:8201 prefill chunk 2432/8201 (29.7%) chunk=243.41 t/s avg=689.78 t/s 3.526s
1003 02:42:47 ds4-server: chat ctx=0..8201:8201 prefill chunk 2560/8201 (31.2%) chunk=249.17 t/s avg=633.74 t/s 4.039s
1003 02:42:48 ds4-server: chat ctx=0..8201:8201 prefill chunk 2688/8201 (32.8%) chunk=245.23 t/s avg=589.29 t/s 4.561s
1003 02:42:48 ds4-server: chat ctx=0..8201:8201 prefill chunk 2816/8201 (34.3%) chunk=247.04 t/s avg=554.38 t/s 5.080s
1003 02:42:49 ds4-server: chat ctx=0..8201:8201 prefill chunk 2944/8201 (35.9%) chunk=227.91 t/s avg=521.88 t/s 5.641s
1003 02:42:49 ds4-server: chat ctx=0..8201:8201 prefill chunk 3072/8201 (37.5%) chunk=249.17 t/s avg=499.11 t/s 6.155s
1003 02:42:50 ds4-server: chat ctx=0..8201:8201 prefill chunk 3200/8201 (39.0%) chunk=254.67 t/s avg=480.66 t/s 6.658s
1003 02:42:50 ds4-server: chat ctx=0..8201:8201 prefill chunk 3328/8201 (40.6%) chunk=252.85 t/s avg=464.56 t/s 7.164s
1003 02:42:51 ds4-server: chat ctx=0..8201:8201 prefill chunk 3456/8201 (42.1%) chunk=246.94 t/s avg=449.88 t/s 7.682s
1003 02:42:52 ds4-server: chat ctx=0..8201:8201 prefill chunk 3584/8201 (43.7%) chunk=240.96 t/s avg=436.36 t/s 8.213s
1003 02:42:52 ds4-server: chat ctx=0..8201:8201 prefill chunk 3712/8201 (45.3%) chunk=259.66 t/s avg=426.36 t/s 8.706s
1003 02:42:53 ds4-server: chat ctx=0..8201:8201 prefill chunk 3840/8201 (46.8%) chunk=252.01 t/s avg=416.75 t/s 9.214s
1003 02:42:53 ds4-server: chat ctx=0..8201:8201 prefill chunk 3968/8201 (48.4%) chunk=248.93 t/s avg=407.88 t/s 9.728s
1003 02:42:54 ds4-server: chat ctx=0..8201:8201 prefill chunk 4096/8201 (49.9%) chunk=236.48 t/s avg=398.85 t/s 10.270s
1003 02:42:54 ds4-server: chat ctx=0..8201:8201 prefill chunk 4224/8201 (51.5%) chunk=240.08 t/s avg=391.01 t/s 10.803s
1003 02:42:55 ds4-server: chat ctx=0..8201:8201 prefill chunk 4352/8201 (53.1%) chunk=240.46 t/s avg=383.94 t/s 11.335s
1003 02:42:55 ds4-server: chat ctx=0..8201:8201 prefill chunk 4480/8201 (54.6%) chunk=230.65 t/s avg=376.79 t/s 11.890s
1003 02:42:56 ds4-server: chat ctx=0..8201:8201 prefill chunk 4608/8201 (56.2%) chunk=232.87 t/s avg=370.43 t/s 12.440s
1003 02:42:56 ds4-server: chat ctx=0..8201:8201 prefill chunk 4736/8201 (57.7%) chunk=228.37 t/s avg=364.30 t/s 13.000s
1003 02:42:57 ds4-server: chat ctx=0..8201:8201 prefill chunk 4864/8201 (59.3%) chunk=235.31 t/s avg=359.12 t/s 13.544s
1003 02:42:57 ds4-server: chat ctx=0..8201:8201 prefill chunk 4992/8201 (60.9%) chunk=230.68 t/s avg=354.07 t/s 14.099s
1003 02:42:58 ds4-server: chat ctx=0..8201:8201 prefill chunk 5120/8201 (62.4%) chunk=244.02 t/s avg=350.12 t/s 14.624s
1003 02:42:59 ds4-server: chat ctx=0..8201:8201 prefill chunk 5248/8201 (64.0%) chunk=230.65 t/s avg=345.75 t/s 15.179s
1003 02:42:59 ds4-server: chat ctx=0..8201:8201 prefill chunk 5376/8201 (65.6%) chunk=230.85 t/s avg=341.70 t/s 15.733s
1003 02:43:00 ds4-server: chat ctx=0..8201:8201 prefill chunk 5504/8201 (67.1%) chunk=231.19 t/s avg=337.95 t/s 16.287s
1003 02:43:00 ds4-server: chat ctx=0..8201:8201 prefill chunk 5632/8201 (68.7%) chunk=236.20 t/s avg=334.67 t/s 16.829s
1003 02:43:01 ds4-server: chat ctx=0..8201:8201 prefill chunk 5760/8201 (70.2%) chunk=240.15 t/s avg=331.77 t/s 17.362s
1003 02:43:01 ds4-server: chat ctx=0..8201:8201 prefill chunk 5888/8201 (71.8%) chunk=247.83 t/s avg=329.34 t/s 17.878s
1003 02:43:02 ds4-server: chat ctx=0..8201:8201 prefill chunk 6016/8201 (73.4%) chunk=247.70 t/s avg=327.05 t/s 18.395s
1003 02:43:02 ds4-server: chat ctx=0..8201:8201 prefill chunk 6144/8201 (74.9%) chunk=242.69 t/s avg=324.70 t/s 18.922s
1003 02:43:03 ds4-server: chat ctx=0..8201:8201 prefill chunk 6272/8201 (76.5%) chunk=244.36 t/s avg=322.53 t/s 19.446s
1003 02:43:03 ds4-server: chat ctx=0..8201:8201 prefill chunk 6400/8201 (78.0%) chunk=240.86 t/s avg=320.36 t/s 19.977s
1003 02:43:04 ds4-server: chat ctx=0..8201:8201 prefill chunk 6528/8201 (79.6%) chunk=236.64 t/s avg=318.15 t/s 20.518s
1003 02:43:04 ds4-server: chat ctx=0..8201:8201 prefill chunk 6656/8201 (81.2%) chunk=241.32 t/s avg=316.22 t/s 21.049s
1003 02:43:05 ds4-server: chat ctx=0..8201:8201 prefill chunk 6784/8201 (82.7%) chunk=240.54 t/s avg=314.35 t/s 21.581s
1003 02:43:05 ds4-server: chat ctx=0..8201:8201 prefill chunk 6912/8201 (84.3%) chunk=248.53 t/s avg=312.82 t/s 22.096s
1003 02:43:06 ds4-server: chat ctx=0..8201:8201 prefill chunk 7040/8201 (85.8%) chunk=233.05 t/s avg=310.88 t/s 22.645s
1003 02:43:07 ds4-server: chat ctx=0..8201:8201 prefill chunk 7168/8201 (87.4%) chunk=243.79 t/s avg=309.36 t/s 23.170s
1003 02:43:07 ds4-server: chat ctx=0..8201:8201 prefill chunk 7296/8201 (89.0%) chunk=242.68 t/s avg=307.88 t/s 23.698s
1003 02:43:08 ds4-server: chat ctx=0..8201:8201 prefill chunk 7424/8201 (90.5%) chunk=229.01 t/s avg=306.06 t/s 24.257s
1003 02:43:08 ds4-server: chat ctx=0..8201:8201 prefill chunk 7552/8201 (92.1%) chunk=237.25 t/s avg=304.56 t/s 24.796s
1003 02:43:09 ds4-server: chat ctx=0..8201:8201 prefill chunk 7680/8201 (93.6%) chunk=247.21 t/s avg=303.39 t/s 25.314s
1003 02:43:09 ds4-server: chat ctx=0..8201:8201 prefill chunk 7808/8201 (95.2%) chunk=232.65 t/s avg=301.89 t/s 25.864s
1003 02:43:10 ds4-server: chat ctx=0..8201:8201 prefill chunk 7936/8201 (96.8%) chunk=239.35 t/s avg=300.62 t/s 26.399s
1003 02:43:10 ds4-server: chat ctx=0..8201:8201 prefill chunk 8064/8201 (98.3%) chunk=242.30 t/s avg=299.47 t/s 26.927s
1003 02:43:11 ds4-server: chat ctx=0..8201:8201 prefill chunk 8192/8201 (99.9%) chunk=226.09 t/s avg=297.96 t/s 27.493s
1003 02:43:11 ds4-server: chat ctx=0..8201:8201 prefill chunk 8201/8201 (100.0%) chunk=58.61 t/s avg=296.63 t/s 27.647s
1003 02:43:11 ds4-server: chat ctx=0..8201:8201 prompt done 27.647s
1003 02:43:11 ds4-server: chat ctx=8201..8251:50 gen=50 decoding chunk=1.81 t/s avg=1.81 t/s 27.665s
1003 02:43:13 ds4-server: chat ctx=8201..8251:50 gen=50 decoding chunk=25.43 t/s avg=25.43 t/s 1.966s
1003 02:43:13 ds4-server: chat ctx=8251..8301:50 gen=100 decoding chunk=25.66 t/s avg=3.38 t/s 29.613s
1003 02:43:15 ds4-server: chat ctx=8251..8301:50 gen=100 decoding chunk=25.60 t/s avg=25.52 t/s 3.919s
1003 02:43:15 ds4-server: chat ctx=8301..8351:50 gen=150 decoding chunk=25.60 t/s avg=4.75 t/s 31.566s
1003 02:43:17 ds4-server: chat ctx=8301..8351:50 gen=150 decoding chunk=25.59 t/s avg=25.54 t/s 5.873s
1003 02:43:17 ds4-server: chat ctx=8351..8401:50 gen=200 decoding chunk=25.59 t/s avg=5.97 t/s 33.520s
1003 02:43:19 ds4-server: chat ctx=8351..8401:50 gen=200 decoding chunk=25.57 t/s avg=25.55 t/s 7.829s
1003 02:43:19 ds4-server: chat ctx=8401..8451:50 gen=250 decoding chunk=25.57 t/s avg=7.05 t/s 35.475s
1003 02:43:19 ds4-server: chat ctx=8451..8457:6 gen=256 decoding chunk=25.61 t/s avg=7.17 t/s 35.710s
1003 02:43:19 ds4-server: chat ctx=0..8201:8201 gen=256 finish=length 63.217s
1003 02:43:19 slot 0: request reuses nothing; evicting checkpoint (8457 tokens, idle 0 s, protected)
1003 02:43:19 ds4-server: live kv cache miss live=8457 prompt=8201 common=17 vision=match reason=token-mismatch
1003 02:43:19 ds4-server: chat ctx=0..8201:8201 prompt start
1003 02:43:20 ds4-server: chat ctx=0..8201:8201 prefill chunk 128/8201 (1.6%) chunk=0.00 t/s avg=245.01 t/s 0.522s
1003 02:43:20 ds4-server: chat ctx=0..8201:8201 prefill chunk 256/8201 (3.1%) chunk=277.34 t/s avg=260.17 t/s 0.984s
1003 02:43:21 ds4-server: chat ctx=0..8201:8201 prefill chunk 384/8201 (4.7%) chunk=266.91 t/s avg=262.38 t/s 1.464s
1003 02:43:21 ds4-server: chat ctx=0..8201:8201 prefill chunk 512/8201 (6.2%) chunk=265.05 t/s avg=263.04 t/s 1.946s
1003 02:43:21 ds4-server: chat ctx=0..8201:8201 prefill chunk 640/8201 (7.8%) chunk=259.86 t/s avg=262.40 t/s 2.439s
1003 02:43:22 ds4-server: chat ctx=0..8201:8201 prefill chunk 768/8201 (9.4%) chunk=270.45 t/s avg=263.71 t/s 2.912s
1003 02:43:22 ds4-server: chat ctx=0..8201:8201 prefill chunk 896/8201 (10.9%) chunk=250.19 t/s avg=261.69 t/s 3.424s
1003 02:43:23 ds4-server: chat ctx=0..8201:8201 prefill chunk 1024/8201 (12.5%) chunk=245.82 t/s avg=259.59 t/s 3.945s
1003 02:43:23 ds4-server: chat ctx=0..8201:8201 prefill chunk 1152/8201 (14.0%) chunk=275.04 t/s avg=261.22 t/s 4.410s
1003 02:43:24 ds4-server: chat ctx=0..8201:8201 prefill chunk 1280/8201 (15.6%) chunk=269.08 t/s avg=261.99 t/s 4.886s
1003 02:43:24 ds4-server: chat ctx=0..8201:8201 prefill chunk 1408/8201 (17.2%) chunk=258.86 t/s avg=261.70 t/s 5.380s
1003 02:43:25 ds4-server: chat ctx=0..8201:8201 prefill chunk 1536/8201 (18.7%) chunk=256.68 t/s avg=261.28 t/s 5.879s
1003 02:43:25 ds4-server: chat ctx=0..8201:8201 prefill chunk 1664/8201 (20.3%) chunk=276.45 t/s avg=262.38 t/s 6.342s
1003 02:43:26 ds4-server: chat ctx=0..8201:8201 prefill chunk 1792/8201 (21.9%) chunk=256.76 t/s avg=261.97 t/s 6.840s
1003 02:43:26 ds4-server: chat ctx=0..8201:8201 prefill chunk 1920/8201 (23.4%) chunk=248.22 t/s avg=261.01 t/s 7.356s
1003 02:43:27 ds4-server: chat ctx=0..8201:8201 prefill chunk 2048/8201 (25.0%) chunk=261.48 t/s avg=261.04 t/s 7.846s
1003 02:43:27 ds4-server: chat ctx=0..8201:8201 prefill chunk 2176/8201 (26.5%) chunk=246.21 t/s avg=260.12 t/s 8.365s
1003 02:43:28 ds4-server: chat ctx=0..8201:8201 prefill chunk 2304/8201 (28.1%) chunk=246.37 t/s avg=259.31 t/s 8.885s
1003 02:43:28 ds4-server: chat ctx=0..8201:8201 prefill chunk 2432/8201 (29.7%) chunk=243.15 t/s avg=258.41 t/s 9.411s
1003 02:43:29 ds4-server: chat ctx=0..8201:8201 prefill chunk 2560/8201 (31.2%) chunk=248.72 t/s avg=257.91 t/s 9.926s
1003 02:43:30 ds4-server: chat ctx=0..8201:8201 prefill chunk 2688/8201 (32.8%) chunk=246.01 t/s avg=257.31 t/s 10.446s
1003 02:43:30 ds4-server: chat ctx=0..8201:8201 prefill chunk 2816/8201 (34.3%) chunk=246.28 t/s avg=256.79 t/s 10.966s
1003 02:43:31 ds4-server: chat ctx=0..8201:8201 prefill chunk 2944/8201 (35.9%) chunk=227.32 t/s avg=255.35 t/s 11.529s
1003 02:43:31 ds4-server: chat ctx=0..8201:8201 prefill chunk 3072/8201 (37.5%) chunk=248.23 t/s avg=255.05 t/s 12.045s
1003 02:43:32 ds4-server: chat ctx=0..8201:8201 prefill chunk 3200/8201 (39.0%) chunk=255.62 t/s avg=255.07 t/s 12.546s
1003 02:43:32 ds4-server: chat ctx=0..8201:8201 prefill chunk 3328/8201 (40.6%) chunk=252.50 t/s avg=254.97 t/s 13.052s
1003 02:43:33 ds4-server: chat ctx=0..8201:8201 prefill chunk 3456/8201 (42.1%) chunk=247.63 t/s avg=254.69 t/s 13.569s
1003 02:43:33 ds4-server: chat ctx=0..8201:8201 prefill chunk 3584/8201 (43.7%) chunk=239.58 t/s avg=254.12 t/s 14.104s
1003 02:43:34 ds4-server: chat ctx=0..8201:8201 prefill chunk 3712/8201 (45.3%) chunk=259.13 t/s avg=254.29 t/s 14.598s
1003 02:43:34 ds4-server: chat ctx=0..8201:8201 prefill chunk 3840/8201 (46.8%) chunk=251.43 t/s avg=254.19 t/s 15.107s
1003 02:43:35 ds4-server: chat ctx=0..8201:8201 prefill chunk 3968/8201 (48.4%) chunk=248.57 t/s avg=254.01 t/s 15.622s
1003 02:43:35 ds4-server: chat ctx=0..8201:8201 prefill chunk 4096/8201 (49.9%) chunk=236.21 t/s avg=253.41 t/s 16.164s
1003 02:43:36 ds4-server: chat ctx=0..8201:8201 prefill chunk 4224/8201 (51.5%) chunk=239.54 t/s avg=252.97 t/s 16.698s
1003 02:43:36 ds4-server: chat ctx=0..8201:8201 prefill chunk 4352/8201 (53.1%) chunk=239.44 t/s avg=252.55 t/s 17.232s
1003 02:43:37 ds4-server: chat ctx=0..8201:8201 prefill chunk 4480/8201 (54.6%) chunk=231.30 t/s avg=251.89 t/s 17.786s
1003 02:43:37 ds4-server: chat ctx=0..8201:8201 prefill chunk 4608/8201 (56.2%) chunk=232.04 t/s avg=251.29 t/s 18.337s
1003 02:43:38 ds4-server: chat ctx=0..8201:8201 prefill chunk 4736/8201 (57.7%) chunk=227.90 t/s avg=250.59 t/s 18.899s
1003 02:43:39 ds4-server: chat ctx=0..8201:8201 prefill chunk 4864/8201 (59.3%) chunk=234.25 t/s avg=250.13 t/s 19.446s
1003 02:43:39 ds4-server: chat ctx=0..8201:8201 prefill chunk 4992/8201 (60.9%) chunk=231.19 t/s avg=249.61 t/s 19.999s
1003 02:43:40 ds4-server: chat ctx=0..8201:8201 prefill chunk 5120/8201 (62.4%) chunk=243.84 t/s avg=249.46 t/s 20.524s
1003 02:43:40 ds4-server: chat ctx=0..8201:8201 prefill chunk 5248/8201 (64.0%) chunk=229.90 t/s avg=248.95 t/s 21.081s
1003 02:43:41 ds4-server: chat ctx=0..8201:8201 prefill chunk 5376/8201 (65.6%) chunk=231.90 t/s avg=248.51 t/s 21.633s
1003 02:43:41 ds4-server: chat ctx=8401..8451:50 gen=250 decoding chunk=2.28 t/s avg=8.41 t/s 29.732s
1003 02:43:41 ds4-server: chat ctx=0..8201:8201 prefill chunk 5504/8201 (67.1%) chunk=231.69 t/s avg=248.09 t/s 22.185s
1003 02:43:42 ds4-server: chat ctx=0..8201:8201 prefill chunk 5632/8201 (68.7%) chunk=234.47 t/s avg=247.76 t/s 22.731s
1003 02:43:42 ds4-server: chat ctx=0..8201:8201 prefill chunk 5760/8201 (70.2%) chunk=239.56 t/s avg=247.58 t/s 23.266s
1003 02:43:43 ds4-server: chat ctx=0..8201:8201 prefill chunk 5888/8201 (71.8%) chunk=247.70 t/s avg=247.58 t/s 23.782s
1003 02:43:43 ds4-server: chat ctx=0..8201:8201 prefill chunk 6016/8201 (73.4%) chunk=246.11 t/s avg=247.55 t/s 24.302s
1003 02:43:44 ds4-server: chat ctx=0..8201:8201 prefill chunk 6144/8201 (74.9%) chunk=242.01 t/s avg=247.43 t/s 24.831s
1003 02:43:44 ds4-server: chat ctx=8451..8457:6 gen=256 decoding chunk=1.88 t/s avg=7.77 t/s 32.931s
1003 02:43:44 ds4-server: chat ctx=0..8201:8201 gen=256 finish=length 60.578s
1003 02:43:44 slot 1: request reuses nothing; evicting checkpoint (8457 tokens, idle 0 s, protected)
1003 02:43:44 ds4-server: chat ctx=0..8201:8201 prefill chunk 6272/8201 (76.5%) chunk=243.92 t/s avg=247.36 t/s 25.356s
1003 02:43:46 ds4-server: chat ctx=0..8201:8201 prefill chunk 8192/8201 (99.9%) chunk=952.20 t/s avg=299.28 t/s 27.372s
1003 02:43:47 ds4-server: chat ctx=0..8201:8201 prefill chunk 8201/8201 (100.0%) chunk=65.86 t/s avg=298.12 t/s 27.509s
1003 02:43:47 ds4-server: chat ctx=0..8201:8201 prompt done 27.509s
1003 02:43:47 ds4-server: live kv cache miss live=8457 prompt=8201 common=17 vision=match reason=token-mismatch
1003 02:43:47 ds4-server: chat ctx=0..8201:8201 prompt start
1003 02:43:49 ds4-server: chat ctx=0..8201:8201 prefill chunk 2048/8201 (25.0%) chunk=0.00 t/s avg=1034.19 t/s 1.980s
1003 02:43:49 ds4-server: chat ctx=0..8201:8201 prefill chunk 2176/8201 (26.5%) chunk=254.54 t/s avg=876.30 t/s 2.483s
1003 02:43:50 ds4-server: chat ctx=0..8201:8201 prefill chunk 2304/8201 (28.1%) chunk=248.47 t/s avg=768.43 t/s 2.998s
1003 02:43:50 ds4-server: chat ctx=0..8201:8201 prefill chunk 2432/8201 (29.7%) chunk=243.32 t/s avg=690.05 t/s 3.524s
1003 02:43:51 ds4-server: chat ctx=0..8201:8201 prefill chunk 2560/8201 (31.2%) chunk=250.60 t/s avg=634.43 t/s 4.035s
1003 02:43:51 ds4-server: chat ctx=0..8201:8201 prefill chunk 2688/8201 (32.8%) chunk=245.63 t/s avg=589.96 t/s 4.556s
1003 02:43:52 ds4-server: chat ctx=0..8201:8201 prefill chunk 2816/8201 (34.3%) chunk=246.35 t/s avg=554.78 t/s 5.076s
1003 02:43:52 ds4-server: chat ctx=0..8201:8201 prefill chunk 2944/8201 (35.9%) chunk=228.71 t/s avg=522.40 t/s 5.636s
1003 02:43:53 ds4-server: chat ctx=0..8201:8201 prefill chunk 3072/8201 (37.5%) chunk=249.40 t/s avg=499.61 t/s 6.149s
1003 02:43:53 ds4-server: chat ctx=0..8201:8201 prefill chunk 3200/8201 (39.0%) chunk=254.17 t/s avg=481.03 t/s 6.652s
1003 02:43:54 ds4-server: chat ctx=0..8201:8201 prefill chunk 3328/8201 (40.6%) chunk=253.01 t/s avg=464.92 t/s 7.158s
1003 02:43:54 ds4-server: chat ctx=0..8201:8201 prefill chunk 3456/8201 (42.1%) chunk=246.90 t/s avg=450.19 t/s 7.677s
1003 02:43:55 ds4-server: chat ctx=0..8201:8201 prefill chunk 3584/8201 (43.7%) chunk=240.74 t/s avg=436.63 t/s 8.208s
1003 02:43:55 ds4-server: chat ctx=0..8201:8201 prefill chunk 3712/8201 (45.3%) chunk=259.96 t/s avg=426.63 t/s 8.701s
1003 02:43:56 ds4-server: chat ctx=0..8201:8201 prefill chunk 3840/8201 (46.8%) chunk=252.10 t/s avg=417.01 t/s 9.208s
1003 02:43:56 ds4-server: chat ctx=0..8201:8201 prefill chunk 3968/8201 (48.4%) chunk=249.71 t/s avg=408.18 t/s 9.721s
1003 02:43:57 ds4-server: chat ctx=0..8201:8201 prefill chunk 4096/8201 (49.9%) chunk=236.35 t/s avg=399.12 t/s 10.263s
1003 02:43:57 ds4-server: chat ctx=0..8201:8201 prefill chunk 4224/8201 (51.5%) chunk=240.43 t/s avg=391.29 t/s 10.795s
1003 02:43:58 ds4-server: chat ctx=0..8201:8201 prefill chunk 4352/8201 (53.1%) chunk=239.62 t/s avg=384.14 t/s 11.329s
1003 02:43:58 ds4-server: chat ctx=0..8201:8201 prefill chunk 4480/8201 (54.6%) chunk=231.90 t/s avg=377.07 t/s 11.881s
1003 02:43:59 ds4-server: chat ctx=0..8201:8201 prefill chunk 4608/8201 (56.2%) chunk=232.91 t/s avg=370.69 t/s 12.431s
1003 02:44:00 ds4-server: chat ctx=0..8201:8201 prefill chunk 4736/8201 (57.7%) chunk=228.13 t/s avg=364.54 t/s 12.992s
1003 02:44:00 ds4-server: chat ctx=0..8201:8201 prefill chunk 4864/8201 (59.3%) chunk=235.04 t/s avg=359.33 t/s 13.536s
1003 02:44:01 ds4-server: chat ctx=0..8201:8201 prefill chunk 4992/8201 (60.9%) chunk=231.75 t/s avg=354.32 t/s 14.089s
1003 02:44:01 ds4-server: chat ctx=0..8201:8201 prefill chunk 5120/8201 (62.4%) chunk=245.18 t/s avg=350.42 t/s 14.611s
1003 02:44:02 ds4-server: chat ctx=0..8201:8201 prefill chunk 5248/8201 (64.0%) chunk=229.76 t/s avg=345.99 t/s 15.168s
1003 02:44:02 ds4-server: chat ctx=0..8201:8201 prefill chunk 5376/8201 (65.6%) chunk=232.01 t/s avg=341.99 t/s 15.720s
1003 02:44:03 ds4-server: chat ctx=0..8201:8201 prefill chunk 5504/8201 (67.1%) chunk=231.20 t/s avg=338.22 t/s 16.273s
1003 02:44:03 ds4-server: chat ctx=0..8201:8201 prefill chunk 5632/8201 (68.7%) chunk=235.52 t/s avg=334.90 t/s 16.817s
1003 02:44:04 ds4-server: chat ctx=0..8201:8201 prefill chunk 5760/8201 (70.2%) chunk=239.14 t/s avg=331.95 t/s 17.352s
1003 02:44:04 ds4-server: chat ctx=0..8201:8201 prefill chunk 5888/8201 (71.8%) chunk=247.64 t/s avg=329.51 t/s 17.869s
1003 02:44:05 ds4-server: chat ctx=0..8201:8201 prefill chunk 6016/8201 (73.4%) chunk=246.69 t/s avg=327.17 t/s 18.388s
1003 02:44:05 ds4-server: chat ctx=0..8201:8201 prefill chunk 6144/8201 (74.9%) chunk=242.79 t/s avg=324.82 t/s 18.915s
1003 02:44:06 ds4-server: chat ctx=0..8201:8201 prefill chunk 6272/8201 (76.5%) chunk=244.69 t/s avg=322.67 t/s 19.438s
1003 02:44:07 ds4-server: chat ctx=0..8201:8201 prefill chunk 6400/8201 (78.0%) chunk=240.78 t/s avg=320.49 t/s 19.970s
1003 02:44:07 ds4-server: chat ctx=0..8201:8201 prefill chunk 6528/8201 (79.6%) chunk=236.87 t/s avg=318.28 t/s 20.510s
1003 02:44:08 ds4-server: chat ctx=0..8201:8201 prefill chunk 6656/8201 (81.2%) chunk=240.39 t/s avg=316.31 t/s 21.043s
1003 02:44:08 ds4-server: chat ctx=0..8201:8201 prefill chunk 6784/8201 (82.7%) chunk=241.07 t/s avg=314.46 t/s 21.574s
1003 02:44:09 ds4-server: chat ctx=0..8201:8201 prefill chunk 6912/8201 (84.3%) chunk=248.88 t/s avg=312.93 t/s 22.088s
1003 02:44:09 ds4-server: chat ctx=0..8201:8201 prefill chunk 7040/8201 (85.8%) chunk=231.92 t/s avg=310.96 t/s 22.640s
1003 02:44:10 ds4-server: chat ctx=0..8201:8201 prefill chunk 7168/8201 (87.4%) chunk=243.65 t/s avg=309.43 t/s 23.165s
1003 02:44:10 ds4-server: chat ctx=0..8201:8201 prefill chunk 7296/8201 (89.0%) chunk=243.04 t/s avg=307.96 t/s 23.692s
1003 02:44:11 ds4-server: chat ctx=0..8201:8201 prefill chunk 7424/8201 (90.5%) chunk=228.52 t/s avg=306.12 t/s 24.252s
1003 02:44:11 ds4-server: chat ctx=0..8201:8201 prefill chunk 7552/8201 (92.1%) chunk=237.35 t/s avg=304.62 t/s 24.791s
1003 02:44:12 ds4-server: chat ctx=0..8201:8201 prefill chunk 7680/8201 (93.6%) chunk=248.11 t/s avg=303.47 t/s 25.307s
1003 02:44:12 ds4-server: chat ctx=0..8201:8201 prefill chunk 7808/8201 (95.2%) chunk=231.59 t/s avg=301.94 t/s 25.860s
1003 02:44:13 ds4-server: chat ctx=0..8201:8201 prefill chunk 7936/8201 (96.8%) chunk=240.66 t/s avg=300.70 t/s 26.392s
1003 02:44:13 ds4-server: chat ctx=0..8201:8201 prefill chunk 8064/8201 (98.3%) chunk=242.92 t/s avg=299.57 t/s 26.919s
1003 02:44:14 ds4-server: chat ctx=0..8201:8201 prefill chunk 8192/8201 (99.9%) chunk=226.60 t/s avg=298.07 t/s 27.483s
1003 02:44:14 ds4-server: chat ctx=0..8201:8201 prefill chunk 8201/8201 (100.0%) chunk=58.62 t/s avg=296.74 t/s 27.637s
1003 02:44:14 ds4-server: chat ctx=0..8201:8201 prompt done 27.637s
1003 02:44:14 ds4-server: chat ctx=8201..8251:50 gen=50 decoding chunk=1.81 t/s avg=1.81 t/s 27.655s
1003 02:44:16 ds4-server: chat ctx=8201..8251:50 gen=50 decoding chunk=25.43 t/s avg=25.43 t/s 1.966s
1003 02:44:16 ds4-server: chat ctx=8251..8301:50 gen=100 decoding chunk=25.66 t/s avg=3.38 t/s 29.603s
1003 02:44:18 ds4-server: chat ctx=8251..8301:50 gen=100 decoding chunk=25.61 t/s avg=25.52 t/s 3.918s
1003 02:44:18 ds4-server: chat ctx=8301..8351:50 gen=150 decoding chunk=25.61 t/s avg=4.75 t/s 31.555s
1003 02:44:20 ds4-server: chat ctx=8351..8401:50 gen=200 decoding chunk=25.60 t/s avg=5.97 t/s 33.509s
1003 02:44:20 ds4-server: chat ctx=8301..8351:50 gen=150 decoding chunk=25.60 t/s avg=25.55 t/s 5.872s
1003 02:44:22 ds4-server: chat ctx=8351..8401:50 gen=200 decoding chunk=25.59 t/s avg=25.56 t/s 7.826s
1003 02:44:22 ds4-server: chat ctx=8401..8451:50 gen=250 decoding chunk=25.59 t/s avg=7.05 t/s 35.463s
1003 02:44:22 ds4-server: chat ctx=8451..8457:6 gen=256 decoding chunk=25.61 t/s avg=7.17 t/s 35.697s
1003 02:44:22 ds4-server: chat ctx=0..8201:8201 gen=256 finish=length 63.206s
1003 02:44:22 slot 0: request reuses nothing; evicting checkpoint (8457 tokens, idle 0 s, protected)
1003 02:44:22 ds4-server: live kv cache miss live=8457 prompt=8201 common=17 vision=match reason=token-mismatch
1003 02:44:22 ds4-server: chat ctx=0..8201:8201 prompt start
1003 02:44:23 ds4-server: chat ctx=0..8201:8201 prefill chunk 128/8201 (1.6%) chunk=0.00 t/s avg=243.74 t/s 0.525s
1003 02:44:23 ds4-server: chat ctx=0..8201:8201 prefill chunk 256/8201 (3.1%) chunk=278.03 t/s avg=259.76 t/s 0.986s
1003 02:44:24 ds4-server: chat ctx=0..8201:8201 prefill chunk 384/8201 (4.7%) chunk=267.06 t/s avg=262.15 t/s 1.465s
1003 02:44:24 ds4-server: chat ctx=0..8201:8201 prefill chunk 512/8201 (6.2%) chunk=265.46 t/s avg=262.97 t/s 1.947s
1003 02:44:25 ds4-server: chat ctx=0..8201:8201 prefill chunk 640/8201 (7.8%) chunk=260.42 t/s avg=262.45 t/s 2.439s
1003 02:44:25 ds4-server: chat ctx=0..8201:8201 prefill chunk 768/8201 (9.4%) chunk=269.77 t/s avg=263.65 t/s 2.913s
1003 02:44:26 ds4-server: chat ctx=0..8201:8201 prefill chunk 896/8201 (10.9%) chunk=250.06 t/s avg=261.61 t/s 3.425s
1003 02:44:26 ds4-server: chat ctx=0..8201:8201 prefill chunk 1024/8201 (12.5%) chunk=245.85 t/s avg=259.53 t/s 3.946s
1003 02:44:27 ds4-server: chat ctx=0..8201:8201 prefill chunk 1152/8201 (14.0%) chunk=275.39 t/s avg=261.20 t/s 4.410s
1003 02:44:27 ds4-server: chat ctx=0..8201:8201 prefill chunk 1280/8201 (15.6%) chunk=269.46 t/s avg=262.01 t/s 4.885s
1003 02:44:28 ds4-server: chat ctx=0..8201:8201 prefill chunk 1408/8201 (17.2%) chunk=260.19 t/s avg=261.84 t/s 5.377s
1003 02:44:28 ds4-server: chat ctx=0..8201:8201 prefill chunk 1536/8201 (18.7%) chunk=255.90 t/s avg=261.34 t/s 5.878s
1003 02:44:29 ds4-server: chat ctx=0..8201:8201 prefill chunk 1664/8201 (20.3%) chunk=276.33 t/s avg=262.43 t/s 6.341s
1003 02:44:29 ds4-server: chat ctx=0..8201:8201 prefill chunk 1792/8201 (21.9%) chunk=257.03 t/s avg=262.04 t/s 6.839s
1003 02:44:30 ds4-server: chat ctx=0..8201:8201 prefill chunk 1920/8201 (23.4%) chunk=247.68 t/s avg=261.03 t/s 7.356s
1003 02:44:30 ds4-server: chat ctx=0..8201:8201 prefill chunk 2048/8201 (25.0%) chunk=262.01 t/s avg=261.09 t/s 7.844s
1003 02:44:31 ds4-server: chat ctx=0..8201:8201 prefill chunk 2176/8201 (26.5%) chunk=245.50 t/s avg=260.12 t/s 8.365s
1003 02:44:31 ds4-server: chat ctx=0..8201:8201 prefill chunk 2304/8201 (28.1%) chunk=247.88 t/s avg=259.41 t/s 8.882s
1003 02:44:32 ds4-server: chat ctx=0..8201:8201 prefill chunk 2432/8201 (29.7%) chunk=243.43 t/s avg=258.51 t/s 9.408s
1003 02:44:32 ds4-server: chat ctx=0..8201:8201 prefill chunk 2560/8201 (31.2%) chunk=249.67 t/s avg=258.06 t/s 9.920s
1003 02:44:33 ds4-server: chat ctx=0..8201:8201 prefill chunk 2688/8201 (32.8%) chunk=246.21 t/s avg=257.47 t/s 10.440s
1003 02:44:33 ds4-server: chat ctx=0..8201:8201 prefill chunk 2816/8201 (34.3%) chunk=246.17 t/s avg=256.93 t/s 10.960s
1003 02:44:34 ds4-server: chat ctx=0..8201:8201 prefill chunk 2944/8201 (35.9%) chunk=227.97 t/s avg=255.52 t/s 11.522s
1003 02:44:34 ds4-server: chat ctx=0..8201:8201 prefill chunk 3072/8201 (37.5%) chunk=249.11 t/s avg=255.25 t/s 12.035s
1003 02:44:35 ds4-server: chat ctx=0..8201:8201 prefill chunk 3200/8201 (39.0%) chunk=254.79 t/s avg=255.23 t/s 12.538s
1003 02:44:35 ds4-server: chat ctx=0..8201:8201 prefill chunk 3328/8201 (40.6%) chunk=253.26 t/s avg=255.15 t/s 13.043s
1003 02:44:36 ds4-server: chat ctx=0..8201:8201 prefill chunk 3456/8201 (42.1%) chunk=246.71 t/s avg=254.83 t/s 13.562s
1003 02:44:36 ds4-server: chat ctx=0..8201:8201 prefill chunk 3584/8201 (43.7%) chunk=240.73 t/s avg=254.30 t/s 14.094s
1003 02:44:37 ds4-server: chat ctx=0..8201:8201 prefill chunk 3712/8201 (45.3%) chunk=258.55 t/s avg=254.44 t/s 14.589s
1003 02:44:37 ds4-server: chat ctx=0..8201:8201 prefill chunk 3840/8201 (46.8%) chunk=250.81 t/s avg=254.32 t/s 15.099s
1003 02:44:38 ds4-server: chat ctx=0..8201:8201 prefill chunk 3968/8201 (48.4%) chunk=249.23 t/s avg=254.15 t/s 15.613s
1003 02:44:38 ds4-server: chat ctx=0..8201:8201 prefill chunk 4096/8201 (49.9%) chunk=237.67 t/s avg=253.60 t/s 16.151s
1003 02:44:39 ds4-server: chat ctx=0..8201:8201 prefill chunk 4224/8201 (51.5%) chunk=240.57 t/s avg=253.19 t/s 16.683s
1003 02:44:39 ds4-server: chat ctx=0..8201:8201 prefill chunk 4352/8201 (53.1%) chunk=241.43 t/s avg=252.82 t/s 17.214s
1003 02:44:40 ds4-server: chat ctx=0..8201:8201 prefill chunk 4480/8201 (54.6%) chunk=231.78 t/s avg=252.17 t/s 17.766s
1003 02:44:41 ds4-server: chat ctx=0..8201:8201 prefill chunk 4608/8201 (56.2%) chunk=233.55 t/s avg=251.61 t/s 18.314s
1003 02:44:41 ds4-server: chat ctx=0..8201:8201 prefill chunk 4736/8201 (57.7%) chunk=229.03 t/s avg=250.94 t/s 18.873s
1003 02:44:42 ds4-server: chat ctx=0..8201:8201 prefill chunk 4864/8201 (59.3%) chunk=234.14 t/s avg=250.47 t/s 19.419s
1003 02:44:42 ds4-server: chat ctx=0..8201:8201 prefill chunk 4992/8201 (60.9%) chunk=232.04 t/s avg=249.96 t/s 19.971s
1003 02:44:43 ds4-server: chat ctx=0..8201:8201 prefill chunk 5120/8201 (62.4%) chunk=243.76 t/s avg=249.80 t/s 20.496s
1003 02:44:43 ds4-server: chat ctx=0..8201:8201 prefill chunk 5248/8201 (64.0%) chunk=229.45 t/s avg=249.26 t/s 21.054s
1003 02:44:44 ds4-server: chat ctx=0..8201:8201 prefill chunk 5376/8201 (65.6%) chunk=232.07 t/s avg=248.82 t/s 21.606s
1003 02:44:44 ds4-server: chat ctx=8401..8451:50 gen=250 decoding chunk=2.29 t/s avg=8.42 t/s 29.702s
1003 02:44:44 ds4-server: chat ctx=0..8201:8201 prefill chunk 5504/8201 (67.1%) chunk=231.59 t/s avg=248.39 t/s 22.158s
1003 02:44:45 ds4-server: chat ctx=0..8201:8201 prefill chunk 5632/8201 (68.7%) chunk=236.57 t/s avg=248.11 t/s 22.699s
1003 02:44:46 ds4-server: chat ctx=0..8201:8201 prefill chunk 5760/8201 (70.2%) chunk=238.51 t/s avg=247.89 t/s 23.236s
1003 02:44:46 ds4-server: chat ctx=0..8201:8201 prefill chunk 5888/8201 (71.8%) chunk=247.50 t/s avg=247.88 t/s 23.753s
1003 02:44:47 ds4-server: chat ctx=0..8201:8201 prefill chunk 6016/8201 (73.4%) chunk=247.18 t/s avg=247.87 t/s 24.271s
1003 02:44:47 ds4-server: chat ctx=0..8201:8201 prefill chunk 6144/8201 (74.9%) chunk=242.56 t/s avg=247.75 t/s 24.799s
1003 02:44:47 ds4-server: chat ctx=8451..8457:6 gen=256 decoding chunk=1.88 t/s avg=7.78 t/s 32.895s
1003 02:44:47 ds4-server: chat ctx=0..8201:8201 gen=256 finish=length 60.532s
1003 02:44:47 slot 1: request reuses nothing; evicting checkpoint (8457 tokens, idle 0 s, protected)
1003 02:44:48 ds4-server: chat ctx=0..8201:8201 prefill chunk 6272/8201 (76.5%) chunk=244.30 t/s avg=247.68 t/s 25.323s
1003 02:44:50 ds4-server: chat ctx=0..8201:8201 prefill chunk 8192/8201 (99.9%) chunk=951.52 t/s avg=299.63 t/s 27.341s
1003 02:44:50 ds4-server: chat ctx=0..8201:8201 prefill chunk 8201/8201 (100.0%) chunk=65.97 t/s avg=298.47 t/s 27.477s
1003 02:44:50 ds4-server: chat ctx=0..8201:8201 prompt done 27.477s
1003 02:44:50 ds4-server: live kv cache miss live=8457 prompt=8201 common=17 vision=match reason=token-mismatch
1003 02:44:50 ds4-server: chat ctx=0..8201:8201 prompt start
1003 02:44:52 ds4-server: chat ctx=0..8201:8201 prefill chunk 2048/8201 (25.0%) chunk=0.00 t/s avg=1034.06 t/s 1.981s
1003 02:44:52 ds4-server: chat ctx=0..8201:8201 prefill chunk 2176/8201 (26.5%) chunk=254.42 t/s avg=876.13 t/s 2.484s
1003 02:44:53 ds4-server: chat ctx=0..8201:8201 prefill chunk 2304/8201 (28.1%) chunk=247.99 t/s avg=768.05 t/s 3.000s
1003 02:44:53 ds4-server: chat ctx=0..8201:8201 prefill chunk 2432/8201 (29.7%) chunk=242.73 t/s avg=689.51 t/s 3.527s
1003 02:44:54 ds4-server: chat ctx=0..8201:8201 prefill chunk 2560/8201 (31.2%) chunk=249.13 t/s avg=633.52 t/s 4.041s
1003 02:44:54 ds4-server: chat ctx=0..8201:8201 prefill chunk 2688/8201 (32.8%) chunk=244.82 t/s avg=588.99 t/s 4.564s
1003 02:44:55 ds4-server: chat ctx=0..8201:8201 prefill chunk 2816/8201 (34.3%) chunk=247.82 t/s avg=554.30 t/s 5.080s
1003 02:44:55 ds4-server: chat ctx=0..8201:8201 prefill chunk 2944/8201 (35.9%) chunk=227.57 t/s avg=521.73 t/s 5.643s
1003 02:44:56 ds4-server: chat ctx=0..8201:8201 prefill chunk 3072/8201 (37.5%) chunk=248.39 t/s avg=498.86 t/s 6.158s
1003 02:44:56 ds4-server: chat ctx=0..8201:8201 prefill chunk 3200/8201 (39.0%) chunk=254.68 t/s avg=480.43 t/s 6.661s
1003 02:44:57 ds4-server: chat ctx=0..8201:8201 prefill chunk 3328/8201 (40.6%) chunk=252.71 t/s avg=464.34 t/s 7.167s
1003 02:44:57 ds4-server: chat ctx=0..8201:8201 prefill chunk 3456/8201 (42.1%) chunk=246.83 t/s avg=449.66 t/s 7.686s
1003 02:44:58 ds4-server: chat ctx=0..8201:8201 prefill chunk 3584/8201 (43.7%) chunk=240.57 t/s avg=436.13 t/s 8.218s
1003 02:44:58 ds4-server: chat ctx=0..8201:8201 prefill chunk 3712/8201 (45.3%) chunk=259.26 t/s avg=426.10 t/s 8.712s
1003 02:44:59 ds4-server: chat ctx=0..8201:8201 prefill chunk 3840/8201 (46.8%) chunk=250.96 t/s avg=416.42 t/s 9.222s
1003 02:44:59 ds4-server: chat ctx=0..8201:8201 prefill chunk 3968/8201 (48.4%) chunk=249.74 t/s avg=407.64 t/s 9.734s
1003 02:45:00 ds4-server: chat ctx=0..8201:8201 prefill chunk 4096/8201 (49.9%) chunk=236.83 t/s avg=398.65 t/s 10.275s
1003 02:45:01 ds4-server: chat ctx=0..8201:8201 prefill chunk 4224/8201 (51.5%) chunk=240.88 t/s avg=390.90 t/s 10.806s
1003 02:45:01 ds4-server: chat ctx=0..8201:8201 prefill chunk 4352/8201 (53.1%) chunk=240.21 t/s avg=383.81 t/s 11.339s
1003 02:45:02 ds4-server: chat ctx=0..8201:8201 prefill chunk 4480/8201 (54.6%) chunk=231.01 t/s avg=376.70 t/s 11.893s
1003 02:45:02 ds4-server: chat ctx=0..8201:8201 prefill chunk 4608/8201 (56.2%) chunk=232.72 t/s avg=370.33 t/s 12.443s
1003 02:45:03 ds4-server: chat ctx=0..8201:8201 prefill chunk 4736/8201 (57.7%) chunk=228.26 t/s avg=364.21 t/s 13.004s
1003 02:45:03 ds4-server: chat ctx=0..8201:8201 prefill chunk 4864/8201 (59.3%) chunk=234.62 t/s avg=358.99 t/s 13.549s
1003 02:45:04 ds4-server: chat ctx=0..8201:8201 prefill chunk 4992/8201 (60.9%) chunk=230.77 t/s avg=353.95 t/s 14.104s
1003 02:45:04 ds4-server: chat ctx=0..8201:8201 prefill chunk 5120/8201 (62.4%) chunk=244.91 t/s avg=350.05 t/s 14.627s
1003 02:45:05 ds4-server: chat ctx=0..8201:8201 prefill chunk 5248/8201 (64.0%) chunk=228.89 t/s avg=345.59 t/s 15.186s
1003 02:45:06 ds4-server: chat ctx=0..8201:8201 prefill chunk 5376/8201 (65.6%) chunk=231.36 t/s avg=341.57 t/s 15.739s
1003 02:45:06 ds4-server: chat ctx=0..8201:8201 prefill chunk 5504/8201 (67.1%) chunk=231.85 t/s avg=337.85 t/s 16.291s
1003 02:45:07 ds4-server: chat ctx=0..8201:8201 prefill chunk 5632/8201 (68.7%) chunk=235.79 t/s avg=334.56 t/s 16.834s
1003 02:45:07 ds4-server: chat ctx=0..8201:8201 prefill chunk 5760/8201 (70.2%) chunk=238.19 t/s avg=331.58 t/s 17.371s
1003 02:45:08 ds4-server: chat ctx=0..8201:8201 prefill chunk 5888/8201 (71.8%) chunk=247.47 t/s avg=329.15 t/s 17.889s
1003 02:45:08 ds4-server: chat ctx=0..8201:8201 prefill chunk 6016/8201 (73.4%) chunk=246.74 t/s avg=326.83 t/s 18.407s
1003 02:45:09 ds4-server: chat ctx=0..8201:8201 prefill chunk 6144/8201 (74.9%) chunk=242.75 t/s avg=324.49 t/s 18.935s
1003 02:45:09 ds4-server: chat ctx=0..8201:8201 prefill chunk 6272/8201 (76.5%) chunk=244.53 t/s avg=322.33 t/s 19.458s
1003 02:45:10 ds4-server: chat ctx=0..8201:8201 prefill chunk 6400/8201 (78.0%) chunk=241.22 t/s avg=320.18 t/s 19.989s
1003 02:45:10 ds4-server: chat ctx=0..8201:8201 prefill chunk 6528/8201 (79.6%) chunk=236.35 t/s avg=317.97 t/s 20.530s
1003 02:45:11 ds4-server: chat ctx=0..8201:8201 prefill chunk 6656/8201 (81.2%) chunk=240.14 t/s avg=316.00 t/s 21.063s
1003 02:45:11 ds4-server: chat ctx=0..8201:8201 prefill chunk 6784/8201 (82.7%) chunk=240.68 t/s avg=314.14 t/s 21.595s
1003 02:45:12 ds4-server: chat ctx=0..8201:8201 prefill chunk 6912/8201 (84.3%) chunk=248.35 t/s avg=312.61 t/s 22.111s
1003 02:45:12 ds4-server: chat ctx=0..8201:8201 prefill chunk 7040/8201 (85.8%) chunk=232.95 t/s avg=310.68 t/s 22.660s
1003 02:45:13 ds4-server: chat ctx=0..8201:8201 prefill chunk 7168/8201 (87.4%) chunk=243.23 t/s avg=309.15 t/s 23.186s
1003 02:45:13 ds4-server: chat ctx=0..8201:8201 prefill chunk 7296/8201 (89.0%) chunk=242.52 t/s avg=307.67 t/s 23.714s
1003 02:45:14 ds4-server: chat ctx=0..8201:8201 prefill chunk 7424/8201 (90.5%) chunk=228.62 t/s avg=305.84 t/s 24.274s
1003 02:45:15 ds4-server: chat ctx=0..8201:8201 prefill chunk 7552/8201 (92.1%) chunk=236.91 t/s avg=304.34 t/s 24.814s
1003 02:45:15 ds4-server: chat ctx=0..8201:8201 prefill chunk 7680/8201 (93.6%) chunk=247.12 t/s avg=303.17 t/s 25.332s
1003 02:45:16 ds4-server: chat ctx=0..8201:8201 prefill chunk 7808/8201 (95.2%) chunk=231.29 t/s avg=301.64 t/s 25.886s
1003 02:45:16 ds4-server: chat ctx=0..8201:8201 prefill chunk 7936/8201 (96.8%) chunk=239.36 t/s avg=300.37 t/s 26.420s
1003 02:45:17 ds4-server: chat ctx=0..8201:8201 prefill chunk 8064/8201 (98.3%) chunk=242.43 t/s avg=299.24 t/s 26.948s
1003 02:45:17 ds4-server: chat ctx=0..8201:8201 prefill chunk 8192/8201 (99.9%) chunk=226.54 t/s avg=297.75 t/s 27.513s
1003 02:45:17 ds4-server: chat ctx=0..8201:8201 prefill chunk 8201/8201 (100.0%) chunk=58.63 t/s avg=296.42 t/s 27.667s
1003 02:45:17 ds4-server: chat ctx=0..8201:8201 prompt done 27.667s
1003 02:45:17 ds4-server: chat ctx=8201..8251:50 gen=50 decoding chunk=1.81 t/s avg=1.81 t/s 27.685s
1003 02:45:19 ds4-server: chat ctx=8251..8301:50 gen=100 decoding chunk=25.67 t/s avg=3.37 t/s 29.632s
1003 02:45:19 ds4-server: chat ctx=8201..8251:50 gen=50 decoding chunk=25.44 t/s avg=25.44 t/s 1.965s
1003 02:45:21 ds4-server: chat ctx=8251..8301:50 gen=100 decoding chunk=25.59 t/s avg=25.52 t/s 3.919s
1003 02:45:21 ds4-server: chat ctx=8301..8351:50 gen=150 decoding chunk=25.59 t/s avg=4.75 t/s 31.586s
1003 02:45:23 ds4-server: chat ctx=8351..8401:50 gen=200 decoding chunk=25.57 t/s avg=5.96 t/s 33.541s
1003 02:45:23 ds4-server: chat ctx=8301..8351:50 gen=150 decoding chunk=25.57 t/s avg=25.54 t/s 5.874s
1003 02:45:25 ds4-server: chat ctx=8401..8451:50 gen=250 decoding chunk=25.57 t/s avg=7.04 t/s 35.497s
1003 02:45:25 ds4-server: chat ctx=8351..8401:50 gen=200 decoding chunk=25.57 t/s avg=25.54 t/s 7.830s
1003 02:45:25 ds4-server: chat ctx=8451..8457:6 gen=256 decoding chunk=25.53 t/s avg=7.16 t/s 35.732s
1003 02:45:25 ds4-server: chat ctx=0..8201:8201 gen=256 finish=length 63.209s
1003 02:45:25 slot 0: request reuses nothing; evicting checkpoint (8457 tokens, idle 0 s, protected)
1003 02:45:26 ds4-server: live kv cache miss live=8457 prompt=8201 common=17 vision=match reason=token-mismatch
1003 02:45:26 ds4-server: chat ctx=0..8201:8201 prompt start
1003 02:45:26 ds4-server: chat ctx=0..8201:8201 prefill chunk 128/8201 (1.6%) chunk=0.00 t/s avg=243.94 t/s 0.525s
1003 02:45:26 ds4-server: chat ctx=0..8201:8201 prefill chunk 256/8201 (3.1%) chunk=277.41 t/s avg=259.60 t/s 0.986s
1003 02:45:27 ds4-server: chat ctx=0..8201:8201 prefill chunk 384/8201 (4.7%) chunk=266.43 t/s avg=261.84 t/s 1.467s
1003 02:45:27 ds4-server: chat ctx=0..8201:8201 prefill chunk 512/8201 (6.2%) chunk=265.52 t/s avg=262.75 t/s 1.949s
1003 02:45:28 ds4-server: chat ctx=0..8201:8201 prefill chunk 640/8201 (7.8%) chunk=259.98 t/s avg=262.19 t/s 2.441s
1003 02:45:28 ds4-server: chat ctx=0..8201:8201 prefill chunk 768/8201 (9.4%) chunk=270.19 t/s avg=263.49 t/s 2.915s
1003 02:45:29 ds4-server: chat ctx=0..8201:8201 prefill chunk 896/8201 (10.9%) chunk=250.72 t/s avg=261.59 t/s 3.425s
1003 02:45:29 ds4-server: chat ctx=0..8201:8201 prefill chunk 1024/8201 (12.5%) chunk=245.63 t/s avg=259.48 t/s 3.946s
1003 02:45:30 ds4-server: chat ctx=0..8201:8201 prefill chunk 1152/8201 (14.0%) chunk=274.84 t/s avg=261.10 t/s 4.412s
1003 02:45:30 ds4-server: chat ctx=0..8201:8201 prefill chunk 1280/8201 (15.6%) chunk=268.58 t/s avg=261.83 t/s 4.889s
1003 02:45:31 ds4-server: chat ctx=0..8201:8201 prefill chunk 1408/8201 (17.2%) chunk=259.54 t/s avg=261.62 t/s 5.382s
1003 02:45:31 ds4-server: chat ctx=0..8201:8201 prefill chunk 1536/8201 (18.7%) chunk=255.80 t/s avg=261.12 t/s 5.882s
1003 02:45:32 ds4-server: chat ctx=0..8201:8201 prefill chunk 1664/8201 (20.3%) chunk=276.81 t/s avg=262.27 t/s 6.345s
1003 02:45:32 ds4-server: chat ctx=0..8201:8201 prefill chunk 1792/8201 (21.9%) chunk=256.11 t/s avg=261.82 t/s 6.844s
1003 02:45:33 ds4-server: chat ctx=0..8201:8201 prefill chunk 1920/8201 (23.4%) chunk=248.40 t/s avg=260.88 t/s 7.360s
1003 02:45:33 ds4-server: chat ctx=0..8201:8201 prefill chunk 2048/8201 (25.0%) chunk=261.59 t/s avg=260.92 t/s 7.849s
1003 02:45:34 ds4-server: chat ctx=0..8201:8201 prefill chunk 2176/8201 (26.5%) chunk=245.68 t/s avg=259.97 t/s 8.370s
1003 02:45:34 ds4-server: chat ctx=0..8201:8201 prefill chunk 2304/8201 (28.1%) chunk=247.37 t/s avg=259.24 t/s 8.887s
1003 02:45:35 ds4-server: chat ctx=0..8201:8201 prefill chunk 2432/8201 (29.7%) chunk=242.69 t/s avg=258.31 t/s 9.415s
1003 02:45:35 ds4-server: chat ctx=0..8201:8201 prefill chunk 2560/8201 (31.2%) chunk=249.11 t/s avg=257.84 t/s 9.929s
1003 02:45:36 ds4-server: chat ctx=0..8201:8201 prefill chunk 2688/8201 (32.8%) chunk=246.47 t/s avg=257.27 t/s 10.448s
1003 02:45:36 ds4-server: chat ctx=0..8201:8201 prefill chunk 2816/8201 (34.3%) chunk=245.17 t/s avg=256.70 t/s 10.970s
1003 02:45:37 ds4-server: chat ctx=0..8201:8201 prefill chunk 2944/8201 (35.9%) chunk=227.75 t/s avg=255.29 t/s 11.532s
1003 02:45:38 ds4-server: chat ctx=0..8201:8201 prefill chunk 3072/8201 (37.5%) chunk=248.93 t/s avg=255.01 t/s 12.046s
1003 02:45:38 ds4-server: chat ctx=0..8201:8201 prefill chunk 3200/8201 (39.0%) chunk=254.54 t/s avg=255.00 t/s 12.549s
1003 02:45:39 ds4-server: chat ctx=0..8201:8201 prefill chunk 3328/8201 (40.6%) chunk=252.50 t/s avg=254.90 t/s 13.056s
1003 02:45:39 ds4-server: chat ctx=0..8201:8201 prefill chunk 3456/8201 (42.1%) chunk=246.81 t/s avg=254.59 t/s 13.575s
1003 02:45:40 ds4-server: chat ctx=0..8201:8201 prefill chunk 3584/8201 (43.7%) chunk=240.09 t/s avg=254.04 t/s 14.108s
1003 02:45:40 ds4-server: chat ctx=0..8201:8201 prefill chunk 3712/8201 (45.3%) chunk=260.29 t/s avg=254.25 t/s 14.600s
1003 02:45:41 ds4-server: chat ctx=0..8201:8201 prefill chunk 3840/8201 (46.8%) chunk=251.14 t/s avg=254.15 t/s 15.109s
1003 02:45:41 ds4-server: chat ctx=0..8201:8201 prefill chunk 3968/8201 (48.4%) chunk=249.11 t/s avg=253.98 t/s 15.623s
1003 02:45:42 ds4-server: chat ctx=0..8201:8201 prefill chunk 4096/8201 (49.9%) chunk=234.88 t/s avg=253.34 t/s 16.168s
1003 02:45:42 ds4-server: chat ctx=0..8201:8201 prefill chunk 4224/8201 (51.5%) chunk=239.22 t/s avg=252.89 t/s 16.703s
1003 02:45:43 ds4-server: chat ctx=0..8201:8201 prefill chunk 4352/8201 (53.1%) chunk=239.19 t/s avg=252.46 t/s 17.238s
1003 02:45:43 ds4-server: chat ctx=0..8201:8201 prefill chunk 4480/8201 (54.6%) chunk=231.02 t/s avg=251.79 t/s 17.792s
1003 02:45:44 ds4-server: chat ctx=0..8201:8201 prefill chunk 4608/8201 (56.2%) chunk=231.52 t/s avg=251.18 t/s 18.345s
1003 02:45:44 ds4-server: chat ctx=0..8201:8201 prefill chunk 4736/8201 (57.7%) chunk=228.37 t/s avg=250.51 t/s 18.906s
1003 02:45:45 ds4-server: chat ctx=0..8201:8201 prefill chunk 4864/8201 (59.3%) chunk=233.72 t/s avg=250.03 t/s 19.453s
1003 02:45:46 ds4-server: chat ctx=0..8201:8201 prefill chunk 4992/8201 (60.9%) chunk=230.55 t/s avg=249.49 t/s 20.009s
1003 02:45:46 ds4-server: chat ctx=0..8201:8201 prefill chunk 5120/8201 (62.4%) chunk=244.14 t/s avg=249.36 t/s 20.533s
1003 02:45:47 ds4-server: chat ctx=0..8201:8201 prefill chunk 5248/8201 (64.0%) chunk=229.60 t/s avg=248.83 t/s 21.090s
1003 02:45:47 ds4-server: chat ctx=0..8201:8201 prefill chunk 5376/8201 (65.6%) chunk=231.46 t/s avg=248.39 t/s 21.643s
1003 02:45:47 ds4-server: chat ctx=8401..8451:50 gen=250 decoding chunk=2.28 t/s avg=8.40 t/s 29.745s
1003 02:45:48 ds4-server: chat ctx=0..8201:8201 prefill chunk 5504/8201 (67.1%) chunk=231.62 t/s avg=247.97 t/s 22.196s
1003 02:45:48 ds4-server: chat ctx=0..8201:8201 prefill chunk 5632/8201 (68.7%) chunk=236.01 t/s avg=247.69 t/s 22.738s
1003 02:45:49 ds4-server: chat ctx=0..8201:8201 prefill chunk 5760/8201 (70.2%) chunk=238.29 t/s avg=247.47 t/s 23.276s
1003 02:45:49 ds4-server: chat ctx=0..8201:8201 prefill chunk 5888/8201 (71.8%) chunk=248.71 t/s avg=247.50 t/s 23.790s
1003 02:45:50 ds4-server: chat ctx=0..8201:8201 prefill chunk 6016/8201 (73.4%) chunk=247.10 t/s avg=247.49 t/s 24.308s
1003 02:45:50 ds4-server: chat ctx=0..8201:8201 prefill chunk 6144/8201 (74.9%) chunk=242.46 t/s avg=247.38 t/s 24.836s
1003 02:45:50 ds4-server: chat ctx=8451..8457:6 gen=256 decoding chunk=1.88 t/s avg=7.77 t/s 32.937s
1003 02:45:50 ds4-server: chat ctx=0..8201:8201 gen=256 finish=length 60.604s
1003 02:45:50 slot 1: request reuses nothing; evicting checkpoint (8457 tokens, idle 0 s, protected)
1003 02:45:51 ds4-server: chat ctx=0..8201:8201 prefill chunk 6272/8201 (76.5%) chunk=243.70 t/s avg=247.31 t/s 25.361s
1003 02:45:53 ds4-server: chat ctx=0..8201:8201 prefill chunk 8192/8201 (99.9%) chunk=951.19 t/s avg=299.20 t/s 27.380s
1003 02:45:53 ds4-server: chat ctx=0..8201:8201 prefill chunk 8201/8201 (100.0%) chunk=65.96 t/s avg=298.04 t/s 27.516s
1003 02:45:53 ds4-server: chat ctx=0..8201:8201 prompt done 27.516s
1003 02:45:53 ds4-server: live kv cache miss live=8457 prompt=8201 common=17 vision=match reason=token-mismatch
1003 02:45:53 ds4-server: chat ctx=0..8201:8201 prompt start
1003 02:45:55 ds4-server: chat ctx=0..8201:8201 prefill chunk 2048/8201 (25.0%) chunk=0.00 t/s avg=1034.75 t/s 1.979s
1003 02:45:56 ds4-server: chat ctx=0..8201:8201 prefill chunk 2176/8201 (26.5%) chunk=253.96 t/s avg=876.27 t/s 2.483s
1003 02:45:56 ds4-server: chat ctx=0..8201:8201 prefill chunk 2304/8201 (28.1%) chunk=247.93 t/s avg=768.12 t/s 3.000s
1003 02:45:57 ds4-server: chat ctx=0..8201:8201 prefill chunk 2432/8201 (29.7%) chunk=243.13 t/s avg=689.73 t/s 3.526s
1003 02:45:57 ds4-server: chat ctx=0..8201:8201 prefill chunk 2560/8201 (31.2%) chunk=250.00 t/s avg=633.98 t/s 4.038s
1003 02:45:58 ds4-server: chat ctx=0..8201:8201 prefill chunk 2688/8201 (32.8%) chunk=246.10 t/s avg=589.72 t/s 4.558s
1003 02:45:58 ds4-server: chat ctx=0..8201:8201 prefill chunk 2816/8201 (34.3%) chunk=247.07 t/s avg=554.75 t/s 5.076s
1003 02:45:59 ds4-server: chat ctx=0..8201:8201 prefill chunk 2944/8201 (35.9%) chunk=226.77 t/s avg=521.93 t/s 5.641s
1003 02:45:59 ds4-server: chat ctx=0..8201:8201 prefill chunk 3072/8201 (37.5%) chunk=249.74 t/s avg=499.26 t/s 6.153s
1003 02:46:00 ds4-server: chat ctx=0..8201:8201 prefill chunk 3200/8201 (39.0%) chunk=254.58 t/s avg=480.77 t/s 6.656s
1003 02:46:00 ds4-server: chat ctx=0..8201:8201 prefill chunk 3328/8201 (40.6%) chunk=252.65 t/s avg=464.64 t/s 7.163s
1003 02:46:01 ds4-server: chat ctx=0..8201:8201 prefill chunk 3456/8201 (42.1%) chunk=246.57 t/s avg=449.90 t/s 7.682s
1003 02:46:01 ds4-server: chat ctx=0..8201:8201 prefill chunk 3584/8201 (43.7%) chunk=240.62 t/s avg=436.35 t/s 8.214s
1003 02:46:02 ds4-server: chat ctx=0..8201:8201 prefill chunk 3712/8201 (45.3%) chunk=259.83 t/s avg=426.36 t/s 8.706s
1003 02:46:02 ds4-server: chat ctx=0..8201:8201 prefill chunk 3840/8201 (46.8%) chunk=250.84 t/s avg=416.64 t/s 9.217s
1003 02:46:03 ds4-server: chat ctx=0..8201:8201 prefill chunk 3968/8201 (48.4%) chunk=249.02 t/s avg=407.79 t/s 9.731s
1003 02:46:03 ds4-server: chat ctx=0..8201:8201 prefill chunk 4096/8201 (49.9%) chunk=236.79 t/s avg=398.79 t/s 10.271s
1003 02:46:04 ds4-server: chat ctx=0..8201:8201 prefill chunk 4224/8201 (51.5%) chunk=239.64 t/s avg=390.92 t/s 10.805s
1003 02:46:04 ds4-server: chat ctx=0..8201:8201 prefill chunk 4352/8201 (53.1%) chunk=239.19 t/s avg=383.76 t/s 11.340s
1003 02:46:05 ds4-server: chat ctx=0..8201:8201 prefill chunk 4480/8201 (54.6%) chunk=231.66 t/s avg=376.69 t/s 11.893s
1003 02:46:05 ds4-server: chat ctx=0..8201:8201 prefill chunk 4608/8201 (56.2%) chunk=233.70 t/s avg=370.40 t/s 12.441s
1003 02:46:06 ds4-server: chat ctx=0..8201:8201 prefill chunk 4736/8201 (57.7%) chunk=229.22 t/s avg=364.33 t/s 12.999s
1003 02:46:07 ds4-server: chat ctx=0..8201:8201 prefill chunk 4864/8201 (59.3%) chunk=234.30 t/s avg=359.09 t/s 13.545s
1003 02:46:07 ds4-server: chat ctx=0..8201:8201 prefill chunk 4992/8201 (60.9%) chunk=231.62 t/s avg=354.09 t/s 14.098s
1003 02:46:08 ds4-server: chat ctx=0..8201:8201 prefill chunk 5120/8201 (62.4%) chunk=245.29 t/s avg=350.21 t/s 14.620s
1003 02:46:08 ds4-server: chat ctx=0..8201:8201 prefill chunk 5248/8201 (64.0%) chunk=228.53 t/s avg=345.72 t/s 15.180s
1003 02:46:09 ds4-server: chat ctx=0..8201:8201 prefill chunk 5376/8201 (65.6%) chunk=232.10 t/s avg=341.74 t/s 15.731s
1003 02:46:09 ds4-server: chat ctx=0..8201:8201 prefill chunk 5504/8201 (67.1%) chunk=230.65 t/s avg=337.95 t/s 16.286s
1003 02:46:10 ds4-server: chat ctx=0..8201:8201 prefill chunk 5632/8201 (68.7%) chunk=236.46 t/s avg=334.69 t/s 16.828s
1003 02:46:10 ds4-server: chat ctx=0..8201:8201 prefill chunk 5760/8201 (70.2%) chunk=237.73 t/s avg=331.68 t/s 17.366s
1003 02:46:11 ds4-server: chat ctx=0..8201:8201 prefill chunk 5888/8201 (71.8%) chunk=248.16 t/s avg=329.27 t/s 17.882s
1003 02:46:11 ds4-server: chat ctx=0..8201:8201 prefill chunk 6016/8201 (73.4%) chunk=246.59 t/s avg=326.94 t/s 18.401s
1003 02:46:12 ds4-server: chat ctx=0..8201:8201 prefill chunk 6144/8201 (74.9%) chunk=241.30 t/s avg=324.54 t/s 18.931s
1003 02:46:12 ds4-server: chat ctx=0..8201:8201 prefill chunk 6272/8201 (76.5%) chunk=243.73 t/s avg=322.36 t/s 19.457s
1003 02:46:13 ds4-server: chat ctx=0..8201:8201 prefill chunk 6400/8201 (78.0%) chunk=240.95 t/s avg=320.19 t/s 19.988s
1003 02:46:14 ds4-server: chat ctx=0..8201:8201 prefill chunk 6528/8201 (79.6%) chunk=235.05 t/s avg=317.94 t/s 20.532s
1003 02:46:14 ds4-server: chat ctx=0..8201:8201 prefill chunk 6656/8201 (81.2%) chunk=240.97 t/s avg=316.00 t/s 21.064s
1003 02:46:15 ds4-server: chat ctx=0..8201:8201 prefill chunk 6784/8201 (82.7%) chunk=239.74 t/s avg=314.11 t/s 21.598s
1003 02:46:15 ds4-server: chat ctx=0..8201:8201 prefill chunk 6912/8201 (84.3%) chunk=247.54 t/s avg=312.55 t/s 22.115s
1003 02:46:16 ds4-server: chat ctx=0..8201:8201 prefill chunk 7040/8201 (85.8%) chunk=232.80 t/s avg=310.62 t/s 22.664s
1003 02:46:16 ds4-server: chat ctx=0..8201:8201 prefill chunk 7168/8201 (87.4%) chunk=243.26 t/s avg=309.09 t/s 23.191s
1003 02:46:17 ds4-server: chat ctx=0..8201:8201 prefill chunk 7296/8201 (89.0%) chunk=242.32 t/s avg=307.60 t/s 23.719s
1003 02:46:17 ds4-server: chat ctx=0..8201:8201 prefill chunk 7424/8201 (90.5%) chunk=229.12 t/s avg=305.80 t/s 24.278s
1003 02:46:18 ds4-server: chat ctx=0..8201:8201 prefill chunk 7552/8201 (92.1%) chunk=236.17 t/s avg=304.28 t/s 24.820s
1003 02:46:18 ds4-server: chat ctx=0..8201:8201 prefill chunk 7680/8201 (93.6%) chunk=246.43 t/s avg=303.09 t/s 25.339s
1003 02:46:19 ds4-server: chat ctx=0..8201:8201 prefill chunk 7808/8201 (95.2%) chunk=231.92 t/s avg=301.57 t/s 25.891s
1003 02:46:19 ds4-server: chat ctx=0..8201:8201 prefill chunk 7936/8201 (96.8%) chunk=238.45 t/s avg=300.29 t/s 26.428s
1003 02:46:20 ds4-server: chat ctx=0..8201:8201 prefill chunk 8064/8201 (98.3%) chunk=241.45 t/s avg=299.13 t/s 26.958s
1003 02:46:21 ds4-server: chat ctx=0..8201:8201 prefill chunk 8192/8201 (99.9%) chunk=226.23 t/s avg=297.64 t/s 27.524s
1003 02:46:21 ds4-server: chat ctx=0..8201:8201 prefill chunk 8201/8201 (100.0%) chunk=58.69 t/s avg=296.31 t/s 27.677s
1003 02:46:21 ds4-server: chat ctx=0..8201:8201 prompt done 27.677s
1003 02:46:21 ds4-server: chat ctx=8201..8251:50 gen=50 decoding chunk=1.81 t/s avg=1.81 t/s 27.695s
1003 02:46:23 ds4-server: chat ctx=8251..8301:50 gen=100 decoding chunk=25.65 t/s avg=3.37 t/s 29.644s
1003 02:46:23 ds4-server: chat ctx=8201..8251:50 gen=50 decoding chunk=25.42 t/s avg=25.42 t/s 1.967s
1003 02:46:25 ds4-server: chat ctx=8251..8301:50 gen=100 decoding chunk=25.67 t/s avg=25.54 t/s 3.915s
1003 02:46:25 ds4-server: chat ctx=8301..8351:50 gen=150 decoding chunk=25.67 t/s avg=4.75 t/s 31.592s
1003 02:46:27 ds4-server: chat ctx=8351..8401:50 gen=200 decoding chunk=25.56 t/s avg=5.96 t/s 33.548s
1003 02:46:27 ds4-server: chat ctx=8301..8351:50 gen=150 decoding chunk=25.56 t/s avg=25.55 t/s 5.871s
1003 02:46:29 ds4-server: chat ctx=8351..8401:50 gen=200 decoding chunk=25.58 t/s avg=25.55 t/s 7.826s
1003 02:46:29 ds4-server: chat ctx=8401..8451:50 gen=250 decoding chunk=25.58 t/s avg=7.04 t/s 35.503s
1003 02:46:29 ds4-server: chat ctx=8451..8457:6 gen=256 decoding chunk=25.55 t/s avg=7.16 t/s 35.738s
1003 02:46:29 ds4-server: chat ctx=0..8201:8201 gen=256 finish=length 63.255s
1003 02:46:29 slot 0: request reuses nothing; evicting checkpoint (8457 tokens, idle 0 s, protected)
1003 02:46:29 ds4-server: live kv cache miss live=8457 prompt=8201 common=17 vision=match reason=token-mismatch
1003 02:46:29 ds4-server: chat ctx=0..8201:8201 prompt start
1003 02:46:29 ds4-server: chat ctx=0..8201:8201 prefill chunk 128/8201 (1.6%) chunk=0.00 t/s avg=243.86 t/s 0.525s
1003 02:46:30 ds4-server: chat ctx=0..8201:8201 prefill chunk 256/8201 (3.1%) chunk=276.56 t/s avg=259.18 t/s 0.988s
1003 02:46:30 ds4-server: chat ctx=0..8201:8201 prefill chunk 384/8201 (4.7%) chunk=267.26 t/s avg=261.82 t/s 1.467s
1003 02:46:31 ds4-server: chat ctx=0..8201:8201 prefill chunk 512/8201 (6.2%) chunk=265.19 t/s avg=262.65 t/s 1.949s
1003 02:46:31 ds4-server: chat ctx=0..8201:8201 prefill chunk 640/8201 (7.8%) chunk=259.99 t/s avg=262.12 t/s 2.442s
1003 02:46:32 ds4-server: chat ctx=0..8201:8201 prefill chunk 768/8201 (9.4%) chunk=270.14 t/s avg=263.42 t/s 2.915s
1003 02:46:32 ds4-server: chat ctx=0..8201:8201 prefill chunk 896/8201 (10.9%) chunk=249.94 t/s avg=261.41 t/s 3.428s
1003 02:46:33 ds4-server: chat ctx=0..8201:8201 prefill chunk 1024/8201 (12.5%) chunk=244.79 t/s avg=259.21 t/s 3.951s
1003 02:46:33 ds4-server: chat ctx=0..8201:8201 prefill chunk 1152/8201 (14.0%) chunk=274.93 t/s avg=260.86 t/s 4.416s
1003 02:46:34 ds4-server: chat ctx=0..8201:8201 prefill chunk 1280/8201 (15.6%) chunk=268.88 t/s avg=261.64 t/s 4.892s
1003 02:46:34 ds4-server: chat ctx=0..8201:8201 prefill chunk 1408/8201 (17.2%) chunk=258.93 t/s avg=261.39 t/s 5.386s
1003 02:46:35 ds4-server: chat ctx=0..8201:8201 prefill chunk 1536/8201 (18.7%) chunk=255.67 t/s avg=260.91 t/s 5.887s
1003 02:46:35 ds4-server: chat ctx=0..8201:8201 prefill chunk 1664/8201 (20.3%) chunk=275.89 t/s avg=262.00 t/s 6.351s
1003 02:46:36 ds4-server: chat ctx=0..8201:8201 prefill chunk 1792/8201 (21.9%) chunk=257.08 t/s avg=261.64 t/s 6.849s
1003 02:46:36 ds4-server: chat ctx=0..8201:8201 prefill chunk 1920/8201 (23.4%) chunk=248.69 t/s avg=260.74 t/s 7.364s
1003 02:46:37 ds4-server: chat ctx=0..8201:8201 prefill chunk 2048/8201 (25.0%) chunk=260.90 t/s avg=260.75 t/s 7.854s
1003 02:46:37 ds4-server: chat ctx=0..8201:8201 prefill chunk 2176/8201 (26.5%) chunk=245.63 t/s avg=259.81 t/s 8.375s
1003 02:46:38 ds4-server: chat ctx=0..8201:8201 prefill chunk 2304/8201 (28.1%) chunk=248.30 t/s avg=259.14 t/s 8.891s
1003 02:46:38 ds4-server: chat ctx=0..8201:8201 prefill chunk 2432/8201 (29.7%) chunk=243.04 t/s avg=258.24 t/s 9.418s
1003 02:46:39 ds4-server: chat ctx=0..8201:8201 prefill chunk 2560/8201 (31.2%) chunk=250.07 t/s avg=257.82 t/s 9.929s
1003 02:46:39 ds4-server: chat ctx=0..8201:8201 prefill chunk 2688/8201 (32.8%) chunk=246.36 t/s avg=257.25 t/s 10.449s
1003 02:46:40 ds4-server: chat ctx=0..8201:8201 prefill chunk 2816/8201 (34.3%) chunk=247.30 t/s avg=256.78 t/s 10.967s
1003 02:46:40 ds4-server: chat ctx=0..8201:8201 prefill chunk 2944/8201 (35.9%) chunk=228.34 t/s avg=255.40 t/s 11.527s
1003 02:46:41 ds4-server: chat ctx=0..8201:8201 prefill chunk 3072/8201 (37.5%) chunk=248.71 t/s avg=255.11 t/s 12.042s
1003 02:46:41 ds4-server: chat ctx=0..8201:8201 prefill chunk 3200/8201 (39.0%) chunk=255.55 t/s avg=255.13 t/s 12.543s
1003 02:46:42 ds4-server: chat ctx=0..8201:8201 prefill chunk 3328/8201 (40.6%) chunk=253.26 t/s avg=255.06 t/s 13.048s
1003 02:46:42 ds4-server: chat ctx=0..8201:8201 prefill chunk 3456/8201 (42.1%) chunk=246.75 t/s avg=254.74 t/s 13.567s
1003 02:46:43 ds4-server: chat ctx=0..8201:8201 prefill chunk 3584/8201 (43.7%) chunk=240.76 t/s avg=254.21 t/s 14.099s
1003 02:46:43 ds4-server: chat ctx=0..8201:8201 prefill chunk 3712/8201 (45.3%) chunk=260.52 t/s avg=254.42 t/s 14.590s
1003 02:46:44 ds4-server: chat ctx=0..8201:8201 prefill chunk 3840/8201 (46.8%) chunk=249.74 t/s avg=254.26 t/s 15.102s
1003 02:46:44 ds4-server: chat ctx=0..8201:8201 prefill chunk 3968/8201 (48.4%) chunk=248.92 t/s avg=254.09 t/s 15.617s
1003 02:46:45 ds4-server: chat ctx=0..8201:8201 prefill chunk 4096/8201 (49.9%) chunk=236.16 t/s avg=253.49 t/s 16.159s
1003 02:46:45 ds4-server: chat ctx=0..8201:8201 prefill chunk 4224/8201 (51.5%) chunk=240.08 t/s avg=253.06 t/s 16.692s
1003 02:46:46 ds4-server: chat ctx=0..8201:8201 prefill chunk 4352/8201 (53.1%) chunk=240.44 t/s avg=252.67 t/s 17.224s
1003 02:46:47 ds4-server: chat ctx=0..8201:8201 prefill chunk 4480/8201 (54.6%) chunk=231.25 t/s avg=252.00 t/s 17.778s
1003 02:46:47 ds4-server: chat ctx=0..8201:8201 prefill chunk 4608/8201 (56.2%) chunk=233.25 t/s avg=251.44 t/s 18.326s
1003 02:46:48 ds4-server: chat ctx=0..8201:8201 prefill chunk 4736/8201 (57.7%) chunk=228.32 t/s avg=250.75 t/s 18.887s
1003 02:46:48 ds4-server: chat ctx=0..8201:8201 prefill chunk 4864/8201 (59.3%) chunk=232.91 t/s avg=250.25 t/s 19.437s
1003 02:46:49 ds4-server: chat ctx=0..8201:8201 prefill chunk 4992/8201 (60.9%) chunk=230.57 t/s avg=249.70 t/s 19.992s
1003 02:46:49 ds4-server: chat ctx=0..8201:8201 prefill chunk 5120/8201 (62.4%) chunk=243.09 t/s avg=249.53 t/s 20.518s
1003 02:46:50 ds4-server: chat ctx=0..8201:8201 prefill chunk 5248/8201 (64.0%) chunk=228.77 t/s avg=248.98 t/s 21.078s
1003 02:46:50 ds4-server: chat ctx=0..8201:8201 prefill chunk 5376/8201 (65.6%) chunk=231.33 t/s avg=248.53 t/s 21.631s
1003 02:46:50 ds4-server: chat ctx=8401..8451:50 gen=250 decoding chunk=2.28 t/s avg=8.41 t/s 29.729s
1003 02:46:51 ds4-server: chat ctx=0..8201:8201 prefill chunk 5504/8201 (67.1%) chunk=231.31 t/s avg=248.10 t/s 22.184s
1003 02:46:52 ds4-server: chat ctx=0..8201:8201 prefill chunk 5632/8201 (68.7%) chunk=234.82 t/s avg=247.78 t/s 22.730s
1003 02:46:52 ds4-server: chat ctx=0..8201:8201 prefill chunk 5760/8201 (70.2%) chunk=239.33 t/s avg=247.59 t/s 23.264s
1003 02:46:53 ds4-server: chat ctx=0..8201:8201 prefill chunk 5888/8201 (71.8%) chunk=248.14 t/s avg=247.60 t/s 23.780s
1003 02:46:53 ds4-server: chat ctx=0..8201:8201 prefill chunk 6016/8201 (73.4%) chunk=247.13 t/s avg=247.59 t/s 24.298s
1003 02:46:54 ds4-server: chat ctx=0..8201:8201 prefill chunk 6144/8201 (74.9%) chunk=242.25 t/s avg=247.48 t/s 24.827s
1003 02:46:54 ds4-server: chat ctx=8451..8457:6 gen=256 decoding chunk=1.88 t/s avg=7.78 t/s 32.924s
1003 02:46:54 ds4-server: chat ctx=0..8201:8201 gen=256 finish=length 60.601s
1003 02:46:54 slot 1: request reuses nothing; evicting checkpoint (8457 tokens, idle 0 s, protected)
1003 02:46:54 ds4-server: chat ctx=0..8201:8201 prefill chunk 6272/8201 (76.5%) chunk=244.32 t/s avg=247.41 t/s 25.350s
1003 02:46:56 ds4-server: chat ctx=0..8201:8201 prefill chunk 8192/8201 (99.9%) chunk=952.13 t/s avg=299.34 t/s 27.367s
1003 02:46:56 ds4-server: chat ctx=0..8201:8201 prefill chunk 8201/8201 (100.0%) chunk=65.84 t/s avg=298.18 t/s 27.504s
1003 02:46:56 ds4-server: chat ctx=0..8201:8201 prompt done 27.504s
1003 02:46:56 ds4-server: live kv cache miss live=8457 prompt=8201 common=17 vision=match reason=token-mismatch
1003 02:46:56 ds4-server: chat ctx=0..8201:8201 prompt start
1003 02:46:58 ds4-server: chat ctx=0..8201:8201 prefill chunk 2048/8201 (25.0%) chunk=0.00 t/s avg=1033.97 t/s 1.981s
1003 02:46:59 ds4-server: chat ctx=0..8201:8201 prefill chunk 2176/8201 (26.5%) chunk=253.90 t/s avg=875.71 t/s 2.485s
1003 02:46:59 ds4-server: chat ctx=0..8201:8201 prefill chunk 2304/8201 (28.1%) chunk=248.45 t/s avg=767.99 t/s 3.000s
1003 02:47:00 ds4-server: chat ctx=0..8201:8201 prefill chunk 2432/8201 (29.7%) chunk=242.63 t/s avg=689.42 t/s 3.528s
1003 02:47:00 ds4-server: chat ctx=0..8201:8201 prefill chunk 2560/8201 (31.2%) chunk=249.49 t/s avg=633.57 t/s 4.041s
1003 02:47:01 ds4-server: chat ctx=0..8201:8201 prefill chunk 2688/8201 (32.8%) chunk=246.62 t/s avg=589.52 t/s 4.560s
1003 02:47:01 ds4-server: chat ctx=0..8201:8201 prefill chunk 2816/8201 (34.3%) chunk=246.54 t/s avg=554.46 t/s 5.079s
1003 02:47:02 ds4-server: chat ctx=0..8201:8201 prefill chunk 2944/8201 (35.9%) chunk=228.15 t/s avg=522.00 t/s 5.640s
1003 02:47:02 ds4-server: chat ctx=0..8201:8201 prefill chunk 3072/8201 (37.5%) chunk=249.06 t/s avg=499.20 t/s 6.154s
1003 02:47:03 ds4-server: chat ctx=0..8201:8201 prefill chunk 3200/8201 (39.0%) chunk=253.95 t/s avg=480.64 t/s 6.658s
1003 02:47:03 ds4-server: chat ctx=0..8201:8201 prefill chunk 3328/8201 (40.6%) chunk=252.20 t/s avg=464.46 t/s 7.165s
1003 02:47:04 ds4-server: chat ctx=0..8201:8201 prefill chunk 3456/8201 (42.1%) chunk=247.09 t/s avg=449.80 t/s 7.683s
1003 02:47:05 ds4-server: chat ctx=0..8201:8201 prefill chunk 3584/8201 (43.7%) chunk=241.26 t/s avg=436.33 t/s 8.214s
1003 02:47:05 ds4-server: chat ctx=0..8201:8201 prefill chunk 3712/8201 (45.3%) chunk=260.03 t/s avg=426.36 t/s 8.706s
1003 02:47:06 ds4-server: chat ctx=0..8201:8201 prefill chunk 3840/8201 (46.8%) chunk=251.29 t/s avg=416.69 t/s 9.216s
1003 02:47:06 ds4-server: chat ctx=0..8201:8201 prefill chunk 3968/8201 (48.4%) chunk=250.00 t/s avg=407.91 t/s 9.728s
1003 02:47:07 ds4-server: chat ctx=0..8201:8201 prefill chunk 4096/8201 (49.9%) chunk=236.13 t/s avg=398.85 t/s 10.270s
1003 02:47:07 ds4-server: chat ctx=0..8201:8201 prefill chunk 4224/8201 (51.5%) chunk=241.17 t/s avg=391.10 t/s 10.800s
1003 02:47:08 ds4-server: chat ctx=0..8201:8201 prefill chunk 4352/8201 (53.1%) chunk=239.66 t/s avg=383.96 t/s 11.334s
1003 02:47:08 ds4-server: chat ctx=0..8201:8201 prefill chunk 4480/8201 (54.6%) chunk=231.16 t/s avg=376.84 t/s 11.888s
1003 02:47:09 ds4-server: chat ctx=0..8201:8201 prefill chunk 4608/8201 (56.2%) chunk=233.11 t/s avg=370.50 t/s 12.437s
1003 02:47:09 ds4-server: chat ctx=0..8201:8201 prefill chunk 4736/8201 (57.7%) chunk=228.79 t/s avg=364.40 t/s 12.997s
1003 02:47:10 ds4-server: chat ctx=0..8201:8201 prefill chunk 4864/8201 (59.3%) chunk=234.31 t/s avg=359.15 t/s 13.543s
1003 02:47:10 ds4-server: chat ctx=0..8201:8201 prefill chunk 4992/8201 (60.9%) chunk=231.46 t/s avg=354.14 t/s 14.096s
1003 02:47:11 ds4-server: chat ctx=0..8201:8201 prefill chunk 5120/8201 (62.4%) chunk=245.00 t/s avg=350.24 t/s 14.619s
1003 02:47:11 ds4-server: chat ctx=0..8201:8201 prefill chunk 5248/8201 (64.0%) chunk=229.01 t/s avg=345.78 t/s 15.177s
1003 02:47:12 ds4-server: chat ctx=0..8201:8201 prefill chunk 5376/8201 (65.6%) chunk=231.95 t/s avg=341.78 t/s 15.729s
1003 02:47:13 ds4-server: chat ctx=0..8201:8201 prefill chunk 5504/8201 (67.1%) chunk=230.61 t/s avg=337.99 t/s 16.284s
1003 02:47:13 ds4-server: chat ctx=0..8201:8201 prefill chunk 5632/8201 (68.7%) chunk=236.70 t/s avg=334.74 t/s 16.825s
1003 02:47:14 ds4-server: chat ctx=0..8201:8201 prefill chunk 5760/8201 (70.2%) chunk=238.88 t/s avg=331.78 t/s 17.361s
1003 02:47:14 ds4-server: chat ctx=0..8201:8201 prefill chunk 5888/8201 (71.8%) chunk=248.23 t/s avg=329.37 t/s 17.877s
1003 02:47:15 ds4-server: chat ctx=0..8201:8201 prefill chunk 6016/8201 (73.4%) chunk=246.57 t/s avg=327.03 t/s 18.396s
1003 02:47:15 ds4-server: chat ctx=0..8201:8201 prefill chunk 6144/8201 (74.9%) chunk=242.10 t/s avg=324.66 t/s 18.924s
1003 02:47:16 ds4-server: chat ctx=0..8201:8201 prefill chunk 6272/8201 (76.5%) chunk=244.26 t/s avg=322.49 t/s 19.448s
1003 02:47:16 ds4-server: chat ctx=0..8201:8201 prefill chunk 6400/8201 (78.0%) chunk=241.72 t/s avg=320.35 t/s 19.978s
1003 02:47:17 ds4-server: chat ctx=0..8201:8201 prefill chunk 6528/8201 (79.6%) chunk=236.27 t/s avg=318.13 t/s 20.520s
1003 02:47:17 ds4-server: chat ctx=0..8201:8201 prefill chunk 6656/8201 (81.2%) chunk=240.88 t/s avg=316.18 t/s 21.051s
1003 02:47:18 ds4-server: chat ctx=0..8201:8201 prefill chunk 6784/8201 (82.7%) chunk=240.37 t/s avg=314.31 t/s 21.584s
1003 02:47:18 ds4-server: chat ctx=0..8201:8201 prefill chunk 6912/8201 (84.3%) chunk=248.36 t/s avg=312.77 t/s 22.099s
1003 02:47:19 ds4-server: chat ctx=0..8201:8201 prefill chunk 7040/8201 (85.8%) chunk=233.13 t/s avg=310.84 t/s 22.648s
1003 02:47:19 ds4-server: chat ctx=0..8201:8201 prefill chunk 7168/8201 (87.4%) chunk=243.46 t/s avg=309.31 t/s 23.174s
1003 02:47:20 ds4-server: chat ctx=0..8201:8201 prefill chunk 7296/8201 (89.0%) chunk=243.47 t/s avg=307.85 t/s 23.700s
1003 02:47:21 ds4-server: chat ctx=0..8201:8201 prefill chunk 7424/8201 (90.5%) chunk=229.61 t/s avg=306.06 t/s 24.257s
1003 02:47:21 ds4-server: chat ctx=0..8201:8201 prefill chunk 7552/8201 (92.1%) chunk=237.30 t/s avg=304.56 t/s 24.796s
1003 02:47:22 ds4-server: chat ctx=0..8201:8201 prefill chunk 7680/8201 (93.6%) chunk=246.79 t/s avg=303.38 t/s 25.315s
1003 02:47:22 ds4-server: chat ctx=0..8201:8201 prefill chunk 7808/8201 (95.2%) chunk=232.68 t/s avg=301.87 t/s 25.865s
1003 02:47:23 ds4-server: chat ctx=0..8201:8201 prefill chunk 7936/8201 (96.8%) chunk=239.05 t/s avg=300.60 t/s 26.401s
1003 02:47:23 ds4-server: chat ctx=0..8201:8201 prefill chunk 8064/8201 (98.3%) chunk=241.52 t/s avg=299.44 t/s 26.931s
1003 02:47:24 ds4-server: chat ctx=0..8201:8201 prefill chunk 8192/8201 (99.9%) chunk=226.38 t/s avg=297.93 t/s 27.496s
1003 02:47:24 ds4-server: chat ctx=0..8201:8201 prefill chunk 8201/8201 (100.0%) chunk=58.60 t/s avg=296.60 t/s 27.650s
1003 02:47:24 ds4-server: chat ctx=0..8201:8201 prompt done 27.650s
1003 02:47:24 ds4-server: chat ctx=8201..8251:50 gen=50 decoding chunk=1.81 t/s avg=1.81 t/s 27.668s
1003 02:47:26 ds4-server: chat ctx=8251..8301:50 gen=100 decoding chunk=25.67 t/s avg=3.38 t/s 29.615s
1003 02:47:26 ds4-server: chat ctx=8201..8251:50 gen=50 decoding chunk=25.44 t/s avg=25.44 t/s 1.965s
1003 02:47:28 ds4-server: chat ctx=8301..8351:50 gen=150 decoding chunk=25.60 t/s avg=4.75 t/s 31.568s
1003 02:47:28 ds4-server: chat ctx=8251..8301:50 gen=100 decoding chunk=25.60 t/s avg=25.52 t/s 3.918s
1003 02:47:30 ds4-server: chat ctx=8351..8401:50 gen=200 decoding chunk=25.58 t/s avg=5.97 t/s 33.523s
1003 02:47:30 ds4-server: chat ctx=8301..8351:50 gen=150 decoding chunk=25.58 t/s avg=25.54 t/s 5.873s
1003 02:47:32 ds4-server: chat ctx=8401..8451:50 gen=250 decoding chunk=25.57 t/s avg=7.05 t/s 35.478s
1003 02:47:32 ds4-server: chat ctx=8351..8401:50 gen=200 decoding chunk=25.57 t/s avg=25.55 t/s 7.829s
1003 02:47:32 ds4-server: chat ctx=8451..8457:6 gen=256 decoding chunk=25.58 t/s avg=7.17 t/s 35.713s
1003 02:47:32 ds4-server: chat ctx=0..8201:8201 gen=256 finish=length 63.217s
1003 02:47:32 slot 0: request reuses nothing; evicting checkpoint (8457 tokens, idle 0 s, protected)
1003 02:47:32 ds4-server: live kv cache miss live=8457 prompt=8201 common=17 vision=match reason=token-mismatch
1003 02:47:32 ds4-server: chat ctx=0..8201:8201 prompt start
1003 02:47:33 ds4-server: chat ctx=0..8201:8201 prefill chunk 128/8201 (1.6%) chunk=0.00 t/s avg=244.15 t/s 0.524s
1003 02:47:33 ds4-server: chat ctx=0..8201:8201 prefill chunk 256/8201 (3.1%) chunk=276.96 t/s avg=259.52 t/s 0.986s
1003 02:47:33 ds4-server: chat ctx=0..8201:8201 prefill chunk 384/8201 (4.7%) chunk=266.62 t/s avg=261.85 t/s 1.467s
1003 02:47:34 ds4-server: chat ctx=0..8201:8201 prefill chunk 512/8201 (6.2%) chunk=265.31 t/s avg=262.70 t/s 1.949s
1003 02:47:34 ds4-server: chat ctx=0..8201:8201 prefill chunk 640/8201 (7.8%) chunk=259.61 t/s avg=262.08 t/s 2.442s
1003 02:47:35 ds4-server: chat ctx=0..8201:8201 prefill chunk 768/8201 (9.4%) chunk=270.10 t/s avg=263.38 t/s 2.916s
1003 02:47:35 ds4-server: chat ctx=0..8201:8201 prefill chunk 896/8201 (10.9%) chunk=250.44 t/s avg=261.45 t/s 3.427s
1003 02:47:36 ds4-server: chat ctx=0..8201:8201 prefill chunk 1024/8201 (12.5%) chunk=245.01 t/s avg=259.28 t/s 3.949s
1003 02:47:36 ds4-server: chat ctx=0..8201:8201 prefill chunk 1152/8201 (14.0%) chunk=275.50 t/s avg=260.99 t/s 4.414s
1003 02:47:37 ds4-server: chat ctx=0..8201:8201 prefill chunk 1280/8201 (15.6%) chunk=267.38 t/s avg=261.61 t/s 4.893s
1003 02:47:37 ds4-server: chat ctx=0..8201:8201 prefill chunk 1408/8201 (17.2%) chunk=259.58 t/s avg=261.42 t/s 5.386s
1003 02:47:38 ds4-server: chat ctx=0..8201:8201 prefill chunk 1536/8201 (18.7%) chunk=254.97 t/s avg=260.87 t/s 5.888s
1003 02:47:38 ds4-server: chat ctx=0..8201:8201 prefill chunk 1664/8201 (20.3%) chunk=276.18 t/s avg=261.99 t/s 6.351s
1003 02:47:39 ds4-server: chat ctx=0..8201:8201 prefill chunk 1792/8201 (21.9%) chunk=257.12 t/s avg=261.64 t/s 6.849s
1003 02:47:39 ds4-server: chat ctx=0..8201:8201 prefill chunk 1920/8201 (23.4%) chunk=248.57 t/s avg=260.72 t/s 7.364s
1003 02:47:40 ds4-server: chat ctx=0..8201:8201 prefill chunk 2048/8201 (25.0%) chunk=261.49 t/s avg=260.77 t/s 7.854s
1003 02:47:40 ds4-server: chat ctx=0..8201:8201 prefill chunk 2176/8201 (26.5%) chunk=245.92 t/s avg=259.85 t/s 8.374s
1003 02:47:41 ds4-server: chat ctx=0..8201:8201 prefill chunk 2304/8201 (28.1%) chunk=247.15 t/s avg=259.11 t/s 8.892s
1003 02:47:41 ds4-server: chat ctx=0..8201:8201 prefill chunk 2432/8201 (29.7%) chunk=243.11 t/s avg=258.21 t/s 9.419s
1003 02:47:42 ds4-server: chat ctx=0..8201:8201 prefill chunk 2560/8201 (31.2%) chunk=248.66 t/s avg=257.72 t/s 9.933s
1003 02:47:42 ds4-server: chat ctx=0..8201:8201 prefill chunk 2688/8201 (32.8%) chunk=244.80 t/s avg=257.07 t/s 10.456s
1003 02:47:43 ds4-server: chat ctx=0..8201:8201 prefill chunk 2816/8201 (34.3%) chunk=246.01 t/s avg=256.55 t/s 10.976s
1003 02:47:44 ds4-server: chat ctx=0..8201:8201 prefill chunk 2944/8201 (35.9%) chunk=228.30 t/s avg=255.18 t/s 11.537s
1003 02:47:44 ds4-server: chat ctx=0..8201:8201 prefill chunk 3072/8201 (37.5%) chunk=248.60 t/s avg=254.89 t/s 12.052s
1003 02:47:45 ds4-server: chat ctx=0..8201:8201 prefill chunk 3200/8201 (39.0%) chunk=255.15 t/s avg=254.90 t/s 12.554s
1003 02:47:45 ds4-server: chat ctx=0..8201:8201 prefill chunk 3328/8201 (40.6%) chunk=252.92 t/s avg=254.83 t/s 13.060s
1003 02:47:46 ds4-server: chat ctx=0..8201:8201 prefill chunk 3456/8201 (42.1%) chunk=246.44 t/s avg=254.51 t/s 13.579s
1003 02:47:46 ds4-server: chat ctx=0..8201:8201 prefill chunk 3584/8201 (43.7%) chunk=240.66 t/s avg=253.98 t/s 14.111s
1003 02:47:47 ds4-server: chat ctx=0..8201:8201 prefill chunk 3712/8201 (45.3%) chunk=259.08 t/s avg=254.16 t/s 14.605s
1003 02:47:47 ds4-server: chat ctx=0..8201:8201 prefill chunk 3840/8201 (46.8%) chunk=251.06 t/s avg=254.05 t/s 15.115s
1003 02:47:48 ds4-server: chat ctx=0..8201:8201 prefill chunk 3968/8201 (48.4%) chunk=249.08 t/s avg=253.89 t/s 15.629s
1003 02:47:48 ds4-server: chat ctx=0..8201:8201 prefill chunk 4096/8201 (49.9%) chunk=235.06 t/s avg=253.25 t/s 16.173s
1003 02:47:49 ds4-server: chat ctx=0..8201:8201 prefill chunk 4224/8201 (51.5%) chunk=239.87 t/s avg=252.83 t/s 16.707s
1003 02:47:49 ds4-server: chat ctx=0..8201:8201 prefill chunk 4352/8201 (53.1%) chunk=240.07 t/s avg=252.43 t/s 17.240s
1003 02:47:50 ds4-server: chat ctx=0..8201:8201 prefill chunk 4480/8201 (54.6%) chunk=232.18 t/s avg=251.80 t/s 17.792s
1003 02:47:50 ds4-server: chat ctx=0..8201:8201 prefill chunk 4608/8201 (56.2%) chunk=232.62 t/s avg=251.23 t/s 18.342s
1003 02:47:51 ds4-server: chat ctx=0..8201:8201 prefill chunk 4736/8201 (57.7%) chunk=228.28 t/s avg=250.55 t/s 18.903s
1003 02:47:51 ds4-server: chat ctx=0..8201:8201 prefill chunk 4864/8201 (59.3%) chunk=233.43 t/s avg=250.07 t/s 19.451s
1003 02:47:52 ds4-server: chat ctx=0..8201:8201 prefill chunk 4992/8201 (60.9%) chunk=230.19 t/s avg=249.51 t/s 20.007s
1003 02:47:53 ds4-server: chat ctx=0..8201:8201 prefill chunk 5120/8201 (62.4%) chunk=242.96 t/s avg=249.35 t/s 20.534s
1003 02:47:53 ds4-server: chat ctx=0..8201:8201 prefill chunk 5248/8201 (64.0%) chunk=228.67 t/s avg=248.80 t/s 21.094s
1003 02:47:54 ds4-server: chat ctx=0..8201:8201 prefill chunk 5376/8201 (65.6%) chunk=231.78 t/s avg=248.36 t/s 21.646s
1003 02:47:54 ds4-server: chat ctx=8401..8451:50 gen=250 decoding chunk=2.28 t/s avg=8.40 t/s 29.745s
1003 02:47:54 ds4-server: chat ctx=0..8201:8201 prefill chunk 5504/8201 (67.1%) chunk=231.42 t/s avg=247.94 t/s 22.199s
1003 02:47:55 ds4-server: chat ctx=0..8201:8201 prefill chunk 5632/8201 (68.7%) chunk=236.33 t/s avg=247.66 t/s 22.740s
1003 02:47:55 ds4-server: chat ctx=0..8201:8201 prefill chunk 5760/8201 (70.2%) chunk=239.27 t/s avg=247.47 t/s 23.275s
1003 02:47:56 ds4-server: chat ctx=0..8201:8201 prefill chunk 5888/8201 (71.8%) chunk=247.46 t/s avg=247.47 t/s 23.793s
1003 02:47:56 ds4-server: chat ctx=0..8201:8201 prefill chunk 6016/8201 (73.4%) chunk=246.97 t/s avg=247.46 t/s 24.311s
1003 02:47:57 ds4-server: chat ctx=0..8201:8201 prefill chunk 6144/8201 (74.9%) chunk=242.17 t/s avg=247.35 t/s 24.840s
1003 02:47:57 ds4-server: chat ctx=8451..8457:6 gen=256 decoding chunk=1.88 t/s avg=7.77 t/s 32.939s
1003 02:47:57 ds4-server: chat ctx=0..8201:8201 gen=256 finish=length 60.589s
1003 02:47:57 slot 1: request reuses nothing; evicting checkpoint (8457 tokens, idle 0 s, protected)
1003 02:47:57 ds4-server: chat ctx=0..8201:8201 prefill chunk 6272/8201 (76.5%) chunk=244.70 t/s avg=247.29 t/s 25.363s
1003 02:47:59 ds4-server: chat ctx=0..8201:8201 prefill chunk 8192/8201 (99.9%) chunk=951.03 t/s avg=299.18 t/s 27.382s
1003 02:48:00 ds4-server: chat ctx=0..8201:8201 prefill chunk 8201/8201 (100.0%) chunk=65.89 t/s avg=298.02 t/s 27.518s
1003 02:48:00 ds4-server: chat ctx=0..8201:8201 prompt done 27.518s
1003 02:48:00 ds4-server: live kv cache miss live=8457 prompt=8201 common=17 vision=match reason=token-mismatch
1003 02:48:00 ds4-server: chat ctx=0..8201:8201 prompt start
1003 02:48:02 ds4-server: chat ctx=0..8201:8201 prefill chunk 2048/8201 (25.0%) chunk=0.00 t/s avg=1034.41 t/s 1.980s
1003 02:48:02 ds4-server: chat ctx=0..8201:8201 prefill chunk 2176/8201 (26.5%) chunk=253.19 t/s avg=875.51 t/s 2.485s
1003 02:48:03 ds4-server: chat ctx=0..8201:8201 prefill chunk 2304/8201 (28.1%) chunk=248.29 t/s avg=767.76 t/s 3.001s
1003 02:48:03 ds4-server: chat ctx=0..8201:8201 prefill chunk 2432/8201 (29.7%) chunk=242.14 t/s avg=689.03 t/s 3.530s
1003 02:48:04 ds4-server: chat ctx=0..8201:8201 prefill chunk 2560/8201 (31.2%) chunk=249.03 t/s avg=633.10 t/s 4.044s
1003 02:48:04 ds4-server: chat ctx=0..8201:8201 prefill chunk 2688/8201 (32.8%) chunk=245.85 t/s avg=588.93 t/s 4.564s
1003 02:48:05 ds4-server: chat ctx=0..8201:8201 prefill chunk 2816/8201 (34.3%) chunk=246.30 t/s avg=553.90 t/s 5.084s
1003 02:48:05 ds4-server: chat ctx=0..8201:8201 prefill chunk 2944/8201 (35.9%) chunk=228.20 t/s avg=521.54 t/s 5.645s
1003 02:48:06 ds4-server: chat ctx=0..8201:8201 prefill chunk 3072/8201 (37.5%) chunk=248.66 t/s avg=498.74 t/s 6.160s
1003 02:48:06 ds4-server: chat ctx=0..8201:8201 prefill chunk 3200/8201 (39.0%) chunk=254.85 t/s avg=480.35 t/s 6.662s
1003 02:48:07 ds4-server: chat ctx=0..8201:8201 prefill chunk 3328/8201 (40.6%) chunk=252.28 t/s avg=464.21 t/s 7.169s
1003 02:48:07 ds4-server: chat ctx=0..8201:8201 prefill chunk 3456/8201 (42.1%) chunk=246.57 t/s avg=449.51 t/s 7.688s
1003 02:48:08 ds4-server: chat ctx=0..8201:8201 prefill chunk 3584/8201 (43.7%) chunk=240.58 t/s avg=435.99 t/s 8.220s
1003 02:48:08 ds4-server: chat ctx=0..8201:8201 prefill chunk 3712/8201 (45.3%) chunk=260.34 t/s avg=426.08 t/s 8.712s
1003 02:48:09 ds4-server: chat ctx=0..8201:8201 prefill chunk 3840/8201 (46.8%) chunk=251.56 t/s avg=416.45 t/s 9.221s
1003 02:48:09 ds4-server: chat ctx=0..8201:8201 prefill chunk 3968/8201 (48.4%) chunk=249.48 t/s avg=407.65 t/s 9.734s
1003 02:48:10 ds4-server: chat ctx=0..8201:8201 prefill chunk 4096/8201 (49.9%) chunk=235.61 t/s avg=398.55 t/s 10.277s
1003 02:48:10 ds4-server: chat ctx=0..8201:8201 prefill chunk 4224/8201 (51.5%) chunk=240.35 t/s avg=390.76 t/s 10.810s
1003 02:48:11 ds4-server: chat ctx=0..8201:8201 prefill chunk 4352/8201 (53.1%) chunk=238.71 t/s avg=383.57 t/s 11.346s
1003 02:48:11 ds4-server: chat ctx=0..8201:8201 prefill chunk 4480/8201 (54.6%) chunk=230.09 t/s avg=376.40 t/s 11.902s
1003 02:48:12 ds4-server: chat ctx=0..8201:8201 prefill chunk 4608/8201 (56.2%) chunk=232.52 t/s avg=370.04 t/s 12.453s
1003 02:48:13 ds4-server: chat ctx=0..8201:8201 prefill chunk 4736/8201 (57.7%) chunk=229.17 t/s avg=363.99 t/s 13.011s
1003 02:48:13 ds4-server: chat ctx=0..8201:8201 prefill chunk 4864/8201 (59.3%) chunk=233.58 t/s avg=358.72 t/s 13.559s
1003 02:48:14 ds4-server: chat ctx=0..8201:8201 prefill chunk 4992/8201 (60.9%) chunk=230.75 t/s avg=353.69 t/s 14.114s
1003 02:48:14 ds4-server: chat ctx=0..8201:8201 prefill chunk 5120/8201 (62.4%) chunk=244.59 t/s avg=349.79 t/s 14.637s
1003 02:48:15 ds4-server: chat ctx=0..8201:8201 prefill chunk 5248/8201 (64.0%) chunk=228.93 t/s avg=345.34 t/s 15.196s
1003 02:48:15 ds4-server: chat ctx=0..8201:8201 prefill chunk 5376/8201 (65.6%) chunk=232.25 t/s avg=341.39 t/s 15.748s
1003 02:48:16 ds4-server: chat ctx=0..8201:8201 prefill chunk 5504/8201 (67.1%) chunk=230.79 t/s avg=337.62 t/s 16.302s
1003 02:48:16 ds4-server: chat ctx=0..8201:8201 prefill chunk 5632/8201 (68.7%) chunk=235.88 t/s avg=334.35 t/s 16.845s
1003 02:48:17 ds4-server: chat ctx=0..8201:8201 prefill chunk 5760/8201 (70.2%) chunk=239.07 t/s avg=331.41 t/s 17.380s
1003 02:48:17 ds4-server: chat ctx=0..8201:8201 prefill chunk 5888/8201 (71.8%) chunk=247.74 t/s avg=328.99 t/s 17.897s
1003 02:48:18 ds4-server: chat ctx=0..8201:8201 prefill chunk 6016/8201 (73.4%) chunk=247.35 t/s avg=326.70 t/s 18.414s
1003 02:48:18 ds4-server: chat ctx=0..8201:8201 prefill chunk 6144/8201 (74.9%) chunk=242.14 t/s avg=324.34 t/s 18.943s
1003 02:48:19 ds4-server: chat ctx=0..8201:8201 prefill chunk 6272/8201 (76.5%) chunk=245.07 t/s avg=322.21 t/s 19.465s
1003 02:48:20 ds4-server: chat ctx=0..8201:8201 prefill chunk 6400/8201 (78.0%) chunk=241.28 t/s avg=320.07 t/s 19.996s
1003 02:48:20 ds4-server: chat ctx=0..8201:8201 prefill chunk 6528/8201 (79.6%) chunk=235.84 t/s avg=317.84 t/s 20.539s
1003 02:48:21 ds4-server: chat ctx=0..8201:8201 prefill chunk 6656/8201 (81.2%) chunk=240.73 t/s avg=315.89 t/s 21.070s
1003 02:48:21 ds4-server: chat ctx=0..8201:8201 prefill chunk 6784/8201 (82.7%) chunk=240.54 t/s avg=314.04 t/s 21.602s
1003 02:48:22 ds4-server: chat ctx=0..8201:8201 prefill chunk 6912/8201 (84.3%) chunk=248.48 t/s avg=312.51 t/s 22.118s
1003 02:48:22 ds4-server: chat ctx=0..8201:8201 prefill chunk 7040/8201 (85.8%) chunk=232.43 t/s avg=310.57 t/s 22.668s
1003 02:48:23 ds4-server: chat ctx=0..8201:8201 prefill chunk 7168/8201 (87.4%) chunk=243.75 t/s avg=309.05 t/s 23.193s
1003 02:48:23 ds4-server: chat ctx=0..8201:8201 prefill chunk 7296/8201 (89.0%) chunk=243.97 t/s avg=307.61 t/s 23.718s
1003 02:48:24 ds4-server: chat ctx=0..8201:8201 prefill chunk 7424/8201 (90.5%) chunk=228.87 t/s avg=305.80 t/s 24.277s
1003 02:48:24 ds4-server: chat ctx=0..8201:8201 prefill chunk 7552/8201 (92.1%) chunk=237.56 t/s avg=304.32 t/s 24.816s
1003 02:48:25 ds4-server: chat ctx=0..8201:8201 prefill chunk 7680/8201 (93.6%) chunk=246.70 t/s avg=303.14 t/s 25.335s
1003 02:48:25 ds4-server: chat ctx=0..8201:8201 prefill chunk 7808/8201 (95.2%) chunk=231.63 t/s avg=301.61 t/s 25.888s
1003 02:48:26 ds4-server: chat ctx=0..8201:8201 prefill chunk 7936/8201 (96.8%) chunk=238.24 t/s avg=300.32 t/s 26.425s
1003 02:48:26 ds4-server: chat ctx=0..8201:8201 prefill chunk 8064/8201 (98.3%) chunk=241.07 t/s avg=299.16 t/s 26.956s
1003 02:48:27 ds4-server: chat ctx=0..8201:8201 prefill chunk 8192/8201 (99.9%) chunk=225.84 t/s avg=297.65 t/s 27.523s
1003 02:48:27 ds4-server: chat ctx=0..8201:8201 prefill chunk 8201/8201 (100.0%) chunk=58.63 t/s avg=296.32 t/s 27.676s
1003 02:48:27 ds4-server: chat ctx=0..8201:8201 prompt done 27.676s
1003 02:48:27 ds4-server: chat ctx=8201..8251:50 gen=50 decoding chunk=1.81 t/s avg=1.81 t/s 27.694s
1003 02:48:29 ds4-server: chat ctx=8201..8251:50 gen=50 decoding chunk=25.42 t/s avg=25.42 t/s 1.967s
1003 02:48:29 ds4-server: chat ctx=8251..8301:50 gen=100 decoding chunk=25.65 t/s avg=3.37 t/s 29.643s
1003 02:48:31 ds4-server: chat ctx=8301..8351:50 gen=150 decoding chunk=25.65 t/s avg=4.75 t/s 31.593s
1003 02:48:31 ds4-server: chat ctx=8251..8301:50 gen=100 decoding chunk=25.65 t/s avg=25.53 t/s 3.917s
1003 02:48:33 ds4-server: chat ctx=8351..8401:50 gen=200 decoding chunk=25.58 t/s avg=5.96 t/s 33.547s
1003 02:48:33 ds4-server: chat ctx=8301..8351:50 gen=150 decoding chunk=25.58 t/s avg=25.55 t/s 5.871s
1003 02:48:35 ds4-server: chat ctx=8401..8451:50 gen=250 decoding chunk=25.57 t/s avg=7.04 t/s 35.502s
1003 02:48:35 ds4-server: chat ctx=8351..8401:50 gen=200 decoding chunk=25.57 t/s avg=25.56 t/s 7.826s
1003 02:48:35 ds4-server: chat ctx=8451..8457:6 gen=256 decoding chunk=25.57 t/s avg=7.16 t/s 35.737s
1003 02:48:35 ds4-server: chat ctx=0..8201:8201 gen=256 finish=length 63.255s
1003 02:48:35 slot 0: request reuses nothing; evicting checkpoint (8457 tokens, idle 0 s, protected)
1003 02:48:35 ds4-server: live kv cache miss live=8457 prompt=8201 common=17 vision=match reason=token-mismatch
1003 02:48:35 ds4-server: chat ctx=0..8201:8201 prompt start
1003 02:48:36 ds4-server: chat ctx=0..8201:8201 prefill chunk 128/8201 (1.6%) chunk=0.00 t/s avg=253.69 t/s 0.505s
1003 02:48:36 ds4-server: chat ctx=0..8201:8201 prefill chunk 256/8201 (3.1%) chunk=277.84 t/s avg=265.22 t/s 0.965s
1003 02:48:37 ds4-server: chat ctx=0..8201:8201 prefill chunk 384/8201 (4.7%) chunk=267.32 t/s avg=265.91 t/s 1.444s
1003 02:48:37 ds4-server: chat ctx=0..8201:8201 prefill chunk 512/8201 (6.2%) chunk=265.87 t/s avg=265.90 t/s 1.926s
1003 02:48:38 ds4-server: chat ctx=0..8201:8201 prefill chunk 640/8201 (7.8%) chunk=259.42 t/s avg=264.58 t/s 2.419s
1003 02:48:38 ds4-server: chat ctx=0..8201:8201 prefill chunk 768/8201 (9.4%) chunk=270.04 t/s avg=265.48 t/s 2.893s
1003 02:48:39 ds4-server: chat ctx=0..8201:8201 prefill chunk 896/8201 (10.9%) chunk=250.35 t/s avg=263.20 t/s 3.404s
1003 02:48:39 ds4-server: chat ctx=0..8201:8201 prefill chunk 1024/8201 (12.5%) chunk=246.12 t/s avg=260.94 t/s 3.924s
1003 02:48:40 ds4-server: chat ctx=0..8201:8201 prefill chunk 1152/8201 (14.0%) chunk=274.62 t/s avg=262.39 t/s 4.390s
1003 02:48:40 ds4-server: chat ctx=0..8201:8201 prefill chunk 1280/8201 (15.6%) chunk=267.10 t/s avg=262.86 t/s 4.870s
1003 02:48:41 ds4-server: chat ctx=0..8201:8201 prefill chunk 1408/8201 (17.2%) chunk=259.07 t/s avg=262.51 t/s 5.364s
1003 02:48:41 ds4-server: chat ctx=0..8201:8201 prefill chunk 1536/8201 (18.7%) chunk=255.95 t/s avg=261.95 t/s 5.864s
1003 02:48:42 ds4-server: chat ctx=0..8201:8201 prefill chunk 1664/8201 (20.3%) chunk=276.13 t/s avg=262.99 t/s 6.327s
1003 02:48:42 ds4-server: chat ctx=0..8201:8201 prefill chunk 1792/8201 (21.9%) chunk=258.00 t/s avg=262.62 t/s 6.823s
1003 02:48:43 ds4-server: chat ctx=0..8201:8201 prefill chunk 1920/8201 (23.4%) chunk=248.42 t/s avg=261.63 t/s 7.339s
1003 02:48:43 ds4-server: chat ctx=0..8201:8201 prefill chunk 2048/8201 (25.0%) chunk=261.87 t/s avg=261.64 t/s 7.827s
1003 02:48:44 ds4-server: chat ctx=0..8201:8201 prefill chunk 2176/8201 (26.5%) chunk=245.19 t/s avg=260.61 t/s 8.350s
1003 02:48:44 ds4-server: chat ctx=0..8201:8201 prefill chunk 2304/8201 (28.1%) chunk=248.62 t/s avg=259.92 t/s 8.864s
1003 02:48:45 ds4-server: chat ctx=0..8201:8201 prefill chunk 2432/8201 (29.7%) chunk=243.18 t/s avg=258.98 t/s 9.391s
1003 02:48:45 ds4-server: chat ctx=0..8201:8201 prefill chunk 2560/8201 (31.2%) chunk=248.99 t/s avg=258.46 t/s 9.905s
1003 02:48:46 ds4-server: chat ctx=0..8201:8201 prefill chunk 2688/8201 (32.8%) chunk=245.61 t/s avg=257.82 t/s 10.426s
1003 02:48:46 ds4-server: chat ctx=0..8201:8201 prefill chunk 2816/8201 (34.3%) chunk=246.66 t/s avg=257.29 t/s 10.945s
1003 02:48:47 ds4-server: chat ctx=0..8201:8201 prefill chunk 2944/8201 (35.9%) chunk=227.09 t/s avg=255.81 t/s 11.509s
1003 02:48:47 ds4-server: chat ctx=0..8201:8201 prefill chunk 3072/8201 (37.5%) chunk=247.80 t/s avg=255.47 t/s 12.025s
1003 02:48:48 ds4-server: chat ctx=0..8201:8201 prefill chunk 3200/8201 (39.0%) chunk=254.05 t/s avg=255.41 t/s 12.529s
1003 02:48:48 ds4-server: chat ctx=0..8201:8201 prefill chunk 3328/8201 (40.6%) chunk=252.96 t/s avg=255.31 t/s 13.035s
1003 02:48:49 ds4-server: chat ctx=0..8201:8201 prefill chunk 3456/8201 (42.1%) chunk=246.88 t/s avg=254.99 t/s 13.553s
1003 02:48:49 ds4-server: chat ctx=0..8201:8201 prefill chunk 3584/8201 (43.7%) chunk=241.06 t/s avg=254.47 t/s 14.084s
1003 02:48:50 ds4-server: chat ctx=0..8201:8201 prefill chunk 3712/8201 (45.3%) chunk=260.09 t/s avg=254.66 t/s 14.577s
1003 02:48:50 ds4-server: chat ctx=0..8201:8201 prefill chunk 3840/8201 (46.8%) chunk=251.26 t/s avg=254.54 t/s 15.086s
1003 02:48:51 ds4-server: chat ctx=0..8201:8201 prefill chunk 3968/8201 (48.4%) chunk=249.32 t/s avg=254.37 t/s 15.599s
1003 02:48:51 ds4-server: chat ctx=0..8201:8201 prefill chunk 4096/8201 (49.9%) chunk=237.67 t/s avg=253.81 t/s 16.138s
1003 02:48:52 ds4-server: chat ctx=0..8201:8201 prefill chunk 4224/8201 (51.5%) chunk=239.19 t/s avg=253.34 t/s 16.673s
1003 02:48:53 ds4-server: chat ctx=0..8201:8201 prefill chunk 4352/8201 (53.1%) chunk=238.37 t/s avg=252.88 t/s 17.210s
1003 02:48:53 ds4-server: chat ctx=0..8201:8201 prefill chunk 4480/8201 (54.6%) chunk=231.26 t/s avg=252.20 t/s 17.764s
1003 02:48:54 ds4-server: chat ctx=0..8201:8201 prefill chunk 4608/8201 (56.2%) chunk=232.40 t/s avg=251.61 t/s 18.314s
1003 02:48:54 ds4-server: chat ctx=0..8201:8201 prefill chunk 4736/8201 (57.7%) chunk=229.12 t/s avg=250.94 t/s 18.873s
1003 02:48:55 ds4-server: chat ctx=0..8201:8201 prefill chunk 4864/8201 (59.3%) chunk=233.02 t/s avg=250.43 t/s 19.422s
1003 02:48:55 ds4-server: chat ctx=0..8201:8201 prefill chunk 4992/8201 (60.9%) chunk=231.10 t/s avg=249.90 t/s 19.976s
1003 02:48:56 ds4-server: chat ctx=0..8201:8201 prefill chunk 5120/8201 (62.4%) chunk=244.92 t/s avg=249.77 t/s 20.499s
1003 02:48:56 ds4-server: chat ctx=0..8201:8201 prefill chunk 5248/8201 (64.0%) chunk=228.90 t/s avg=249.22 t/s 21.058s
1003 02:48:57 ds4-server: chat ctx=0..8201:8201 prefill chunk 5376/8201 (65.6%) chunk=231.30 t/s avg=248.76 t/s 21.611s
1003 02:48:57 ds4-server: chat ctx=0..8201:8201 prefill chunk 5504/8201 (67.1%) chunk=231.51 t/s avg=248.33 t/s 22.164s
1003 02:48:57 ds4-server: chat ctx=8401..8451:50 gen=250 decoding chunk=2.23 t/s avg=8.26 t/s 30.262s
1003 02:48:58 ds4-server: chat ctx=0..8201:8201 prefill chunk 5632/8201 (68.7%) chunk=236.28 t/s avg=248.04 t/s 22.706s
1003 02:48:59 ds4-server: chat ctx=0..8201:8201 prefill chunk 5760/8201 (70.2%) chunk=237.61 t/s avg=247.80 t/s 23.245s
1003 02:48:59 ds4-server: chat ctx=0..8201:8201 prefill chunk 5888/8201 (71.8%) chunk=249.06 t/s avg=247.83 t/s 23.759s
1003 02:49:00 ds4-server: chat ctx=0..8201:8201 prefill chunk 6016/8201 (73.4%) chunk=246.88 t/s avg=247.81 t/s 24.277s
1003 02:49:00 ds4-server: chat ctx=0..8201:8201 prefill chunk 6144/8201 (74.9%) chunk=242.27 t/s avg=247.69 t/s 24.805s
1003 02:49:01 ds4-server: chat ctx=0..8201:8201 prefill chunk 6272/8201 (76.5%) chunk=243.67 t/s avg=247.60 t/s 25.331s
1003 02:49:01 ds4-server: chat ctx=8451..8457:6 gen=256 decoding chunk=1.89 t/s avg=7.66 t/s 33.428s
1003 02:49:01 ds4-server: chat ctx=0..8201:8201 gen=256 finish=length 61.104s
1003 02:49:01 slot 1: request reuses nothing; evicting checkpoint (8457 tokens, idle 0 s, protected)
1003 02:49:01 ds4-server: chat ctx=0..8201:8201 prefill chunk 6400/8201 (78.0%) chunk=241.59 t/s avg=247.48 t/s 25.861s
1003 02:49:03 ds4-server: chat ctx=0..8201:8201 prefill chunk 8192/8201 (99.9%) chunk=934.08 t/s avg=294.90 t/s 27.779s
1003 02:49:03 ds4-server: chat ctx=0..8201:8201 prefill chunk 8201/8201 (100.0%) chunk=65.98 t/s avg=293.78 t/s 27.915s
1003 02:49:03 ds4-server: chat ctx=0..8201:8201 prompt done 27.915s
1003 02:49:03 ds4-server: live kv cache miss live=8457 prompt=8201 common=17 vision=match reason=token-mismatch
1003 02:49:03 ds4-server: chat ctx=0..8201:8201 prompt start
1003 02:49:05 ds4-server: chat ctx=0..8201:8201 prefill chunk 2048/8201 (25.0%) chunk=0.00 t/s avg=1034.18 t/s 1.980s
1003 02:49:06 ds4-server: chat ctx=0..8201:8201 prefill chunk 2176/8201 (26.5%) chunk=253.90 t/s avg=875.85 t/s 2.484s
1003 02:49:06 ds4-server: chat ctx=0..8201:8201 prefill chunk 2304/8201 (28.1%) chunk=247.70 t/s avg=767.69 t/s 3.001s
1003 02:49:07 ds4-server: chat ctx=0..8201:8201 prefill chunk 2432/8201 (29.7%) chunk=242.89 t/s avg=689.31 t/s 3.528s
1003 02:49:07 ds4-server: chat ctx=0..8201:8201 prefill chunk 2560/8201 (31.2%) chunk=250.16 t/s avg=633.69 t/s 4.040s
1003 02:49:08 ds4-server: chat ctx=0..8201:8201 prefill chunk 2688/8201 (32.8%) chunk=246.67 t/s avg=589.64 t/s 4.559s
1003 02:49:08 ds4-server: chat ctx=0..8201:8201 prefill chunk 2816/8201 (34.3%) chunk=246.52 t/s avg=554.55 t/s 5.078s
1003 02:49:09 ds4-server: chat ctx=0..8201:8201 prefill chunk 2944/8201 (35.9%) chunk=228.33 t/s avg=522.12 t/s 5.639s
1003 02:49:09 ds4-server: chat ctx=0..8201:8201 prefill chunk 3072/8201 (37.5%) chunk=249.06 t/s avg=499.31 t/s 6.152s
1003 02:49:10 ds4-server: chat ctx=0..8201:8201 prefill chunk 3200/8201 (39.0%) chunk=255.41 t/s avg=480.94 t/s 6.654s
1003 02:49:10 ds4-server: chat ctx=0..8201:8201 prefill chunk 3328/8201 (40.6%) chunk=252.72 t/s avg=464.79 t/s 7.160s
1003 02:49:11 ds4-server: chat ctx=0..8201:8201 prefill chunk 3456/8201 (42.1%) chunk=247.54 t/s avg=450.16 t/s 7.677s
1003 02:49:11 ds4-server: chat ctx=0..8201:8201 prefill chunk 3584/8201 (43.7%) chunk=240.51 t/s avg=436.57 t/s 8.209s
1003 02:49:12 ds4-server: chat ctx=0..8201:8201 prefill chunk 3712/8201 (45.3%) chunk=260.40 t/s avg=426.62 t/s 8.701s
1003 02:49:12 ds4-server: chat ctx=0..8201:8201 prefill chunk 3840/8201 (46.8%) chunk=251.35 t/s avg=416.93 t/s 9.210s
1003 02:49:13 ds4-server: chat ctx=0..8201:8201 prefill chunk 3968/8201 (48.4%) chunk=249.10 t/s avg=408.06 t/s 9.724s
1003 02:49:13 ds4-server: chat ctx=0..8201:8201 prefill chunk 4096/8201 (49.9%) chunk=236.81 t/s avg=399.04 t/s 10.265s
1003 02:49:14 ds4-server: chat ctx=0..8201:8201 prefill chunk 4224/8201 (51.5%) chunk=240.33 t/s avg=391.21 t/s 10.797s
1003 02:49:15 ds4-server: chat ctx=0..8201:8201 prefill chunk 4352/8201 (53.1%) chunk=240.22 t/s avg=384.11 t/s 11.330s
1003 02:49:15 ds4-server: chat ctx=0..8201:8201 prefill chunk 4480/8201 (54.6%) chunk=231.36 t/s avg=377.00 t/s 11.883s
1003 02:49:16 ds4-server: chat ctx=0..8201:8201 prefill chunk 4608/8201 (56.2%) chunk=232.54 t/s avg=370.60 t/s 12.434s
1003 02:49:16 ds4-server: chat ctx=0..8201:8201 prefill chunk 4736/8201 (57.7%) chunk=227.92 t/s avg=364.44 t/s 12.995s
1003 02:49:17 ds4-server: chat ctx=0..8201:8201 prefill chunk 4864/8201 (59.3%) chunk=234.05 t/s avg=359.17 t/s 13.542s
1003 02:49:17 ds4-server: chat ctx=0..8201:8201 prefill chunk 4992/8201 (60.9%) chunk=231.76 t/s avg=354.18 t/s 14.095s
1003 02:49:18 ds4-server: chat ctx=0..8201:8201 prefill chunk 5120/8201 (62.4%) chunk=244.75 t/s avg=350.26 t/s 14.618s
1003 02:49:18 ds4-server: chat ctx=0..8201:8201 prefill chunk 5248/8201 (64.0%) chunk=229.37 t/s avg=345.82 t/s 15.176s
1003 02:49:19 ds4-server: chat ctx=0..8201:8201 prefill chunk 5376/8201 (65.6%) chunk=231.72 t/s avg=341.81 t/s 15.728s
1003 02:49:19 ds4-server: chat ctx=0..8201:8201 prefill chunk 5504/8201 (67.1%) chunk=230.87 t/s avg=338.03 t/s 16.282s
1003 02:49:20 ds4-server: chat ctx=0..8201:8201 prefill chunk 5632/8201 (68.7%) chunk=236.22 t/s avg=334.75 t/s 16.824s
1003 02:49:21 ds4-server: chat ctx=0..8201:8201 prefill chunk 5760/8201 (70.2%) chunk=238.07 t/s avg=331.76 t/s 17.362s
1003 02:49:21 ds4-server: chat ctx=0..8201:8201 prefill chunk 5888/8201 (71.8%) chunk=249.30 t/s avg=329.39 t/s 17.875s
1003 02:49:22 ds4-server: chat ctx=0..8201:8201 prefill chunk 6016/8201 (73.4%) chunk=246.51 t/s avg=327.05 t/s 18.395s
1003 02:49:22 ds4-server: chat ctx=0..8201:8201 prefill chunk 6144/8201 (74.9%) chunk=242.40 t/s avg=324.69 t/s 18.923s
1003 02:49:23 ds4-server: chat ctx=0..8201:8201 prefill chunk 6272/8201 (76.5%) chunk=244.95 t/s avg=322.55 t/s 19.445s
1003 02:49:23 ds4-server: chat ctx=0..8201:8201 prefill chunk 6400/8201 (78.0%) chunk=241.48 t/s avg=320.40 t/s 19.975s
1003 02:49:24 ds4-server: chat ctx=0..8201:8201 prefill chunk 6528/8201 (79.6%) chunk=236.37 t/s avg=318.18 t/s 20.517s
1003 02:49:24 ds4-server: chat ctx=0..8201:8201 prefill chunk 6656/8201 (81.2%) chunk=239.39 t/s avg=316.18 t/s 21.052s
1003 02:49:25 ds4-server: chat ctx=0..8201:8201 prefill chunk 6784/8201 (82.7%) chunk=240.64 t/s avg=314.32 t/s 21.583s
1003 02:49:25 ds4-server: chat ctx=0..8201:8201 prefill chunk 6912/8201 (84.3%) chunk=247.80 t/s avg=312.76 t/s 22.100s
1003 02:49:26 ds4-server: chat ctx=0..8201:8201 prefill chunk 7040/8201 (85.8%) chunk=231.70 t/s avg=310.78 t/s 22.652s
1003 02:49:26 ds4-server: chat ctx=0..8201:8201 prefill chunk 7168/8201 (87.4%) chunk=243.94 t/s avg=309.27 t/s 23.177s
1003 02:49:27 ds4-server: chat ctx=0..8201:8201 prefill chunk 7296/8201 (89.0%) chunk=243.97 t/s avg=307.82 t/s 23.702s
1003 02:49:27 ds4-server: chat ctx=0..8201:8201 prefill chunk 7424/8201 (90.5%) chunk=228.64 t/s avg=306.00 t/s 24.262s
1003 02:49:28 ds4-server: chat ctx=0..8201:8201 prefill chunk 7552/8201 (92.1%) chunk=237.31 t/s avg=304.50 t/s 24.801s
1003 02:49:29 ds4-server: chat ctx=0..8201:8201 prefill chunk 7680/8201 (93.6%) chunk=247.10 t/s avg=303.33 t/s 25.319s
1003 02:49:29 ds4-server: chat ctx=0..8201:8201 prefill chunk 7808/8201 (95.2%) chunk=232.39 t/s avg=301.82 t/s 25.870s
1003 02:49:30 ds4-server: chat ctx=0..8201:8201 prefill chunk 7936/8201 (96.8%) chunk=239.08 t/s avg=300.55 t/s 26.405s
1003 02:49:30 ds4-server: chat ctx=0..8201:8201 prefill chunk 8064/8201 (98.3%) chunk=242.37 t/s avg=299.41 t/s 26.933s
1003 02:49:31 ds4-server: chat ctx=0..8201:8201 prefill chunk 8192/8201 (99.9%) chunk=225.53 t/s avg=297.88 t/s 27.501s
1003 02:49:31 ds4-server: chat ctx=0..8201:8201 prefill chunk 8201/8201 (100.0%) chunk=58.57 t/s avg=296.55 t/s 27.655s
1003 02:49:31 ds4-server: chat ctx=0..8201:8201 prompt done 27.655s
1003 02:49:31 ds4-server: chat ctx=8201..8251:50 gen=50 decoding chunk=1.81 t/s avg=1.81 t/s 27.672s
1003 02:49:33 ds4-server: chat ctx=8201..8251:50 gen=50 decoding chunk=25.43 t/s avg=25.43 t/s 1.966s
1003 02:49:33 ds4-server: chat ctx=8251..8301:50 gen=100 decoding chunk=25.67 t/s avg=3.38 t/s 29.621s
1003 02:49:35 ds4-server: chat ctx=8251..8301:50 gen=100 decoding chunk=25.60 t/s avg=25.52 t/s 3.919s
1003 02:49:35 ds4-server: chat ctx=8301..8351:50 gen=150 decoding chunk=25.60 t/s avg=4.75 t/s 31.574s
1003 02:49:37 ds4-server: chat ctx=8301..8351:50 gen=150 decoding chunk=25.58 t/s avg=25.54 t/s 5.874s
1003 02:49:37 ds4-server: chat ctx=8351..8401:50 gen=200 decoding chunk=25.58 t/s avg=5.97 t/s 33.529s
1003 02:49:39 ds4-server: chat ctx=8401..8451:50 gen=250 decoding chunk=25.56 t/s avg=7.05 t/s 35.485s
1003 02:49:39 ds4-server: chat ctx=8351..8401:50 gen=200 decoding chunk=25.56 t/s avg=25.54 t/s 7.830s
1003 02:49:39 ds4-server: chat ctx=8451..8457:6 gen=256 decoding chunk=25.53 t/s avg=7.17 t/s 35.720s
1003 02:49:39 ds4-server: chat ctx=0..8201:8201 gen=256 finish=length 63.636s
1003 02:49:39 slot 0: request reuses nothing; evicting checkpoint (8457 tokens, idle 0 s, protected)
1003 02:49:39 ds4-server: live kv cache miss live=8457 prompt=8201 common=17 vision=match reason=token-mismatch
1003 02:49:39 ds4-server: chat ctx=0..8201:8201 prompt start
1003 02:49:39 ds4-server: chat ctx=0..8201:8201 prefill chunk 128/8201 (1.6%) chunk=0.00 t/s avg=244.34 t/s 0.524s
1003 02:49:40 ds4-server: chat ctx=0..8201:8201 prefill chunk 256/8201 (3.1%) chunk=277.72 t/s avg=259.96 t/s 0.985s
1003 02:49:40 ds4-server: chat ctx=0..8201:8201 prefill chunk 384/8201 (4.7%) chunk=267.52 t/s avg=262.43 t/s 1.463s
1003 02:49:41 ds4-server: chat ctx=0..8201:8201 prefill chunk 512/8201 (6.2%) chunk=266.13 t/s avg=263.35 t/s 1.944s
1003 02:49:41 ds4-server: chat ctx=0..8201:8201 prefill chunk 640/8201 (7.8%) chunk=260.26 t/s avg=262.72 t/s 2.436s
1003 02:49:42 ds4-server: chat ctx=0..8201:8201 prefill chunk 768/8201 (9.4%) chunk=269.79 t/s avg=263.88 t/s 2.910s
1003 02:49:42 ds4-server: chat ctx=0..8201:8201 prefill chunk 896/8201 (10.9%) chunk=250.23 t/s avg=261.84 t/s 3.422s
1003 02:49:43 ds4-server: chat ctx=0..8201:8201 prefill chunk 1024/8201 (12.5%) chunk=244.91 t/s avg=259.59 t/s 3.945s
1003 02:49:43 ds4-server: chat ctx=0..8201:8201 prefill chunk 1152/8201 (14.0%) chunk=274.75 t/s avg=261.20 t/s 4.410s
1003 02:49:44 ds4-server: chat ctx=0..8201:8201 prefill chunk 1280/8201 (15.6%) chunk=268.30 t/s avg=261.89 t/s 4.888s
1003 02:49:44 ds4-server: chat ctx=0..8201:8201 prefill chunk 1408/8201 (17.2%) chunk=259.91 t/s avg=261.71 t/s 5.380s
1003 02:49:45 ds4-server: chat ctx=0..8201:8201 prefill chunk 1536/8201 (18.7%) chunk=255.65 t/s avg=261.19 t/s 5.881s
1003 02:49:45 ds4-server: chat ctx=0..8201:8201 prefill chunk 1664/8201 (20.3%) chunk=276.21 t/s avg=262.29 t/s 6.344s
1003 02:49:46 ds4-server: chat ctx=0..8201:8201 prefill chunk 1792/8201 (21.9%) chunk=256.73 t/s avg=261.88 t/s 6.843s
1003 02:49:46 ds4-server: chat ctx=0..8201:8201 prefill chunk 1920/8201 (23.4%) chunk=247.35 t/s avg=260.86 t/s 7.360s
1003 02:49:47 ds4-server: chat ctx=0..8201:8201 prefill chunk 2048/8201 (25.0%) chunk=261.64 t/s avg=260.91 t/s 7.849s
1003 02:49:47 ds4-server: chat ctx=0..8201:8201 prefill chunk 2176/8201 (26.5%) chunk=245.78 t/s avg=259.97 t/s 8.370s
1003 02:49:48 ds4-server: chat ctx=0..8201:8201 prefill chunk 2304/8201 (28.1%) chunk=247.71 t/s avg=259.26 t/s 8.887s
1003 02:49:48 ds4-server: chat ctx=0..8201:8201 prefill chunk 2432/8201 (29.7%) chunk=243.17 t/s avg=258.36 t/s 9.413s
1003 02:49:49 ds4-server: chat ctx=0..8201:8201 prefill chunk 2560/8201 (31.2%) chunk=249.73 t/s avg=257.91 t/s 9.926s
1003 02:49:49 ds4-server: chat ctx=0..8201:8201 prefill chunk 2688/8201 (32.8%) chunk=245.48 t/s avg=257.29 t/s 10.447s
1003 02:49:50 ds4-server: chat ctx=0..8201:8201 prefill chunk 2816/8201 (34.3%) chunk=246.93 t/s avg=256.80 t/s 10.966s
1003 02:49:50 ds4-server: chat ctx=0..8201:8201 prefill chunk 2944/8201 (35.9%) chunk=228.34 t/s avg=255.42 t/s 11.526s
1003 02:49:51 ds4-server: chat ctx=0..8201:8201 prefill chunk 3072/8201 (37.5%) chunk=248.47 t/s avg=255.12 t/s 12.041s
1003 02:49:51 ds4-server: chat ctx=0..8201:8201 prefill chunk 3200/8201 (39.0%) chunk=254.85 t/s avg=255.11 t/s 12.544s
1003 02:49:52 ds4-server: chat ctx=0..8201:8201 prefill chunk 3328/8201 (40.6%) chunk=252.69 t/s avg=255.01 t/s 13.050s
1003 02:49:53 ds4-server: chat ctx=0..8201:8201 prefill chunk 3456/8201 (42.1%) chunk=247.86 t/s avg=254.74 t/s 13.567s
1003 02:49:53 ds4-server: chat ctx=0..8201:8201 prefill chunk 3584/8201 (43.7%) chunk=240.64 t/s avg=254.21 t/s 14.099s
1003 02:49:54 ds4-server: chat ctx=0..8201:8201 prefill chunk 3712/8201 (45.3%) chunk=259.40 t/s avg=254.39 t/s 14.592s
1003 02:49:54 ds4-server: chat ctx=0..8201:8201 prefill chunk 3840/8201 (46.8%) chunk=251.56 t/s avg=254.29 t/s 15.101s
1003 02:49:55 ds4-server: chat ctx=0..8201:8201 prefill chunk 3968/8201 (48.4%) chunk=249.46 t/s avg=254.13 t/s 15.614s
1003 02:49:55 ds4-server: chat ctx=0..8201:8201 prefill chunk 4096/8201 (49.9%) chunk=237.17 t/s avg=253.57 t/s 16.154s
1003 02:49:56 ds4-server: chat ctx=0..8201:8201 prefill chunk 4224/8201 (51.5%) chunk=240.61 t/s avg=253.15 t/s 16.686s
1003 02:49:56 ds4-server: chat ctx=0..8201:8201 prefill chunk 4352/8201 (53.1%) chunk=240.06 t/s avg=252.75 t/s 17.219s
1003 02:49:57 ds4-server: chat ctx=0..8201:8201 prefill chunk 4480/8201 (54.6%) chunk=231.06 t/s avg=252.07 t/s 17.773s
1003 02:49:57 ds4-server: chat ctx=0..8201:8201 prefill chunk 4608/8201 (56.2%) chunk=231.96 t/s avg=251.47 t/s 18.325s
1003 02:49:58 ds4-server: chat ctx=0..8201:8201 prefill chunk 4736/8201 (57.7%) chunk=228.11 t/s avg=250.77 t/s 18.886s
1003 02:49:58 ds4-server: chat ctx=0..8201:8201 prefill chunk 4864/8201 (59.3%) chunk=233.86 t/s avg=250.30 t/s 19.433s
1003 02:49:59 ds4-server: chat ctx=0..8201:8201 prefill chunk 4992/8201 (60.9%) chunk=230.49 t/s avg=249.74 t/s 19.988s
1003 02:49:59 ds4-server: chat ctx=0..8201:8201 prefill chunk 5120/8201 (62.4%) chunk=244.17 t/s avg=249.60 t/s 20.513s
1003 02:50:00 ds4-server: chat ctx=0..8201:8201 prefill chunk 5248/8201 (64.0%) chunk=228.92 t/s avg=249.05 t/s 21.072s
1003 02:50:01 ds4-server: chat ctx=0..8201:8201 prefill chunk 5376/8201 (65.6%) chunk=232.20 t/s avg=248.62 t/s 21.623s
1003 02:50:01 ds4-server: chat ctx=8401..8451:50 gen=250 decoding chunk=2.28 t/s avg=8.41 t/s 29.725s
1003 02:50:01 ds4-server: chat ctx=0..8201:8201 prefill chunk 5504/8201 (67.1%) chunk=231.78 t/s avg=248.20 t/s 22.175s
1003 02:50:02 ds4-server: chat ctx=0..8201:8201 prefill chunk 5632/8201 (68.7%) chunk=235.55 t/s avg=247.90 t/s 22.719s
1003 02:50:02 ds4-server: chat ctx=0..8201:8201 prefill chunk 5760/8201 (70.2%) chunk=237.39 t/s avg=247.66 t/s 23.258s
1003 02:50:03 ds4-server: chat ctx=0..8201:8201 prefill chunk 5888/8201 (71.8%) chunk=249.08 t/s avg=247.69 t/s 23.772s
1003 02:50:03 ds4-server: chat ctx=0..8201:8201 prefill chunk 6016/8201 (73.4%) chunk=246.55 t/s avg=247.66 t/s 24.291s
1003 02:50:04 ds4-server: chat ctx=0..8201:8201 prefill chunk 6144/8201 (74.9%) chunk=241.88 t/s avg=247.54 t/s 24.820s
1003 02:50:04 ds4-server: chat ctx=8451..8457:6 gen=256 decoding chunk=1.88 t/s avg=7.78 t/s 32.922s
1003 02:50:04 ds4-server: chat ctx=0..8201:8201 gen=256 finish=length 60.577s
1003 02:50:04 slot 1: request reuses nothing; evicting checkpoint (8457 tokens, idle 0 s, protected)
1003 02:50:04 ds4-server: chat ctx=0..8201:8201 prefill chunk 6272/8201 (76.5%) chunk=243.70 t/s avg=247.46 t/s 25.345s
1003 02:50:06 ds4-server: chat ctx=0..8201:8201 prefill chunk 8192/8201 (99.9%) chunk=951.50 t/s avg=299.38 t/s 27.363s
1003 02:50:06 ds4-server: chat ctx=0..8201:8201 prefill chunk 8201/8201 (100.0%) chunk=66.02 t/s avg=298.22 t/s 27.500s
1003 02:50:06 ds4-server: chat ctx=0..8201:8201 prompt done 27.500s
1003 02:50:06 ds4-server: live kv cache miss live=8457 prompt=8201 common=17 vision=match reason=token-mismatch
1003 02:50:06 ds4-server: chat ctx=0..8201:8201 prompt start
1003 02:50:08 ds4-server: chat ctx=0..8201:8201 prefill chunk 2048/8201 (25.0%) chunk=0.00 t/s avg=1033.46 t/s 1.982s
1003 02:50:09 ds4-server: chat ctx=0..8201:8201 prefill chunk 2176/8201 (26.5%) chunk=254.10 t/s avg=875.50 t/s 2.485s
1003 02:50:09 ds4-server: chat ctx=0..8201:8201 prefill chunk 2304/8201 (28.1%) chunk=247.10 t/s avg=767.12 t/s 3.003s
1003 02:50:10 ds4-server: chat ctx=0..8201:8201 prefill chunk 2432/8201 (29.7%) chunk=243.06 t/s avg=688.94 t/s 3.530s
1003 02:50:10 ds4-server: chat ctx=0..8201:8201 prefill chunk 2560/8201 (31.2%) chunk=249.45 t/s avg=633.16 t/s 4.043s
1003 02:50:11 ds4-server: chat ctx=0..8201:8201 prefill chunk 2688/8201 (32.8%) chunk=245.73 t/s avg=588.95 t/s 4.564s
1003 02:50:12 ds4-server: chat ctx=0..8201:8201 prefill chunk 2816/8201 (34.3%) chunk=247.58 t/s avg=554.21 t/s 5.081s
1003 02:50:12 ds4-server: chat ctx=0..8201:8201 prefill chunk 2944/8201 (35.9%) chunk=228.95 t/s avg=521.97 t/s 5.640s
1003 02:50:13 ds4-server: chat ctx=0..8201:8201 prefill chunk 3072/8201 (37.5%) chunk=249.51 t/s avg=499.26 t/s 6.153s
1003 02:50:13 ds4-server: chat ctx=0..8201:8201 prefill chunk 3200/8201 (39.0%) chunk=254.48 t/s avg=480.76 t/s 6.656s
1003 02:50:14 ds4-server: chat ctx=0..8201:8201 prefill chunk 3328/8201 (40.6%) chunk=252.22 t/s avg=464.57 t/s 7.164s
1003 02:50:14 ds4-server: chat ctx=0..8201:8201 prefill chunk 3456/8201 (42.1%) chunk=247.43 t/s avg=449.94 t/s 7.681s
1003 02:50:15 ds4-server: chat ctx=0..8201:8201 prefill chunk 3584/8201 (43.7%) chunk=240.42 t/s avg=436.36 t/s 8.213s
1003 02:50:15 ds4-server: chat ctx=0..8201:8201 prefill chunk 3712/8201 (45.3%) chunk=259.30 t/s avg=426.32 t/s 8.707s
1003 02:50:16 ds4-server: chat ctx=0..8201:8201 prefill chunk 3840/8201 (46.8%) chunk=251.73 t/s avg=416.69 t/s 9.215s
1003 02:50:16 ds4-server: chat ctx=0..8201:8201 prefill chunk 3968/8201 (48.4%) chunk=249.86 t/s avg=407.90 t/s 9.728s
1003 02:50:17 ds4-server: chat ctx=0..8201:8201 prefill chunk 4096/8201 (49.9%) chunk=236.65 t/s avg=398.88 t/s 10.269s
1003 02:50:17 ds4-server: chat ctx=0..8201:8201 prefill chunk 4224/8201 (51.5%) chunk=241.01 t/s avg=391.12 t/s 10.800s
1003 02:50:18 ds4-server: chat ctx=0..8201:8201 prefill chunk 4352/8201 (53.1%) chunk=240.16 t/s avg=384.02 t/s 11.333s
1003 02:50:18 ds4-server: chat ctx=0..8201:8201 prefill chunk 4480/8201 (54.6%) chunk=230.72 t/s avg=376.87 t/s 11.888s
1003 02:50:19 ds4-server: chat ctx=0..8201:8201 prefill chunk 4608/8201 (56.2%) chunk=232.88 t/s avg=370.50 t/s 12.437s
1003 02:50:19 ds4-server: chat ctx=0..8201:8201 prefill chunk 4736/8201 (57.7%) chunk=229.05 t/s avg=364.42 t/s 12.996s
1003 02:50:20 ds4-server: chat ctx=0..8201:8201 prefill chunk 4864/8201 (59.3%) chunk=234.33 t/s avg=359.17 t/s 13.542s
1003 02:50:21 ds4-server: chat ctx=0..8201:8201 prefill chunk 4992/8201 (60.9%) chunk=231.04 t/s avg=354.14 t/s 14.096s
1003 02:50:21 ds4-server: chat ctx=0..8201:8201 prefill chunk 5120/8201 (62.4%) chunk=244.16 t/s avg=350.19 t/s 14.620s
1003 02:50:22 ds4-server: chat ctx=0..8201:8201 prefill chunk 5248/8201 (64.0%) chunk=228.80 t/s avg=345.72 t/s 15.180s
1003 02:50:22 ds4-server: chat ctx=0..8201:8201 prefill chunk 5376/8201 (65.6%) chunk=230.71 t/s avg=341.66 t/s 15.735s
1003 02:50:23 ds4-server: chat ctx=0..8201:8201 prefill chunk 5504/8201 (67.1%) chunk=231.92 t/s avg=337.95 t/s 16.287s
1003 02:50:23 ds4-server: chat ctx=0..8201:8201 prefill chunk 5632/8201 (68.7%) chunk=236.15 t/s avg=334.67 t/s 16.829s
1003 02:50:24 ds4-server: chat ctx=0..8201:8201 prefill chunk 5760/8201 (70.2%) chunk=237.41 t/s avg=331.65 t/s 17.368s
1003 02:50:24 ds4-server: chat ctx=0..8201:8201 prefill chunk 5888/8201 (71.8%) chunk=247.61 t/s avg=329.22 t/s 17.885s
1003 02:50:25 ds4-server: chat ctx=0..8201:8201 prefill chunk 6016/8201 (73.4%) chunk=246.63 t/s avg=326.89 t/s 18.404s
1003 02:50:25 ds4-server: chat ctx=0..8201:8201 prefill chunk 6144/8201 (74.9%) chunk=242.98 t/s avg=324.55 t/s 18.931s
1003 02:50:26 ds4-server: chat ctx=0..8201:8201 prefill chunk 6272/8201 (76.5%) chunk=244.40 t/s avg=322.40 t/s 19.454s
1003 02:50:26 ds4-server: chat ctx=0..8201:8201 prefill chunk 6400/8201 (78.0%) chunk=240.96 t/s avg=320.23 t/s 19.985s
1003 02:50:27 ds4-server: chat ctx=0..8201:8201 prefill chunk 6528/8201 (79.6%) chunk=236.42 t/s avg=318.02 t/s 20.527s
1003 02:50:28 ds4-server: chat ctx=0..8201:8201 prefill chunk 6656/8201 (81.2%) chunk=240.76 t/s avg=316.07 t/s 21.059s
1003 02:50:28 ds4-server: chat ctx=0..8201:8201 prefill chunk 6784/8201 (82.7%) chunk=240.09 t/s avg=314.19 t/s 21.592s
1003 02:50:29 ds4-server: chat ctx=0..8201:8201 prefill chunk 6912/8201 (84.3%) chunk=247.72 t/s avg=312.64 t/s 22.108s
1003 02:50:29 ds4-server: chat ctx=0..8201:8201 prefill chunk 7040/8201 (85.8%) chunk=232.72 t/s avg=310.70 t/s 22.658s
1003 02:50:30 ds4-server: chat ctx=0..8201:8201 prefill chunk 7168/8201 (87.4%) chunk=242.84 t/s avg=309.16 t/s 23.186s
1003 02:50:30 ds4-server: chat ctx=0..8201:8201 prefill chunk 7296/8201 (89.0%) chunk=243.33 t/s avg=307.70 t/s 23.712s
1003 02:50:31 ds4-server: chat ctx=0..8201:8201 prefill chunk 7424/8201 (90.5%) chunk=228.65 t/s avg=305.87 t/s 24.271s
1003 02:50:31 ds4-server: chat ctx=0..8201:8201 prefill chunk 7552/8201 (92.1%) chunk=236.99 t/s avg=304.38 t/s 24.811s
1003 02:50:32 ds4-server: chat ctx=0..8201:8201 prefill chunk 7680/8201 (93.6%) chunk=246.25 t/s avg=303.18 t/s 25.331s
1003 02:50:32 ds4-server: chat ctx=0..8201:8201 prefill chunk 7808/8201 (95.2%) chunk=231.13 t/s avg=301.64 t/s 25.885s
1003 02:50:33 ds4-server: chat ctx=0..8201:8201 prefill chunk 7936/8201 (96.8%) chunk=239.22 t/s avg=300.38 t/s 26.420s
1003 02:50:33 ds4-server: chat ctx=0..8201:8201 prefill chunk 8064/8201 (98.3%) chunk=241.05 t/s avg=299.21 t/s 26.951s
1003 02:50:34 ds4-server: chat ctx=0..8201:8201 prefill chunk 8192/8201 (99.9%) chunk=226.26 t/s avg=297.71 t/s 27.517s
1003 02:50:34 ds4-server: chat ctx=0..8201:8201 prefill chunk 8201/8201 (100.0%) chunk=58.54 t/s avg=296.38 t/s 27.671s
1003 02:50:34 ds4-server: chat ctx=0..8201:8201 prompt done 27.671s
1003 02:50:34 ds4-server: chat ctx=8201..8251:50 gen=50 decoding chunk=1.81 t/s avg=1.81 t/s 27.688s
1003 02:50:36 ds4-server: chat ctx=8251..8301:50 gen=100 decoding chunk=25.65 t/s avg=3.37 t/s 29.638s
1003 02:50:36 ds4-server: chat ctx=8201..8251:50 gen=50 decoding chunk=25.42 t/s avg=25.42 t/s 1.967s
1003 02:50:38 ds4-server: chat ctx=8251..8301:50 gen=100 decoding chunk=25.54 t/s avg=25.48 t/s 3.925s
1003 02:50:38 ds4-server: chat ctx=8301..8351:50 gen=150 decoding chunk=25.54 t/s avg=4.75 t/s 31.595s
1003 02:50:40 ds4-server: chat ctx=8351..8401:50 gen=200 decoding chunk=25.53 t/s avg=5.96 t/s 33.554s
1003 02:50:40 ds4-server: chat ctx=8301..8351:50 gen=150 decoding chunk=25.53 t/s avg=25.50 t/s 5.883s
1003 02:50:42 ds4-server: chat ctx=8351..8401:50 gen=200 decoding chunk=25.55 t/s avg=25.51 t/s 7.840s
1003 02:50:42 ds4-server: chat ctx=8401..8451:50 gen=250 decoding chunk=25.55 t/s avg=7.04 t/s 35.511s
1003 02:50:42 ds4-server: chat ctx=8451..8457:6 gen=256 decoding chunk=25.50 t/s avg=7.16 t/s 35.746s
1003 02:50:42 ds4-server: chat ctx=0..8201:8201 gen=256 finish=length 63.246s
1003 02:50:42 slot 0: request reuses nothing; evicting checkpoint (8457 tokens, idle 0 s, protected)
1003 02:50:42 ds4-server: live kv cache miss live=8457 prompt=8201 common=17 vision=match reason=token-mismatch
1003 02:50:42 ds4-server: chat ctx=0..8201:8201 prompt start
1003 02:50:43 ds4-server: chat ctx=0..8201:8201 prefill chunk 128/8201 (1.6%) chunk=0.00 t/s avg=244.96 t/s 0.523s
1003 02:50:43 ds4-server: chat ctx=0..8201:8201 prefill chunk 256/8201 (3.1%) chunk=276.46 t/s avg=259.76 t/s 0.986s
1003 02:50:44 ds4-server: chat ctx=0..8201:8201 prefill chunk 384/8201 (4.7%) chunk=266.98 t/s avg=262.12 t/s 1.465s
1003 02:50:44 ds4-server: chat ctx=0..8201:8201 prefill chunk 512/8201 (6.2%) chunk=265.93 t/s avg=263.06 t/s 1.946s
1003 02:50:45 ds4-server: chat ctx=0..8201:8201 prefill chunk 640/8201 (7.8%) chunk=259.64 t/s avg=262.37 t/s 2.439s
1003 02:50:45 ds4-server: chat ctx=0..8201:8201 prefill chunk 768/8201 (9.4%) chunk=271.16 t/s avg=263.80 t/s 2.911s
1003 02:50:46 ds4-server: chat ctx=0..8201:8201 prefill chunk 896/8201 (10.9%) chunk=249.44 t/s avg=261.65 t/s 3.424s
1003 02:50:46 ds4-server: chat ctx=0..8201:8201 prefill chunk 1024/8201 (12.5%) chunk=244.83 t/s avg=259.42 t/s 3.947s
1003 02:50:47 ds4-server: chat ctx=0..8201:8201 prefill chunk 1152/8201 (14.0%) chunk=274.96 t/s avg=261.06 t/s 4.413s
1003 02:50:47 ds4-server: chat ctx=0..8201:8201 prefill chunk 1280/8201 (15.6%) chunk=266.83 t/s avg=261.62 t/s 4.893s
1003 02:50:48 ds4-server: chat ctx=0..8201:8201 prefill chunk 1408/8201 (17.2%) chunk=258.21 t/s avg=261.31 t/s 5.388s
1003 02:50:48 ds4-server: chat ctx=0..8201:8201 prefill chunk 1536/8201 (18.7%) chunk=256.27 t/s avg=260.88 t/s 5.888s
1003 02:50:49 ds4-server: chat ctx=0..8201:8201 prefill chunk 1664/8201 (20.3%) chunk=276.21 t/s avg=262.00 t/s 6.351s
1003 02:50:49 ds4-server: chat ctx=0..8201:8201 prefill chunk 1792/8201 (21.9%) chunk=256.42 t/s avg=261.59 t/s 6.850s
1003 02:50:50 ds4-server: chat ctx=0..8201:8201 prefill chunk 1920/8201 (23.4%) chunk=248.95 t/s avg=260.71 t/s 7.364s
1003 02:50:50 ds4-server: chat ctx=0..8201:8201 prefill chunk 2048/8201 (25.0%) chunk=262.32 t/s avg=260.81 t/s 7.852s
1003 02:50:51 ds4-server: chat ctx=0..8201:8201 prefill chunk 2176/8201 (26.5%) chunk=244.95 t/s avg=259.82 t/s 8.375s
1003 02:50:51 ds4-server: chat ctx=0..8201:8201 prefill chunk 2304/8201 (28.1%) chunk=246.66 t/s avg=259.05 t/s 8.894s
1003 02:50:52 ds4-server: chat ctx=0..8201:8201 prefill chunk 2432/8201 (29.7%) chunk=243.04 t/s avg=258.16 t/s 9.421s
1003 02:50:52 ds4-server: chat ctx=0..8201:8201 prefill chunk 2560/8201 (31.2%) chunk=248.79 t/s avg=257.67 t/s 9.935s
1003 02:50:53 ds4-server: chat ctx=0..8201:8201 prefill chunk 2688/8201 (32.8%) chunk=247.21 t/s avg=257.16 t/s 10.453s
1003 02:50:53 ds4-server: chat ctx=0..8201:8201 prefill chunk 2816/8201 (34.3%) chunk=245.53 t/s avg=256.60 t/s 10.974s
1003 02:50:54 ds4-server: chat ctx=0..8201:8201 prefill chunk 2944/8201 (35.9%) chunk=228.25 t/s avg=255.22 t/s 11.535s
1003 02:50:54 ds4-server: chat ctx=0..8201:8201 prefill chunk 3072/8201 (37.5%) chunk=248.46 t/s avg=254.94 t/s 12.050s
1003 02:50:55 ds4-server: chat ctx=0..8201:8201 prefill chunk 3200/8201 (39.0%) chunk=254.51 t/s avg=254.92 t/s 12.553s
1003 02:50:55 ds4-server: chat ctx=0..8201:8201 prefill chunk 3328/8201 (40.6%) chunk=252.40 t/s avg=254.82 t/s 13.060s
1003 02:50:56 ds4-server: chat ctx=0..8201:8201 prefill chunk 3456/8201 (42.1%) chunk=246.38 t/s avg=254.50 t/s 13.580s
1003 02:50:56 ds4-server: chat ctx=0..8201:8201 prefill chunk 3584/8201 (43.7%) chunk=240.25 t/s avg=253.96 t/s 14.112s
1003 02:50:57 ds4-server: chat ctx=0..8201:8201 prefill chunk 3712/8201 (45.3%) chunk=259.87 t/s avg=254.16 t/s 14.605s
1003 02:50:57 ds4-server: chat ctx=0..8201:8201 prefill chunk 3840/8201 (46.8%) chunk=252.18 t/s avg=254.09 t/s 15.113s
1003 02:50:58 ds4-server: chat ctx=0..8201:8201 prefill chunk 3968/8201 (48.4%) chunk=250.01 t/s avg=253.96 t/s 15.625s
1003 02:50:58 ds4-server: chat ctx=0..8201:8201 prefill chunk 4096/8201 (49.9%) chunk=236.08 t/s avg=253.36 t/s 16.167s
1003 02:50:59 ds4-server: chat ctx=0..8201:8201 prefill chunk 4224/8201 (51.5%) chunk=239.86 t/s avg=252.93 t/s 16.700s
1003 02:50:59 ds4-server: chat ctx=0..8201:8201 prefill chunk 4352/8201 (53.1%) chunk=240.22 t/s avg=252.54 t/s 17.233s
1003 02:51:00 ds4-server: chat ctx=0..8201:8201 prefill chunk 4480/8201 (54.6%) chunk=230.79 t/s avg=251.86 t/s 17.788s
1003 02:51:01 ds4-server: chat ctx=0..8201:8201 prefill chunk 4608/8201 (56.2%) chunk=232.26 t/s avg=251.27 t/s 18.339s
1003 02:51:01 ds4-server: chat ctx=0..8201:8201 prefill chunk 4736/8201 (57.7%) chunk=228.95 t/s avg=250.61 t/s 18.898s
1003 02:51:02 ds4-server: chat ctx=0..8201:8201 prefill chunk 4864/8201 (59.3%) chunk=234.92 t/s avg=250.17 t/s 19.443s
1003 02:51:02 ds4-server: chat ctx=0..8201:8201 prefill chunk 4992/8201 (60.9%) chunk=231.32 t/s avg=249.65 t/s 19.996s
1003 02:51:03 ds4-server: chat ctx=0..8201:8201 prefill chunk 5120/8201 (62.4%) chunk=244.50 t/s avg=249.52 t/s 20.520s
1003 02:51:03 ds4-server: chat ctx=0..8201:8201 prefill chunk 5248/8201 (64.0%) chunk=229.04 t/s avg=248.97 t/s 21.079s
1003 02:51:04 ds4-server: chat ctx=0..8201:8201 prefill chunk 5376/8201 (65.6%) chunk=231.50 t/s avg=248.53 t/s 21.632s
1003 02:51:04 ds4-server: chat ctx=8401..8451:50 gen=250 decoding chunk=2.28 t/s avg=8.41 t/s 29.743s
1003 02:51:04 ds4-server: chat ctx=0..8201:8201 prefill chunk 5504/8201 (67.1%) chunk=231.94 t/s avg=248.11 t/s 22.183s
1003 02:51:05 ds4-server: chat ctx=0..8201:8201 prefill chunk 5632/8201 (68.7%) chunk=237.36 t/s avg=247.86 t/s 22.723s
1003 02:51:05 ds4-server: chat ctx=0..8201:8201 prefill chunk 5760/8201 (70.2%) chunk=239.26 t/s avg=247.66 t/s 23.258s
1003 02:51:06 ds4-server: chat ctx=0..8201:8201 prefill chunk 5888/8201 (71.8%) chunk=248.50 t/s avg=247.68 t/s 23.773s
1003 02:51:07 ds4-server: chat ctx=0..8201:8201 prefill chunk 6016/8201 (73.4%) chunk=246.87 t/s avg=247.66 t/s 24.291s
1003 02:51:07 ds4-server: chat ctx=0..8201:8201 prefill chunk 6144/8201 (74.9%) chunk=241.98 t/s avg=247.54 t/s 24.820s
1003 02:51:07 ds4-server: chat ctx=8451..8457:6 gen=256 decoding chunk=1.88 t/s avg=7.77 t/s 32.932s
1003 02:51:07 ds4-server: chat ctx=0..8201:8201 gen=256 finish=length 60.603s
1003 02:51:07 slot 1: request reuses nothing; evicting checkpoint (8457 tokens, idle 0 s, protected)
1003 02:51:08 ds4-server: chat ctx=0..8201:8201 prefill chunk 6272/8201 (76.5%) chunk=244.35 t/s avg=247.47 t/s 25.344s
1003 02:51:10 ds4-server: chat ctx=0..8201:8201 prefill chunk 8192/8201 (99.9%) chunk=951.30 t/s avg=299.39 t/s 27.362s
1003 02:51:10 ds4-server: chat ctx=0..8201:8201 prefill chunk 8201/8201 (100.0%) chunk=65.97 t/s avg=298.23 t/s 27.499s
1003 02:51:10 ds4-server: chat ctx=0..8201:8201 prompt done 27.499s
1003 02:51:10 ds4-server: live kv cache miss live=8457 prompt=8201 common=17 vision=match reason=token-mismatch
1003 02:51:10 ds4-server: chat ctx=0..8201:8201 prompt start
1003 02:51:12 ds4-server: chat ctx=0..8201:8201 prefill chunk 2048/8201 (25.0%) chunk=0.00 t/s avg=1033.97 t/s 1.981s
1003 02:51:12 ds4-server: chat ctx=0..8201:8201 prefill chunk 2176/8201 (26.5%) chunk=253.27 t/s avg=875.26 t/s 2.486s
1003 02:51:13 ds4-server: chat ctx=0..8201:8201 prefill chunk 2304/8201 (28.1%) chunk=248.05 t/s avg=767.45 t/s 3.002s
1003 02:51:13 ds4-server: chat ctx=0..8201:8201 prefill chunk 2432/8201 (29.7%) chunk=242.39 t/s avg=688.91 t/s 3.530s
1003 02:51:14 ds4-server: chat ctx=0..8201:8201 prefill chunk 2560/8201 (31.2%) chunk=247.82 t/s avg=632.61 t/s 4.047s
1003 02:51:14 ds4-server: chat ctx=0..8201:8201 prefill chunk 2688/8201 (32.8%) chunk=245.39 t/s avg=588.40 t/s 4.568s
1003 02:51:15 ds4-server: chat ctx=0..8201:8201 prefill chunk 2816/8201 (34.3%) chunk=246.58 t/s avg=553.52 t/s 5.087s
1003 02:51:15 ds4-server: chat ctx=0..8201:8201 prefill chunk 2944/8201 (35.9%) chunk=227.18 t/s avg=520.98 t/s 5.651s
1003 02:51:16 ds4-server: chat ctx=0..8201:8201 prefill chunk 3072/8201 (37.5%) chunk=248.01 t/s avg=498.14 t/s 6.167s
1003 02:51:16 ds4-server: chat ctx=0..8201:8201 prefill chunk 3200/8201 (39.0%) chunk=254.98 t/s avg=479.83 t/s 6.669s
1003 02:51:17 ds4-server: chat ctx=0..8201:8201 prefill chunk 3328/8201 (40.6%) chunk=252.09 t/s avg=463.72 t/s 7.177s
1003 02:51:17 ds4-server: chat ctx=0..8201:8201 prefill chunk 3456/8201 (42.1%) chunk=246.42 t/s avg=449.06 t/s 7.696s
1003 02:51:18 ds4-server: chat ctx=0..8201:8201 prefill chunk 3584/8201 (43.7%) chunk=239.76 t/s avg=435.48 t/s 8.230s
1003 02:51:18 ds4-server: chat ctx=0..8201:8201 prefill chunk 3712/8201 (45.3%) chunk=260.20 t/s avg=425.59 t/s 8.722s
1003 02:51:19 ds4-server: chat ctx=0..8201:8201 prefill chunk 3840/8201 (46.8%) chunk=250.88 t/s avg=415.94 t/s 9.232s
1003 02:51:19 ds4-server: chat ctx=0..8201:8201 prefill chunk 3968/8201 (48.4%) chunk=249.74 t/s avg=407.20 t/s 9.745s
1003 02:51:20 ds4-server: chat ctx=0..8201:8201 prefill chunk 4096/8201 (49.9%) chunk=235.76 t/s avg=398.15 t/s 10.288s
1003 02:51:21 ds4-server: chat ctx=0..8201:8201 prefill chunk 4224/8201 (51.5%) chunk=239.95 t/s avg=390.35 t/s 10.821s
1003 02:51:21 ds4-server: chat ctx=0..8201:8201 prefill chunk 4352/8201 (53.1%) chunk=239.32 t/s avg=383.24 t/s 11.356s
1003 02:51:22 ds4-server: chat ctx=0..8201:8201 prefill chunk 4480/8201 (54.6%) chunk=232.21 t/s avg=376.25 t/s 11.907s
1003 02:51:22 ds4-server: chat ctx=0..8201:8201 prefill chunk 4608/8201 (56.2%) chunk=232.45 t/s avg=369.89 t/s 12.458s
1003 02:51:23 ds4-server: chat ctx=0..8201:8201 prefill chunk 4736/8201 (57.7%) chunk=229.61 t/s avg=363.88 t/s 13.015s
1003 02:51:23 ds4-server: chat ctx=0..8201:8201 prefill chunk 4864/8201 (59.3%) chunk=233.45 t/s avg=358.61 t/s 13.564s
1003 02:51:24 ds4-server: chat ctx=0..8201:8201 prefill chunk 4992/8201 (60.9%) chunk=231.52 t/s avg=353.63 t/s 14.116s
1003 02:51:24 ds4-server: chat ctx=0..8201:8201 prefill chunk 5120/8201 (62.4%) chunk=245.27 t/s avg=349.77 t/s 14.638s
1003 02:51:25 ds4-server: chat ctx=0..8201:8201 prefill chunk 5248/8201 (64.0%) chunk=229.29 t/s avg=345.34 t/s 15.196s
1003 02:51:25 ds4-server: chat ctx=0..8201:8201 prefill chunk 5376/8201 (65.6%) chunk=231.14 t/s avg=341.33 t/s 15.750s
1003 02:51:26 ds4-server: chat ctx=0..8201:8201 prefill chunk 5504/8201 (67.1%) chunk=231.25 t/s avg=337.59 t/s 16.304s
1003 02:51:27 ds4-server: chat ctx=0..8201:8201 prefill chunk 5632/8201 (68.7%) chunk=235.58 t/s avg=334.30 t/s 16.847s
1003 02:51:27 ds4-server: chat ctx=0..8201:8201 prefill chunk 5760/8201 (70.2%) chunk=236.67 t/s avg=331.26 t/s 17.388s
1003 02:51:28 ds4-server: chat ctx=0..8201:8201 prefill chunk 5888/8201 (71.8%) chunk=247.73 t/s avg=328.85 t/s 17.905s
1003 02:51:28 ds4-server: chat ctx=0..8201:8201 prefill chunk 6016/8201 (73.4%) chunk=247.41 t/s avg=326.57 t/s 18.422s
1003 02:51:29 ds4-server: chat ctx=0..8201:8201 prefill chunk 6144/8201 (74.9%) chunk=242.49 t/s avg=324.22 t/s 18.950s
1003 02:51:29 ds4-server: chat ctx=0..8201:8201 prefill chunk 6272/8201 (76.5%) chunk=244.31 t/s avg=322.07 t/s 19.474s
1003 02:51:30 ds4-server: chat ctx=0..8201:8201 prefill chunk 6400/8201 (78.0%) chunk=240.35 t/s avg=319.90 t/s 20.006s
1003 02:51:30 ds4-server: chat ctx=0..8201:8201 prefill chunk 6528/8201 (79.6%) chunk=236.71 t/s avg=317.71 t/s 20.547s
1003 02:51:31 ds4-server: chat ctx=0..8201:8201 prefill chunk 6656/8201 (81.2%) chunk=239.96 t/s avg=315.74 t/s 21.081s
1003 02:51:31 ds4-server: chat ctx=0..8201:8201 prefill chunk 6784/8201 (82.7%) chunk=240.65 t/s avg=313.89 t/s 21.612s
1003 02:51:32 ds4-server: chat ctx=0..8201:8201 prefill chunk 6912/8201 (84.3%) chunk=249.00 t/s avg=312.39 t/s 22.126s
1003 02:51:32 ds4-server: chat ctx=0..8201:8201 prefill chunk 7040/8201 (85.8%) chunk=233.45 t/s avg=310.48 t/s 22.675s
1003 02:51:33 ds4-server: chat ctx=0..8201:8201 prefill chunk 7168/8201 (87.4%) chunk=244.67 t/s avg=308.99 t/s 23.198s
1003 02:51:33 ds4-server: chat ctx=0..8201:8201 prefill chunk 7296/8201 (89.0%) chunk=240.99 t/s avg=307.47 t/s 23.729s
1003 02:51:34 ds4-server: chat ctx=0..8201:8201 prefill chunk 7424/8201 (90.5%) chunk=228.86 t/s avg=305.66 t/s 24.288s
1003 02:51:35 ds4-server: chat ctx=0..8201:8201 prefill chunk 7552/8201 (92.1%) chunk=236.69 t/s avg=304.16 t/s 24.829s
1003 02:51:35 ds4-server: chat ctx=0..8201:8201 prefill chunk 7680/8201 (93.6%) chunk=247.02 t/s avg=302.99 t/s 25.347s
1003 02:51:36 ds4-server: chat ctx=0..8201:8201 prefill chunk 7808/8201 (95.2%) chunk=232.26 t/s avg=301.48 t/s 25.898s
1003 02:51:36 ds4-server: chat ctx=0..8201:8201 prefill chunk 7936/8201 (96.8%) chunk=239.04 t/s avg=300.22 t/s 26.434s
1003 02:51:37 ds4-server: chat ctx=0..8201:8201 prefill chunk 8064/8201 (98.3%) chunk=242.53 t/s avg=299.09 t/s 26.962s
1003 02:51:37 ds4-server: chat ctx=0..8201:8201 prefill chunk 8192/8201 (99.9%) chunk=225.48 t/s avg=297.57 t/s 27.529s
1003 02:51:37 ds4-server: chat ctx=0..8201:8201 prefill chunk 8201/8201 (100.0%) chunk=58.55 t/s avg=296.25 t/s 27.683s
1003 02:51:37 ds4-server: chat ctx=0..8201:8201 prompt done 27.683s
1003 02:51:37 ds4-server: chat ctx=8201..8251:50 gen=50 decoding chunk=1.80 t/s avg=1.80 t/s 27.701s
1003 02:51:39 ds4-server: chat ctx=8201..8251:50 gen=50 decoding chunk=25.45 t/s avg=25.45 t/s 1.964s
1003 02:51:39 ds4-server: chat ctx=8251..8301:50 gen=100 decoding chunk=25.69 t/s avg=3.37 t/s 29.648s
1003 02:51:41 ds4-server: chat ctx=8251..8301:50 gen=100 decoding chunk=25.61 t/s avg=25.53 t/s 3.917s
1003 02:51:41 ds4-server: chat ctx=8301..8351:50 gen=150 decoding chunk=25.61 t/s avg=4.75 t/s 31.600s
1003 02:51:43 ds4-server: chat ctx=8351..8401:50 gen=200 decoding chunk=25.60 t/s avg=5.96 t/s 33.553s
1003 02:51:43 ds4-server: chat ctx=8301..8351:50 gen=150 decoding chunk=25.60 t/s avg=25.55 t/s 5.870s
1003 02:51:45 ds4-server: chat ctx=8401..8451:50 gen=250 decoding chunk=25.59 t/s avg=7.04 t/s 35.507s
1003 02:51:45 ds4-server: chat ctx=8351..8401:50 gen=200 decoding chunk=25.59 t/s avg=25.56 t/s 7.824s
1003 02:51:45 ds4-server: chat ctx=8451..8457:6 gen=256 decoding chunk=25.56 t/s avg=7.16 t/s 35.742s
1003 02:51:45 ds4-server: chat ctx=0..8201:8201 gen=256 finish=length 63.241s
1003 02:51:45 slot 0: request reuses nothing; evicting checkpoint (8457 tokens, idle 0 s, protected)
1003 02:51:45 ds4-server: live kv cache miss live=8457 prompt=8201 common=17 vision=match reason=token-mismatch
1003 02:51:45 ds4-server: chat ctx=0..8201:8201 prompt start
1003 02:51:46 ds4-server: chat ctx=0..8201:8201 prefill chunk 128/8201 (1.6%) chunk=0.00 t/s avg=253.27 t/s 0.505s
1003 02:51:46 ds4-server: chat ctx=0..8201:8201 prefill chunk 256/8201 (3.1%) chunk=277.52 t/s avg=264.84 t/s 0.967s
1003 02:51:47 ds4-server: chat ctx=0..8201:8201 prefill chunk 384/8201 (4.7%) chunk=267.15 t/s avg=265.61 t/s 1.446s
1003 02:51:47 ds4-server: chat ctx=0..8201:8201 prefill chunk 512/8201 (6.2%) chunk=265.69 t/s avg=265.63 t/s 1.927s
1003 02:51:48 ds4-server: chat ctx=0..8201:8201 prefill chunk 640/8201 (7.8%) chunk=259.85 t/s avg=264.45 t/s 2.420s
1003 02:51:48 ds4-server: chat ctx=0..8201:8201 prefill chunk 768/8201 (9.4%) chunk=269.77 t/s avg=265.33 t/s 2.895s
1003 02:51:49 ds4-server: chat ctx=0..8201:8201 prefill chunk 896/8201 (10.9%) chunk=250.97 t/s avg=263.17 t/s 3.405s
1003 02:51:49 ds4-server: chat ctx=0..8201:8201 prefill chunk 1024/8201 (12.5%) chunk=246.06 t/s avg=260.91 t/s 3.925s
1003 02:51:50 ds4-server: chat ctx=0..8201:8201 prefill chunk 1152/8201 (14.0%) chunk=274.65 t/s avg=262.37 t/s 4.391s
1003 02:51:50 ds4-server: chat ctx=0..8201:8201 prefill chunk 1280/8201 (15.6%) chunk=268.14 t/s avg=262.93 t/s 4.868s
1003 02:51:51 ds4-server: chat ctx=0..8201:8201 prefill chunk 1408/8201 (17.2%) chunk=259.07 t/s avg=262.58 t/s 5.362s
1003 02:51:51 ds4-server: chat ctx=0..8201:8201 prefill chunk 1536/8201 (18.7%) chunk=255.22 t/s avg=261.95 t/s 5.864s
1003 02:51:52 ds4-server: chat ctx=0..8201:8201 prefill chunk 1664/8201 (20.3%) chunk=276.48 t/s avg=263.01 t/s 6.327s
1003 02:51:52 ds4-server: chat ctx=0..8201:8201 prefill chunk 1792/8201 (21.9%) chunk=257.14 t/s avg=262.58 t/s 6.825s
1003 02:51:53 ds4-server: chat ctx=0..8201:8201 prefill chunk 1920/8201 (23.4%) chunk=247.93 t/s avg=261.55 t/s 7.341s
1003 02:51:53 ds4-server: chat ctx=0..8201:8201 prefill chunk 2048/8201 (25.0%) chunk=262.24 t/s avg=261.59 t/s 7.829s
1003 02:51:54 ds4-server: chat ctx=0..8201:8201 prefill chunk 2176/8201 (26.5%) chunk=244.83 t/s avg=260.55 t/s 8.352s
1003 02:51:54 ds4-server: chat ctx=0..8201:8201 prefill chunk 2304/8201 (28.1%) chunk=247.37 t/s avg=259.78 t/s 8.869s
1003 02:51:55 ds4-server: chat ctx=0..8201:8201 prefill chunk 2432/8201 (29.7%) chunk=243.75 t/s avg=258.88 t/s 9.394s
1003 02:51:55 ds4-server: chat ctx=0..8201:8201 prefill chunk 2560/8201 (31.2%) chunk=249.68 t/s avg=258.40 t/s 9.907s
1003 02:51:56 ds4-server: chat ctx=0..8201:8201 prefill chunk 2688/8201 (32.8%) chunk=244.90 t/s avg=257.73 t/s 10.430s
1003 02:51:56 ds4-server: chat ctx=0..8201:8201 prefill chunk 2816/8201 (34.3%) chunk=246.21 t/s avg=257.18 t/s 10.949s
1003 02:51:57 ds4-server: chat ctx=0..8201:8201 prefill chunk 2944/8201 (35.9%) chunk=227.67 t/s avg=255.74 t/s 11.512s
1003 02:51:57 ds4-server: chat ctx=0..8201:8201 prefill chunk 3072/8201 (37.5%) chunk=248.32 t/s avg=255.42 t/s 12.027s
1003 02:51:58 ds4-server: chat ctx=0..8201:8201 prefill chunk 3200/8201 (39.0%) chunk=255.55 t/s avg=255.43 t/s 12.528s
1003 02:51:59 ds4-server: chat ctx=0..8201:8201 prefill chunk 3328/8201 (40.6%) chunk=252.83 t/s avg=255.33 t/s 13.034s
1003 02:51:59 ds4-server: chat ctx=0..8201:8201 prefill chunk 3456/8201 (42.1%) chunk=246.72 t/s avg=255.00 t/s 13.553s
1003 02:52:00 ds4-server: chat ctx=0..8201:8201 prefill chunk 3584/8201 (43.7%) chunk=240.17 t/s avg=254.44 t/s 14.086s
1003 02:52:00 ds4-server: chat ctx=0..8201:8201 prefill chunk 3712/8201 (45.3%) chunk=259.96 t/s avg=254.62 t/s 14.578s
1003 02:52:01 ds4-server: chat ctx=0..8201:8201 prefill chunk 3840/8201 (46.8%) chunk=251.31 t/s avg=254.51 t/s 15.088s
1003 02:52:01 ds4-server: chat ctx=0..8201:8201 prefill chunk 3968/8201 (48.4%) chunk=250.26 t/s avg=254.37 t/s 15.599s
1003 02:52:02 ds4-server: chat ctx=0..8201:8201 prefill chunk 4096/8201 (49.9%) chunk=237.81 t/s avg=253.82 t/s 16.137s
1003 02:52:02 ds4-server: chat ctx=0..8201:8201 prefill chunk 4224/8201 (51.5%) chunk=240.14 t/s avg=253.38 t/s 16.671s
1003 02:52:03 ds4-server: chat ctx=0..8201:8201 prefill chunk 4352/8201 (53.1%) chunk=240.01 t/s avg=252.97 t/s 17.204s
1003 02:52:03 ds4-server: chat ctx=0..8201:8201 prefill chunk 4480/8201 (54.6%) chunk=231.33 t/s avg=252.29 t/s 17.757s
1003 02:52:04 ds4-server: chat ctx=0..8201:8201 prefill chunk 4608/8201 (56.2%) chunk=234.76 t/s avg=251.77 t/s 18.302s
1003 02:52:04 ds4-server: chat ctx=0..8201:8201 prefill chunk 4736/8201 (57.7%) chunk=229.05 t/s avg=251.10 t/s 18.861s
1003 02:52:05 ds4-server: chat ctx=0..8201:8201 prefill chunk 4864/8201 (59.3%) chunk=233.34 t/s avg=250.60 t/s 19.410s
1003 02:52:05 ds4-server: chat ctx=0..8201:8201 prefill chunk 4992/8201 (60.9%) chunk=230.82 t/s avg=250.05 t/s 19.964s
1003 02:52:06 ds4-server: chat ctx=0..8201:8201 prefill chunk 5120/8201 (62.4%) chunk=244.67 t/s avg=249.91 t/s 20.487s
1003 02:52:07 ds4-server: chat ctx=0..8201:8201 prefill chunk 5248/8201 (64.0%) chunk=228.25 t/s avg=249.33 t/s 21.048s
1003 02:52:07 ds4-server: chat ctx=0..8201:8201 prefill chunk 5376/8201 (65.6%) chunk=231.21 t/s avg=248.87 t/s 21.602s
1003 02:52:08 ds4-server: chat ctx=0..8201:8201 prefill chunk 5504/8201 (67.1%) chunk=231.71 t/s avg=248.44 t/s 22.154s
1003 02:52:08 ds4-server: chat ctx=8401..8451:50 gen=250 decoding chunk=2.23 t/s avg=8.26 t/s 30.250s
1003 02:52:08 ds4-server: chat ctx=0..8201:8201 prefill chunk 5632/8201 (68.7%) chunk=235.64 t/s avg=248.13 t/s 22.697s
1003 02:52:09 ds4-server: chat ctx=0..8201:8201 prefill chunk 5760/8201 (70.2%) chunk=238.86 t/s avg=247.92 t/s 23.233s
1003 02:52:09 ds4-server: chat ctx=0..8201:8201 prefill chunk 5888/8201 (71.8%) chunk=247.94 t/s avg=247.92 t/s 23.750s
1003 02:52:10 ds4-server: chat ctx=0..8201:8201 prefill chunk 6016/8201 (73.4%) chunk=247.47 t/s avg=247.91 t/s 24.267s
1003 02:52:10 ds4-server: chat ctx=0..8201:8201 prefill chunk 6144/8201 (74.9%) chunk=243.04 t/s avg=247.81 t/s 24.793s
1003 02:52:11 ds4-server: chat ctx=0..8201:8201 prefill chunk 6272/8201 (76.5%) chunk=244.25 t/s avg=247.73 t/s 25.318s
1003 02:52:11 ds4-server: chat ctx=8451..8457:6 gen=256 decoding chunk=1.90 t/s avg=7.66 t/s 33.413s
1003 02:52:11 ds4-server: chat ctx=0..8201:8201 gen=256 finish=length 61.096s
1003 02:52:11 slot 1: request reuses nothing; evicting checkpoint (8457 tokens, idle 0 s, protected)
1003 02:52:11 ds4-server: chat ctx=0..8201:8201 prefill chunk 6400/8201 (78.0%) chunk=241.44 t/s avg=247.60 t/s 25.848s
1003 02:52:13 ds4-server: chat ctx=0..8201:8201 prefill chunk 8192/8201 (99.9%) chunk=935.07 t/s avg=295.06 t/s 27.764s
1003 02:52:13 ds4-server: chat ctx=0..8201:8201 prefill chunk 8201/8201 (100.0%) chunk=65.93 t/s avg=293.94 t/s 27.901s
1003 02:52:13 ds4-server: chat ctx=0..8201:8201 prompt done 27.901s
1003 02:52:13 ds4-server: live kv cache miss live=8457 prompt=8201 common=17 vision=match reason=token-mismatch
1003 02:52:13 ds4-server: chat ctx=0..8201:8201 prompt start
1003 02:52:15 ds4-server: chat ctx=0..8201:8201 prefill chunk 2048/8201 (25.0%) chunk=0.00 t/s avg=1034.31 t/s 1.980s
1003 02:52:16 ds4-server: chat ctx=0..8201:8201 prefill chunk 2176/8201 (26.5%) chunk=253.52 t/s avg=875.67 t/s 2.485s
1003 02:52:16 ds4-server: chat ctx=0..8201:8201 prefill chunk 2304/8201 (28.1%) chunk=248.19 t/s avg=767.83 t/s 3.001s
1003 02:52:17 ds4-server: chat ctx=0..8201:8201 prefill chunk 2432/8201 (29.7%) chunk=243.35 t/s avg=689.60 t/s 3.527s
1003 02:52:17 ds4-server: chat ctx=0..8201:8201 prefill chunk 2560/8201 (31.2%) chunk=250.06 t/s avg=633.89 t/s 4.039s
1003 02:52:18 ds4-server: chat ctx=0..8201:8201 prefill chunk 2688/8201 (32.8%) chunk=245.58 t/s avg=589.51 t/s 4.560s
1003 02:52:18 ds4-server: chat ctx=0..8201:8201 prefill chunk 2816/8201 (34.3%) chunk=246.94 t/s avg=554.54 t/s 5.078s
1003 02:52:19 ds4-server: chat ctx=0..8201:8201 prefill chunk 2944/8201 (35.9%) chunk=227.69 t/s avg=521.96 t/s 5.640s
1003 02:52:20 ds4-server: chat ctx=0..8201:8201 prefill chunk 3072/8201 (37.5%) chunk=248.92 t/s avg=499.15 t/s 6.154s
1003 02:52:20 ds4-server: chat ctx=0..8201:8201 prefill chunk 3200/8201 (39.0%) chunk=254.55 t/s avg=480.67 t/s 6.657s
1003 02:52:21 ds4-server: chat ctx=0..8201:8201 prefill chunk 3328/8201 (40.6%) chunk=253.55 t/s avg=464.66 t/s 7.162s
1003 02:52:21 ds4-server: chat ctx=0..8201:8201 prefill chunk 3456/8201 (42.1%) chunk=246.77 t/s avg=449.95 t/s 7.681s
1003 02:52:22 ds4-server: chat ctx=0..8201:8201 prefill chunk 3584/8201 (43.7%) chunk=239.54 t/s avg=436.26 t/s 8.215s
1003 02:52:22 ds4-server: chat ctx=0..8201:8201 prefill chunk 3712/8201 (45.3%) chunk=259.69 t/s avg=426.27 t/s 8.708s
1003 02:52:23 ds4-server: chat ctx=0..8201:8201 prefill chunk 3840/8201 (46.8%) chunk=251.38 t/s avg=416.61 t/s 9.217s
1003 02:52:23 ds4-server: chat ctx=0..8201:8201 prefill chunk 3968/8201 (48.4%) chunk=249.24 t/s avg=407.77 t/s 9.731s
1003 02:52:24 ds4-server: chat ctx=0..8201:8201 prefill chunk 4096/8201 (49.9%) chunk=236.12 t/s avg=398.72 t/s 10.273s
1003 02:52:24 ds4-server: chat ctx=0..8201:8201 prefill chunk 4224/8201 (51.5%) chunk=240.74 t/s avg=390.94 t/s 10.805s
1003 02:52:25 ds4-server: chat ctx=0..8201:8201 prefill chunk 4352/8201 (53.1%) chunk=239.98 t/s avg=383.84 t/s 11.338s
1003 02:52:25 ds4-server: chat ctx=0..8201:8201 prefill chunk 4480/8201 (54.6%) chunk=231.77 t/s avg=376.78 t/s 11.890s
1003 02:52:26 ds4-server: chat ctx=0..8201:8201 prefill chunk 4608/8201 (56.2%) chunk=232.76 t/s avg=370.41 t/s 12.440s
1003 02:52:26 ds4-server: chat ctx=0..8201:8201 prefill chunk 4736/8201 (57.7%) chunk=229.05 t/s avg=364.33 t/s 12.999s
1003 02:52:27 ds4-server: chat ctx=0..8201:8201 prefill chunk 4864/8201 (59.3%) chunk=234.48 t/s avg=359.10 t/s 13.545s
1003 02:52:27 ds4-server: chat ctx=0..8201:8201 prefill chunk 4992/8201 (60.9%) chunk=231.62 t/s avg=354.10 t/s 14.098s
1003 02:52:28 ds4-server: chat ctx=0..8201:8201 prefill chunk 5120/8201 (62.4%) chunk=245.06 t/s avg=350.21 t/s 14.620s
1003 02:52:29 ds4-server: chat ctx=0..8201:8201 prefill chunk 5248/8201 (64.0%) chunk=229.76 t/s avg=345.79 t/s 15.177s
1003 02:52:29 ds4-server: chat ctx=0..8201:8201 prefill chunk 5376/8201 (65.6%) chunk=230.69 t/s avg=341.73 t/s 15.732s
1003 02:52:30 ds4-server: chat ctx=0..8201:8201 prefill chunk 5504/8201 (67.1%) chunk=230.83 t/s avg=337.95 t/s 16.286s
1003 02:52:30 ds4-server: chat ctx=0..8201:8201 prefill chunk 5632/8201 (68.7%) chunk=236.60 t/s avg=334.69 t/s 16.827s
1003 02:52:31 ds4-server: chat ctx=0..8201:8201 prefill chunk 5760/8201 (70.2%) chunk=238.28 t/s avg=331.71 t/s 17.365s
1003 02:52:31 ds4-server: chat ctx=0..8201:8201 prefill chunk 5888/8201 (71.8%) chunk=247.91 t/s avg=329.29 t/s 17.881s
1003 02:52:32 ds4-server: chat ctx=0..8201:8201 prefill chunk 6016/8201 (73.4%) chunk=246.89 t/s avg=326.97 t/s 18.399s
1003 02:52:32 ds4-server: chat ctx=0..8201:8201 prefill chunk 6144/8201 (74.9%) chunk=242.76 t/s avg=324.62 t/s 18.927s
1003 02:52:33 ds4-server: chat ctx=0..8201:8201 prefill chunk 6272/8201 (76.5%) chunk=244.07 t/s avg=322.45 t/s 19.451s
1003 02:52:33 ds4-server: chat ctx=0..8201:8201 prefill chunk 6400/8201 (78.0%) chunk=240.87 t/s avg=320.28 t/s 19.982s
1003 02:52:34 ds4-server: chat ctx=0..8201:8201 prefill chunk 6528/8201 (79.6%) chunk=236.35 t/s avg=318.07 t/s 20.524s
1003 02:52:34 ds4-server: chat ctx=0..8201:8201 prefill chunk 6656/8201 (81.2%) chunk=240.54 t/s avg=316.11 t/s 21.056s
1003 02:52:35 ds4-server: chat ctx=0..8201:8201 prefill chunk 6784/8201 (82.7%) chunk=240.83 t/s avg=314.25 t/s 21.588s
1003 02:52:35 ds4-server: chat ctx=0..8201:8201 prefill chunk 6912/8201 (84.3%) chunk=248.36 t/s avg=312.72 t/s 22.103s
1003 02:52:36 ds4-server: chat ctx=0..8201:8201 prefill chunk 7040/8201 (85.8%) chunk=233.12 t/s avg=310.79 t/s 22.652s
1003 02:52:37 ds4-server: chat ctx=0..8201:8201 prefill chunk 7168/8201 (87.4%) chunk=242.78 t/s avg=309.24 t/s 23.179s
1003 02:52:37 ds4-server: chat ctx=0..8201:8201 prefill chunk 7296/8201 (89.0%) chunk=243.56 t/s avg=307.78 t/s 23.705s
1003 02:52:38 ds4-server: chat ctx=0..8201:8201 prefill chunk 7424/8201 (90.5%) chunk=228.99 t/s avg=305.97 t/s 24.264s
1003 02:52:38 ds4-server: chat ctx=0..8201:8201 prefill chunk 7552/8201 (92.1%) chunk=236.62 t/s avg=304.46 t/s 24.805s
1003 02:52:39 ds4-server: chat ctx=0..8201:8201 prefill chunk 7680/8201 (93.6%) chunk=246.66 t/s avg=303.27 t/s 25.324s
1003 02:52:39 ds4-server: chat ctx=0..8201:8201 prefill chunk 7808/8201 (95.2%) chunk=231.44 t/s avg=301.74 t/s 25.877s
1003 02:52:40 ds4-server: chat ctx=0..8201:8201 prefill chunk 7936/8201 (96.8%) chunk=238.68 t/s avg=300.46 t/s 26.413s
1003 02:52:40 ds4-server: chat ctx=0..8201:8201 prefill chunk 8064/8201 (98.3%) chunk=241.35 t/s avg=299.29 t/s 26.943s
1003 02:52:41 ds4-server: chat ctx=0..8201:8201 prefill chunk 8192/8201 (99.9%) chunk=226.09 t/s avg=297.79 t/s 27.510s
1003 02:52:41 ds4-server: chat ctx=0..8201:8201 prefill chunk 8201/8201 (100.0%) chunk=58.66 t/s avg=296.46 t/s 27.663s
1003 02:52:41 ds4-server: chat ctx=0..8201:8201 prompt done 27.663s
1003 02:52:41 ds4-server: chat ctx=8201..8251:50 gen=50 decoding chunk=1.81 t/s avg=1.81 t/s 27.681s
1003 02:52:43 ds4-server: chat ctx=8201..8251:50 gen=50 decoding chunk=25.42 t/s avg=25.42 t/s 1.967s
1003 02:52:43 ds4-server: chat ctx=8251..8301:50 gen=100 decoding chunk=25.65 t/s avg=3.37 t/s 29.630s
1003 02:52:45 ds4-server: chat ctx=8251..8301:50 gen=100 decoding chunk=25.59 t/s avg=25.50 t/s 3.921s
1003 02:52:45 ds4-server: chat ctx=8301..8351:50 gen=150 decoding chunk=25.59 t/s avg=4.75 t/s 31.584s
1003 02:52:47 ds4-server: chat ctx=8301..8351:50 gen=150 decoding chunk=25.57 t/s avg=25.53 t/s 5.876s
1003 02:52:47 ds4-server: chat ctx=8351..8401:50 gen=200 decoding chunk=25.57 t/s avg=5.96 t/s 33.539s
1003 02:52:49 ds4-server: chat ctx=8401..8451:50 gen=250 decoding chunk=25.56 t/s avg=7.04 t/s 35.495s
1003 02:52:49 ds4-server: chat ctx=8351..8401:50 gen=200 decoding chunk=25.56 t/s avg=25.54 t/s 7.832s
1003 02:52:49 ds4-server: chat ctx=8451..8457:6 gen=256 decoding chunk=25.59 t/s avg=7.16 t/s 35.729s
1003 02:52:49 ds4-server: chat ctx=0..8201:8201 gen=256 finish=length 63.630s
1003 02:52:49 slot 0: request reuses nothing; evicting checkpoint (8457 tokens, idle 0 s, protected)
1003 02:52:49 ds4-server: live kv cache miss live=8457 prompt=8201 common=17 vision=match reason=token-mismatch
1003 02:52:49 ds4-server: chat ctx=0..8201:8201 prompt start
1003 02:52:50 ds4-server: chat ctx=0..8201:8201 prefill chunk 128/8201 (1.6%) chunk=0.00 t/s avg=244.56 t/s 0.523s
1003 02:52:50 ds4-server: chat ctx=0..8201:8201 prefill chunk 256/8201 (3.1%) chunk=277.91 t/s avg=260.17 t/s 0.984s
1003 02:52:51 ds4-server: chat ctx=0..8201:8201 prefill chunk 384/8201 (4.7%) chunk=266.08 t/s avg=262.11 t/s 1.465s
1003 02:52:51 ds4-server: chat ctx=0..8201:8201 prefill chunk 512/8201 (6.2%) chunk=265.12 t/s avg=262.85 t/s 1.948s
1003 02:52:52 ds4-server: chat ctx=0..8201:8201 prefill chunk 640/8201 (7.8%) chunk=260.03 t/s avg=262.28 t/s 2.440s
1003 02:52:52 ds4-server: chat ctx=0..8201:8201 prefill chunk 768/8201 (9.4%) chunk=269.41 t/s avg=263.44 t/s 2.915s
1003 02:52:53 ds4-server: chat ctx=0..8201:8201 prefill chunk 896/8201 (10.9%) chunk=249.56 t/s avg=261.37 t/s 3.428s
1003 02:52:53 ds4-server: chat ctx=0..8201:8201 prefill chunk 1024/8201 (12.5%) chunk=244.98 t/s avg=259.20 t/s 3.951s
1003 02:52:54 ds4-server: chat ctx=0..8201:8201 prefill chunk 1152/8201 (14.0%) chunk=274.53 t/s avg=260.82 t/s 4.417s
1003 02:52:54 ds4-server: chat ctx=0..8201:8201 prefill chunk 1280/8201 (15.6%) chunk=268.87 t/s avg=261.60 t/s 4.893s
1003 02:52:55 ds4-server: chat ctx=0..8201:8201 prefill chunk 1408/8201 (17.2%) chunk=259.04 t/s avg=261.37 t/s 5.387s
1003 02:52:55 ds4-server: chat ctx=0..8201:8201 prefill chunk 1536/8201 (18.7%) chunk=256.39 t/s avg=260.94 t/s 5.886s
1003 02:52:55 ds4-server: chat ctx=0..8201:8201 prefill chunk 1664/8201 (20.3%) chunk=276.88 t/s avg=262.10 t/s 6.349s
1003 02:52:56 ds4-server: chat ctx=0..8201:8201 prefill chunk 1792/8201 (21.9%) chunk=256.15 t/s avg=261.67 t/s 6.848s
1003 02:52:56 ds4-server: chat ctx=0..8201:8201 prefill chunk 1920/8201 (23.4%) chunk=248.01 t/s avg=260.71 t/s 7.364s
1003 02:52:57 ds4-server: chat ctx=0..8201:8201 prefill chunk 2048/8201 (25.0%) chunk=262.10 t/s avg=260.80 t/s 7.853s
1003 02:52:57 ds4-server: chat ctx=0..8201:8201 prefill chunk 2176/8201 (26.5%) chunk=245.34 t/s avg=259.84 t/s 8.375s
1003 02:52:58 ds4-server: chat ctx=0..8201:8201 prefill chunk 2304/8201 (28.1%) chunk=246.46 t/s avg=259.05 t/s 8.894s
1003 02:52:59 ds4-server: chat ctx=0..8201:8201 prefill chunk 2432/8201 (29.7%) chunk=243.62 t/s avg=258.19 t/s 9.419s
1003 02:52:59 ds4-server: chat ctx=0..8201:8201 prefill chunk 2560/8201 (31.2%) chunk=249.44 t/s avg=257.74 t/s 9.932s
1003 02:53:00 ds4-server: chat ctx=0..8201:8201 prefill chunk 2688/8201 (32.8%) chunk=246.03 t/s avg=257.16 t/s 10.453s
1003 02:53:00 ds4-server: chat ctx=0..8201:8201 prefill chunk 2816/8201 (34.3%) chunk=245.86 t/s avg=256.62 t/s 10.973s
1003 02:53:01 ds4-server: chat ctx=0..8201:8201 prefill chunk 2944/8201 (35.9%) chunk=227.75 t/s avg=255.22 t/s 11.535s
1003 02:53:01 ds4-server: chat ctx=0..8201:8201 prefill chunk 3072/8201 (37.5%) chunk=247.54 t/s avg=254.89 t/s 12.052s
1003 02:53:02 ds4-server: chat ctx=0..8201:8201 prefill chunk 3200/8201 (39.0%) chunk=254.37 t/s avg=254.87 t/s 12.556s
1003 02:53:02 ds4-server: chat ctx=0..8201:8201 prefill chunk 3328/8201 (40.6%) chunk=252.67 t/s avg=254.78 t/s 13.062s
1003 02:53:03 ds4-server: chat ctx=0..8201:8201 prefill chunk 3456/8201 (42.1%) chunk=245.71 t/s avg=254.43 t/s 13.583s
1003 02:53:03 ds4-server: chat ctx=0..8201:8201 prefill chunk 3584/8201 (43.7%) chunk=239.83 t/s avg=253.88 t/s 14.117s
1003 02:53:04 ds4-server: chat ctx=0..8201:8201 prefill chunk 3712/8201 (45.3%) chunk=258.72 t/s avg=254.04 t/s 14.612s
1003 02:53:04 ds4-server: chat ctx=0..8201:8201 prefill chunk 3840/8201 (46.8%) chunk=250.72 t/s avg=253.93 t/s 15.122s
1003 02:53:05 ds4-server: chat ctx=0..8201:8201 prefill chunk 3968/8201 (48.4%) chunk=249.94 t/s avg=253.80 t/s 15.634s
1003 02:53:05 ds4-server: chat ctx=0..8201:8201 prefill chunk 4096/8201 (49.9%) chunk=236.32 t/s avg=253.22 t/s 16.176s
1003 02:53:06 ds4-server: chat ctx=0..8201:8201 prefill chunk 4224/8201 (51.5%) chunk=240.17 t/s avg=252.80 t/s 16.709s
1003 02:53:06 ds4-server: chat ctx=0..8201:8201 prefill chunk 4352/8201 (53.1%) chunk=238.89 t/s avg=252.37 t/s 17.245s
1003 02:53:07 ds4-server: chat ctx=0..8201:8201 prefill chunk 4480/8201 (54.6%) chunk=231.44 t/s avg=251.72 t/s 17.798s
1003 02:53:07 ds4-server: chat ctx=0..8201:8201 prefill chunk 4608/8201 (56.2%) chunk=232.73 t/s avg=251.15 t/s 18.348s
1003 02:53:08 ds4-server: chat ctx=0..8201:8201 prefill chunk 4736/8201 (57.7%) chunk=227.66 t/s avg=250.45 t/s 18.910s
1003 02:53:09 ds4-server: chat ctx=0..8201:8201 prefill chunk 4864/8201 (59.3%) chunk=234.95 t/s avg=250.02 t/s 19.455s
1003 02:53:09 ds4-server: chat ctx=0..8201:8201 prefill chunk 4992/8201 (60.9%) chunk=230.97 t/s avg=249.49 t/s 20.009s
1003 02:53:10 ds4-server: chat ctx=0..8201:8201 prefill chunk 5120/8201 (62.4%) chunk=242.61 t/s avg=249.31 t/s 20.537s
1003 02:53:10 ds4-server: chat ctx=0..8201:8201 prefill chunk 5248/8201 (64.0%) chunk=228.38 t/s avg=248.76 t/s 21.097s
1003 02:53:11 ds4-server: chat ctx=0..8201:8201 prefill chunk 5376/8201 (65.6%) chunk=230.61 t/s avg=248.29 t/s 21.652s
1003 02:53:11 ds4-server: chat ctx=8401..8451:50 gen=250 decoding chunk=2.28 t/s avg=8.40 t/s 29.755s
1003 02:53:11 ds4-server: chat ctx=0..8201:8201 prefill chunk 5504/8201 (67.1%) chunk=230.82 t/s avg=247.85 t/s 22.207s
1003 02:53:12 ds4-server: chat ctx=0..8201:8201 prefill chunk 5632/8201 (68.7%) chunk=235.58 t/s avg=247.56 t/s 22.750s
1003 02:53:12 ds4-server: chat ctx=0..8201:8201 prefill chunk 5760/8201 (70.2%) chunk=238.23 t/s avg=247.35 t/s 23.287s
1003 02:53:13 ds4-server: chat ctx=0..8201:8201 prefill chunk 5888/8201 (71.8%) chunk=248.46 t/s avg=247.37 t/s 23.802s
1003 02:53:13 ds4-server: chat ctx=0..8201:8201 prefill chunk 6016/8201 (73.4%) chunk=246.93 t/s avg=247.36 t/s 24.321s
1003 02:53:14 ds4-server: chat ctx=0..8201:8201 prefill chunk 6144/8201 (74.9%) chunk=242.49 t/s avg=247.26 t/s 24.849s
1003 02:53:14 ds4-server: chat ctx=8451..8457:6 gen=256 decoding chunk=1.88 t/s avg=7.77 t/s 32.951s
1003 02:53:14 ds4-server: chat ctx=0..8201:8201 gen=256 finish=length 60.615s
1003 02:53:14 slot 1: request reuses nothing; evicting checkpoint (8457 tokens, idle 0 s, protected)
1003 02:53:14 ds4-server: chat ctx=0..8201:8201 prefill chunk 6272/8201 (76.5%) chunk=244.26 t/s avg=247.20 t/s 25.373s
1003 02:53:17 ds4-server: chat ctx=0..8201:8201 prefill chunk 8192/8201 (99.9%) chunk=952.20 t/s avg=299.10 t/s 27.389s
1003 02:53:17 ds4-server: chat ctx=0..8201:8201 prefill chunk 8201/8201 (100.0%) chunk=66.01 t/s avg=297.94 t/s 27.525s
1003 02:53:17 ds4-server: chat ctx=0..8201:8201 prompt done 27.525s
1003 02:53:17 ds4-server: live kv cache miss live=8457 prompt=8201 common=17 vision=match reason=token-mismatch
1003 02:53:17 ds4-server: chat ctx=0..8201:8201 prompt start
1003 02:53:19 ds4-server: chat ctx=0..8201:8201 prefill chunk 2048/8201 (25.0%) chunk=0.00 t/s avg=1033.73 t/s 1.981s
1003 02:53:19 ds4-server: chat ctx=0..8201:8201 prefill chunk 2176/8201 (26.5%) chunk=252.77 t/s avg=874.75 t/s 2.488s
1003 02:53:20 ds4-server: chat ctx=0..8201:8201 prefill chunk 2304/8201 (28.1%) chunk=248.02 t/s avg=767.07 t/s 3.004s
1003 02:53:20 ds4-server: chat ctx=0..8201:8201 prefill chunk 2432/8201 (29.7%) chunk=243.80 t/s avg=689.21 t/s 3.529s
1003 02:53:21 ds4-server: chat ctx=0..8201:8201 prefill chunk 2560/8201 (31.2%) chunk=249.55 t/s avg=633.41 t/s 4.042s
1003 02:53:21 ds4-server: chat ctx=0..8201:8201 prefill chunk 2688/8201 (32.8%) chunk=245.32 t/s avg=589.04 t/s 4.563s
1003 02:53:22 ds4-server: chat ctx=0..8201:8201 prefill chunk 2816/8201 (34.3%) chunk=246.15 t/s avg=553.96 t/s 5.083s
1003 02:53:22 ds4-server: chat ctx=0..8201:8201 prefill chunk 2944/8201 (35.9%) chunk=227.62 t/s avg=521.46 t/s 5.646s
1003 02:53:23 ds4-server: chat ctx=0..8201:8201 prefill chunk 3072/8201 (37.5%) chunk=249.00 t/s avg=498.72 t/s 6.160s
1003 02:53:23 ds4-server: chat ctx=0..8201:8201 prefill chunk 3200/8201 (39.0%) chunk=255.05 t/s avg=480.36 t/s 6.662s
1003 02:53:24 ds4-server: chat ctx=0..8201:8201 prefill chunk 3328/8201 (40.6%) chunk=253.38 t/s avg=464.36 t/s 7.167s
1003 02:53:24 ds4-server: chat ctx=0..8201:8201 prefill chunk 3456/8201 (42.1%) chunk=246.38 t/s avg=449.63 t/s 7.686s
1003 02:53:25 ds4-server: chat ctx=0..8201:8201 prefill chunk 3584/8201 (43.7%) chunk=239.58 t/s avg=435.98 t/s 8.221s
1003 02:53:25 ds4-server: chat ctx=0..8201:8201 prefill chunk 3712/8201 (45.3%) chunk=258.94 t/s avg=425.94 t/s 8.715s
1003 02:53:26 ds4-server: chat ctx=0..8201:8201 prefill chunk 3840/8201 (46.8%) chunk=252.40 t/s avg=416.39 t/s 9.222s
1003 02:53:26 ds4-server: chat ctx=0..8201:8201 prefill chunk 3968/8201 (48.4%) chunk=248.37 t/s avg=407.50 t/s 9.737s
1003 02:53:27 ds4-server: chat ctx=0..8201:8201 prefill chunk 4096/8201 (49.9%) chunk=237.08 t/s avg=398.55 t/s 10.277s
1003 02:53:27 ds4-server: chat ctx=0..8201:8201 prefill chunk 4224/8201 (51.5%) chunk=240.21 t/s avg=390.74 t/s 10.810s
1003 02:53:28 ds4-server: chat ctx=0..8201:8201 prefill chunk 4352/8201 (53.1%) chunk=238.60 t/s avg=383.55 t/s 11.347s
1003 02:53:29 ds4-server: chat ctx=0..8201:8201 prefill chunk 4480/8201 (54.6%) chunk=230.58 t/s avg=376.41 t/s 11.902s
1003 02:53:29 ds4-server: chat ctx=0..8201:8201 prefill chunk 4608/8201 (56.2%) chunk=232.65 t/s avg=370.06 t/s 12.452s
1003 02:53:30 ds4-server: chat ctx=0..8201:8201 prefill chunk 4736/8201 (57.7%) chunk=228.60 t/s avg=363.97 t/s 13.012s
1003 02:53:30 ds4-server: chat ctx=0..8201:8201 prefill chunk 4864/8201 (59.3%) chunk=233.26 t/s avg=358.69 t/s 13.561s
1003 02:53:31 ds4-server: chat ctx=0..8201:8201 prefill chunk 4992/8201 (60.9%) chunk=230.29 t/s avg=353.63 t/s 14.116s
1003 02:53:31 ds4-server: chat ctx=0..8201:8201 prefill chunk 5120/8201 (62.4%) chunk=243.54 t/s avg=349.68 t/s 14.642s
1003 02:53:32 ds4-server: chat ctx=0..8201:8201 prefill chunk 5248/8201 (64.0%) chunk=230.78 t/s avg=345.34 t/s 15.197s
1003 02:53:32 ds4-server: chat ctx=0..8201:8201 prefill chunk 5376/8201 (65.6%) chunk=231.75 t/s avg=341.36 t/s 15.749s
1003 02:53:33 ds4-server: chat ctx=0..8201:8201 prefill chunk 5504/8201 (67.1%) chunk=230.64 t/s avg=337.59 t/s 16.304s
1003 02:53:33 ds4-server: chat ctx=0..8201:8201 prefill chunk 5632/8201 (68.7%) chunk=235.69 t/s avg=334.30 t/s 16.847s
1003 02:53:34 ds4-server: chat ctx=0..8201:8201 prefill chunk 5760/8201 (70.2%) chunk=239.40 t/s avg=331.38 t/s 17.382s
1003 02:53:35 ds4-server: chat ctx=0..8201:8201 prefill chunk 5888/8201 (71.8%) chunk=249.18 t/s avg=329.02 t/s 17.895s
1003 02:53:35 ds4-server: chat ctx=0..8201:8201 prefill chunk 6016/8201 (73.4%) chunk=246.91 t/s avg=326.71 t/s 18.414s
1003 02:53:36 ds4-server: chat ctx=0..8201:8201 prefill chunk 6144/8201 (74.9%) chunk=242.21 t/s avg=324.35 t/s 18.942s
1003 02:53:36 ds4-server: chat ctx=0..8201:8201 prefill chunk 6272/8201 (76.5%) chunk=244.76 t/s avg=322.22 t/s 19.465s
1003 02:53:37 ds4-server: chat ctx=0..8201:8201 prefill chunk 6400/8201 (78.0%) chunk=241.43 t/s avg=320.07 t/s 19.995s
1003 02:53:37 ds4-server: chat ctx=0..8201:8201 prefill chunk 6528/8201 (79.6%) chunk=236.54 t/s avg=317.87 t/s 20.537s
1003 02:53:38 ds4-server: chat ctx=0..8201:8201 prefill chunk 6656/8201 (81.2%) chunk=238.62 t/s avg=315.86 t/s 21.073s
1003 02:53:38 ds4-server: chat ctx=0..8201:8201 prefill chunk 6784/8201 (82.7%) chunk=240.36 t/s avg=313.99 t/s 21.605s
1003 02:53:39 ds4-server: chat ctx=0..8201:8201 prefill chunk 6912/8201 (84.3%) chunk=248.01 t/s avg=312.45 t/s 22.122s
1003 02:53:39 ds4-server: chat ctx=0..8201:8201 prefill chunk 7040/8201 (85.8%) chunk=232.39 t/s avg=310.51 t/s 22.672s
1003 02:53:40 ds4-server: chat ctx=0..8201:8201 prefill chunk 7168/8201 (87.4%) chunk=242.58 t/s avg=308.96 t/s 23.200s
1003 02:53:40 ds4-server: chat ctx=0..8201:8201 prefill chunk 7296/8201 (89.0%) chunk=242.36 t/s avg=307.48 t/s 23.728s
1003 02:53:41 ds4-server: chat ctx=0..8201:8201 prefill chunk 7424/8201 (90.5%) chunk=228.80 t/s avg=305.67 t/s 24.288s
1003 02:53:41 ds4-server: chat ctx=0..8201:8201 prefill chunk 7552/8201 (92.1%) chunk=237.05 t/s avg=304.18 t/s 24.828s
1003 02:53:42 ds4-server: chat ctx=0..8201:8201 prefill chunk 7680/8201 (93.6%) chunk=248.54 t/s avg=303.05 t/s 25.343s
1003 02:53:43 ds4-server: chat ctx=0..8201:8201 prefill chunk 7808/8201 (95.2%) chunk=231.02 t/s avg=301.51 t/s 25.897s
1003 02:53:43 ds4-server: chat ctx=0..8201:8201 prefill chunk 7936/8201 (96.8%) chunk=239.00 t/s avg=300.24 t/s 26.432s
1003 02:53:44 ds4-server: chat ctx=0..8201:8201 prefill chunk 8064/8201 (98.3%) chunk=241.71 t/s avg=299.09 t/s 26.962s
1003 02:53:44 ds4-server: chat ctx=0..8201:8201 prefill chunk 8192/8201 (99.9%) chunk=225.73 t/s avg=297.58 t/s 27.529s
1003 02:53:44 ds4-server: chat ctx=0..8201:8201 prefill chunk 8201/8201 (100.0%) chunk=58.65 t/s avg=296.25 t/s 27.682s
1003 02:53:44 ds4-server: chat ctx=0..8201:8201 prompt done 27.682s
1003 02:53:44 ds4-server: chat ctx=8201..8251:50 gen=50 decoding chunk=1.81 t/s avg=1.81 t/s 27.700s
1003 02:53:46 ds4-server: chat ctx=8201..8251:50 gen=50 decoding chunk=25.42 t/s avg=25.42 t/s 1.967s
1003 02:53:46 ds4-server: chat ctx=8251..8301:50 gen=100 decoding chunk=25.65 t/s avg=3.37 t/s 29.650s
1003 02:53:48 ds4-server: chat ctx=8301..8351:50 gen=150 decoding chunk=25.58 t/s avg=4.75 t/s 31.605s
1003 02:53:48 ds4-server: chat ctx=8251..8301:50 gen=100 decoding chunk=25.58 t/s avg=25.50 t/s 3.922s
1003 02:53:50 ds4-server: chat ctx=8301..8351:50 gen=150 decoding chunk=25.55 t/s avg=25.52 t/s 5.879s
1003 02:53:50 ds4-server: chat ctx=8351..8401:50 gen=200 decoding chunk=25.55 t/s avg=5.96 t/s 33.561s
1003 02:53:52 ds4-server: chat ctx=8401..8451:50 gen=250 decoding chunk=25.55 t/s avg=7.04 t/s 35.518s
1003 02:53:52 ds4-server: chat ctx=8351..8401:50 gen=200 decoding chunk=25.55 t/s avg=25.53 t/s 7.835s
1003 02:53:52 ds4-server: chat ctx=8451..8457:6 gen=256 decoding chunk=25.57 t/s avg=7.16 t/s 35.752s
1003 02:53:52 ds4-server: chat ctx=0..8201:8201 gen=256 finish=length 63.278s
1003 02:53:52 slot 0: request reuses nothing; evicting checkpoint (8457 tokens, idle 0 s, protected)
1003 02:53:52 ds4-server: live kv cache miss live=8457 prompt=8201 common=17 vision=match reason=token-mismatch
1003 02:53:52 ds4-server: chat ctx=0..8201:8201 prompt start
1003 02:53:53 ds4-server: chat ctx=0..8201:8201 prefill chunk 128/8201 (1.6%) chunk=0.00 t/s avg=253.42 t/s 0.505s
1003 02:53:53 ds4-server: chat ctx=0..8201:8201 prefill chunk 256/8201 (3.1%) chunk=277.13 t/s avg=264.74 t/s 0.967s
1003 02:53:54 ds4-server: chat ctx=0..8201:8201 prefill chunk 384/8201 (4.7%) chunk=267.24 t/s avg=265.57 t/s 1.446s
1003 02:53:54 ds4-server: chat ctx=0..8201:8201 prefill chunk 512/8201 (6.2%) chunk=265.61 t/s avg=265.58 t/s 1.928s
1003 02:53:55 ds4-server: chat ctx=0..8201:8201 prefill chunk 640/8201 (7.8%) chunk=259.58 t/s avg=264.36 t/s 2.421s
1003 02:53:55 ds4-server: chat ctx=0..8201:8201 prefill chunk 768/8201 (9.4%) chunk=270.38 t/s avg=265.34 t/s 2.894s
1003 02:53:56 ds4-server: chat ctx=0..8201:8201 prefill chunk 896/8201 (10.9%) chunk=249.96 t/s avg=263.03 t/s 3.406s
1003 02:53:56 ds4-server: chat ctx=0..8201:8201 prefill chunk 1024/8201 (12.5%) chunk=245.70 t/s avg=260.73 t/s 3.927s
1003 02:53:57 ds4-server: chat ctx=0..8201:8201 prefill chunk 1152/8201 (14.0%) chunk=274.12 t/s avg=262.15 t/s 4.394s
1003 02:53:57 ds4-server: chat ctx=0..8201:8201 prefill chunk 1280/8201 (15.6%) chunk=267.14 t/s avg=262.64 t/s 4.874s
1003 02:53:58 ds4-server: chat ctx=0..8201:8201 prefill chunk 1408/8201 (17.2%) chunk=259.08 t/s avg=262.32 t/s 5.368s
1003 02:53:58 ds4-server: chat ctx=0..8201:8201 prefill chunk 1536/8201 (18.7%) chunk=256.74 t/s avg=261.84 t/s 5.866s
1003 02:53:59 ds4-server: chat ctx=0..8201:8201 prefill chunk 1664/8201 (20.3%) chunk=276.12 t/s avg=262.89 t/s 6.330s
1003 02:53:59 ds4-server: chat ctx=0..8201:8201 prefill chunk 1792/8201 (21.9%) chunk=257.04 t/s avg=262.46 t/s 6.828s
1003 02:54:00 ds4-server: chat ctx=0..8201:8201 prefill chunk 1920/8201 (23.4%) chunk=249.17 t/s avg=261.53 t/s 7.341s
1003 02:54:00 ds4-server: chat ctx=0..8201:8201 prefill chunk 2048/8201 (25.0%) chunk=261.39 t/s avg=261.52 t/s 7.831s
1003 02:54:01 ds4-server: chat ctx=0..8201:8201 prefill chunk 2176/8201 (26.5%) chunk=245.22 t/s avg=260.50 t/s 8.353s
1003 02:54:01 ds4-server: chat ctx=0..8201:8201 prefill chunk 2304/8201 (28.1%) chunk=247.66 t/s avg=259.75 t/s 8.870s
1003 02:54:02 ds4-server: chat ctx=0..8201:8201 prefill chunk 2432/8201 (29.7%) chunk=243.18 t/s avg=258.83 t/s 9.396s
1003 02:54:02 ds4-server: chat ctx=0..8201:8201 prefill chunk 2560/8201 (31.2%) chunk=249.99 t/s avg=258.37 t/s 9.908s
1003 02:54:03 ds4-server: chat ctx=0..8201:8201 prefill chunk 2688/8201 (32.8%) chunk=246.18 t/s avg=257.76 t/s 10.428s
1003 02:54:03 ds4-server: chat ctx=0..8201:8201 prefill chunk 2816/8201 (34.3%) chunk=247.12 t/s avg=257.26 t/s 10.946s
1003 02:54:04 ds4-server: chat ctx=0..8201:8201 prefill chunk 2944/8201 (35.9%) chunk=228.49 t/s avg=255.86 t/s 11.506s
1003 02:54:04 ds4-server: chat ctx=0..8201:8201 prefill chunk 3072/8201 (37.5%) chunk=248.62 t/s avg=255.55 t/s 12.021s
1003 02:54:05 ds4-server: chat ctx=0..8201:8201 prefill chunk 3200/8201 (39.0%) chunk=254.36 t/s avg=255.50 t/s 12.524s
1003 02:54:05 ds4-server: chat ctx=0..8201:8201 prefill chunk 3328/8201 (40.6%) chunk=252.98 t/s avg=255.40 t/s 13.030s
1003 02:54:06 ds4-server: chat ctx=0..8201:8201 prefill chunk 3456/8201 (42.1%) chunk=246.76 t/s avg=255.07 t/s 13.549s
1003 02:54:06 ds4-server: chat ctx=0..8201:8201 prefill chunk 3584/8201 (43.7%) chunk=239.58 t/s avg=254.48 t/s 14.083s
1003 02:54:07 ds4-server: chat ctx=0..8201:8201 prefill chunk 3712/8201 (45.3%) chunk=259.18 t/s avg=254.64 t/s 14.577s
1003 02:54:08 ds4-server: chat ctx=0..8201:8201 prefill chunk 3840/8201 (46.8%) chunk=251.55 t/s avg=254.54 t/s 15.086s
1003 02:54:08 ds4-server: chat ctx=0..8201:8201 prefill chunk 3968/8201 (48.4%) chunk=248.66 t/s avg=254.34 t/s 15.601s
1003 02:54:09 ds4-server: chat ctx=0..8201:8201 prefill chunk 4096/8201 (49.9%) chunk=236.17 t/s avg=253.73 t/s 16.143s
1003 02:54:09 ds4-server: chat ctx=0..8201:8201 prefill chunk 4224/8201 (51.5%) chunk=239.45 t/s avg=253.28 t/s 16.677s
1003 02:54:10 ds4-server: chat ctx=0..8201:8201 prefill chunk 4352/8201 (53.1%) chunk=240.56 t/s avg=252.88 t/s 17.210s
1003 02:54:10 ds4-server: chat ctx=0..8201:8201 prefill chunk 4480/8201 (54.6%) chunk=231.58 t/s avg=252.22 t/s 17.762s
1003 02:54:11 ds4-server: chat ctx=0..8201:8201 prefill chunk 4608/8201 (56.2%) chunk=233.06 t/s avg=251.65 t/s 18.311s
1003 02:54:11 ds4-server: chat ctx=0..8201:8201 prefill chunk 4736/8201 (57.7%) chunk=228.30 t/s avg=250.95 t/s 18.872s
1003 02:54:12 ds4-server: chat ctx=0..8201:8201 prefill chunk 4864/8201 (59.3%) chunk=235.15 t/s avg=250.51 t/s 19.416s
1003 02:54:12 ds4-server: chat ctx=0..8201:8201 prefill chunk 4992/8201 (60.9%) chunk=230.32 t/s avg=249.95 t/s 19.972s
1003 02:54:13 ds4-server: chat ctx=0..8201:8201 prefill chunk 5120/8201 (62.4%) chunk=244.51 t/s avg=249.81 t/s 20.496s
1003 02:54:13 ds4-server: chat ctx=0..8201:8201 prefill chunk 5248/8201 (64.0%) chunk=228.70 t/s avg=249.25 t/s 21.055s
1003 02:54:14 ds4-server: chat ctx=0..8201:8201 prefill chunk 5376/8201 (65.6%) chunk=231.67 t/s avg=248.80 t/s 21.608s
1003 02:54:15 ds4-server: chat ctx=0..8201:8201 prefill chunk 5504/8201 (67.1%) chunk=231.38 t/s avg=248.36 t/s 22.161s
1003 02:54:15 ds4-server: chat ctx=8401..8451:50 gen=250 decoding chunk=2.23 t/s avg=8.26 t/s 30.268s
1003 02:54:15 ds4-server: chat ctx=0..8201:8201 prefill chunk 5632/8201 (68.7%) chunk=235.44 t/s avg=248.05 t/s 22.705s
1003 02:54:16 ds4-server: chat ctx=0..8201:8201 prefill chunk 5760/8201 (70.2%) chunk=237.96 t/s avg=247.82 t/s 23.243s
1003 02:54:16 ds4-server: chat ctx=0..8201:8201 prefill chunk 5888/8201 (71.8%) chunk=247.57 t/s avg=247.81 t/s 23.760s
1003 02:54:17 ds4-server: chat ctx=0..8201:8201 prefill chunk 6016/8201 (73.4%) chunk=246.67 t/s avg=247.79 t/s 24.279s
1003 02:54:17 ds4-server: chat ctx=0..8201:8201 prefill chunk 6144/8201 (74.9%) chunk=241.92 t/s avg=247.66 t/s 24.808s
1003 02:54:18 ds4-server: chat ctx=0..8201:8201 prefill chunk 6272/8201 (76.5%) chunk=243.53 t/s avg=247.58 t/s 25.333s
1003 02:54:18 ds4-server: chat ctx=8451..8457:6 gen=256 decoding chunk=1.89 t/s avg=7.66 t/s 33.440s
1003 02:54:18 ds4-server: chat ctx=0..8201:8201 gen=256 finish=length 61.122s
1003 02:54:18 slot 1: request reuses nothing; evicting checkpoint (8457 tokens, idle 0 s, protected)
1003 02:54:18 ds4-server: chat ctx=0..8201:8201 prefill chunk 6400/8201 (78.0%) chunk=240.53 t/s avg=247.43 t/s 25.865s
1003 02:54:20 ds4-server: chat ctx=0..8201:8201 prefill chunk 8192/8201 (99.9%) chunk=935.44 t/s avg=294.88 t/s 27.781s
1003 02:54:20 ds4-server: chat ctx=0..8201:8201 prefill chunk 8201/8201 (100.0%) chunk=65.95 t/s avg=293.76 t/s 27.918s
1003 02:54:20 ds4-server: chat ctx=0..8201:8201 prompt done 27.918s
1003 02:54:20 ds4-server: live kv cache miss live=8457 prompt=8201 common=17 vision=match reason=token-mismatch
1003 02:54:20 ds4-server: chat ctx=0..8201:8201 prompt start
1003 02:54:22 ds4-server: chat ctx=0..8201:8201 prefill chunk 2048/8201 (25.0%) chunk=0.00 t/s avg=1035.05 t/s 1.979s
1003 02:54:23 ds4-server: chat ctx=0..8201:8201 prefill chunk 2176/8201 (26.5%) chunk=253.14 t/s avg=875.90 t/s 2.484s
1003 02:54:23 ds4-server: chat ctx=0..8201:8201 prefill chunk 2304/8201 (28.1%) chunk=248.52 t/s avg=768.17 t/s 2.999s
1003 02:54:24 ds4-server: chat ctx=0..8201:8201 prefill chunk 2432/8201 (29.7%) chunk=243.03 t/s avg=689.73 t/s 3.526s
1003 02:54:24 ds4-server: chat ctx=0..8201:8201 prefill chunk 2560/8201 (31.2%) chunk=248.41 t/s avg=633.46 t/s 4.041s
1003 02:54:25 ds4-server: chat ctx=0..8201:8201 prefill chunk 2688/8201 (32.8%) chunk=246.63 t/s avg=589.43 t/s 4.560s
1003 02:54:25 ds4-server: chat ctx=0..8201:8201 prefill chunk 2816/8201 (34.3%) chunk=248.06 t/s avg=554.73 t/s 5.076s
1003 02:54:26 ds4-server: chat ctx=0..8201:8201 prefill chunk 2944/8201 (35.9%) chunk=227.93 t/s avg=522.18 t/s 5.638s
1003 02:54:26 ds4-server: chat ctx=0..8201:8201 prefill chunk 3072/8201 (37.5%) chunk=248.90 t/s avg=499.34 t/s 6.152s
1003 02:54:27 ds4-server: chat ctx=0..8201:8201 prefill chunk 3200/8201 (39.0%) chunk=255.08 t/s avg=480.92 t/s 6.654s
1003 02:54:27 ds4-server: chat ctx=0..8201:8201 prefill chunk 3328/8201 (40.6%) chunk=253.01 t/s avg=464.81 t/s 7.160s
1003 02:54:28 ds4-server: chat ctx=0..8201:8201 prefill chunk 3456/8201 (42.1%) chunk=247.32 t/s avg=450.15 t/s 7.677s
1003 02:54:29 ds4-server: chat ctx=0..8201:8201 prefill chunk 3584/8201 (43.7%) chunk=240.64 t/s avg=436.58 t/s 8.209s
1003 02:54:29 ds4-server: chat ctx=0..8201:8201 prefill chunk 3712/8201 (45.3%) chunk=259.76 t/s avg=426.56 t/s 8.702s
1003 02:54:30 ds4-server: chat ctx=0..8201:8201 prefill chunk 3840/8201 (46.8%) chunk=251.61 t/s avg=416.90 t/s 9.211s
1003 02:54:30 ds4-server: chat ctx=0..8201:8201 prefill chunk 3968/8201 (48.4%) chunk=250.05 t/s avg=408.12 t/s 9.723s
1003 02:54:31 ds4-server: chat ctx=0..8201:8201 prefill chunk 4096/8201 (49.9%) chunk=237.15 t/s avg=399.12 t/s 10.262s
1003 02:54:31 ds4-server: chat ctx=0..8201:8201 prefill chunk 4224/8201 (51.5%) chunk=239.99 t/s avg=391.26 t/s 10.796s
1003 02:54:32 ds4-server: chat ctx=0..8201:8201 prefill chunk 4352/8201 (53.1%) chunk=240.31 t/s avg=384.16 t/s 11.328s
1003 02:54:32 ds4-server: chat ctx=0..8201:8201 prefill chunk 4480/8201 (54.6%) chunk=231.46 t/s avg=377.06 t/s 11.881s
1003 02:54:33 ds4-server: chat ctx=0..8201:8201 prefill chunk 4608/8201 (56.2%) chunk=234.06 t/s avg=370.76 t/s 12.428s
1003 02:54:33 ds4-server: chat ctx=0..8201:8201 prefill chunk 4736/8201 (57.7%) chunk=228.62 t/s avg=364.64 t/s 12.988s
1003 02:54:34 ds4-server: chat ctx=0..8201:8201 prefill chunk 4864/8201 (59.3%) chunk=234.90 t/s avg=359.41 t/s 13.533s
1003 02:54:34 ds4-server: chat ctx=0..8201:8201 prefill chunk 4992/8201 (60.9%) chunk=231.46 t/s avg=354.39 t/s 14.086s
1003 02:54:35 ds4-server: chat ctx=0..8201:8201 prefill chunk 5120/8201 (62.4%) chunk=244.75 t/s avg=350.47 t/s 14.609s
1003 02:54:36 ds4-server: chat ctx=0..8201:8201 prefill chunk 5248/8201 (64.0%) chunk=228.71 t/s avg=345.97 t/s 15.169s
1003 02:54:36 ds4-server: chat ctx=0..8201:8201 prefill chunk 5376/8201 (65.6%) chunk=230.69 t/s avg=341.90 t/s 15.724s
1003 02:54:37 ds4-server: chat ctx=0..8201:8201 prefill chunk 5504/8201 (67.1%) chunk=230.65 t/s avg=338.11 t/s 16.279s
1003 02:54:37 ds4-server: chat ctx=0..8201:8201 prefill chunk 5632/8201 (68.7%) chunk=236.60 t/s avg=334.85 t/s 16.820s
1003 02:54:38 ds4-server: chat ctx=0..8201:8201 prefill chunk 5760/8201 (70.2%) chunk=238.70 t/s avg=331.88 t/s 17.356s
1003 02:54:38 ds4-server: chat ctx=0..8201:8201 prefill chunk 5888/8201 (71.8%) chunk=248.25 t/s avg=329.46 t/s 17.871s
1003 02:54:39 ds4-server: chat ctx=0..8201:8201 prefill chunk 6016/8201 (73.4%) chunk=246.76 t/s avg=327.13 t/s 18.390s
1003 02:54:39 ds4-server: chat ctx=0..8201:8201 prefill chunk 6144/8201 (74.9%) chunk=242.18 t/s avg=324.76 t/s 18.919s
1003 02:54:40 ds4-server: chat ctx=0..8201:8201 prefill chunk 6272/8201 (76.5%) chunk=243.95 t/s avg=322.58 t/s 19.443s
1003 02:54:40 ds4-server: chat ctx=0..8201:8201 prefill chunk 6400/8201 (78.0%) chunk=240.76 t/s avg=320.40 t/s 19.975s
1003 02:54:41 ds4-server: chat ctx=0..8201:8201 prefill chunk 6528/8201 (79.6%) chunk=233.95 t/s avg=318.09 t/s 20.522s
1003 02:54:41 ds4-server: chat ctx=0..8201:8201 prefill chunk 6656/8201 (81.2%) chunk=240.08 t/s avg=316.12 t/s 21.055s
1003 02:54:42 ds4-server: chat ctx=0..8201:8201 prefill chunk 6784/8201 (82.7%) chunk=240.90 t/s avg=314.27 t/s 21.587s
1003 02:54:42 ds4-server: chat ctx=0..8201:8201 prefill chunk 6912/8201 (84.3%) chunk=246.74 t/s avg=312.68 t/s 22.105s
1003 02:54:43 ds4-server: chat ctx=0..8201:8201 prefill chunk 7040/8201 (85.8%) chunk=233.15 t/s avg=310.76 t/s 22.655s
1003 02:54:44 ds4-server: chat ctx=0..8201:8201 prefill chunk 7168/8201 (87.4%) chunk=243.30 t/s avg=309.22 t/s 23.181s
1003 02:54:44 ds4-server: chat ctx=0..8201:8201 prefill chunk 7296/8201 (89.0%) chunk=243.43 t/s avg=307.76 t/s 23.706s
1003 02:54:45 ds4-server: chat ctx=0..8201:8201 prefill chunk 7424/8201 (90.5%) chunk=228.51 t/s avg=305.94 t/s 24.267s
1003 02:54:45 ds4-server: chat ctx=0..8201:8201 prefill chunk 7552/8201 (92.1%) chunk=235.95 t/s avg=304.40 t/s 24.809s
1003 02:54:46 ds4-server: chat ctx=0..8201:8201 prefill chunk 7680/8201 (93.6%) chunk=249.01 t/s avg=303.28 t/s 25.323s
1003 02:54:46 ds4-server: chat ctx=0..8201:8201 prefill chunk 7808/8201 (95.2%) chunk=231.01 t/s avg=301.73 t/s 25.877s
1003 02:54:47 ds4-server: chat ctx=0..8201:8201 prefill chunk 7936/8201 (96.8%) chunk=239.68 t/s avg=300.48 t/s 26.411s
1003 02:54:47 ds4-server: chat ctx=0..8201:8201 prefill chunk 8064/8201 (98.3%) chunk=242.59 t/s avg=299.34 t/s 26.939s
1003 02:54:48 ds4-server: chat ctx=0..8201:8201 prefill chunk 8192/8201 (99.9%) chunk=226.17 t/s avg=297.84 t/s 27.505s
1003 02:54:48 ds4-server: chat ctx=0..8201:8201 prefill chunk 8201/8201 (100.0%) chunk=58.55 t/s avg=296.51 t/s 27.659s
1003 02:54:48 ds4-server: chat ctx=0..8201:8201 prompt done 27.659s
1003 02:54:48 ds4-server: chat ctx=8201..8251:50 gen=50 decoding chunk=1.81 t/s avg=1.81 t/s 27.676s
1003 02:54:50 ds4-server: chat ctx=8201..8251:50 gen=50 decoding chunk=25.42 t/s avg=25.42 t/s 1.967s
1003 02:54:50 ds4-server: chat ctx=8251..8301:50 gen=100 decoding chunk=25.65 t/s avg=3.38 t/s 29.626s
1003 02:54:52 ds4-server: chat ctx=8251..8301:50 gen=100 decoding chunk=25.60 t/s avg=25.51 t/s 3.920s
1003 02:54:52 ds4-server: chat ctx=8301..8351:50 gen=150 decoding chunk=25.60 t/s avg=4.75 t/s 31.579s
1003 02:54:54 ds4-server: chat ctx=8301..8351:50 gen=150 decoding chunk=25.57 t/s avg=25.53 t/s 5.876s
1003 02:54:54 ds4-server: chat ctx=8351..8401:50 gen=200 decoding chunk=25.57 t/s avg=5.96 t/s 33.534s
1003 02:54:56 ds4-server: chat ctx=8351..8401:50 gen=200 decoding chunk=25.55 t/s avg=25.53 t/s 7.833s
1003 02:54:56 ds4-server: chat ctx=8401..8451:50 gen=250 decoding chunk=25.55 t/s avg=7.04 t/s 35.491s
1003 02:54:56 ds4-server: chat ctx=8451..8457:6 gen=256 decoding chunk=25.57 t/s avg=7.17 t/s 35.726s
1003 02:54:56 ds4-server: chat ctx=0..8201:8201 gen=256 finish=length 63.644s
1003 02:54:56 slot 0: request reuses nothing; evicting checkpoint (8457 tokens, idle 0 s, protected)
1003 02:54:56 ds4-server: live kv cache miss live=8457 prompt=8201 common=17 vision=match reason=token-mismatch
1003 02:54:56 ds4-server: chat ctx=0..8201:8201 prompt start
1003 02:54:57 ds4-server: chat ctx=0..8201:8201 prefill chunk 128/8201 (1.6%) chunk=0.00 t/s avg=243.85 t/s 0.525s
1003 02:54:57 ds4-server: chat ctx=0..8201:8201 prefill chunk 256/8201 (3.1%) chunk=276.74 t/s avg=259.26 t/s 0.987s
1003 02:54:58 ds4-server: chat ctx=0..8201:8201 prefill chunk 384/8201 (4.7%) chunk=266.90 t/s avg=261.76 t/s 1.467s
1003 02:54:58 ds4-server: chat ctx=0..8201:8201 prefill chunk 512/8201 (6.2%) chunk=264.80 t/s avg=262.51 t/s 1.950s
1003 02:54:59 ds4-server: chat ctx=0..8201:8201 prefill chunk 640/8201 (7.8%) chunk=259.55 t/s avg=261.91 t/s 2.444s
1003 02:54:59 ds4-server: chat ctx=0..8201:8201 prefill chunk 768/8201 (9.4%) chunk=270.09 t/s avg=263.24 t/s 2.917s
1003 02:55:00 ds4-server: chat ctx=0..8201:8201 prefill chunk 896/8201 (10.9%) chunk=250.05 t/s avg=261.27 t/s 3.429s
1003 02:55:00 ds4-server: chat ctx=0..8201:8201 prefill chunk 1024/8201 (12.5%) chunk=245.56 t/s avg=259.20 t/s 3.951s
1003 02:55:00 ds4-server: chat ctx=0..8201:8201 prefill chunk 1152/8201 (14.0%) chunk=273.96 t/s avg=260.76 t/s 4.418s
1003 02:55:01 ds4-server: chat ctx=0..8201:8201 prefill chunk 1280/8201 (15.6%) chunk=268.92 t/s avg=261.56 t/s 4.894s
1003 02:55:01 ds4-server: chat ctx=0..8201:8201 prefill chunk 1408/8201 (17.2%) chunk=259.07 t/s avg=261.33 t/s 5.388s
1003 02:55:02 ds4-server: chat ctx=0..8201:8201 prefill chunk 1536/8201 (18.7%) chunk=254.87 t/s avg=260.78 t/s 5.890s
1003 02:55:02 ds4-server: chat ctx=0..8201:8201 prefill chunk 1664/8201 (20.3%) chunk=275.96 t/s avg=261.89 t/s 6.354s
1003 02:55:03 ds4-server: chat ctx=0..8201:8201 prefill chunk 1792/8201 (21.9%) chunk=256.75 t/s avg=261.51 t/s 6.852s
1003 02:55:03 ds4-server: chat ctx=0..8201:8201 prefill chunk 1920/8201 (23.4%) chunk=247.13 t/s avg=260.50 t/s 7.370s
1003 02:55:04 ds4-server: chat ctx=0..8201:8201 prefill chunk 2048/8201 (25.0%) chunk=261.19 t/s avg=260.54 t/s 7.860s
1003 02:55:04 ds4-server: chat ctx=0..8201:8201 prefill chunk 2176/8201 (26.5%) chunk=245.16 t/s avg=259.59 t/s 8.383s
1003 02:55:05 ds4-server: chat ctx=0..8201:8201 prefill chunk 2304/8201 (28.1%) chunk=247.92 t/s avg=258.91 t/s 8.899s
1003 02:55:06 ds4-server: chat ctx=0..8201:8201 prefill chunk 2432/8201 (29.7%) chunk=243.10 t/s avg=258.03 t/s 9.425s
1003 02:55:06 ds4-server: chat ctx=0..8201:8201 prefill chunk 2560/8201 (31.2%) chunk=249.53 t/s avg=257.59 t/s 9.938s
1003 02:55:07 ds4-server: chat ctx=0..8201:8201 prefill chunk 2688/8201 (32.8%) chunk=246.32 t/s avg=257.03 t/s 10.458s
1003 02:55:07 ds4-server: chat ctx=0..8201:8201 prefill chunk 2816/8201 (34.3%) chunk=245.84 t/s avg=256.50 t/s 10.979s
1003 02:55:08 ds4-server: chat ctx=0..8201:8201 prefill chunk 2944/8201 (35.9%) chunk=228.14 t/s avg=255.12 t/s 11.540s
1003 02:55:08 ds4-server: chat ctx=0..8201:8201 prefill chunk 3072/8201 (37.5%) chunk=249.29 t/s avg=254.87 t/s 12.053s
1003 02:55:09 ds4-server: chat ctx=0..8201:8201 prefill chunk 3200/8201 (39.0%) chunk=255.28 t/s avg=254.89 t/s 12.555s
1003 02:55:09 ds4-server: chat ctx=0..8201:8201 prefill chunk 3328/8201 (40.6%) chunk=251.80 t/s avg=254.77 t/s 13.063s
1003 02:55:10 ds4-server: chat ctx=0..8201:8201 prefill chunk 3456/8201 (42.1%) chunk=246.85 t/s avg=254.46 t/s 13.581s
1003 02:55:10 ds4-server: chat ctx=0..8201:8201 prefill chunk 3584/8201 (43.7%) chunk=239.21 t/s avg=253.89 t/s 14.117s
1003 02:55:11 ds4-server: chat ctx=0..8201:8201 prefill chunk 3712/8201 (45.3%) chunk=259.98 t/s avg=254.09 t/s 14.609s
1003 02:55:11 ds4-server: chat ctx=0..8201:8201 prefill chunk 3840/8201 (46.8%) chunk=250.43 t/s avg=253.97 t/s 15.120s
1003 02:55:12 ds4-server: chat ctx=0..8201:8201 prefill chunk 3968/8201 (48.4%) chunk=250.10 t/s avg=253.84 t/s 15.632s
1003 02:55:12 ds4-server: chat ctx=0..8201:8201 prefill chunk 4096/8201 (49.9%) chunk=236.17 t/s avg=253.25 t/s 16.174s
1003 02:55:13 ds4-server: chat ctx=0..8201:8201 prefill chunk 4224/8201 (51.5%) chunk=239.41 t/s avg=252.81 t/s 16.708s
1003 02:55:13 ds4-server: chat ctx=0..8201:8201 prefill chunk 4352/8201 (53.1%) chunk=239.47 t/s avg=252.39 t/s 17.243s
1003 02:55:14 ds4-server: chat ctx=0..8201:8201 prefill chunk 4480/8201 (54.6%) chunk=229.95 t/s avg=251.69 t/s 17.800s
1003 02:55:14 ds4-server: chat ctx=0..8201:8201 prefill chunk 4608/8201 (56.2%) chunk=232.60 t/s avg=251.12 t/s 18.350s
1003 02:55:15 ds4-server: chat ctx=0..8201:8201 prefill chunk 4736/8201 (57.7%) chunk=228.37 t/s avg=250.44 t/s 18.910s
1003 02:55:16 ds4-server: chat ctx=0..8201:8201 prefill chunk 4864/8201 (59.3%) chunk=234.29 t/s avg=249.99 t/s 19.457s
1003 02:55:16 ds4-server: chat ctx=0..8201:8201 prefill chunk 4992/8201 (60.9%) chunk=231.24 t/s avg=249.47 t/s 20.010s
1003 02:55:17 ds4-server: chat ctx=0..8201:8201 prefill chunk 5120/8201 (62.4%) chunk=243.35 t/s avg=249.32 t/s 20.536s
1003 02:55:17 ds4-server: chat ctx=0..8201:8201 prefill chunk 5248/8201 (64.0%) chunk=228.84 t/s avg=248.77 t/s 21.096s
1003 02:55:18 ds4-server: chat ctx=0..8201:8201 prefill chunk 5376/8201 (65.6%) chunk=231.38 t/s avg=248.33 t/s 21.649s
1003 02:55:18 ds4-server: chat ctx=8401..8451:50 gen=250 decoding chunk=2.28 t/s avg=8.40 t/s 29.753s
1003 02:55:18 ds4-server: chat ctx=0..8201:8201 prefill chunk 5504/8201 (67.1%) chunk=231.19 t/s avg=247.90 t/s 22.202s
1003 02:55:19 ds4-server: chat ctx=0..8201:8201 prefill chunk 5632/8201 (68.7%) chunk=234.64 t/s avg=247.58 t/s 22.748s
1003 02:55:19 ds4-server: chat ctx=0..8201:8201 prefill chunk 5760/8201 (70.2%) chunk=237.95 t/s avg=247.36 t/s 23.286s
1003 02:55:20 ds4-server: chat ctx=0..8201:8201 prefill chunk 5888/8201 (71.8%) chunk=248.38 t/s avg=247.38 t/s 23.801s
1003 02:55:20 ds4-server: chat ctx=0..8201:8201 prefill chunk 6016/8201 (73.4%) chunk=246.30 t/s avg=247.36 t/s 24.321s
1003 02:55:21 ds4-server: chat ctx=0..8201:8201 prefill chunk 6144/8201 (74.9%) chunk=241.07 t/s avg=247.22 t/s 24.852s
1003 02:55:21 ds4-server: chat ctx=8451..8457:6 gen=256 decoding chunk=1.87 t/s avg=7.77 t/s 32.956s
1003 02:55:21 ds4-server: chat ctx=0..8201:8201 gen=256 finish=length 60.614s
1003 02:55:21 slot 1: request reuses nothing; evicting checkpoint (8457 tokens, idle 0 s, protected)
1003 02:55:21 ds4-server: chat ctx=0..8201:8201 prefill chunk 6272/8201 (76.5%) chunk=243.96 t/s avg=247.16 t/s 25.377s
1003 02:55:23 ds4-server: chat ctx=0..8201:8201 prefill chunk 8192/8201 (99.9%) chunk=951.53 t/s avg=299.04 t/s 27.394s
1003 02:55:24 ds4-server: chat ctx=0..8201:8201 prefill chunk 8201/8201 (100.0%) chunk=66.00 t/s avg=297.89 t/s 27.531s
1003 02:55:24 ds4-server: chat ctx=0..8201:8201 prompt done 27.531s
1003 02:55:24 ds4-server: live kv cache miss live=8457 prompt=8201 common=17 vision=match reason=token-mismatch
1003 02:55:24 ds4-server: chat ctx=0..8201:8201 prompt start
1003 02:55:26 ds4-server: chat ctx=0..8201:8201 prefill chunk 2048/8201 (25.0%) chunk=0.00 t/s avg=1035.08 t/s 1.979s
1003 02:55:26 ds4-server: chat ctx=0..8201:8201 prefill chunk 2176/8201 (26.5%) chunk=254.08 t/s avg=876.58 t/s 2.482s
1003 02:55:27 ds4-server: chat ctx=0..8201:8201 prefill chunk 2304/8201 (28.1%) chunk=247.51 t/s avg=768.12 t/s 3.000s
1003 02:55:27 ds4-server: chat ctx=0..8201:8201 prefill chunk 2432/8201 (29.7%) chunk=243.88 t/s avg=690.05 t/s 3.524s
1003 02:55:28 ds4-server: chat ctx=0..8201:8201 prefill chunk 2560/8201 (31.2%) chunk=250.29 t/s avg=634.33 t/s 4.036s
1003 02:55:28 ds4-server: chat ctx=0..8201:8201 prefill chunk 2688/8201 (32.8%) chunk=246.19 t/s avg=590.03 t/s 4.556s
1003 02:55:29 ds4-server: chat ctx=0..8201:8201 prefill chunk 2816/8201 (34.3%) chunk=247.89 t/s avg=555.20 t/s 5.072s
1003 02:55:29 ds4-server: chat ctx=0..8201:8201 prefill chunk 2944/8201 (35.9%) chunk=227.47 t/s avg=522.47 t/s 5.635s
1003 02:55:30 ds4-server: chat ctx=0..8201:8201 prefill chunk 3072/8201 (37.5%) chunk=249.47 t/s avg=499.69 t/s 6.148s
1003 02:55:30 ds4-server: chat ctx=0..8201:8201 prefill chunk 3200/8201 (39.0%) chunk=254.93 t/s avg=481.21 t/s 6.650s
1003 02:55:31 ds4-server: chat ctx=0..8201:8201 prefill chunk 3328/8201 (40.6%) chunk=252.93 t/s avg=465.06 t/s 7.156s
1003 02:55:31 ds4-server: chat ctx=0..8201:8201 prefill chunk 3456/8201 (42.1%) chunk=247.28 t/s avg=450.37 t/s 7.674s
1003 02:55:32 ds4-server: chat ctx=0..8201:8201 prefill chunk 3584/8201 (43.7%) chunk=240.50 t/s avg=436.76 t/s 8.206s
1003 02:55:32 ds4-server: chat ctx=0..8201:8201 prefill chunk 3712/8201 (45.3%) chunk=259.69 t/s avg=426.73 t/s 8.699s
1003 02:55:33 ds4-server: chat ctx=0..8201:8201 prefill chunk 3840/8201 (46.8%) chunk=250.54 t/s avg=416.95 t/s 9.210s
1003 02:55:33 ds4-server: chat ctx=0..8201:8201 prefill chunk 3968/8201 (48.4%) chunk=248.71 t/s avg=408.05 t/s 9.724s
1003 02:55:34 ds4-server: chat ctx=0..8201:8201 prefill chunk 4096/8201 (49.9%) chunk=236.56 t/s avg=399.01 t/s 10.265s
1003 02:55:34 ds4-server: chat ctx=0..8201:8201 prefill chunk 4224/8201 (51.5%) chunk=241.06 t/s avg=391.24 t/s 10.796s
1003 02:55:35 ds4-server: chat ctx=0..8201:8201 prefill chunk 4352/8201 (53.1%) chunk=240.55 t/s avg=384.16 t/s 11.329s
1003 02:55:35 ds4-server: chat ctx=0..8201:8201 prefill chunk 4480/8201 (54.6%) chunk=230.49 t/s avg=376.98 t/s 11.884s
1003 02:55:36 ds4-server: chat ctx=0..8201:8201 prefill chunk 4608/8201 (56.2%) chunk=232.41 t/s avg=370.58 t/s 12.435s
1003 02:55:37 ds4-server: chat ctx=0..8201:8201 prefill chunk 4736/8201 (57.7%) chunk=227.76 t/s avg=364.40 t/s 12.997s
1003 02:55:37 ds4-server: chat ctx=0..8201:8201 prefill chunk 4864/8201 (59.3%) chunk=234.66 t/s avg=359.18 t/s 13.542s
1003 02:55:38 ds4-server: chat ctx=0..8201:8201 prefill chunk 4992/8201 (60.9%) chunk=230.72 t/s avg=354.12 t/s 14.097s
1003 02:55:38 ds4-server: chat ctx=0..8201:8201 prefill chunk 5120/8201 (62.4%) chunk=243.90 t/s avg=350.17 t/s 14.622s
1003 02:55:39 ds4-server: chat ctx=0..8201:8201 prefill chunk 5248/8201 (64.0%) chunk=228.60 t/s avg=345.68 t/s 15.182s
1003 02:55:39 ds4-server: chat ctx=0..8201:8201 prefill chunk 5376/8201 (65.6%) chunk=231.13 t/s avg=341.65 t/s 15.735s
1003 02:55:40 ds4-server: chat ctx=0..8201:8201 prefill chunk 5504/8201 (67.1%) chunk=230.63 t/s avg=337.87 t/s 16.290s
1003 02:55:40 ds4-server: chat ctx=0..8201:8201 prefill chunk 5632/8201 (68.7%) chunk=237.31 t/s avg=334.65 t/s 16.830s
1003 02:55:41 ds4-server: chat ctx=0..8201:8201 prefill chunk 5760/8201 (70.2%) chunk=238.22 t/s avg=331.66 t/s 17.367s
1003 02:55:41 ds4-server: chat ctx=0..8201:8201 prefill chunk 5888/8201 (71.8%) chunk=247.68 t/s avg=329.23 t/s 17.884s
1003 02:55:42 ds4-server: chat ctx=0..8201:8201 prefill chunk 6016/8201 (73.4%) chunk=246.89 t/s avg=326.91 t/s 18.402s
1003 02:55:43 ds4-server: chat ctx=0..8201:8201 prefill chunk 6144/8201 (74.9%) chunk=242.28 t/s avg=324.55 t/s 18.931s
1003 02:55:43 ds4-server: chat ctx=0..8201:8201 prefill chunk 6272/8201 (76.5%) chunk=244.29 t/s avg=322.39 t/s 19.455s
1003 02:55:44 ds4-server: chat ctx=0..8201:8201 prefill chunk 6400/8201 (78.0%) chunk=241.18 t/s avg=320.23 t/s 19.985s
1003 02:55:44 ds4-server: chat ctx=0..8201:8201 prefill chunk 6528/8201 (79.6%) chunk=235.58 t/s avg=317.99 t/s 20.529s
1003 02:55:45 ds4-server: chat ctx=0..8201:8201 prefill chunk 6656/8201 (81.2%) chunk=240.27 t/s avg=316.03 t/s 21.061s
1003 02:55:45 ds4-server: chat ctx=0..8201:8201 prefill chunk 6784/8201 (82.7%) chunk=241.52 t/s avg=314.20 t/s 21.591s
1003 02:55:46 ds4-server: chat ctx=0..8201:8201 prefill chunk 6912/8201 (84.3%) chunk=250.05 t/s avg=312.71 t/s 22.103s
1003 02:55:46 ds4-server: chat ctx=0..8201:8201 prefill chunk 7040/8201 (85.8%) chunk=232.88 t/s avg=310.78 t/s 22.653s
1003 02:55:47 ds4-server: chat ctx=0..8201:8201 prefill chunk 7168/8201 (87.4%) chunk=242.57 t/s avg=309.22 t/s 23.181s
1003 02:55:47 ds4-server: chat ctx=0..8201:8201 prefill chunk 7296/8201 (89.0%) chunk=243.26 t/s avg=307.76 t/s 23.707s
1003 02:55:48 ds4-server: chat ctx=0..8201:8201 prefill chunk 7424/8201 (90.5%) chunk=229.09 t/s avg=305.95 t/s 24.266s
1003 02:55:48 ds4-server: chat ctx=0..8201:8201 prefill chunk 7552/8201 (92.1%) chunk=236.79 t/s avg=304.44 t/s 24.806s
1003 02:55:49 ds4-server: chat ctx=0..8201:8201 prefill chunk 7680/8201 (93.6%) chunk=248.09 t/s avg=303.29 t/s 25.322s
1003 02:55:49 ds4-server: chat ctx=0..8201:8201 prefill chunk 7808/8201 (95.2%) chunk=233.79 t/s avg=301.82 t/s 25.870s
1003 02:55:50 ds4-server: chat ctx=0..8201:8201 prefill chunk 7936/8201 (96.8%) chunk=239.87 t/s avg=300.57 t/s 26.403s
1003 02:55:51 ds4-server: chat ctx=0..8201:8201 prefill chunk 8064/8201 (98.3%) chunk=242.27 t/s avg=299.43 t/s 26.932s
1003 02:55:51 ds4-server: chat ctx=0..8201:8201 prefill chunk 8192/8201 (99.9%) chunk=226.01 t/s avg=297.91 t/s 27.498s
1003 02:55:51 ds4-server: chat ctx=0..8201:8201 prefill chunk 8201/8201 (100.0%) chunk=58.55 t/s avg=296.58 t/s 27.652s
1003 02:55:51 ds4-server: chat ctx=0..8201:8201 prompt done 27.652s
1003 02:55:51 ds4-server: chat ctx=8201..8251:50 gen=50 decoding chunk=1.81 t/s avg=1.81 t/s 27.670s
1003 02:55:53 ds4-server: chat ctx=8201..8251:50 gen=50 decoding chunk=25.41 t/s avg=25.41 t/s 1.968s
1003 02:55:53 ds4-server: chat ctx=8251..8301:50 gen=100 decoding chunk=25.65 t/s avg=3.38 t/s 29.619s
1003 02:55:55 ds4-server: chat ctx=8251..8301:50 gen=100 decoding chunk=25.59 t/s avg=25.50 t/s 3.921s
1003 02:55:55 ds4-server: chat ctx=8301..8351:50 gen=150 decoding chunk=25.59 t/s avg=4.75 t/s 31.573s
1003 02:55:57 ds4-server: chat ctx=8351..8401:50 gen=200 decoding chunk=25.58 t/s avg=5.97 t/s 33.528s
1003 02:55:57 ds4-server: chat ctx=8301..8351:50 gen=150 decoding chunk=25.58 t/s avg=25.53 t/s 5.876s
1003 02:55:59 ds4-server: chat ctx=8351..8401:50 gen=200 decoding chunk=25.57 t/s avg=25.54 t/s 7.831s
1003 02:55:59 ds4-server: chat ctx=8401..8451:50 gen=250 decoding chunk=25.57 t/s avg=7.05 t/s 35.483s
1003 02:55:59 ds4-server: chat ctx=8451..8457:6 gen=256 decoding chunk=25.57 t/s avg=7.17 t/s 35.718s
1003 02:55:59 ds4-server: chat ctx=0..8201:8201 gen=256 finish=length 63.249s
1003 02:55:59 slot 0: request reuses nothing; evicting checkpoint (8457 tokens, idle 0 s, protected)
1003 02:55:59 ds4-server: live kv cache miss live=8457 prompt=8201 common=17 vision=match reason=token-mismatch
1003 02:55:59 ds4-server: chat ctx=0..8201:8201 prompt start
1003 02:56:00 ds4-server: chat ctx=0..8201:8201 prefill chunk 128/8201 (1.6%) chunk=0.00 t/s avg=253.38 t/s 0.505s
1003 02:56:00 ds4-server: chat ctx=0..8201:8201 prefill chunk 256/8201 (3.1%) chunk=277.53 t/s avg=264.90 t/s 0.966s
1003 02:56:01 ds4-server: chat ctx=0..8201:8201 prefill chunk 384/8201 (4.7%) chunk=267.39 t/s avg=265.73 t/s 1.445s
1003 02:56:01 ds4-server: chat ctx=0..8201:8201 prefill chunk 512/8201 (6.2%) chunk=266.44 t/s avg=265.91 t/s 1.925s
1003 02:56:02 ds4-server: chat ctx=0..8201:8201 prefill chunk 640/8201 (7.8%) chunk=259.78 t/s avg=264.66 t/s 2.418s
1003 02:56:02 ds4-server: chat ctx=0..8201:8201 prefill chunk 768/8201 (9.4%) chunk=270.37 t/s avg=265.59 t/s 2.892s
1003 02:56:03 ds4-server: chat ctx=0..8201:8201 prefill chunk 896/8201 (10.9%) chunk=249.76 t/s avg=263.21 t/s 3.404s
1003 02:56:03 ds4-server: chat ctx=0..8201:8201 prefill chunk 1024/8201 (12.5%) chunk=245.70 t/s avg=260.88 t/s 3.925s
1003 02:56:04 ds4-server: chat ctx=0..8201:8201 prefill chunk 1152/8201 (14.0%) chunk=274.58 t/s avg=262.34 t/s 4.391s
1003 02:56:04 ds4-server: chat ctx=0..8201:8201 prefill chunk 1280/8201 (15.6%) chunk=268.75 t/s avg=262.96 t/s 4.868s
1003 02:56:05 ds4-server: chat ctx=0..8201:8201 prefill chunk 1408/8201 (17.2%) chunk=259.60 t/s avg=262.66 t/s 5.361s
1003 02:56:05 ds4-server: chat ctx=0..8201:8201 prefill chunk 1536/8201 (18.7%) chunk=256.47 t/s avg=262.13 t/s 5.860s
1003 02:56:06 ds4-server: chat ctx=0..8201:8201 prefill chunk 1664/8201 (20.3%) chunk=276.80 t/s avg=263.20 t/s 6.322s
1003 02:56:06 ds4-server: chat ctx=0..8201:8201 prefill chunk 1792/8201 (21.9%) chunk=257.81 t/s avg=262.81 t/s 6.819s
1003 02:56:07 ds4-server: chat ctx=0..8201:8201 prefill chunk 1920/8201 (23.4%) chunk=248.55 t/s avg=261.81 t/s 7.334s
1003 02:56:07 ds4-server: chat ctx=0..8201:8201 prefill chunk 2048/8201 (25.0%) chunk=262.40 t/s avg=261.84 t/s 7.821s
1003 02:56:08 ds4-server: chat ctx=0..8201:8201 prefill chunk 2176/8201 (26.5%) chunk=245.33 t/s avg=260.81 t/s 8.343s
1003 02:56:08 ds4-server: chat ctx=0..8201:8201 prefill chunk 2304/8201 (28.1%) chunk=247.54 t/s avg=260.04 t/s 8.860s
1003 02:56:09 ds4-server: chat ctx=0..8201:8201 prefill chunk 2432/8201 (29.7%) chunk=242.90 t/s avg=259.08 t/s 9.387s
1003 02:56:09 ds4-server: chat ctx=0..8201:8201 prefill chunk 2560/8201 (31.2%) chunk=249.26 t/s avg=258.57 t/s 9.901s
1003 02:56:10 ds4-server: chat ctx=0..8201:8201 prefill chunk 2688/8201 (32.8%) chunk=246.76 t/s avg=257.98 t/s 10.419s
1003 02:56:10 ds4-server: chat ctx=0..8201:8201 prefill chunk 2816/8201 (34.3%) chunk=246.92 t/s avg=257.45 t/s 10.938s
1003 02:56:11 ds4-server: chat ctx=0..8201:8201 prefill chunk 2944/8201 (35.9%) chunk=227.90 t/s avg=256.01 t/s 11.500s
1003 02:56:11 ds4-server: chat ctx=0..8201:8201 prefill chunk 3072/8201 (37.5%) chunk=248.56 t/s avg=255.69 t/s 12.014s
1003 02:56:12 ds4-server: chat ctx=0..8201:8201 prefill chunk 3200/8201 (39.0%) chunk=254.19 t/s avg=255.63 t/s 12.518s
1003 02:56:12 ds4-server: chat ctx=0..8201:8201 prefill chunk 3328/8201 (40.6%) chunk=252.85 t/s avg=255.52 t/s 13.024s
1003 02:56:13 ds4-server: chat ctx=0..8201:8201 prefill chunk 3456/8201 (42.1%) chunk=247.45 t/s avg=255.21 t/s 13.542s
1003 02:56:13 ds4-server: chat ctx=0..8201:8201 prefill chunk 3584/8201 (43.7%) chunk=240.50 t/s avg=254.66 t/s 14.074s
1003 02:56:14 ds4-server: chat ctx=0..8201:8201 prefill chunk 3712/8201 (45.3%) chunk=258.90 t/s avg=254.80 t/s 14.568s
1003 02:56:14 ds4-server: chat ctx=0..8201:8201 prefill chunk 3840/8201 (46.8%) chunk=251.64 t/s avg=254.70 t/s 15.077s
1003 02:56:15 ds4-server: chat ctx=0..8201:8201 prefill chunk 3968/8201 (48.4%) chunk=249.93 t/s avg=254.54 t/s 15.589s
1003 02:56:15 ds4-server: chat ctx=0..8201:8201 prefill chunk 4096/8201 (49.9%) chunk=237.07 t/s avg=253.95 t/s 16.129s
1003 02:56:16 ds4-server: chat ctx=0..8201:8201 prefill chunk 4224/8201 (51.5%) chunk=240.28 t/s avg=253.52 t/s 16.662s
1003 02:56:17 ds4-server: chat ctx=0..8201:8201 prefill chunk 4352/8201 (53.1%) chunk=239.46 t/s avg=253.08 t/s 17.196s
1003 02:56:17 ds4-server: chat ctx=0..8201:8201 prefill chunk 4480/8201 (54.6%) chunk=230.76 t/s avg=252.38 t/s 17.751s
1003 02:56:18 ds4-server: chat ctx=0..8201:8201 prefill chunk 4608/8201 (56.2%) chunk=234.11 t/s avg=251.84 t/s 18.298s
1003 02:56:18 ds4-server: chat ctx=0..8201:8201 prefill chunk 4736/8201 (57.7%) chunk=229.14 t/s avg=251.16 t/s 18.856s
1003 02:56:19 ds4-server: chat ctx=0..8201:8201 prefill chunk 4864/8201 (59.3%) chunk=234.57 t/s avg=250.70 t/s 19.402s
1003 02:56:19 ds4-server: chat ctx=0..8201:8201 prefill chunk 4992/8201 (60.9%) chunk=231.58 t/s avg=250.17 t/s 19.955s
1003 02:56:20 ds4-server: chat ctx=0..8201:8201 prefill chunk 5120/8201 (62.4%) chunk=245.59 t/s avg=250.05 t/s 20.476s
1003 02:56:20 ds4-server: chat ctx=0..8201:8201 prefill chunk 5248/8201 (64.0%) chunk=229.39 t/s avg=249.50 t/s 21.034s
1003 02:56:21 ds4-server: chat ctx=0..8201:8201 prefill chunk 5376/8201 (65.6%) chunk=231.30 t/s avg=249.04 t/s 21.587s
1003 02:56:21 ds4-server: chat ctx=0..8201:8201 prefill chunk 5504/8201 (67.1%) chunk=232.16 t/s avg=248.62 t/s 22.139s
1003 02:56:22 ds4-server: chat ctx=8401..8451:50 gen=250 decoding chunk=2.23 t/s avg=8.27 t/s 30.241s
1003 02:56:22 ds4-server: chat ctx=0..8201:8201 prefill chunk 5632/8201 (68.7%) chunk=235.04 t/s avg=248.29 t/s 22.683s
1003 02:56:23 ds4-server: chat ctx=0..8201:8201 prefill chunk 5760/8201 (70.2%) chunk=238.83 t/s avg=248.07 t/s 23.219s
1003 02:56:23 ds4-server: chat ctx=0..8201:8201 prefill chunk 5888/8201 (71.8%) chunk=247.56 t/s avg=248.06 t/s 23.736s
1003 02:56:24 ds4-server: chat ctx=0..8201:8201 prefill chunk 6016/8201 (73.4%) chunk=246.48 t/s avg=248.03 t/s 24.255s
1003 02:56:24 ds4-server: chat ctx=0..8201:8201 prefill chunk 6144/8201 (74.9%) chunk=242.44 t/s avg=247.91 t/s 24.783s
1003 02:56:25 ds4-server: chat ctx=0..8201:8201 prefill chunk 6272/8201 (76.5%) chunk=243.95 t/s avg=247.83 t/s 25.308s
1003 02:56:25 ds4-server: chat ctx=8451..8457:6 gen=256 decoding chunk=1.89 t/s avg=7.66 t/s 33.411s
1003 02:56:25 ds4-server: chat ctx=0..8201:8201 gen=256 finish=length 61.063s
1003 02:56:25 slot 1: request reuses nothing; evicting checkpoint (8457 tokens, idle 0 s, protected)
1003 02:56:25 ds4-server: chat ctx=0..8201:8201 prefill chunk 6400/8201 (78.0%) chunk=240.90 t/s avg=247.68 t/s 25.839s
1003 02:56:27 ds4-server: chat ctx=0..8201:8201 prefill chunk 8192/8201 (99.9%) chunk=935.95 t/s avg=295.16 t/s 27.754s
1003 02:56:27 ds4-server: chat ctx=0..8201:8201 prefill chunk 8201/8201 (100.0%) chunk=66.05 t/s avg=294.04 t/s 27.890s
1003 02:56:27 ds4-server: chat ctx=0..8201:8201 prompt done 27.890s
1003 02:56:27 ds4-server: live kv cache miss live=8457 prompt=8201 common=17 vision=match reason=token-mismatch
1003 02:56:27 ds4-server: chat ctx=0..8201:8201 prompt start
1003 02:56:29 ds4-server: chat ctx=0..8201:8201 prefill chunk 2048/8201 (25.0%) chunk=0.00 t/s avg=1034.45 t/s 1.980s
1003 02:56:30 ds4-server: chat ctx=0..8201:8201 prefill chunk 2176/8201 (26.5%) chunk=253.18 t/s avg=875.53 t/s 2.485s
1003 02:56:30 ds4-server: chat ctx=0..8201:8201 prefill chunk 2304/8201 (28.1%) chunk=248.05 t/s avg=767.65 t/s 3.001s
1003 02:56:31 ds4-server: chat ctx=0..8201:8201 prefill chunk 2432/8201 (29.7%) chunk=242.98 t/s avg=689.31 t/s 3.528s
1003 02:56:31 ds4-server: chat ctx=0..8201:8201 prefill chunk 2560/8201 (31.2%) chunk=249.07 t/s avg=633.34 t/s 4.042s
1003 02:56:32 ds4-server: chat ctx=0..8201:8201 prefill chunk 2688/8201 (32.8%) chunk=245.56 t/s avg=589.04 t/s 4.563s
1003 02:56:32 ds4-server: chat ctx=0..8201:8201 prefill chunk 2816/8201 (34.3%) chunk=246.26 t/s avg=553.99 t/s 5.083s
1003 02:56:33 ds4-server: chat ctx=0..8201:8201 prefill chunk 2944/8201 (35.9%) chunk=228.62 t/s avg=521.71 t/s 5.643s
1003 02:56:33 ds4-server: chat ctx=0..8201:8201 prefill chunk 3072/8201 (37.5%) chunk=248.35 t/s avg=498.83 t/s 6.158s
1003 02:56:34 ds4-server: chat ctx=0..8201:8201 prefill chunk 3200/8201 (39.0%) chunk=254.34 t/s avg=480.36 t/s 6.662s
1003 02:56:34 ds4-server: chat ctx=0..8201:8201 prefill chunk 3328/8201 (40.6%) chunk=253.07 t/s avg=464.32 t/s 7.167s
1003 02:56:35 ds4-server: chat ctx=0..8201:8201 prefill chunk 3456/8201 (42.1%) chunk=247.04 t/s avg=449.67 t/s 7.686s
1003 02:56:35 ds4-server: chat ctx=0..8201:8201 prefill chunk 3584/8201 (43.7%) chunk=240.65 t/s avg=436.14 t/s 8.217s
1003 02:56:36 ds4-server: chat ctx=0..8201:8201 prefill chunk 3712/8201 (45.3%) chunk=260.29 t/s avg=426.21 t/s 8.709s
1003 02:56:36 ds4-server: chat ctx=0..8201:8201 prefill chunk 3840/8201 (46.8%) chunk=251.44 t/s avg=416.56 t/s 9.218s
1003 02:56:37 ds4-server: chat ctx=0..8201:8201 prefill chunk 3968/8201 (48.4%) chunk=249.98 t/s avg=407.80 t/s 9.730s
1003 02:56:38 ds4-server: chat ctx=0..8201:8201 prefill chunk 4096/8201 (49.9%) chunk=236.69 t/s avg=398.79 t/s 10.271s
1003 02:56:38 ds4-server: chat ctx=0..8201:8201 prefill chunk 4224/8201 (51.5%) chunk=240.17 t/s avg=390.96 t/s 10.804s
1003 02:56:39 ds4-server: chat ctx=0..8201:8201 prefill chunk 4352/8201 (53.1%) chunk=239.99 t/s avg=383.86 t/s 11.337s
1003 02:56:39 ds4-server: chat ctx=0..8201:8201 prefill chunk 4480/8201 (54.6%) chunk=229.83 t/s avg=376.65 t/s 11.894s
1003 02:56:40 ds4-server: chat ctx=0..8201:8201 prefill chunk 4608/8201 (56.2%) chunk=233.35 t/s avg=370.33 t/s 12.443s
1003 02:56:40 ds4-server: chat ctx=0..8201:8201 prefill chunk 4736/8201 (57.7%) chunk=227.95 t/s avg=364.18 t/s 13.004s
1003 02:56:41 ds4-server: chat ctx=0..8201:8201 prefill chunk 4864/8201 (59.3%) chunk=235.60 t/s avg=359.03 t/s 13.548s
1003 02:56:41 ds4-server: chat ctx=0..8201:8201 prefill chunk 4992/8201 (60.9%) chunk=230.41 t/s avg=353.96 t/s 14.103s
1003 02:56:42 ds4-server: chat ctx=0..8201:8201 prefill chunk 5120/8201 (62.4%) chunk=244.93 t/s avg=350.06 t/s 14.626s
1003 02:56:42 ds4-server: chat ctx=0..8201:8201 prefill chunk 5248/8201 (64.0%) chunk=228.71 t/s avg=345.59 t/s 15.186s
1003 02:56:43 ds4-server: chat ctx=0..8201:8201 prefill chunk 5376/8201 (65.6%) chunk=231.58 t/s avg=341.59 t/s 15.738s
1003 02:56:44 ds4-server: chat ctx=0..8201:8201 prefill chunk 5504/8201 (67.1%) chunk=230.08 t/s avg=337.78 t/s 16.295s
1003 02:56:44 ds4-server: chat ctx=0..8201:8201 prefill chunk 5632/8201 (68.7%) chunk=235.49 t/s avg=334.48 t/s 16.838s
1003 02:56:45 ds4-server: chat ctx=0..8201:8201 prefill chunk 5760/8201 (70.2%) chunk=239.07 t/s avg=331.54 t/s 17.374s
1003 02:56:45 ds4-server: chat ctx=0..8201:8201 prefill chunk 5888/8201 (71.8%) chunk=246.76 t/s avg=329.08 t/s 17.892s
1003 02:56:46 ds4-server: chat ctx=0..8201:8201 prefill chunk 6016/8201 (73.4%) chunk=246.65 t/s avg=326.76 t/s 18.411s
1003 02:56:46 ds4-server: chat ctx=0..8201:8201 prefill chunk 6144/8201 (74.9%) chunk=241.96 t/s avg=324.39 t/s 18.940s
1003 02:56:47 ds4-server: chat ctx=0..8201:8201 prefill chunk 6272/8201 (76.5%) chunk=244.17 t/s avg=322.23 t/s 19.464s
1003 02:56:47 ds4-server: chat ctx=0..8201:8201 prefill chunk 6400/8201 (78.0%) chunk=240.53 t/s avg=320.05 t/s 19.997s
1003 02:56:48 ds4-server: chat ctx=0..8201:8201 prefill chunk 6528/8201 (79.6%) chunk=235.40 t/s avg=317.81 t/s 20.540s
1003 02:56:48 ds4-server: chat ctx=0..8201:8201 prefill chunk 6656/8201 (81.2%) chunk=240.16 t/s avg=315.85 t/s 21.073s
1003 02:56:49 ds4-server: chat ctx=0..8201:8201 prefill chunk 6784/8201 (82.7%) chunk=240.70 t/s avg=314.00 t/s 21.605s
1003 02:56:49 ds4-server: chat ctx=0..8201:8201 prefill chunk 6912/8201 (84.3%) chunk=248.56 t/s avg=312.48 t/s 22.120s
1003 02:56:50 ds4-server: chat ctx=0..8201:8201 prefill chunk 7040/8201 (85.8%) chunk=232.50 t/s avg=310.53 t/s 22.671s
1003 02:56:50 ds4-server: chat ctx=0..8201:8201 prefill chunk 7168/8201 (87.4%) chunk=243.04 t/s avg=309.00 t/s 23.197s
1003 02:56:51 ds4-server: chat ctx=0..8201:8201 prefill chunk 7296/8201 (89.0%) chunk=242.78 t/s avg=307.53 t/s 23.725s
1003 02:56:52 ds4-server: chat ctx=0..8201:8201 prefill chunk 7424/8201 (90.5%) chunk=229.97 t/s avg=305.75 t/s 24.281s
1003 02:56:52 ds4-server: chat ctx=0..8201:8201 prefill chunk 7552/8201 (92.1%) chunk=236.91 t/s avg=304.25 t/s 24.821s
1003 02:56:53 ds4-server: chat ctx=0..8201:8201 prefill chunk 7680/8201 (93.6%) chunk=246.77 t/s avg=303.08 t/s 25.340s
1003 02:56:53 ds4-server: chat ctx=0..8201:8201 prefill chunk 7808/8201 (95.2%) chunk=231.17 t/s avg=301.54 t/s 25.894s
1003 02:56:54 ds4-server: chat ctx=0..8201:8201 prefill chunk 7936/8201 (96.8%) chunk=240.16 t/s avg=300.30 t/s 26.427s
1003 02:56:54 ds4-server: chat ctx=0..8201:8201 prefill chunk 8064/8201 (98.3%) chunk=241.39 t/s avg=299.14 t/s 26.957s
1003 02:56:55 ds4-server: chat ctx=0..8201:8201 prefill chunk 8192/8201 (99.9%) chunk=226.31 t/s avg=297.65 t/s 27.523s
1003 02:56:55 ds4-server: chat ctx=0..8201:8201 prefill chunk 8201/8201 (100.0%) chunk=58.61 t/s avg=296.32 t/s 27.676s
1003 02:56:55 ds4-server: chat ctx=0..8201:8201 prompt done 27.676s
1003 02:56:55 ds4-server: chat ctx=8201..8251:50 gen=50 decoding chunk=1.81 t/s avg=1.81 t/s 27.694s
1003 02:56:57 ds4-server: chat ctx=8251..8301:50 gen=100 decoding chunk=25.66 t/s avg=3.37 t/s 29.643s
1003 02:56:57 ds4-server: chat ctx=8201..8251:50 gen=50 decoding chunk=25.42 t/s avg=25.42 t/s 1.967s
1003 02:56:59 ds4-server: chat ctx=8251..8301:50 gen=100 decoding chunk=25.59 t/s avg=25.50 t/s 3.921s
1003 02:56:59 ds4-server: chat ctx=8301..8351:50 gen=150 decoding chunk=25.59 t/s avg=4.75 t/s 31.597s
1003 02:57:01 ds4-server: chat ctx=8301..8351:50 gen=150 decoding chunk=25.57 t/s avg=25.53 t/s 5.876s
1003 02:57:01 ds4-server: chat ctx=8351..8401:50 gen=200 decoding chunk=25.57 t/s avg=5.96 t/s 33.552s
1003 02:57:03 ds4-server: chat ctx=8351..8401:50 gen=200 decoding chunk=25.57 t/s avg=25.54 t/s 7.831s
1003 02:57:03 ds4-server: chat ctx=8401..8451:50 gen=250 decoding chunk=25.57 t/s avg=7.04 t/s 35.508s
1003 02:57:03 ds4-server: chat ctx=8451..8457:6 gen=256 decoding chunk=25.57 t/s avg=7.16 t/s 35.742s
1003 02:57:03 ds4-server: chat ctx=0..8201:8201 gen=256 finish=length 63.633s
1003 02:57:03 slot 0: request reuses nothing; evicting checkpoint (8457 tokens, idle 0 s, protected)
1003 02:57:03 ds4-server: live kv cache miss live=8457 prompt=8201 common=17 vision=match reason=token-mismatch
1003 02:57:03 ds4-server: chat ctx=0..8201:8201 prompt start
1003 02:57:04 ds4-server: chat ctx=0..8201:8201 prefill chunk 128/8201 (1.6%) chunk=0.00 t/s avg=243.81 t/s 0.525s
1003 02:57:04 ds4-server: chat ctx=0..8201:8201 prefill chunk 256/8201 (3.1%) chunk=276.43 t/s avg=259.10 t/s 0.988s
1003 02:57:04 ds4-server: chat ctx=0..8201:8201 prefill chunk 384/8201 (4.7%) chunk=267.01 t/s avg=261.68 t/s 1.467s
1003 02:57:05 ds4-server: chat ctx=0..8201:8201 prefill chunk 512/8201 (6.2%) chunk=264.70 t/s avg=262.43 t/s 1.951s
1003 02:57:05 ds4-server: chat ctx=0..8201:8201 prefill chunk 640/8201 (7.8%) chunk=259.89 t/s avg=261.92 t/s 2.444s
1003 02:57:06 ds4-server: chat ctx=0..8201:8201 prefill chunk 768/8201 (9.4%) chunk=269.80 t/s avg=263.20 t/s 2.918s
1003 02:57:06 ds4-server: chat ctx=0..8201:8201 prefill chunk 896/8201 (10.9%) chunk=250.22 t/s avg=261.26 t/s 3.429s
1003 02:57:07 ds4-server: chat ctx=0..8201:8201 prefill chunk 1024/8201 (12.5%) chunk=245.27 t/s avg=259.15 t/s 3.951s
1003 02:57:07 ds4-server: chat ctx=0..8201:8201 prefill chunk 1152/8201 (14.0%) chunk=274.33 t/s avg=260.75 t/s 4.418s
1003 02:57:08 ds4-server: chat ctx=0..8201:8201 prefill chunk 1280/8201 (15.6%) chunk=267.65 t/s avg=261.43 t/s 4.896s
1003 02:57:08 ds4-server: chat ctx=0..8201:8201 prefill chunk 1408/8201 (17.2%) chunk=258.52 t/s avg=261.16 t/s 5.391s
1003 02:57:09 ds4-server: chat ctx=0..8201:8201 prefill chunk 1536/8201 (18.7%) chunk=255.08 t/s avg=260.64 t/s 5.893s
1003 02:57:09 ds4-server: chat ctx=0..8201:8201 prefill chunk 1664/8201 (20.3%) chunk=275.45 t/s avg=261.72 t/s 6.358s
1003 02:57:10 ds4-server: chat ctx=0..8201:8201 prefill chunk 1792/8201 (21.9%) chunk=256.52 t/s avg=261.35 t/s 6.857s
1003 02:57:10 ds4-server: chat ctx=0..8201:8201 prefill chunk 1920/8201 (23.4%) chunk=247.63 t/s avg=260.38 t/s 7.374s
1003 02:57:11 ds4-server: chat ctx=0..8201:8201 prefill chunk 2048/8201 (25.0%) chunk=262.06 t/s avg=260.49 t/s 7.862s
1003 02:57:11 ds4-server: chat ctx=0..8201:8201 prefill chunk 2176/8201 (26.5%) chunk=245.07 t/s avg=259.53 t/s 8.384s
1003 02:57:12 ds4-server: chat ctx=0..8201:8201 prefill chunk 2304/8201 (28.1%) chunk=247.98 t/s avg=258.86 t/s 8.901s
1003 02:57:12 ds4-server: chat ctx=0..8201:8201 prefill chunk 2432/8201 (29.7%) chunk=243.10 t/s avg=257.98 t/s 9.427s
1003 02:57:13 ds4-server: chat ctx=0..8201:8201 prefill chunk 2560/8201 (31.2%) chunk=248.88 t/s avg=257.51 t/s 9.941s
1003 02:57:13 ds4-server: chat ctx=0..8201:8201 prefill chunk 2688/8201 (32.8%) chunk=245.44 t/s avg=256.91 t/s 10.463s
1003 02:57:14 ds4-server: chat ctx=0..8201:8201 prefill chunk 2816/8201 (34.3%) chunk=246.43 t/s avg=256.41 t/s 10.982s
1003 02:57:15 ds4-server: chat ctx=0..8201:8201 prefill chunk 2944/8201 (35.9%) chunk=227.70 t/s avg=255.01 t/s 11.545s
1003 02:57:15 ds4-server: chat ctx=0..8201:8201 prefill chunk 3072/8201 (37.5%) chunk=247.83 t/s avg=254.70 t/s 12.061s
1003 02:57:16 ds4-server: chat ctx=0..8201:8201 prefill chunk 3200/8201 (39.0%) chunk=254.47 t/s avg=254.69 t/s 12.564s
1003 02:57:16 ds4-server: chat ctx=0..8201:8201 prefill chunk 3328/8201 (40.6%) chunk=252.57 t/s avg=254.61 t/s 13.071s
1003 02:57:17 ds4-server: chat ctx=0..8201:8201 prefill chunk 3456/8201 (42.1%) chunk=246.30 t/s avg=254.29 t/s 13.591s
1003 02:57:17 ds4-server: chat ctx=0..8201:8201 prefill chunk 3584/8201 (43.7%) chunk=239.06 t/s avg=253.72 t/s 14.126s
1003 02:57:18 ds4-server: chat ctx=0..8201:8201 prefill chunk 3712/8201 (45.3%) chunk=259.12 t/s avg=253.90 t/s 14.620s
1003 02:57:18 ds4-server: chat ctx=0..8201:8201 prefill chunk 3840/8201 (46.8%) chunk=252.16 t/s avg=253.84 t/s 15.128s
1003 02:57:19 ds4-server: chat ctx=0..8201:8201 prefill chunk 3968/8201 (48.4%) chunk=249.17 t/s avg=253.69 t/s 15.641s
1003 02:57:19 ds4-server: chat ctx=0..8201:8201 prefill chunk 4096/8201 (49.9%) chunk=235.81 t/s avg=253.09 t/s 16.184s
1003 02:57:20 ds4-server: chat ctx=0..8201:8201 prefill chunk 4224/8201 (51.5%) chunk=239.11 t/s avg=252.64 t/s 16.719s
1003 02:57:20 ds4-server: chat ctx=0..8201:8201 prefill chunk 4352/8201 (53.1%) chunk=239.85 t/s avg=252.24 t/s 17.253s
1003 02:57:21 ds4-server: chat ctx=0..8201:8201 prefill chunk 4480/8201 (54.6%) chunk=230.71 t/s avg=251.57 t/s 17.808s
1003 02:57:21 ds4-server: chat ctx=0..8201:8201 prefill chunk 4608/8201 (56.2%) chunk=232.00 t/s avg=250.99 t/s 18.360s
1003 02:57:22 ds4-server: chat ctx=0..8201:8201 prefill chunk 4736/8201 (57.7%) chunk=228.09 t/s avg=250.31 t/s 18.921s
1003 02:57:22 ds4-server: chat ctx=0..8201:8201 prefill chunk 4864/8201 (59.3%) chunk=233.40 t/s avg=249.83 t/s 19.469s
1003 02:57:23 ds4-server: chat ctx=0..8201:8201 prefill chunk 4992/8201 (60.9%) chunk=231.12 t/s avg=249.31 t/s 20.023s
1003 02:57:24 ds4-server: chat ctx=0..8201:8201 prefill chunk 5120/8201 (62.4%) chunk=244.46 t/s avg=249.19 t/s 20.547s
1003 02:57:24 ds4-server: chat ctx=0..8201:8201 prefill chunk 5248/8201 (64.0%) chunk=228.12 t/s avg=248.63 t/s 21.108s
1003 02:57:25 ds4-server: chat ctx=0..8201:8201 prefill chunk 5376/8201 (65.6%) chunk=231.10 t/s avg=248.18 t/s 21.662s
1003 02:57:25 ds4-server: chat ctx=8401..8451:50 gen=250 decoding chunk=2.28 t/s avg=8.40 t/s 29.764s
1003 02:57:25 ds4-server: chat ctx=0..8201:8201 prefill chunk 5504/8201 (67.1%) chunk=230.97 t/s avg=247.75 t/s 22.216s
1003 02:57:26 ds4-server: chat ctx=0..8201:8201 prefill chunk 5632/8201 (68.7%) chunk=236.00 t/s avg=247.47 t/s 22.758s
1003 02:57:26 ds4-server: chat ctx=0..8201:8201 prefill chunk 5760/8201 (70.2%) chunk=238.97 t/s avg=247.28 t/s 23.294s
1003 02:57:27 ds4-server: chat ctx=0..8201:8201 prefill chunk 5888/8201 (71.8%) chunk=247.16 t/s avg=247.27 t/s 23.812s
1003 02:57:27 ds4-server: chat ctx=0..8201:8201 prefill chunk 6016/8201 (73.4%) chunk=246.68 t/s avg=247.26 t/s 24.331s
1003 02:57:28 ds4-server: chat ctx=0..8201:8201 prefill chunk 6144/8201 (74.9%) chunk=242.59 t/s avg=247.16 t/s 24.858s
1003 02:57:28 ds4-server: chat ctx=8451..8457:6 gen=256 decoding chunk=1.88 t/s avg=7.77 t/s 32.961s
1003 02:57:28 ds4-server: chat ctx=0..8201:8201 gen=256 finish=length 60.637s
1003 02:57:28 slot 1: request reuses nothing; evicting checkpoint (8457 tokens, idle 0 s, protected)
1003 02:57:28 ds4-server: chat ctx=0..8201:8201 prefill chunk 6272/8201 (76.5%) chunk=243.10 t/s avg=247.08 t/s 25.385s
1003 02:57:30 ds4-server: chat ctx=0..8201:8201 prefill chunk 8192/8201 (99.9%) chunk=951.77 t/s avg=298.96 t/s 27.402s
1003 02:57:31 ds4-server: chat ctx=0..8201:8201 prefill chunk 8201/8201 (100.0%) chunk=65.63 t/s avg=297.79 t/s 27.539s
1003 02:57:31 ds4-server: chat ctx=0..8201:8201 prompt done 27.539s
1003 02:57:31 ds4-server: live kv cache miss live=8457 prompt=8201 common=17 vision=match reason=token-mismatch
1003 02:57:31 ds4-server: chat ctx=0..8201:8201 prompt start
1003 02:57:33 ds4-server: chat ctx=0..8201:8201 prefill chunk 2048/8201 (25.0%) chunk=0.00 t/s avg=1034.98 t/s 1.979s
1003 02:57:33 ds4-server: chat ctx=0..8201:8201 prefill chunk 2176/8201 (26.5%) chunk=253.77 t/s avg=876.30 t/s 2.483s
1003 02:57:34 ds4-server: chat ctx=0..8201:8201 prefill chunk 2304/8201 (28.1%) chunk=247.46 t/s avg=767.89 t/s 3.000s
1003 02:57:34 ds4-server: chat ctx=0..8201:8201 prefill chunk 2432/8201 (29.7%) chunk=243.27 t/s avg=689.62 t/s 3.527s
1003 02:57:35 ds4-server: chat ctx=0..8201:8201 prefill chunk 2560/8201 (31.2%) chunk=249.61 t/s avg=633.76 t/s 4.039s
1003 02:57:35 ds4-server: chat ctx=0..8201:8201 prefill chunk 2688/8201 (32.8%) chunk=244.51 t/s avg=589.10 t/s 4.563s
1003 02:57:36 ds4-server: chat ctx=0..8201:8201 prefill chunk 2816/8201 (34.3%) chunk=247.11 t/s avg=554.24 t/s 5.081s
1003 02:57:36 ds4-server: chat ctx=0..8201:8201 prefill chunk 2944/8201 (35.9%) chunk=228.11 t/s avg=521.80 t/s 5.642s
1003 02:57:37 ds4-server: chat ctx=0..8201:8201 prefill chunk 3072/8201 (37.5%) chunk=248.12 t/s avg=498.87 t/s 6.158s
1003 02:57:37 ds4-server: chat ctx=0..8201:8201 prefill chunk 3200/8201 (39.0%) chunk=254.59 t/s avg=480.43 t/s 6.661s
1003 02:57:38 ds4-server: chat ctx=0..8201:8201 prefill chunk 3328/8201 (40.6%) chunk=253.37 t/s avg=464.43 t/s 7.166s
1003 02:57:38 ds4-server: chat ctx=0..8201:8201 prefill chunk 3456/8201 (42.1%) chunk=246.60 t/s avg=449.71 t/s 7.685s
1003 02:57:39 ds4-server: chat ctx=0..8201:8201 prefill chunk 3584/8201 (43.7%) chunk=241.04 t/s avg=436.23 t/s 8.216s
1003 02:57:39 ds4-server: chat ctx=0..8201:8201 prefill chunk 3712/8201 (45.3%) chunk=260.05 t/s avg=426.27 t/s 8.708s
1003 02:57:40 ds4-server: chat ctx=0..8201:8201 prefill chunk 3840/8201 (46.8%) chunk=251.27 t/s avg=416.60 t/s 9.218s
1003 02:57:40 ds4-server: chat ctx=0..8201:8201 prefill chunk 3968/8201 (48.4%) chunk=249.69 t/s avg=407.80 t/s 9.730s
1003 02:57:41 ds4-server: chat ctx=0..8201:8201 prefill chunk 4096/8201 (49.9%) chunk=237.54 t/s avg=398.87 t/s 10.269s
1003 02:57:41 ds4-server: chat ctx=0..8201:8201 prefill chunk 4224/8201 (51.5%) chunk=240.07 t/s avg=391.03 t/s 10.802s
1003 02:57:42 ds4-server: chat ctx=0..8201:8201 prefill chunk 4352/8201 (53.1%) chunk=239.51 t/s avg=383.89 t/s 11.337s
1003 02:57:42 ds4-server: chat ctx=0..8201:8201 prefill chunk 4480/8201 (54.6%) chunk=231.47 t/s avg=376.80 t/s 11.890s
1003 02:57:43 ds4-server: chat ctx=0..8201:8201 prefill chunk 4608/8201 (56.2%) chunk=234.22 t/s avg=370.53 t/s 12.436s
1003 02:57:44 ds4-server: chat ctx=0..8201:8201 prefill chunk 4736/8201 (57.7%) chunk=228.49 t/s avg=364.41 t/s 12.996s
1003 02:57:44 ds4-server: chat ctx=0..8201:8201 prefill chunk 4864/8201 (59.3%) chunk=236.12 t/s avg=359.27 t/s 13.538s
1003 02:57:45 ds4-server: chat ctx=0..8201:8201 prefill chunk 4992/8201 (60.9%) chunk=231.47 t/s avg=354.26 t/s 14.091s
1003 02:57:45 ds4-server: chat ctx=0..8201:8201 prefill chunk 5120/8201 (62.4%) chunk=244.38 t/s avg=350.32 t/s 14.615s
1003 02:57:46 ds4-server: chat ctx=0..8201:8201 prefill chunk 5248/8201 (64.0%) chunk=229.57 t/s avg=345.88 t/s 15.173s
1003 02:57:46 ds4-server: chat ctx=0..8201:8201 prefill chunk 5376/8201 (65.6%) chunk=231.27 t/s avg=341.85 t/s 15.726s
1003 02:57:47 ds4-server: chat ctx=0..8201:8201 prefill chunk 5504/8201 (67.1%) chunk=231.35 t/s avg=338.09 t/s 16.280s
1003 02:57:47 ds4-server: chat ctx=0..8201:8201 prefill chunk 5632/8201 (68.7%) chunk=237.56 t/s avg=334.87 t/s 16.818s
1003 02:57:48 ds4-server: chat ctx=0..8201:8201 prefill chunk 5760/8201 (70.2%) chunk=238.36 t/s avg=331.89 t/s 17.355s
1003 02:57:48 ds4-server: chat ctx=0..8201:8201 prefill chunk 5888/8201 (71.8%) chunk=248.61 t/s avg=329.49 t/s 17.870s
1003 02:57:49 ds4-server: chat ctx=0..8201:8201 prefill chunk 6016/8201 (73.4%) chunk=247.05 t/s avg=327.16 t/s 18.388s
1003 02:57:49 ds4-server: chat ctx=0..8201:8201 prefill chunk 6144/8201 (74.9%) chunk=242.31 t/s avg=324.79 t/s 18.917s
1003 02:57:50 ds4-server: chat ctx=0..8201:8201 prefill chunk 6272/8201 (76.5%) chunk=244.40 t/s avg=322.63 t/s 19.440s
1003 02:57:51 ds4-server: chat ctx=0..8201:8201 prefill chunk 6400/8201 (78.0%) chunk=240.64 t/s avg=320.45 t/s 19.972s
1003 02:57:51 ds4-server: chat ctx=0..8201:8201 prefill chunk 6528/8201 (79.6%) chunk=236.26 t/s avg=318.22 t/s 20.514s
1003 02:57:52 ds4-server: chat ctx=0..8201:8201 prefill chunk 6656/8201 (81.2%) chunk=240.95 t/s avg=316.27 t/s 21.045s
1003 02:57:52 ds4-server: chat ctx=0..8201:8201 prefill chunk 6784/8201 (82.7%) chunk=240.42 t/s avg=314.40 t/s 21.578s
1003 02:57:53 ds4-server: chat ctx=0..8201:8201 prefill chunk 6912/8201 (84.3%) chunk=248.93 t/s avg=312.88 t/s 22.092s
1003 02:57:53 ds4-server: chat ctx=0..8201:8201 prefill chunk 7040/8201 (85.8%) chunk=233.75 t/s avg=310.96 t/s 22.639s
1003 02:57:54 ds4-server: chat ctx=0..8201:8201 prefill chunk 7168/8201 (87.4%) chunk=242.73 t/s avg=309.41 t/s 23.167s
1003 02:57:54 ds4-server: chat ctx=0..8201:8201 prefill chunk 7296/8201 (89.0%) chunk=242.56 t/s avg=307.92 t/s 23.694s
1003 02:57:55 ds4-server: chat ctx=0..8201:8201 prefill chunk 7424/8201 (90.5%) chunk=229.25 t/s avg=306.11 t/s 24.253s
1003 02:57:55 ds4-server: chat ctx=0..8201:8201 prefill chunk 7552/8201 (92.1%) chunk=237.49 t/s avg=304.62 t/s 24.792s
1003 02:57:56 ds4-server: chat ctx=0..8201:8201 prefill chunk 7680/8201 (93.6%) chunk=248.14 t/s avg=303.47 t/s 25.308s
1003 02:57:56 ds4-server: chat ctx=0..8201:8201 prefill chunk 7808/8201 (95.2%) chunk=231.45 t/s avg=301.93 t/s 25.861s
1003 02:57:57 ds4-server: chat ctx=0..8201:8201 prefill chunk 7936/8201 (96.8%) chunk=239.53 t/s avg=300.66 t/s 26.395s
1003 02:57:57 ds4-server: chat ctx=0..8201:8201 prefill chunk 8064/8201 (98.3%) chunk=241.96 t/s avg=299.51 t/s 26.924s
1003 02:57:58 ds4-server: chat ctx=0..8201:8201 prefill chunk 8192/8201 (99.9%) chunk=225.34 t/s avg=297.98 t/s 27.492s
1003 02:57:58 ds4-server: chat ctx=0..8201:8201 prefill chunk 8201/8201 (100.0%) chunk=58.68 t/s avg=296.65 t/s 27.645s
1003 02:57:58 ds4-server: chat ctx=0..8201:8201 prompt done 27.645s
1003 02:57:58 ds4-server: chat ctx=8201..8251:50 gen=50 decoding chunk=1.81 t/s avg=1.81 t/s 27.663s
1003 02:58:00 ds4-server: chat ctx=8251..8301:50 gen=100 decoding chunk=25.66 t/s avg=3.38 t/s 29.612s
1003 02:58:00 ds4-server: chat ctx=8201..8251:50 gen=50 decoding chunk=25.42 t/s avg=25.42 t/s 1.967s
1003 02:58:02 ds4-server: chat ctx=8251..8301:50 gen=100 decoding chunk=25.59 t/s avg=25.50 t/s 3.921s
1003 02:58:02 ds4-server: chat ctx=8301..8351:50 gen=150 decoding chunk=25.59 t/s avg=4.75 t/s 31.566s
1003 02:58:04 ds4-server: chat ctx=8301..8351:50 gen=150 decoding chunk=25.59 t/s avg=25.53 t/s 5.875s
1003 02:58:04 ds4-server: chat ctx=8351..8401:50 gen=200 decoding chunk=25.59 t/s avg=5.97 t/s 33.520s
1003 02:58:06 ds4-server: chat ctx=8351..8401:50 gen=200 decoding chunk=25.58 t/s avg=25.54 t/s 7.830s
1003 02:58:06 ds4-server: chat ctx=8401..8451:50 gen=250 decoding chunk=25.58 t/s avg=7.05 t/s 35.475s
1003 02:58:06 ds4-server: chat ctx=8451..8457:6 gen=256 decoding chunk=25.61 t/s avg=7.17 t/s 35.709s
1003 02:58:06 ds4-server: chat ctx=0..8201:8201 gen=256 finish=length 63.249s
1003 02:58:06 slot 0: request reuses nothing; evicting checkpoint (8457 tokens, idle 0 s, protected)
1003 02:58:06 ds4-server: live kv cache miss live=8457 prompt=8201 common=17 vision=match reason=token-mismatch
1003 02:58:06 ds4-server: chat ctx=0..8201:8201 prompt start
1003 02:58:07 ds4-server: chat ctx=0..8201:8201 prefill chunk 128/8201 (1.6%) chunk=0.00 t/s avg=254.18 t/s 0.504s
1003 02:58:07 ds4-server: chat ctx=0..8201:8201 prefill chunk 256/8201 (3.1%) chunk=277.59 t/s avg=265.37 t/s 0.965s
1003 02:58:08 ds4-server: chat ctx=0..8201:8201 prefill chunk 384/8201 (4.7%) chunk=267.44 t/s avg=266.05 t/s 1.443s
1003 02:58:08 ds4-server: chat ctx=0..8201:8201 prefill chunk 512/8201 (6.2%) chunk=266.04 t/s avg=266.05 t/s 1.924s
1003 02:58:09 ds4-server: chat ctx=0..8201:8201 prefill chunk 640/8201 (7.8%) chunk=259.97 t/s avg=264.81 t/s 2.417s
1003 02:58:09 ds4-server: chat ctx=0..8201:8201 prefill chunk 768/8201 (9.4%) chunk=269.77 t/s avg=265.62 t/s 2.891s
1003 02:58:10 ds4-server: chat ctx=0..8201:8201 prefill chunk 896/8201 (10.9%) chunk=249.89 t/s avg=263.26 t/s 3.404s
1003 02:58:10 ds4-server: chat ctx=0..8201:8201 prefill chunk 1024/8201 (12.5%) chunk=245.92 t/s avg=260.96 t/s 3.924s
1003 02:58:11 ds4-server: chat ctx=0..8201:8201 prefill chunk 1152/8201 (14.0%) chunk=274.21 t/s avg=262.37 t/s 4.391s
1003 02:58:11 ds4-server: chat ctx=0..8201:8201 prefill chunk 1280/8201 (15.6%) chunk=268.40 t/s avg=262.96 t/s 4.868s
1003 02:58:12 ds4-server: chat ctx=0..8201:8201 prefill chunk 1408/8201 (17.2%) chunk=258.16 t/s avg=262.51 t/s 5.364s
1003 02:58:12 ds4-server: chat ctx=0..8201:8201 prefill chunk 1536/8201 (18.7%) chunk=256.12 t/s avg=261.97 t/s 5.863s
1003 02:58:13 ds4-server: chat ctx=0..8201:8201 prefill chunk 1664/8201 (20.3%) chunk=275.53 t/s avg=262.96 t/s 6.328s
1003 02:58:13 ds4-server: chat ctx=0..8201:8201 prefill chunk 1792/8201 (21.9%) chunk=257.07 t/s avg=262.53 t/s 6.826s
1003 02:58:14 ds4-server: chat ctx=0..8201:8201 prefill chunk 1920/8201 (23.4%) chunk=248.21 t/s avg=261.53 t/s 7.341s
1003 02:58:14 ds4-server: chat ctx=0..8201:8201 prefill chunk 2048/8201 (25.0%) chunk=262.21 t/s avg=261.57 t/s 7.830s
1003 02:58:15 ds4-server: chat ctx=0..8201:8201 prefill chunk 2176/8201 (26.5%) chunk=245.05 t/s avg=260.54 t/s 8.352s
1003 02:58:15 ds4-server: chat ctx=0..8201:8201 prefill chunk 2304/8201 (28.1%) chunk=248.15 t/s avg=259.82 t/s 8.868s
1003 02:58:16 ds4-server: chat ctx=0..8201:8201 prefill chunk 2432/8201 (29.7%) chunk=243.47 t/s avg=258.90 t/s 9.394s
1003 02:58:16 ds4-server: chat ctx=0..8201:8201 prefill chunk 2560/8201 (31.2%) chunk=250.11 t/s avg=258.45 t/s 9.905s
1003 02:58:17 ds4-server: chat ctx=0..8201:8201 prefill chunk 2688/8201 (32.8%) chunk=245.67 t/s avg=257.81 t/s 10.426s
1003 02:58:17 ds4-server: chat ctx=0..8201:8201 prefill chunk 2816/8201 (34.3%) chunk=246.74 t/s avg=257.28 t/s 10.945s
1003 02:58:18 ds4-server: chat ctx=0..8201:8201 prefill chunk 2944/8201 (35.9%) chunk=227.73 t/s avg=255.84 t/s 11.507s
1003 02:58:18 ds4-server: chat ctx=0..8201:8201 prefill chunk 3072/8201 (37.5%) chunk=248.79 t/s avg=255.54 t/s 12.022s
1003 02:58:19 ds4-server: chat ctx=0..8201:8201 prefill chunk 3200/8201 (39.0%) chunk=254.39 t/s avg=255.49 t/s 12.525s
1003 02:58:19 ds4-server: chat ctx=0..8201:8201 prefill chunk 3328/8201 (40.6%) chunk=253.08 t/s avg=255.40 t/s 13.031s
1003 02:58:20 ds4-server: chat ctx=0..8201:8201 prefill chunk 3456/8201 (42.1%) chunk=246.73 t/s avg=255.07 t/s 13.549s
1003 02:58:20 ds4-server: chat ctx=0..8201:8201 prefill chunk 3584/8201 (43.7%) chunk=240.66 t/s avg=254.52 t/s 14.081s
1003 02:58:21 ds4-server: chat ctx=0..8201:8201 prefill chunk 3712/8201 (45.3%) chunk=259.75 t/s avg=254.70 t/s 14.574s
1003 02:58:21 ds4-server: chat ctx=0..8201:8201 prefill chunk 3840/8201 (46.8%) chunk=251.50 t/s avg=254.59 t/s 15.083s
1003 02:58:22 ds4-server: chat ctx=0..8201:8201 prefill chunk 3968/8201 (48.4%) chunk=250.03 t/s avg=254.44 t/s 15.595s
1003 02:58:22 ds4-server: chat ctx=0..8201:8201 prefill chunk 4096/8201 (49.9%) chunk=236.59 t/s avg=253.84 t/s 16.136s
1003 02:58:23 ds4-server: chat ctx=0..8201:8201 prefill chunk 4224/8201 (51.5%) chunk=239.91 t/s avg=253.40 t/s 16.669s
1003 02:58:23 ds4-server: chat ctx=0..8201:8201 prefill chunk 4352/8201 (53.1%) chunk=240.62 t/s avg=253.00 t/s 17.201s
1003 02:58:24 ds4-server: chat ctx=0..8201:8201 prefill chunk 4480/8201 (54.6%) chunk=230.82 t/s avg=252.31 t/s 17.756s
1003 02:58:25 ds4-server: chat ctx=0..8201:8201 prefill chunk 4608/8201 (56.2%) chunk=233.35 t/s avg=251.74 t/s 18.305s
1003 02:58:25 ds4-server: chat ctx=0..8201:8201 prefill chunk 4736/8201 (57.7%) chunk=228.22 t/s avg=251.04 t/s 18.865s
1003 02:58:26 ds4-server: chat ctx=0..8201:8201 prefill chunk 4864/8201 (59.3%) chunk=234.31 t/s avg=250.57 t/s 19.412s
1003 02:58:26 ds4-server: chat ctx=0..8201:8201 prefill chunk 4992/8201 (60.9%) chunk=231.94 t/s avg=250.06 t/s 19.964s
1003 02:58:27 ds4-server: chat ctx=0..8201:8201 prefill chunk 5120/8201 (62.4%) chunk=244.63 t/s avg=249.92 t/s 20.487s
1003 02:58:27 ds4-server: chat ctx=0..8201:8201 prefill chunk 5248/8201 (64.0%) chunk=229.40 t/s avg=249.37 t/s 21.045s
1003 02:58:28 ds4-server: chat ctx=0..8201:8201 prefill chunk 5376/8201 (65.6%) chunk=231.20 t/s avg=248.91 t/s 21.598s
1003 02:58:28 ds4-server: chat ctx=0..8201:8201 prefill chunk 5504/8201 (67.1%) chunk=231.46 t/s avg=248.47 t/s 22.151s
1003 02:58:28 ds4-server: chat ctx=8401..8451:50 gen=250 decoding chunk=2.23 t/s avg=8.26 t/s 30.252s
1003 02:58:29 ds4-server: chat ctx=0..8201:8201 prefill chunk 5632/8201 (68.7%) chunk=236.00 t/s avg=248.17 t/s 22.694s
1003 02:58:29 ds4-server: chat ctx=0..8201:8201 prefill chunk 5760/8201 (70.2%) chunk=239.29 t/s avg=247.97 t/s 23.229s
1003 02:58:30 ds4-server: chat ctx=0..8201:8201 prefill chunk 5888/8201 (71.8%) chunk=248.35 t/s avg=247.98 t/s 23.744s
1003 02:58:31 ds4-server: chat ctx=0..8201:8201 prefill chunk 6016/8201 (73.4%) chunk=246.77 t/s avg=247.95 t/s 24.263s
1003 02:58:31 ds4-server: chat ctx=0..8201:8201 prefill chunk 6144/8201 (74.9%) chunk=242.09 t/s avg=247.83 t/s 24.791s
1003 02:58:32 ds4-server: chat ctx=0..8201:8201 prefill chunk 6272/8201 (76.5%) chunk=244.62 t/s avg=247.76 t/s 25.315s
1003 02:58:32 ds4-server: chat ctx=8451..8457:6 gen=256 decoding chunk=1.90 t/s avg=7.66 t/s 33.415s
1003 02:58:32 ds4-server: chat ctx=0..8201:8201 gen=256 finish=length 61.061s
1003 02:58:32 slot 1: request reuses nothing; evicting checkpoint (8457 tokens, idle 0 s, protected)
1003 02:58:32 ds4-server: chat ctx=0..8201:8201 prefill chunk 6400/8201 (78.0%) chunk=241.48 t/s avg=247.63 t/s 25.845s
1003 02:58:34 ds4-server: chat ctx=0..8201:8201 prefill chunk 8192/8201 (99.9%) chunk=934.95 t/s avg=295.09 t/s 27.761s
1003 02:58:34 ds4-server: chat ctx=0..8201:8201 prefill chunk 8201/8201 (100.0%) chunk=65.93 t/s avg=293.96 t/s 27.898s
1003 02:58:34 ds4-server: chat ctx=0..8201:8201 prompt done 27.898s
1003 02:58:34 ds4-server: live kv cache miss live=8457 prompt=8201 common=17 vision=match reason=token-mismatch
1003 02:58:34 ds4-server: chat ctx=0..8201:8201 prompt start
1003 02:58:36 ds4-server: chat ctx=0..8201:8201 prefill chunk 2048/8201 (25.0%) chunk=0.00 t/s avg=1034.40 t/s 1.980s
1003 02:58:37 ds4-server: chat ctx=0..8201:8201 prefill chunk 2176/8201 (26.5%) chunk=253.52 t/s avg=875.73 t/s 2.485s
1003 02:58:37 ds4-server: chat ctx=0..8201:8201 prefill chunk 2304/8201 (28.1%) chunk=248.50 t/s avg=768.03 t/s 3.000s
1003 02:58:38 ds4-server: chat ctx=0..8201:8201 prefill chunk 2432/8201 (29.7%) chunk=243.24 t/s avg=689.71 t/s 3.526s
1003 02:58:38 ds4-server: chat ctx=0..8201:8201 prefill chunk 2560/8201 (31.2%) chunk=249.59 t/s avg=633.83 t/s 4.039s
1003 02:58:39 ds4-server: chat ctx=0..8201:8201 prefill chunk 2688/8201 (32.8%) chunk=245.22 t/s avg=589.36 t/s 4.561s
1003 02:58:39 ds4-server: chat ctx=0..8201:8201 prefill chunk 2816/8201 (34.3%) chunk=246.72 t/s avg=554.36 t/s 5.080s
1003 02:58:40 ds4-server: chat ctx=0..8201:8201 prefill chunk 2944/8201 (35.9%) chunk=227.70 t/s avg=521.81 t/s 5.642s
1003 02:58:40 ds4-server: chat ctx=0..8201:8201 prefill chunk 3072/8201 (37.5%) chunk=248.58 t/s avg=498.96 t/s 6.157s
1003 02:58:41 ds4-server: chat ctx=0..8201:8201 prefill chunk 3200/8201 (39.0%) chunk=254.54 t/s avg=480.51 t/s 6.660s
1003 02:58:41 ds4-server: chat ctx=0..8201:8201 prefill chunk 3328/8201 (40.6%) chunk=252.49 t/s avg=464.38 t/s 7.167s
1003 02:58:42 ds4-server: chat ctx=0..8201:8201 prefill chunk 3456/8201 (42.1%) chunk=247.36 t/s avg=449.76 t/s 7.684s
1003 02:58:42 ds4-server: chat ctx=0..8201:8201 prefill chunk 3584/8201 (43.7%) chunk=240.12 t/s avg=436.16 t/s 8.217s
1003 02:58:43 ds4-server: chat ctx=0..8201:8201 prefill chunk 3712/8201 (45.3%) chunk=259.44 t/s avg=426.15 t/s 8.710s
1003 02:58:43 ds4-server: chat ctx=0..8201:8201 prefill chunk 3840/8201 (46.8%) chunk=251.36 t/s avg=416.50 t/s 9.220s
1003 02:58:44 ds4-server: chat ctx=0..8201:8201 prefill chunk 3968/8201 (48.4%) chunk=249.94 t/s avg=407.73 t/s 9.732s
1003 02:58:44 ds4-server: chat ctx=0..8201:8201 prefill chunk 4096/8201 (49.9%) chunk=236.57 t/s avg=398.72 t/s 10.273s
1003 02:58:45 ds4-server: chat ctx=0..8201:8201 prefill chunk 4224/8201 (51.5%) chunk=239.07 t/s avg=390.81 t/s 10.808s
1003 02:58:46 ds4-server: chat ctx=0..8201:8201 prefill chunk 4352/8201 (53.1%) chunk=239.81 t/s avg=383.70 t/s 11.342s
1003 02:58:46 ds4-server: chat ctx=0..8201:8201 prefill chunk 4480/8201 (54.6%) chunk=230.53 t/s avg=376.56 t/s 11.897s
1003 02:58:47 ds4-server: chat ctx=0..8201:8201 prefill chunk 4608/8201 (56.2%) chunk=231.97 t/s avg=370.15 t/s 12.449s
1003 02:58:47 ds4-server: chat ctx=0..8201:8201 prefill chunk 4736/8201 (57.7%) chunk=228.35 t/s avg=364.04 t/s 13.010s
1003 02:58:48 ds4-server: chat ctx=0..8201:8201 prefill chunk 4864/8201 (59.3%) chunk=235.62 t/s avg=358.89 t/s 13.553s
1003 02:58:48 ds4-server: chat ctx=0..8201:8201 prefill chunk 4992/8201 (60.9%) chunk=229.93 t/s avg=353.80 t/s 14.110s
1003 02:58:49 ds4-server: chat ctx=0..8201:8201 prefill chunk 5120/8201 (62.4%) chunk=245.29 t/s avg=349.93 t/s 14.631s
1003 02:58:49 ds4-server: chat ctx=0..8201:8201 prefill chunk 5248/8201 (64.0%) chunk=229.82 t/s avg=345.53 t/s 15.188s
1003 02:58:50 ds4-server: chat ctx=0..8201:8201 prefill chunk 5376/8201 (65.6%) chunk=230.96 t/s avg=341.49 t/s 15.743s
1003 02:58:50 ds4-server: chat ctx=0..8201:8201 prefill chunk 5504/8201 (67.1%) chunk=231.51 t/s avg=337.76 t/s 16.295s
1003 02:58:51 ds4-server: chat ctx=0..8201:8201 prefill chunk 5632/8201 (68.7%) chunk=235.98 t/s avg=334.48 t/s 16.838s
1003 02:58:52 ds4-server: chat ctx=0..8201:8201 prefill chunk 5760/8201 (70.2%) chunk=238.73 t/s avg=331.53 t/s 17.374s
1003 02:58:52 ds4-server: chat ctx=0..8201:8201 prefill chunk 5888/8201 (71.8%) chunk=247.26 t/s avg=329.09 t/s 17.892s
1003 02:58:53 ds4-server: chat ctx=0..8201:8201 prefill chunk 6016/8201 (73.4%) chunk=246.28 t/s avg=326.75 t/s 18.411s
1003 02:58:53 ds4-server: chat ctx=0..8201:8201 prefill chunk 6144/8201 (74.9%) chunk=242.85 t/s avg=324.42 t/s 18.939s
1003 02:58:54 ds4-server: chat ctx=0..8201:8201 prefill chunk 6272/8201 (76.5%) chunk=243.90 t/s avg=322.25 t/s 19.463s
1003 02:58:54 ds4-server: chat ctx=0..8201:8201 prefill chunk 6400/8201 (78.0%) chunk=241.39 t/s avg=320.10 t/s 19.994s
1003 02:58:55 ds4-server: chat ctx=0..8201:8201 prefill chunk 6528/8201 (79.6%) chunk=237.05 t/s avg=317.92 t/s 20.534s
1003 02:58:55 ds4-server: chat ctx=0..8201:8201 prefill chunk 6656/8201 (81.2%) chunk=242.05 t/s avg=316.01 t/s 21.062s
1003 02:58:56 ds4-server: chat ctx=0..8201:8201 prefill chunk 6784/8201 (82.7%) chunk=241.33 t/s avg=314.18 t/s 21.593s
1003 02:58:56 ds4-server: chat ctx=0..8201:8201 prefill chunk 6912/8201 (84.3%) chunk=248.60 t/s avg=312.65 t/s 22.108s
1003 02:58:57 ds4-server: chat ctx=0..8201:8201 prefill chunk 7040/8201 (85.8%) chunk=233.41 t/s avg=310.73 t/s 22.656s
1003 02:58:57 ds4-server: chat ctx=0..8201:8201 prefill chunk 7168/8201 (87.4%) chunk=243.41 t/s avg=309.21 t/s 23.182s
1003 02:58:58 ds4-server: chat ctx=0..8201:8201 prefill chunk 7296/8201 (89.0%) chunk=243.65 t/s avg=307.75 t/s 23.707s
1003 02:58:58 ds4-server: chat ctx=0..8201:8201 prefill chunk 7424/8201 (90.5%) chunk=228.71 t/s avg=305.93 t/s 24.267s
1003 02:58:59 ds4-server: chat ctx=0..8201:8201 prefill chunk 7552/8201 (92.1%) chunk=236.86 t/s avg=304.43 t/s 24.807s
1003 02:58:59 ds4-server: chat ctx=0..8201:8201 prefill chunk 7680/8201 (93.6%) chunk=246.18 t/s avg=303.23 t/s 25.327s
1003 02:59:00 ds4-server: chat ctx=0..8201:8201 prefill chunk 7808/8201 (95.2%) chunk=232.01 t/s avg=301.71 t/s 25.879s
1003 02:59:01 ds4-server: chat ctx=0..8201:8201 prefill chunk 7936/8201 (96.8%) chunk=238.04 t/s avg=300.42 t/s 26.417s
1003 02:59:01 ds4-server: chat ctx=0..8201:8201 prefill chunk 8064/8201 (98.3%) chunk=241.97 t/s avg=299.27 t/s 26.946s
1003 02:59:02 ds4-server: chat ctx=0..8201:8201 prefill chunk 8192/8201 (99.9%) chunk=226.38 t/s avg=297.77 t/s 27.511s
1003 02:59:02 ds4-server: chat ctx=0..8201:8201 prefill chunk 8201/8201 (100.0%) chunk=58.56 t/s avg=296.44 t/s 27.665s
1003 02:59:02 ds4-server: chat ctx=0..8201:8201 prompt done 27.665s
1003 02:59:02 ds4-server: chat ctx=8201..8251:50 gen=50 decoding chunk=1.81 t/s avg=1.81 t/s 27.683s
1003 02:59:04 ds4-server: chat ctx=8201..8251:50 gen=50 decoding chunk=25.42 t/s avg=25.42 t/s 1.967s
1003 02:59:04 ds4-server: chat ctx=8251..8301:50 gen=100 decoding chunk=25.65 t/s avg=3.37 t/s 29.632s
1003 02:59:06 ds4-server: chat ctx=8301..8351:50 gen=150 decoding chunk=25.58 t/s avg=4.75 t/s 31.587s
1003 02:59:06 ds4-server: chat ctx=8251..8301:50 gen=100 decoding chunk=25.58 t/s avg=25.50 t/s 3.922s
1003 02:59:08 ds4-server: chat ctx=8301..8351:50 gen=150 decoding chunk=25.57 t/s avg=25.52 t/s 5.877s
1003 02:59:08 ds4-server: chat ctx=8351..8401:50 gen=200 decoding chunk=25.57 t/s avg=5.96 t/s 33.542s
1003 02:59:10 ds4-server: chat ctx=8351..8401:50 gen=200 decoding chunk=25.56 t/s avg=25.53 t/s 7.834s
1003 02:59:10 ds4-server: chat ctx=8401..8451:50 gen=250 decoding chunk=25.56 t/s avg=7.04 t/s 35.498s
1003 02:59:10 ds4-server: chat ctx=8451..8457:6 gen=256 decoding chunk=25.58 t/s avg=7.16 t/s 35.733s
1003 02:59:10 ds4-server: chat ctx=0..8201:8201 gen=256 finish=length 63.631s
1003 02:59:10 slot 0: request reuses nothing; evicting checkpoint (8457 tokens, idle 0 s, protected)
1003 02:59:10 ds4-server: live kv cache miss live=8457 prompt=8201 common=17 vision=match reason=token-mismatch
1003 02:59:10 ds4-server: chat ctx=0..8201:8201 prompt start
1003 02:59:10 ds4-server: chat ctx=0..8201:8201 prefill chunk 128/8201 (1.6%) chunk=0.00 t/s avg=244.41 t/s 0.524s
1003 02:59:11 ds4-server: chat ctx=0..8201:8201 prefill chunk 256/8201 (3.1%) chunk=277.80 t/s avg=260.04 t/s 0.984s
1003 02:59:11 ds4-server: chat ctx=0..8201:8201 prefill chunk 384/8201 (4.7%) chunk=266.76 t/s avg=262.24 t/s 1.464s
1003 02:59:12 ds4-server: chat ctx=0..8201:8201 prefill chunk 512/8201 (6.2%) chunk=265.54 t/s avg=263.06 t/s 1.946s
1003 02:59:12 ds4-server: chat ctx=0..8201:8201 prefill chunk 640/8201 (7.8%) chunk=260.02 t/s avg=262.45 t/s 2.439s
1003 02:59:13 ds4-server: chat ctx=0..8201:8201 prefill chunk 768/8201 (9.4%) chunk=269.94 t/s avg=263.67 t/s 2.913s
1003 02:59:13 ds4-server: chat ctx=0..8201:8201 prefill chunk 896/8201 (10.9%) chunk=250.58 t/s avg=261.71 t/s 3.424s
1003 02:59:14 ds4-server: chat ctx=0..8201:8201 prefill chunk 1024/8201 (12.5%) chunk=244.53 t/s avg=259.43 t/s 3.947s
1003 02:59:14 ds4-server: chat ctx=0..8201:8201 prefill chunk 1152/8201 (14.0%) chunk=274.26 t/s avg=261.00 t/s 4.414s
1003 02:59:15 ds4-server: chat ctx=0..8201:8201 prefill chunk 1280/8201 (15.6%) chunk=268.67 t/s avg=261.75 t/s 4.890s
1003 02:59:15 ds4-server: chat ctx=0..8201:8201 prefill chunk 1408/8201 (17.2%) chunk=257.92 t/s avg=261.40 t/s 5.386s
1003 02:59:16 ds4-server: chat ctx=0..8201:8201 prefill chunk 1536/8201 (18.7%) chunk=255.58 t/s avg=260.90 t/s 5.887s
1003 02:59:16 ds4-server: chat ctx=0..8201:8201 prefill chunk 1664/8201 (20.3%) chunk=276.12 t/s avg=262.01 t/s 6.351s
1003 02:59:17 ds4-server: chat ctx=0..8201:8201 prefill chunk 1792/8201 (21.9%) chunk=256.26 t/s avg=261.59 t/s 6.850s
1003 02:59:17 ds4-server: chat ctx=0..8201:8201 prefill chunk 1920/8201 (23.4%) chunk=247.85 t/s avg=260.63 t/s 7.367s
1003 02:59:18 ds4-server: chat ctx=0..8201:8201 prefill chunk 2048/8201 (25.0%) chunk=261.30 t/s avg=260.67 t/s 7.857s
1003 02:59:18 ds4-server: chat ctx=0..8201:8201 prefill chunk 2176/8201 (26.5%) chunk=245.10 t/s avg=259.70 t/s 8.379s
1003 02:59:19 ds4-server: chat ctx=0..8201:8201 prefill chunk 2304/8201 (28.1%) chunk=247.58 t/s avg=259.00 t/s 8.896s
1003 02:59:19 ds4-server: chat ctx=0..8201:8201 prefill chunk 2432/8201 (29.7%) chunk=243.04 t/s avg=258.10 t/s 9.423s
1003 02:59:20 ds4-server: chat ctx=0..8201:8201 prefill chunk 2560/8201 (31.2%) chunk=249.18 t/s avg=257.64 t/s 9.936s
1003 02:59:20 ds4-server: chat ctx=0..8201:8201 prefill chunk 2688/8201 (32.8%) chunk=245.22 t/s avg=257.02 t/s 10.458s
1003 02:59:21 ds4-server: chat ctx=0..8201:8201 prefill chunk 2816/8201 (34.3%) chunk=247.15 t/s avg=256.56 t/s 10.976s
1003 02:59:21 ds4-server: chat ctx=0..8201:8201 prefill chunk 2944/8201 (35.9%) chunk=228.20 t/s avg=255.18 t/s 11.537s
1003 02:59:22 ds4-server: chat ctx=0..8201:8201 prefill chunk 3072/8201 (37.5%) chunk=248.28 t/s avg=254.88 t/s 12.053s
1003 02:59:22 ds4-server: chat ctx=0..8201:8201 prefill chunk 3200/8201 (39.0%) chunk=254.82 t/s avg=254.88 t/s 12.555s
1003 02:59:23 ds4-server: chat ctx=0..8201:8201 prefill chunk 3328/8201 (40.6%) chunk=252.58 t/s avg=254.79 t/s 13.062s
1003 02:59:23 ds4-server: chat ctx=0..8201:8201 prefill chunk 3456/8201 (42.1%) chunk=246.82 t/s avg=254.49 t/s 13.580s
1003 02:59:24 ds4-server: chat ctx=0..8201:8201 prefill chunk 3584/8201 (43.7%) chunk=239.44 t/s avg=253.92 t/s 14.115s
1003 02:59:25 ds4-server: chat ctx=0..8201:8201 prefill chunk 3712/8201 (45.3%) chunk=259.50 t/s avg=254.11 t/s 14.608s
1003 02:59:25 ds4-server: chat ctx=0..8201:8201 prefill chunk 3840/8201 (46.8%) chunk=251.28 t/s avg=254.01 t/s 15.117s
1003 02:59:26 ds4-server: chat ctx=0..8201:8201 prefill chunk 3968/8201 (48.4%) chunk=249.90 t/s avg=253.88 t/s 15.630s
1003 02:59:26 ds4-server: chat ctx=0..8201:8201 prefill chunk 4096/8201 (49.9%) chunk=236.32 t/s avg=253.29 t/s 16.171s
1003 02:59:27 ds4-server: chat ctx=0..8201:8201 prefill chunk 4224/8201 (51.5%) chunk=239.88 t/s avg=252.86 t/s 16.705s
1003 02:59:27 ds4-server: chat ctx=0..8201:8201 prefill chunk 4352/8201 (53.1%) chunk=240.86 t/s avg=252.49 t/s 17.236s
1003 02:59:28 ds4-server: chat ctx=0..8201:8201 prefill chunk 4480/8201 (54.6%) chunk=231.14 t/s avg=251.83 t/s 17.790s
1003 02:59:28 ds4-server: chat ctx=0..8201:8201 prefill chunk 4608/8201 (56.2%) chunk=233.57 t/s avg=251.28 t/s 18.338s
1003 02:59:29 ds4-server: chat ctx=0..8201:8201 prefill chunk 4736/8201 (57.7%) chunk=228.49 t/s avg=250.60 t/s 18.898s
1003 02:59:29 ds4-server: chat ctx=0..8201:8201 prefill chunk 4864/8201 (59.3%) chunk=233.64 t/s avg=250.13 t/s 19.446s
1003 02:59:30 ds4-server: chat ctx=0..8201:8201 prefill chunk 4992/8201 (60.9%) chunk=231.32 t/s avg=249.61 t/s 20.000s
1003 02:59:30 ds4-server: chat ctx=0..8201:8201 prefill chunk 5120/8201 (62.4%) chunk=243.46 t/s avg=249.45 t/s 20.525s
1003 02:59:31 ds4-server: chat ctx=0..8201:8201 prefill chunk 5248/8201 (64.0%) chunk=229.19 t/s avg=248.91 t/s 21.084s
1003 02:59:32 ds4-server: chat ctx=0..8201:8201 prefill chunk 5376/8201 (65.6%) chunk=230.89 t/s avg=248.45 t/s 21.638s
1003 02:59:32 ds4-server: chat ctx=8401..8451:50 gen=250 decoding chunk=2.28 t/s avg=8.41 t/s 29.743s
1003 02:59:32 ds4-server: chat ctx=0..8201:8201 prefill chunk 5504/8201 (67.1%) chunk=230.90 t/s avg=248.01 t/s 22.192s
1003 02:59:33 ds4-server: chat ctx=0..8201:8201 prefill chunk 5632/8201 (68.7%) chunk=234.99 t/s avg=247.70 t/s 22.737s
1003 02:59:33 ds4-server: chat ctx=0..8201:8201 prefill chunk 5760/8201 (70.2%) chunk=238.97 t/s avg=247.50 t/s 23.273s
1003 02:59:34 ds4-server: chat ctx=0..8201:8201 prefill chunk 5888/8201 (71.8%) chunk=247.88 t/s avg=247.51 t/s 23.789s
1003 02:59:34 ds4-server: chat ctx=0..8201:8201 prefill chunk 6016/8201 (73.4%) chunk=247.19 t/s avg=247.50 t/s 24.307s
1003 02:59:35 ds4-server: chat ctx=0..8201:8201 prefill chunk 6144/8201 (74.9%) chunk=241.32 t/s avg=247.37 t/s 24.837s
1003 02:59:35 ds4-server: chat ctx=8451..8457:6 gen=256 decoding chunk=1.88 t/s avg=7.77 t/s 32.942s
1003 02:59:35 ds4-server: chat ctx=0..8201:8201 gen=256 finish=length 60.607s
1003 02:59:35 slot 1: request reuses nothing; evicting checkpoint (8457 tokens, idle 0 s, protected)
1003 02:59:35 ds4-server: chat ctx=0..8201:8201 prefill chunk 6272/8201 (76.5%) chunk=243.93 t/s avg=247.30 t/s 25.362s
1003 02:59:37 ds4-server: chat ctx=0..8201:8201 prefill chunk 8192/8201 (99.9%) chunk=951.71 t/s avg=299.20 t/s 27.380s
1003 02:59:37 ds4-server: chat ctx=0..8201:8201 prefill chunk 8201/8201 (100.0%) chunk=66.03 t/s avg=298.05 t/s 27.516s
1003 02:59:37 ds4-server: chat ctx=0..8201:8201 prompt done 27.516s
1003 02:59:37 ds4-server: live kv cache miss live=8457 prompt=8201 common=17 vision=match reason=token-mismatch
1003 02:59:37 ds4-server: chat ctx=0..8201:8201 prompt start
1003 02:59:39 ds4-server: chat ctx=0..8201:8201 prefill chunk 2048/8201 (25.0%) chunk=0.00 t/s avg=1033.65 t/s 1.981s
1003 02:59:40 ds4-server: chat ctx=0..8201:8201 prefill chunk 2176/8201 (26.5%) chunk=253.12 t/s avg=874.94 t/s 2.487s
1003 02:59:40 ds4-server: chat ctx=0..8201:8201 prefill chunk 2304/8201 (28.1%) chunk=248.16 t/s avg=767.28 t/s 3.003s
1003 02:59:41 ds4-server: chat ctx=0..8201:8201 prefill chunk 2432/8201 (29.7%) chunk=243.53 t/s avg=689.26 t/s 3.528s
1003 02:59:41 ds4-server: chat ctx=0..8201:8201 prefill chunk 2560/8201 (31.2%) chunk=249.23 t/s avg=633.35 t/s 4.042s
1003 02:59:42 ds4-server: chat ctx=0..8201:8201 prefill chunk 2688/8201 (32.8%) chunk=245.52 t/s avg=589.04 t/s 4.563s
1003 02:59:43 ds4-server: chat ctx=0..8201:8201 prefill chunk 2816/8201 (34.3%) chunk=246.25 t/s avg=553.99 t/s 5.083s
1003 02:59:43 ds4-server: chat ctx=0..8201:8201 prefill chunk 2944/8201 (35.9%) chunk=227.50 t/s avg=521.45 t/s 5.646s
1003 02:59:44 ds4-server: chat ctx=0..8201:8201 prefill chunk 3072/8201 (37.5%) chunk=249.12 t/s avg=498.73 t/s 6.160s
1003 02:59:44 ds4-server: chat ctx=0..8201:8201 prefill chunk 3200/8201 (39.0%) chunk=255.45 t/s avg=480.43 t/s 6.661s
1003 02:59:45 ds4-server: chat ctx=0..8201:8201 prefill chunk 3328/8201 (40.6%) chunk=253.49 t/s avg=464.44 t/s 7.166s
1003 02:59:45 ds4-server: chat ctx=0..8201:8201 prefill chunk 3456/8201 (42.1%) chunk=246.70 t/s avg=449.74 t/s 7.684s
1003 02:59:46 ds4-server: chat ctx=0..8201:8201 prefill chunk 3584/8201 (43.7%) chunk=240.79 t/s avg=436.22 t/s 8.216s
1003 02:59:46 ds4-server: chat ctx=0..8201:8201 prefill chunk 3712/8201 (45.3%) chunk=260.23 t/s avg=426.28 t/s 8.708s
1003 02:59:47 ds4-server: chat ctx=0..8201:8201 prefill chunk 3840/8201 (46.8%) chunk=252.09 t/s avg=416.68 t/s 9.216s
1003 02:59:47 ds4-server: chat ctx=0..8201:8201 prefill chunk 3968/8201 (48.4%) chunk=249.24 t/s avg=407.84 t/s 9.729s
1003 02:59:48 ds4-server: chat ctx=0..8201:8201 prefill chunk 4096/8201 (49.9%) chunk=237.75 t/s avg=398.92 t/s 10.268s
1003 02:59:48 ds4-server: chat ctx=0..8201:8201 prefill chunk 4224/8201 (51.5%) chunk=239.88 t/s avg=391.07 t/s 10.801s
1003 02:59:49 ds4-server: chat ctx=0..8201:8201 prefill chunk 4352/8201 (53.1%) chunk=241.45 t/s avg=384.07 t/s 11.331s
1003 02:59:49 ds4-server: chat ctx=0..8201:8201 prefill chunk 4480/8201 (54.6%) chunk=231.48 t/s avg=376.97 t/s 11.884s
1003 02:59:50 ds4-server: chat ctx=0..8201:8201 prefill chunk 4608/8201 (56.2%) chunk=233.00 t/s avg=370.61 t/s 12.434s
1003 02:59:50 ds4-server: chat ctx=0..8201:8201 prefill chunk 4736/8201 (57.7%) chunk=229.74 t/s avg=364.56 t/s 12.991s
1003 02:59:51 ds4-server: chat ctx=0..8201:8201 prefill chunk 4864/8201 (59.3%) chunk=233.73 t/s avg=359.27 t/s 13.538s
1003 02:59:52 ds4-server: chat ctx=0..8201:8201 prefill chunk 4992/8201 (60.9%) chunk=231.00 t/s avg=354.23 t/s 14.093s
1003 02:59:52 ds4-server: chat ctx=0..8201:8201 prefill chunk 5120/8201 (62.4%) chunk=244.03 t/s avg=350.27 t/s 14.617s
1003 02:59:53 ds4-server: chat ctx=0..8201:8201 prefill chunk 5248/8201 (64.0%) chunk=230.71 t/s avg=345.90 t/s 15.172s
1003 02:59:53 ds4-server: chat ctx=0..8201:8201 prefill chunk 5376/8201 (65.6%) chunk=231.04 t/s avg=341.86 t/s 15.726s
1003 02:59:54 ds4-server: chat ctx=0..8201:8201 prefill chunk 5504/8201 (67.1%) chunk=231.15 t/s avg=338.09 t/s 16.280s
1003 02:59:54 ds4-server: chat ctx=0..8201:8201 prefill chunk 5632/8201 (68.7%) chunk=236.86 t/s avg=334.84 t/s 16.820s
1003 02:59:55 ds4-server: chat ctx=0..8201:8201 prefill chunk 5760/8201 (70.2%) chunk=239.06 t/s avg=331.88 t/s 17.356s
1003 02:59:55 ds4-server: chat ctx=0..8201:8201 prefill chunk 5888/8201 (71.8%) chunk=248.86 t/s avg=329.49 t/s 17.870s
1003 02:59:56 ds4-server: chat ctx=0..8201:8201 prefill chunk 6016/8201 (73.4%) chunk=246.57 t/s avg=327.15 t/s 18.389s
1003 02:59:56 ds4-server: chat ctx=0..8201:8201 prefill chunk 6144/8201 (74.9%) chunk=242.67 t/s avg=324.80 t/s 18.916s
1003 02:59:57 ds4-server: chat ctx=0..8201:8201 prefill chunk 6272/8201 (76.5%) chunk=244.32 t/s avg=322.63 t/s 19.440s
1003 02:59:57 ds4-server: chat ctx=0..8201:8201 prefill chunk 6400/8201 (78.0%) chunk=241.43 t/s avg=320.47 t/s 19.971s
1003 02:59:58 ds4-server: chat ctx=0..8201:8201 prefill chunk 6528/8201 (79.6%) chunk=236.55 t/s avg=318.26 t/s 20.512s
1003 02:59:58 ds4-server: chat ctx=0..8201:8201 prefill chunk 6656/8201 (81.2%) chunk=240.68 t/s avg=316.30 t/s 21.043s
1003 02:59:59 ds4-server: chat ctx=0..8201:8201 prefill chunk 6784/8201 (82.7%) chunk=240.30 t/s avg=314.42 t/s 21.576s
1003 03:00:00 ds4-server: chat ctx=0..8201:8201 prefill chunk 6912/8201 (84.3%) chunk=250.51 t/s avg=312.94 t/s 22.087s
1003 03:00:00 ds4-server: chat ctx=0..8201:8201 prefill chunk 7040/8201 (85.8%) chunk=232.69 t/s avg=310.99 t/s 22.637s
1003 03:00:01 ds4-server: chat ctx=0..8201:8201 prefill chunk 7168/8201 (87.4%) chunk=243.70 t/s avg=309.47 t/s 23.162s
1003 03:00:01 ds4-server: chat ctx=0..8201:8201 prefill chunk 7296/8201 (89.0%) chunk=244.93 t/s avg=308.04 t/s 23.685s
1003 03:00:02 ds4-server: chat ctx=0..8201:8201 prefill chunk 7424/8201 (90.5%) chunk=227.65 t/s avg=306.18 t/s 24.247s
1003 03:00:02 ds4-server: chat ctx=0..8201:8201 prefill chunk 7552/8201 (92.1%) chunk=235.79 t/s avg=304.64 t/s 24.790s
1003 03:00:03 ds4-server: chat ctx=0..8201:8201 prefill chunk 7680/8201 (93.6%) chunk=247.28 t/s avg=303.46 t/s 25.308s
1003 03:00:03 ds4-server: chat ctx=0..8201:8201 prefill chunk 7808/8201 (95.2%) chunk=231.99 t/s avg=301.94 t/s 25.860s
1003 03:00:04 ds4-server: chat ctx=0..8201:8201 prefill chunk 7936/8201 (96.8%) chunk=238.41 t/s avg=300.65 t/s 26.396s
1003 03:00:04 ds4-server: chat ctx=0..8201:8201 prefill chunk 8064/8201 (98.3%) chunk=242.46 t/s avg=299.51 t/s 26.924s
1003 03:00:05 ds4-server: chat ctx=0..8201:8201 prefill chunk 8192/8201 (99.9%) chunk=226.41 t/s avg=298.00 t/s 27.490s
1003 03:00:05 ds4-server: chat ctx=0..8201:8201 prefill chunk 8201/8201 (100.0%) chunk=58.52 t/s avg=296.67 t/s 27.643s
1003 03:00:05 ds4-server: chat ctx=0..8201:8201 prompt done 27.644s
1003 03:00:05 ds4-server: chat ctx=8201..8251:50 gen=50 decoding chunk=1.81 t/s avg=1.81 t/s 27.661s
1003 03:00:07 ds4-server: chat ctx=8201..8251:50 gen=50 decoding chunk=25.43 t/s avg=25.43 t/s 1.967s
1003 03:00:07 ds4-server: chat ctx=8251..8301:50 gen=100 decoding chunk=25.66 t/s avg=3.38 t/s 29.610s
1003 03:00:09 ds4-server: chat ctx=8251..8301:50 gen=100 decoding chunk=25.59 t/s avg=25.51 t/s 3.920s
1003 03:00:09 ds4-server: chat ctx=8301..8351:50 gen=150 decoding chunk=25.59 t/s avg=4.75 t/s 31.564s
1003 03:00:11 ds4-server: chat ctx=8301..8351:50 gen=150 decoding chunk=25.56 t/s avg=25.53 t/s 5.876s
1003 03:00:11 ds4-server: chat ctx=8351..8401:50 gen=200 decoding chunk=25.56 t/s avg=5.97 t/s 33.520s
1003 03:00:13 ds4-server: chat ctx=8351..8401:50 gen=200 decoding chunk=25.57 t/s avg=25.54 t/s 7.832s
1003 03:00:13 ds4-server: chat ctx=8401..8451:50 gen=250 decoding chunk=25.57 t/s avg=7.05 t/s 35.475s
1003 03:00:13 ds4-server: chat ctx=8451..8457:6 gen=256 decoding chunk=25.63 t/s avg=7.17 t/s 35.709s
1003 03:00:13 ds4-server: chat ctx=0..8201:8201 gen=256 finish=length 63.225s
1003 03:00:13 slot 0: request reuses nothing; evicting checkpoint (8457 tokens, idle 0 s, protected)
1003 03:00:13 ds4-server: live kv cache miss live=8457 prompt=8201 common=17 vision=match reason=token-mismatch
1003 03:00:13 ds4-server: chat ctx=0..8201:8201 prompt start
1003 03:00:14 ds4-server: chat ctx=0..8201:8201 prefill chunk 128/8201 (1.6%) chunk=0.00 t/s avg=243.97 t/s 0.525s
1003 03:00:14 ds4-server: chat ctx=0..8201:8201 prefill chunk 256/8201 (3.1%) chunk=277.30 t/s avg=259.57 t/s 0.986s
1003 03:00:15 ds4-server: chat ctx=0..8201:8201 prefill chunk 384/8201 (4.7%) chunk=267.06 t/s avg=262.02 t/s 1.466s
1003 03:00:15 ds4-server: chat ctx=0..8201:8201 prefill chunk 512/8201 (6.2%) chunk=264.91 t/s avg=262.73 t/s 1.949s
1003 03:00:16 ds4-server: chat ctx=0..8201:8201 prefill chunk 640/8201 (7.8%) chunk=259.62 t/s avg=262.11 t/s 2.442s
1003 03:00:16 ds4-server: chat ctx=0..8201:8201 prefill chunk 768/8201 (9.4%) chunk=270.15 t/s avg=263.41 t/s 2.916s
1003 03:00:17 ds4-server: chat ctx=0..8201:8201 prefill chunk 896/8201 (10.9%) chunk=249.99 t/s avg=261.41 t/s 3.428s
1003 03:00:17 ds4-server: chat ctx=0..8201:8201 prefill chunk 1024/8201 (12.5%) chunk=245.76 t/s avg=259.34 t/s 3.948s
1003 03:00:18 ds4-server: chat ctx=0..8201:8201 prefill chunk 1152/8201 (14.0%) chunk=274.63 t/s avg=260.96 t/s 4.414s
1003 03:00:18 ds4-server: chat ctx=0..8201:8201 prefill chunk 1280/8201 (15.6%) chunk=267.21 t/s avg=261.57 t/s 4.894s
1003 03:00:19 ds4-server: chat ctx=0..8201:8201 prefill chunk 1408/8201 (17.2%) chunk=258.54 t/s avg=261.29 t/s 5.389s
1003 03:00:19 ds4-server: chat ctx=0..8201:8201 prefill chunk 1536/8201 (18.7%) chunk=254.72 t/s avg=260.73 t/s 5.891s
1003 03:00:20 ds4-server: chat ctx=0..8201:8201 prefill chunk 1664/8201 (20.3%) chunk=276.30 t/s avg=261.87 t/s 6.354s
1003 03:00:20 ds4-server: chat ctx=0..8201:8201 prefill chunk 1792/8201 (21.9%) chunk=257.02 t/s avg=261.51 t/s 6.852s
1003 03:00:21 ds4-server: chat ctx=0..8201:8201 prefill chunk 1920/8201 (23.4%) chunk=246.83 t/s avg=260.48 t/s 7.371s
1003 03:00:21 ds4-server: chat ctx=0..8201:8201 prefill chunk 2048/8201 (25.0%) chunk=261.67 t/s avg=260.56 t/s 7.860s
1003 03:00:22 ds4-server: chat ctx=0..8201:8201 prefill chunk 2176/8201 (26.5%) chunk=245.36 t/s avg=259.61 t/s 8.382s
1003 03:00:22 ds4-server: chat ctx=0..8201:8201 prefill chunk 2304/8201 (28.1%) chunk=248.35 t/s avg=258.96 t/s 8.897s
1003 03:00:23 ds4-server: chat ctx=0..8201:8201 prefill chunk 2432/8201 (29.7%) chunk=243.31 t/s avg=258.08 t/s 9.423s
1003 03:00:23 ds4-server: chat ctx=0..8201:8201 prefill chunk 2560/8201 (31.2%) chunk=248.93 t/s avg=257.61 t/s 9.938s
1003 03:00:24 ds4-server: chat ctx=0..8201:8201 prefill chunk 2688/8201 (32.8%) chunk=245.80 t/s avg=257.02 t/s 10.458s
1003 03:00:24 ds4-server: chat ctx=0..8201:8201 prefill chunk 2816/8201 (34.3%) chunk=246.67 t/s avg=256.53 t/s 10.977s
1003 03:00:25 ds4-server: chat ctx=0..8201:8201 prefill chunk 2944/8201 (35.9%) chunk=228.36 t/s avg=255.16 t/s 11.538s
1003 03:00:25 ds4-server: chat ctx=0..8201:8201 prefill chunk 3072/8201 (37.5%) chunk=248.52 t/s avg=254.88 t/s 12.053s
1003 03:00:26 ds4-server: chat ctx=0..8201:8201 prefill chunk 3200/8201 (39.0%) chunk=254.90 t/s avg=254.88 t/s 12.555s
1003 03:00:26 ds4-server: chat ctx=0..8201:8201 prefill chunk 3328/8201 (40.6%) chunk=253.12 t/s avg=254.81 t/s 13.061s
1003 03:00:27 ds4-server: chat ctx=0..8201:8201 prefill chunk 3456/8201 (42.1%) chunk=246.43 t/s avg=254.49 t/s 13.580s
1003 03:00:27 ds4-server: chat ctx=0..8201:8201 prefill chunk 3584/8201 (43.7%) chunk=240.17 t/s avg=253.95 t/s 14.113s
1003 03:00:28 ds4-server: chat ctx=0..8201:8201 prefill chunk 3712/8201 (45.3%) chunk=260.03 t/s avg=254.16 t/s 14.605s
1003 03:00:28 ds4-server: chat ctx=0..8201:8201 prefill chunk 3840/8201 (46.8%) chunk=250.99 t/s avg=254.05 t/s 15.115s
1003 03:00:29 ds4-server: chat ctx=0..8201:8201 prefill chunk 3968/8201 (48.4%) chunk=249.22 t/s avg=253.89 t/s 15.629s
1003 03:00:29 ds4-server: chat ctx=0..8201:8201 prefill chunk 4096/8201 (49.9%) chunk=236.39 t/s avg=253.30 t/s 16.170s
1003 03:00:30 ds4-server: chat ctx=0..8201:8201 prefill chunk 4224/8201 (51.5%) chunk=240.42 t/s avg=252.89 t/s 16.703s
1003 03:00:30 ds4-server: chat ctx=0..8201:8201 prefill chunk 4352/8201 (53.1%) chunk=239.09 t/s avg=252.46 t/s 17.238s
1003 03:00:31 ds4-server: chat ctx=0..8201:8201 prefill chunk 4480/8201 (54.6%) chunk=230.62 t/s avg=251.78 t/s 17.793s
1003 03:00:31 ds4-server: chat ctx=0..8201:8201 prefill chunk 4608/8201 (56.2%) chunk=233.65 t/s avg=251.24 t/s 18.341s
1003 03:00:32 ds4-server: chat ctx=0..8201:8201 prefill chunk 4736/8201 (57.7%) chunk=228.90 t/s avg=250.58 t/s 18.900s
1003 03:00:33 ds4-server: chat ctx=0..8201:8201 prefill chunk 4864/8201 (59.3%) chunk=234.77 t/s avg=250.14 t/s 19.445s
1003 03:00:33 ds4-server: chat ctx=0..8201:8201 prefill chunk 4992/8201 (60.9%) chunk=230.28 t/s avg=249.59 t/s 20.001s
1003 03:00:34 ds4-server: chat ctx=0..8201:8201 prefill chunk 5120/8201 (62.4%) chunk=243.95 t/s avg=249.44 t/s 20.526s
1003 03:00:34 ds4-server: chat ctx=0..8201:8201 prefill chunk 5248/8201 (64.0%) chunk=228.95 t/s avg=248.90 t/s 21.085s
1003 03:00:35 ds4-server: chat ctx=0..8201:8201 prefill chunk 5376/8201 (65.6%) chunk=231.23 t/s avg=248.45 t/s 21.638s
1003 03:00:35 ds4-server: chat ctx=8401..8451:50 gen=250 decoding chunk=2.28 t/s avg=8.41 t/s 29.741s
1003 03:00:35 ds4-server: chat ctx=0..8201:8201 prefill chunk 5504/8201 (67.1%) chunk=230.43 t/s avg=248.00 t/s 22.194s
1003 03:00:36 ds4-server: chat ctx=0..8201:8201 prefill chunk 5632/8201 (68.7%) chunk=234.95 t/s avg=247.68 t/s 22.739s
1003 03:00:36 ds4-server: chat ctx=0..8201:8201 prefill chunk 5760/8201 (70.2%) chunk=238.69 t/s avg=247.48 t/s 23.275s
1003 03:00:37 ds4-server: chat ctx=0..8201:8201 prefill chunk 5888/8201 (71.8%) chunk=247.45 t/s avg=247.48 t/s 23.792s
1003 03:00:37 ds4-server: chat ctx=0..8201:8201 prefill chunk 6016/8201 (73.4%) chunk=246.84 t/s avg=247.46 t/s 24.311s
1003 03:00:38 ds4-server: chat ctx=0..8201:8201 prefill chunk 6144/8201 (74.9%) chunk=241.95 t/s avg=247.34 t/s 24.840s
1003 03:00:38 ds4-server: chat ctx=8451..8457:6 gen=256 decoding chunk=1.87 t/s avg=7.77 t/s 32.942s
1003 03:00:38 ds4-server: chat ctx=0..8201:8201 gen=256 finish=length 60.586s
1003 03:00:38 slot 1: request reuses nothing; evicting checkpoint (8457 tokens, idle 0 s, protected)
1003 03:00:39 ds4-server: chat ctx=0..8201:8201 prefill chunk 6272/8201 (76.5%) chunk=244.11 t/s avg=247.28 t/s 25.364s
1003 03:00:41 ds4-server: chat ctx=0..8201:8201 prefill chunk 8192/8201 (99.9%) chunk=951.12 t/s avg=299.16 t/s 27.383s
1003 03:00:41 ds4-server: chat ctx=0..8201:8201 prefill chunk 8201/8201 (100.0%) chunk=65.85 t/s avg=298.01 t/s 27.520s
1003 03:00:41 ds4-server: chat ctx=0..8201:8201 prompt done 27.520s
1003 03:00:41 ds4-server: live kv cache miss live=8457 prompt=8201 common=17 vision=match reason=token-mismatch
1003 03:00:41 ds4-server: chat ctx=0..8201:8201 prompt start
1003 03:00:43 ds4-server: chat ctx=0..8201:8201 prefill chunk 2048/8201 (25.0%) chunk=0.00 t/s avg=1033.91 t/s 1.981s
1003 03:00:43 ds4-server: chat ctx=0..8201:8201 prefill chunk 2176/8201 (26.5%) chunk=254.16 t/s avg=875.85 t/s 2.484s
1003 03:00:44 ds4-server: chat ctx=0..8201:8201 prefill chunk 2304/8201 (28.1%) chunk=247.52 t/s avg=767.60 t/s 3.002s
1003 03:00:44 ds4-server: chat ctx=0..8201:8201 prefill chunk 2432/8201 (29.7%) chunk=243.25 t/s avg=689.39 t/s 3.528s
1003 03:00:45 ds4-server: chat ctx=0..8201:8201 prefill chunk 2560/8201 (31.2%) chunk=250.36 t/s avg=633.82 t/s 4.039s
1003 03:00:45 ds4-server: chat ctx=0..8201:8201 prefill chunk 2688/8201 (32.8%) chunk=245.24 t/s avg=589.35 t/s 4.561s
1003 03:00:46 ds4-server: chat ctx=0..8201:8201 prefill chunk 2816/8201 (34.3%) chunk=246.91 t/s avg=554.40 t/s 5.079s
1003 03:00:46 ds4-server: chat ctx=0..8201:8201 prefill chunk 2944/8201 (35.9%) chunk=228.01 t/s avg=521.92 t/s 5.641s
1003 03:00:47 ds4-server: chat ctx=0..8201:8201 prefill chunk 3072/8201 (37.5%) chunk=248.17 t/s avg=498.98 t/s 6.157s
1003 03:00:47 ds4-server: chat ctx=0..8201:8201 prefill chunk 3200/8201 (39.0%) chunk=253.71 t/s avg=480.41 t/s 6.661s
1003 03:00:48 ds4-server: chat ctx=0..8201:8201 prefill chunk 3328/8201 (40.6%) chunk=252.07 t/s avg=464.23 t/s 7.169s
1003 03:00:48 ds4-server: chat ctx=0..8201:8201 prefill chunk 3456/8201 (42.1%) chunk=246.61 t/s avg=449.54 t/s 7.688s
1003 03:00:49 ds4-server: chat ctx=0..8201:8201 prefill chunk 3584/8201 (43.7%) chunk=240.88 t/s avg=436.05 t/s 8.219s
1003 03:00:49 ds4-server: chat ctx=0..8201:8201 prefill chunk 3712/8201 (45.3%) chunk=260.37 t/s avg=426.13 t/s 8.711s
1003 03:00:50 ds4-server: chat ctx=0..8201:8201 prefill chunk 3840/8201 (46.8%) chunk=251.60 t/s avg=416.50 t/s 9.220s
1003 03:00:50 ds4-server: chat ctx=0..8201:8201 prefill chunk 3968/8201 (48.4%) chunk=249.25 t/s avg=407.68 t/s 9.733s
1003 03:00:51 ds4-server: chat ctx=0..8201:8201 prefill chunk 4096/8201 (49.9%) chunk=236.40 t/s avg=398.65 t/s 10.275s
1003 03:00:51 ds4-server: chat ctx=0..8201:8201 prefill chunk 4224/8201 (51.5%) chunk=239.74 t/s avg=390.80 t/s 10.809s
1003 03:00:52 ds4-server: chat ctx=0..8201:8201 prefill chunk 4352/8201 (53.1%) chunk=237.96 t/s avg=383.56 t/s 11.346s
1003 03:00:53 ds4-server: chat ctx=0..8201:8201 prefill chunk 4480/8201 (54.6%) chunk=231.41 t/s avg=376.48 t/s 11.900s
1003 03:00:53 ds4-server: chat ctx=0..8201:8201 prefill chunk 4608/8201 (56.2%) chunk=232.55 t/s avg=370.12 t/s 12.450s
1003 03:00:54 ds4-server: chat ctx=0..8201:8201 prefill chunk 4736/8201 (57.7%) chunk=227.95 t/s avg=363.99 t/s 13.012s
1003 03:00:54 ds4-server: chat ctx=0..8201:8201 prefill chunk 4864/8201 (59.3%) chunk=233.50 t/s avg=358.71 t/s 13.560s
1003 03:00:55 ds4-server: chat ctx=0..8201:8201 prefill chunk 4992/8201 (60.9%) chunk=231.54 t/s avg=353.73 t/s 14.113s
1003 03:00:55 ds4-server: chat ctx=0..8201:8201 prefill chunk 5120/8201 (62.4%) chunk=245.57 t/s avg=349.88 t/s 14.634s
1003 03:00:56 ds4-server: chat ctx=0..8201:8201 prefill chunk 5248/8201 (64.0%) chunk=227.60 t/s avg=345.35 t/s 15.196s
1003 03:00:56 ds4-server: chat ctx=0..8201:8201 prefill chunk 5376/8201 (65.6%) chunk=232.12 t/s avg=341.39 t/s 15.748s
1003 03:00:57 ds4-server: chat ctx=0..8201:8201 prefill chunk 5504/8201 (67.1%) chunk=231.02 t/s avg=337.63 t/s 16.302s
1003 03:00:58 ds4-server: chat ctx=0..8201:8201 prefill chunk 5632/8201 (68.7%) chunk=236.10 t/s avg=334.37 t/s 16.844s
1003 03:00:58 ds4-server: chat ctx=0..8201:8201 prefill chunk 5760/8201 (70.2%) chunk=237.86 t/s avg=331.38 t/s 17.382s
1003 03:00:59 ds4-server: chat ctx=0..8201:8201 prefill chunk 5888/8201 (71.8%) chunk=247.61 t/s avg=328.96 t/s 17.899s
1003 03:00:59 ds4-server: chat ctx=0..8201:8201 prefill chunk 6016/8201 (73.4%) chunk=247.33 t/s avg=326.67 t/s 18.416s
1003 03:01:00 ds4-server: chat ctx=0..8201:8201 prefill chunk 6144/8201 (74.9%) chunk=242.89 t/s avg=324.33 t/s 18.943s
1003 03:01:00 ds4-server: chat ctx=0..8201:8201 prefill chunk 6272/8201 (76.5%) chunk=243.82 t/s avg=322.16 t/s 19.468s
1003 03:01:01 ds4-server: chat ctx=0..8201:8201 prefill chunk 6400/8201 (78.0%) chunk=240.62 t/s avg=320.00 t/s 20.000s
1003 03:01:01 ds4-server: chat ctx=0..8201:8201 prefill chunk 6528/8201 (79.6%) chunk=235.35 t/s avg=317.75 t/s 20.544s
1003 03:01:02 ds4-server: chat ctx=0..8201:8201 prefill chunk 6656/8201 (81.2%) chunk=241.19 t/s avg=315.83 t/s 21.075s
1003 03:01:02 ds4-server: chat ctx=0..8201:8201 prefill chunk 6784/8201 (82.7%) chunk=241.10 t/s avg=313.99 t/s 21.606s
1003 03:01:03 ds4-server: chat ctx=0..8201:8201 prefill chunk 6912/8201 (84.3%) chunk=250.58 t/s avg=312.53 t/s 22.117s
1003 03:01:03 ds4-server: chat ctx=0..8201:8201 prefill chunk 7040/8201 (85.8%) chunk=232.63 t/s avg=310.59 t/s 22.667s
1003 03:01:04 ds4-server: chat ctx=0..8201:8201 prefill chunk 7168/8201 (87.4%) chunk=242.75 t/s avg=309.04 t/s 23.194s
1003 03:01:04 ds4-server: chat ctx=0..8201:8201 prefill chunk 7296/8201 (89.0%) chunk=243.12 t/s avg=307.58 t/s 23.721s
1003 03:01:05 ds4-server: chat ctx=0..8201:8201 prefill chunk 7424/8201 (90.5%) chunk=228.01 t/s avg=305.74 t/s 24.282s
1003 03:01:05 ds4-server: chat ctx=0..8201:8201 prefill chunk 7552/8201 (92.1%) chunk=237.03 t/s avg=304.25 t/s 24.822s
1003 03:01:06 ds4-server: chat ctx=0..8201:8201 prefill chunk 7680/8201 (93.6%) chunk=248.20 t/s avg=303.11 t/s 25.338s
1003 03:01:07 ds4-server: chat ctx=0..8201:8201 prefill chunk 7808/8201 (95.2%) chunk=232.49 t/s avg=301.60 t/s 25.888s
1003 03:01:07 ds4-server: chat ctx=0..8201:8201 prefill chunk 7936/8201 (96.8%) chunk=240.58 t/s avg=300.37 t/s 26.420s
1003 03:01:08 ds4-server: chat ctx=0..8201:8201 prefill chunk 8064/8201 (98.3%) chunk=242.40 t/s avg=299.24 t/s 26.948s
1003 03:01:08 ds4-server: chat ctx=0..8201:8201 prefill chunk 8192/8201 (99.9%) chunk=225.84 t/s avg=297.73 t/s 27.515s
1003 03:01:08 ds4-server: chat ctx=0..8201:8201 prefill chunk 8201/8201 (100.0%) chunk=58.52 t/s avg=296.40 t/s 27.669s
1003 03:01:08 ds4-server: chat ctx=0..8201:8201 prompt done 27.669s
1003 03:01:08 ds4-server: chat ctx=8201..8251:50 gen=50 decoding chunk=1.81 t/s avg=1.81 t/s 27.687s
1003 03:01:10 ds4-server: chat ctx=8201..8251:50 gen=50 decoding chunk=25.44 t/s avg=25.44 t/s 1.966s
1003 03:01:10 ds4-server: chat ctx=8251..8301:50 gen=100 decoding chunk=25.67 t/s avg=3.37 t/s 29.635s
1003 03:01:12 ds4-server: chat ctx=8251..8301:50 gen=100 decoding chunk=25.60 t/s avg=25.52 t/s 3.919s
1003 03:01:12 ds4-server: chat ctx=8301..8351:50 gen=150 decoding chunk=25.60 t/s avg=4.75 t/s 31.588s
1003 03:01:14 ds4-server: chat ctx=8351..8401:50 gen=200 decoding chunk=25.60 t/s avg=5.96 t/s 33.541s
1003 03:01:14 ds4-server: chat ctx=8301..8351:50 gen=150 decoding chunk=25.60 t/s avg=25.54 t/s 5.872s
1003 03:01:16 ds4-server: chat ctx=8401..8451:50 gen=250 decoding chunk=25.58 t/s avg=7.04 t/s 35.496s
1003 03:01:16 ds4-server: chat ctx=8351..8401:50 gen=200 decoding chunk=25.58 t/s avg=25.55 t/s 7.827s
1003 03:01:16 ds4-server: chat ctx=8451..8457:6 gen=256 decoding chunk=25.61 t/s avg=7.16 t/s 35.730s
1003 03:01:16 ds4-server: chat ctx=0..8201:8201 gen=256 finish=length 63.250s
1003 03:01:17 ds4-server: chat ctx=8401..8451:50 gen=250 decoding chunk=48.50 t/s avg=28.22 t/s 8.858s
1003 03:01:17 ds4-server: chat ctx=8451..8457:6 gen=256 decoding chunk=55.13 t/s avg=28.55 t/s 8.967s
1003 03:01:17 ds4-server: chat ctx=0..8201:8201 gen=256 finish=length 36.636s
1003 03:01:17 ds4-server: shutdown requested, draining requests
