<repo>/vendor/vlm-runtime/.venv/lib/python3.12/site-packages/mlx_lm/server.py:1723: UserWarning: mlx_lm.server is not recommended for production as it only implements basic security checks.
  warnings.warn(
2026-10-01 21:16:28,437 - INFO - Starting httpd at 127.0.0.1 on port 18184...
127.0.0.1 - - [01/Oct/2026 21:16:28] "GET /v1/models HTTP/1.1" 200 -
127.0.0.1 - - [01/Oct/2026 21:16:29] "GET /v1/models HTTP/1.1" 200 -
[transformers] You are using a model of type `mimo_v2` to instantiate a model of type ``. This may be expected if you are loading a checkpoint that shares a subset of the architecture (e.g., loading a `sam2_video` checkpoint into `Sam2Model`), but is otherwise not supported and can yield errors. Please verify that the checkpoint is compatible with the model you are instantiating.
2026-10-01 21:16:39,214 - INFO - Prompt Cache: 0 sequences, 0.00 GB
2026-10-01 21:16:39,214 - INFO - - assistant: 0 sequences, 0.00 GB
2026-10-01 21:16:39,214 - INFO - - user: 0 sequences, 0.00 GB
2026-10-01 21:16:39,214 - INFO - - system: 0 sequences, 0.00 GB
127.0.0.1 - - [01/Oct/2026 21:16:39] "POST /v1/chat/completions HTTP/1.1" 200 -
2026-10-01 21:16:44,912 - INFO - Prompt processing progress: 2048/5956
2026-10-01 21:16:46,080 - INFO - Prompt processing progress: 4096/5956
2026-10-01 21:16:47,187 - INFO - Prompt processing progress: 5836/5956
2026-10-01 21:16:47,524 - INFO - Prompt processing progress: 5955/5956
2026-10-01 21:16:47,560 - INFO - Prompt processing progress: 5956/5956
2026-10-01 21:16:48,241 - INFO - Prompt Cache: 1 sequences, 0.51 GB
2026-10-01 21:16:48,241 - INFO - - assistant: 0 sequences, 0.00 GB
2026-10-01 21:16:48,241 - INFO - - user: 0 sequences, 0.00 GB
2026-10-01 21:16:48,241 - INFO - - system: 1 sequences, 0.51 GB
127.0.0.1 - - [01/Oct/2026 21:16:48] "POST /v1/chat/completions HTTP/1.1" 200 -
2026-10-01 21:16:49,545 - INFO - Prompt processing progress: 2048/4752
2026-10-01 21:16:50,843 - INFO - Prompt processing progress: 4096/4752
2026-10-01 21:16:51,373 - INFO - Prompt processing progress: 4751/4752
2026-10-01 21:16:51,402 - INFO - Prompt processing progress: 4752/4752
2026-10-01 21:16:53,116 - WARNING - Failed to parse tool call (ValueError: No function provided.) — tool text was likely truncated mid-generation.
2026-10-01 21:16:53,125 - INFO - Prompt Cache: 1 sequences, 0.51 GB
2026-10-01 21:16:53,125 - INFO - - assistant: 0 sequences, 0.00 GB
2026-10-01 21:16:53,126 - INFO - - user: 0 sequences, 0.00 GB
2026-10-01 21:16:53,126 - INFO - - system: 1 sequences, 0.51 GB
127.0.0.1 - - [01/Oct/2026 21:16:53] "POST /v1/chat/completions HTTP/1.1" 200 -
2026-10-01 21:16:54,423 - INFO - Prompt processing progress: 2048/6726
2026-10-01 21:16:55,736 - INFO - Prompt processing progress: 4096/6726
2026-10-01 21:16:57,105 - INFO - Prompt processing progress: 6144/6726
2026-10-01 21:16:57,602 - INFO - Prompt processing progress: 6725/6726
2026-10-01 21:16:57,633 - INFO - Prompt processing progress: 6726/6726
2026-10-01 21:16:58,658 - INFO - Prompt Cache: 1 sequences, 0.51 GB
2026-10-01 21:16:58,658 - INFO - - assistant: 0 sequences, 0.00 GB
2026-10-01 21:16:58,658 - INFO - - user: 0 sequences, 0.00 GB
2026-10-01 21:16:58,658 - INFO - - system: 1 sequences, 0.51 GB
127.0.0.1 - - [01/Oct/2026 21:16:58] "POST /v1/chat/completions HTTP/1.1" 200 -
2026-10-01 21:16:59,958 - INFO - Prompt processing progress: 2048/6784
2026-10-01 21:17:01,262 - INFO - Prompt processing progress: 4096/6784
2026-10-01 21:17:02,633 - INFO - Prompt processing progress: 6144/6784
2026-10-01 21:17:03,166 - INFO - Prompt processing progress: 6783/6784
2026-10-01 21:17:03,196 - INFO - Prompt processing progress: 6784/6784
2026-10-01 21:17:04,530 - INFO - Prompt Cache: 1 sequences, 0.51 GB
2026-10-01 21:17:04,530 - INFO - - assistant: 0 sequences, 0.00 GB
2026-10-01 21:17:04,530 - INFO - - user: 0 sequences, 0.00 GB
2026-10-01 21:17:04,530 - INFO - - system: 1 sequences, 0.51 GB
127.0.0.1 - - [01/Oct/2026 21:17:04] "POST /v1/chat/completions HTTP/1.1" 200 -
2026-10-01 21:17:05,835 - INFO - Prompt processing progress: 2048/9304
2026-10-01 21:17:07,140 - INFO - Prompt processing progress: 4096/9304
2026-10-01 21:17:08,506 - INFO - Prompt processing progress: 6144/9304
2026-10-01 21:17:09,928 - INFO - Prompt processing progress: 8192/9304
2026-10-01 21:17:10,775 - INFO - Prompt processing progress: 9303/9304
2026-10-01 21:17:10,809 - INFO - Prompt processing progress: 9304/9304
2026-10-01 21:17:11,634 - WARNING - Failed to parse tool call (ValueError: No function provided.) — tool text was likely truncated mid-generation.
2026-10-01 21:17:11,647 - INFO - Prompt Cache: 1 sequences, 0.51 GB
2026-10-01 21:17:11,647 - INFO - - assistant: 0 sequences, 0.00 GB
2026-10-01 21:17:11,647 - INFO - - user: 0 sequences, 0.00 GB
2026-10-01 21:17:11,647 - INFO - - system: 1 sequences, 0.51 GB
127.0.0.1 - - [01/Oct/2026 21:17:11] "POST /v1/chat/completions HTTP/1.1" 200 -
2026-10-01 21:17:12,953 - INFO - Prompt processing progress: 2048/11214
2026-10-01 21:17:14,271 - INFO - Prompt processing progress: 4096/11214
2026-10-01 21:17:15,640 - INFO - Prompt processing progress: 6144/11214
2026-10-01 21:17:17,061 - INFO - Prompt processing progress: 8192/11214
2026-10-01 21:17:18,528 - INFO - Prompt processing progress: 10240/11214
2026-10-01 21:17:19,316 - INFO - Prompt processing progress: 11213/11214
2026-10-01 21:17:19,412 - INFO - Prompt processing progress: 11214/11214
2026-10-01 21:17:20,279 - WARNING - Failed to parse tool call (ValueError: No function provided.) — tool text was likely truncated mid-generation.
2026-10-01 21:17:20,291 - INFO - Prompt Cache: 1 sequences, 0.51 GB
2026-10-01 21:17:20,291 - INFO - - assistant: 0 sequences, 0.00 GB
2026-10-01 21:17:20,291 - INFO - - user: 0 sequences, 0.00 GB
2026-10-01 21:17:20,291 - INFO - - system: 1 sequences, 0.51 GB
127.0.0.1 - - [01/Oct/2026 21:17:20] "POST /v1/chat/completions HTTP/1.1" 200 -
2026-10-01 21:17:21,597 - INFO - Prompt processing progress: 2048/12204
2026-10-01 21:17:22,917 - INFO - Prompt processing progress: 4096/12204
2026-10-01 21:17:24,283 - INFO - Prompt processing progress: 6144/12204
2026-10-01 21:17:25,715 - INFO - Prompt processing progress: 8192/12204
2026-10-01 21:17:27,190 - INFO - Prompt processing progress: 10240/12204
2026-10-01 21:17:28,731 - INFO - Prompt processing progress: 12203/12204
2026-10-01 21:17:28,776 - INFO - Prompt processing progress: 12204/12204
2026-10-01 21:17:29,663 - INFO - Prompt Cache: 1 sequences, 0.51 GB
2026-10-01 21:17:29,663 - INFO - - assistant: 0 sequences, 0.00 GB
2026-10-01 21:17:29,663 - INFO - - user: 0 sequences, 0.00 GB
2026-10-01 21:17:29,663 - INFO - - system: 1 sequences, 0.51 GB
127.0.0.1 - - [01/Oct/2026 21:17:29] "POST /v1/chat/completions HTTP/1.1" 200 -
2026-10-01 21:17:30,975 - INFO - Prompt processing progress: 2048/13307
2026-10-01 21:17:32,290 - INFO - Prompt processing progress: 4096/13307
2026-10-01 21:17:33,665 - INFO - Prompt processing progress: 6144/13307
2026-10-01 21:17:35,083 - INFO - Prompt processing progress: 8192/13307
2026-10-01 21:17:36,553 - INFO - Prompt processing progress: 10240/13307
2026-10-01 21:17:38,077 - INFO - Prompt processing progress: 12288/13307
2026-10-01 21:17:38,918 - INFO - Prompt processing progress: 13306/13307
2026-10-01 21:17:38,954 - INFO - Prompt processing progress: 13307/13307
2026-10-01 21:17:40,303 - INFO - Prompt Cache: 1 sequences, 0.51 GB
2026-10-01 21:17:40,303 - INFO - - assistant: 0 sequences, 0.00 GB
2026-10-01 21:17:40,303 - INFO - - user: 0 sequences, 0.00 GB
2026-10-01 21:17:40,304 - INFO - - system: 1 sequences, 0.51 GB
127.0.0.1 - - [01/Oct/2026 21:17:40] "POST /v1/chat/completions HTTP/1.1" 200 -
2026-10-01 21:17:41,614 - INFO - Prompt processing progress: 2048/14919
2026-10-01 21:17:42,919 - INFO - Prompt processing progress: 4096/14919
2026-10-01 21:17:44,287 - INFO - Prompt processing progress: 6144/14919
2026-10-01 21:17:45,721 - INFO - Prompt processing progress: 8192/14919
2026-10-01 21:17:47,192 - INFO - Prompt processing progress: 10240/14919
2026-10-01 21:17:48,719 - INFO - Prompt processing progress: 12288/14919
2026-10-01 21:17:50,290 - INFO - Prompt processing progress: 14336/14919
2026-10-01 21:17:50,845 - INFO - Prompt processing progress: 14918/14919
2026-10-01 21:17:50,884 - INFO - Prompt processing progress: 14919/14919
2026-10-01 21:17:51,765 - INFO - Prompt Cache: 1 sequences, 0.51 GB
2026-10-01 21:17:51,765 - INFO - - assistant: 0 sequences, 0.00 GB
2026-10-01 21:17:51,765 - INFO - - user: 0 sequences, 0.00 GB
2026-10-01 21:17:51,765 - INFO - - system: 1 sequences, 0.51 GB
127.0.0.1 - - [01/Oct/2026 21:17:51] "POST /v1/chat/completions HTTP/1.1" 200 -
2026-10-01 21:17:53,072 - INFO - Prompt processing progress: 2048/16056
2026-10-01 21:17:54,387 - INFO - Prompt processing progress: 4096/16056
2026-10-01 21:17:55,762 - INFO - Prompt processing progress: 6144/16056
2026-10-01 21:17:57,184 - INFO - Prompt processing progress: 8192/16056
2026-10-01 21:17:58,661 - INFO - Prompt processing progress: 10240/16056
2026-10-01 21:18:00,194 - INFO - Prompt processing progress: 12288/16056
2026-10-01 21:18:01,768 - INFO - Prompt processing progress: 14336/16056
2026-10-01 21:18:03,216 - INFO - Prompt processing progress: 16055/16056
2026-10-01 21:18:03,264 - INFO - Prompt processing progress: 16056/16056
2026-10-01 21:18:04,658 - WARNING - Failed to parse tool call (ValueError: No function provided.) — tool text was likely truncated mid-generation.
2026-10-01 21:18:04,673 - INFO - Prompt Cache: 1 sequences, 0.51 GB
2026-10-01 21:18:04,673 - INFO - - assistant: 0 sequences, 0.00 GB
2026-10-01 21:18:04,673 - INFO - - user: 0 sequences, 0.00 GB
2026-10-01 21:18:04,673 - INFO - - system: 1 sequences, 0.51 GB
127.0.0.1 - - [01/Oct/2026 21:18:04] "POST /v1/chat/completions HTTP/1.1" 200 -
2026-10-01 21:18:05,986 - INFO - Prompt processing progress: 2048/17228
2026-10-01 21:18:07,302 - INFO - Prompt processing progress: 4096/17228
2026-10-01 21:18:08,678 - INFO - Prompt processing progress: 6144/17228
2026-10-01 21:18:10,110 - INFO - Prompt processing progress: 8192/17228
2026-10-01 21:18:11,577 - INFO - Prompt processing progress: 10240/17228
2026-10-01 21:18:13,098 - INFO - Prompt processing progress: 12288/17228
2026-10-01 21:18:14,675 - INFO - Prompt processing progress: 14336/17228
2026-10-01 21:18:16,300 - INFO - Prompt processing progress: 16384/17228
2026-10-01 21:18:17,073 - INFO - Prompt processing progress: 17227/17228
2026-10-01 21:18:17,132 - INFO - Prompt processing progress: 17228/17228
2026-10-01 21:18:18,011 - INFO - Prompt Cache: 1 sequences, 0.51 GB
2026-10-01 21:18:18,011 - INFO - - assistant: 0 sequences, 0.00 GB
2026-10-01 21:18:18,011 - INFO - - user: 0 sequences, 0.00 GB
2026-10-01 21:18:18,011 - INFO - - system: 1 sequences, 0.51 GB
127.0.0.1 - - [01/Oct/2026 21:18:18] "POST /v1/chat/completions HTTP/1.1" 200 -
2026-10-01 21:18:19,319 - INFO - Prompt processing progress: 2048/20422
2026-10-01 21:18:20,635 - INFO - Prompt processing progress: 4096/20422
2026-10-01 21:18:22,009 - INFO - Prompt processing progress: 6144/20422
2026-10-01 21:18:23,438 - INFO - Prompt processing progress: 8192/20422
2026-10-01 21:18:24,915 - INFO - Prompt processing progress: 10240/20422
2026-10-01 21:18:26,441 - INFO - Prompt processing progress: 12288/20422
2026-10-01 21:18:28,016 - INFO - Prompt processing progress: 14336/20422
2026-10-01 21:18:29,652 - INFO - Prompt processing progress: 16384/20422
2026-10-01 21:18:31,325 - INFO - Prompt processing progress: 18432/20422
2026-10-01 21:18:33,085 - INFO - Prompt processing progress: 20421/20422
2026-10-01 21:18:33,141 - INFO - Prompt processing progress: 20422/20422
2026-10-01 21:18:34,362 - WARNING - Failed to parse tool call (ValueError: No function provided.) — tool text was likely truncated mid-generation.
2026-10-01 21:18:34,379 - INFO - Prompt Cache: 1 sequences, 0.51 GB
2026-10-01 21:18:34,379 - INFO - - assistant: 0 sequences, 0.00 GB
2026-10-01 21:18:34,380 - INFO - - user: 0 sequences, 0.00 GB
2026-10-01 21:18:34,380 - INFO - - system: 1 sequences, 0.51 GB
127.0.0.1 - - [01/Oct/2026 21:18:34] "POST /v1/chat/completions HTTP/1.1" 200 -
2026-10-01 21:18:35,694 - INFO - Prompt processing progress: 2048/23849
2026-10-01 21:18:37,007 - INFO - Prompt processing progress: 4096/23849
2026-10-01 21:18:38,386 - INFO - Prompt processing progress: 6144/23849
2026-10-01 21:18:39,817 - INFO - Prompt processing progress: 8192/23849
2026-10-01 21:18:41,293 - INFO - Prompt processing progress: 10240/23849
2026-10-01 21:18:42,825 - INFO - Prompt processing progress: 12288/23849
2026-10-01 21:18:44,403 - INFO - Prompt processing progress: 14336/23849
2026-10-01 21:18:46,037 - INFO - Prompt processing progress: 16384/23849
2026-10-01 21:18:47,713 - INFO - Prompt processing progress: 18432/23849
2026-10-01 21:18:49,437 - INFO - Prompt processing progress: 20480/23849
2026-10-01 21:18:51,217 - INFO - Prompt processing progress: 22528/23849
2026-10-01 21:18:52,465 - INFO - Prompt processing progress: 23848/23849
2026-10-01 21:18:52,519 - INFO - Prompt processing progress: 23849/23849
2026-10-01 21:18:53,930 - INFO - Prompt Cache: 1 sequences, 0.51 GB
2026-10-01 21:18:53,930 - INFO - - assistant: 0 sequences, 0.00 GB
2026-10-01 21:18:53,930 - INFO - - user: 0 sequences, 0.00 GB
2026-10-01 21:18:53,930 - INFO - - system: 1 sequences, 0.51 GB
127.0.0.1 - - [01/Oct/2026 21:18:53] "POST /v1/chat/completions HTTP/1.1" 200 -
2026-10-01 21:18:55,248 - INFO - Prompt processing progress: 2048/25133
2026-10-01 21:18:56,563 - INFO - Prompt processing progress: 4096/25133
2026-10-01 21:18:57,942 - INFO - Prompt processing progress: 6144/25133
2026-10-01 21:18:59,372 - INFO - Prompt processing progress: 8192/25133
2026-10-01 21:19:00,853 - INFO - Prompt processing progress: 10240/25133
2026-10-01 21:19:02,385 - INFO - Prompt processing progress: 12288/25133
2026-10-01 21:19:03,969 - INFO - Prompt processing progress: 14336/25133
2026-10-01 21:19:05,607 - INFO - Prompt processing progress: 16384/25133
2026-10-01 21:19:07,293 - INFO - Prompt processing progress: 18432/25133
2026-10-01 21:19:09,027 - INFO - Prompt processing progress: 20480/25133
2026-10-01 21:19:10,810 - INFO - Prompt processing progress: 22528/25133
2026-10-01 21:19:12,645 - INFO - Prompt processing progress: 24576/25133
2026-10-01 21:19:13,268 - INFO - Prompt processing progress: 25132/25133
2026-10-01 21:19:13,315 - INFO - Prompt processing progress: 25133/25133
2026-10-01 21:19:14,905 - INFO - Prompt Cache: 1 sequences, 0.51 GB
2026-10-01 21:19:14,905 - INFO - - assistant: 0 sequences, 0.00 GB
2026-10-01 21:19:14,905 - INFO - - user: 0 sequences, 0.00 GB
2026-10-01 21:19:14,905 - INFO - - system: 1 sequences, 0.51 GB
127.0.0.1 - - [01/Oct/2026 21:19:14] "POST /v1/chat/completions HTTP/1.1" 200 -
2026-10-01 21:19:16,221 - INFO - Prompt processing progress: 2048/26788
2026-10-01 21:19:17,548 - INFO - Prompt processing progress: 4096/26788
2026-10-01 21:19:18,930 - INFO - Prompt processing progress: 6144/26788
2026-10-01 21:19:20,365 - INFO - Prompt processing progress: 8192/26788
2026-10-01 21:19:21,845 - INFO - Prompt processing progress: 10240/26788
2026-10-01 21:19:23,375 - INFO - Prompt processing progress: 12288/26788
2026-10-01 21:19:24,953 - INFO - Prompt processing progress: 14336/26788
2026-10-01 21:19:26,588 - INFO - Prompt processing progress: 16384/26788
2026-10-01 21:19:28,274 - INFO - Prompt processing progress: 18432/26788
2026-10-01 21:19:30,007 - INFO - Prompt processing progress: 20480/26788
2026-10-01 21:19:31,790 - INFO - Prompt processing progress: 22528/26788
2026-10-01 21:19:33,634 - INFO - Prompt processing progress: 24576/26788
2026-10-01 21:19:35,520 - INFO - Prompt processing progress: 26624/26788
2026-10-01 21:19:35,844 - INFO - Prompt processing progress: 26787/26788
2026-10-01 21:19:35,887 - INFO - Prompt processing progress: 26788/26788
2026-10-01 21:19:37,520 - WARNING - Failed to parse tool call (ValueError: No function provided.) — tool text was likely truncated mid-generation.
2026-10-01 21:19:37,544 - INFO - Prompt Cache: 1 sequences, 0.51 GB
2026-10-01 21:19:37,544 - INFO - - assistant: 0 sequences, 0.00 GB
2026-10-01 21:19:37,544 - INFO - - user: 0 sequences, 0.00 GB
2026-10-01 21:19:37,544 - INFO - - system: 1 sequences, 0.51 GB
127.0.0.1 - - [01/Oct/2026 21:19:37] "POST /v1/chat/completions HTTP/1.1" 200 -
2026-10-01 21:19:38,866 - INFO - Prompt processing progress: 2048/29503
2026-10-01 21:19:40,188 - INFO - Prompt processing progress: 4096/29503
2026-10-01 21:19:41,568 - INFO - Prompt processing progress: 6144/29503
2026-10-01 21:19:43,008 - INFO - Prompt processing progress: 8192/29503
2026-10-01 21:19:44,497 - INFO - Prompt processing progress: 10240/29503
2026-10-01 21:19:46,031 - INFO - Prompt processing progress: 12288/29503
2026-10-01 21:19:47,619 - INFO - Prompt processing progress: 14336/29503
2026-10-01 21:19:49,255 - INFO - Prompt processing progress: 16384/29503
2026-10-01 21:19:50,942 - INFO - Prompt processing progress: 18432/29503
2026-10-01 21:19:52,682 - INFO - Prompt processing progress: 20480/29503
2026-10-01 21:19:54,464 - INFO - Prompt processing progress: 22528/29503
2026-10-01 21:19:56,300 - INFO - Prompt processing progress: 24576/29503
2026-10-01 21:19:58,196 - INFO - Prompt processing progress: 26624/29503
2026-10-01 21:20:00,135 - INFO - Prompt processing progress: 28672/29503
2026-10-01 21:20:01,035 - INFO - Prompt processing progress: 29502/29503
2026-10-01 21:20:01,089 - INFO - Prompt processing progress: 29503/29503
2026-10-01 21:20:02,486 - WARNING - Failed to parse tool call (ValueError: No function provided.) — tool text was likely truncated mid-generation.
2026-10-01 21:20:02,508 - INFO - Prompt Cache: 1 sequences, 0.51 GB
2026-10-01 21:20:02,508 - INFO - - assistant: 0 sequences, 0.00 GB
2026-10-01 21:20:02,508 - INFO - - user: 0 sequences, 0.00 GB
2026-10-01 21:20:02,508 - INFO - - system: 1 sequences, 0.51 GB
127.0.0.1 - - [01/Oct/2026 21:20:02] "POST /v1/chat/completions HTTP/1.1" 200 -
2026-10-01 21:20:03,828 - INFO - Prompt processing progress: 2048/31303
2026-10-01 21:20:05,156 - INFO - Prompt processing progress: 4096/31303
2026-10-01 21:20:06,532 - INFO - Prompt processing progress: 6144/31303
2026-10-01 21:20:07,967 - INFO - Prompt processing progress: 8192/31303
2026-10-01 21:20:09,455 - INFO - Prompt processing progress: 10240/31303
2026-10-01 21:20:10,987 - INFO - Prompt processing progress: 12288/31303
2026-10-01 21:20:12,574 - INFO - Prompt processing progress: 14336/31303
2026-10-01 21:20:14,210 - INFO - Prompt processing progress: 16384/31303
2026-10-01 21:20:15,898 - INFO - Prompt processing progress: 18432/31303
2026-10-01 21:20:17,631 - INFO - Prompt processing progress: 20480/31303
2026-10-01 21:20:19,414 - INFO - Prompt processing progress: 22528/31303
2026-10-01 21:20:21,262 - INFO - Prompt processing progress: 24576/31303
2026-10-01 21:20:23,169 - INFO - Prompt processing progress: 26624/31303
2026-10-01 21:20:25,107 - INFO - Prompt processing progress: 28672/31303
2026-10-01 21:20:27,110 - INFO - Prompt processing progress: 30720/31303
2026-10-01 21:20:27,798 - INFO - Prompt processing progress: 31302/31303
2026-10-01 21:20:27,864 - INFO - Prompt processing progress: 31303/31303
2026-10-01 21:20:28,814 - INFO - Prompt Cache: 1 sequences, 0.51 GB
2026-10-01 21:20:28,814 - INFO - - assistant: 0 sequences, 0.00 GB
2026-10-01 21:20:28,814 - INFO - - user: 0 sequences, 0.00 GB
2026-10-01 21:20:28,814 - INFO - - system: 1 sequences, 0.51 GB
127.0.0.1 - - [01/Oct/2026 21:20:28] "POST /v1/chat/completions HTTP/1.1" 200 -
2026-10-01 21:20:30,126 - INFO - Prompt processing progress: 2048/34114
2026-10-01 21:20:31,449 - INFO - Prompt processing progress: 4096/34114
2026-10-01 21:20:32,823 - INFO - Prompt processing progress: 6144/34114
2026-10-01 21:20:34,253 - INFO - Prompt processing progress: 8192/34114
2026-10-01 21:20:35,743 - INFO - Prompt processing progress: 10240/34114
2026-10-01 21:20:37,274 - INFO - Prompt processing progress: 12288/34114
2026-10-01 21:20:38,862 - INFO - Prompt processing progress: 14336/34114
2026-10-01 21:20:40,492 - INFO - Prompt processing progress: 16384/34114
2026-10-01 21:20:42,178 - INFO - Prompt processing progress: 18432/34114
2026-10-01 21:20:43,916 - INFO - Prompt processing progress: 20480/34114
2026-10-01 21:20:45,699 - INFO - Prompt processing progress: 22528/34114
2026-10-01 21:20:47,539 - INFO - Prompt processing progress: 24576/34114
2026-10-01 21:20:49,425 - INFO - Prompt processing progress: 26624/34114
2026-10-01 21:20:51,363 - INFO - Prompt processing progress: 28672/34114
2026-10-01 21:20:53,354 - INFO - Prompt processing progress: 30720/34114
2026-10-01 21:20:55,404 - INFO - Prompt processing progress: 32768/34114
2026-10-01 21:20:56,901 - INFO - Prompt processing progress: 34113/34114
2026-10-01 21:20:56,966 - INFO - Prompt processing progress: 34114/34114
2026-10-01 21:20:59,477 - INFO - Prompt Cache: 1 sequences, 0.51 GB
2026-10-01 21:20:59,477 - INFO - - assistant: 0 sequences, 0.00 GB
2026-10-01 21:20:59,477 - INFO - - user: 0 sequences, 0.00 GB
2026-10-01 21:20:59,477 - INFO - - system: 1 sequences, 0.51 GB
127.0.0.1 - - [01/Oct/2026 21:20:59] "POST /v1/chat/completions HTTP/1.1" 200 -
2026-10-01 21:21:00,794 - INFO - Prompt processing progress: 2048/37612
2026-10-01 21:21:02,122 - INFO - Prompt processing progress: 4096/37612
2026-10-01 21:21:03,499 - INFO - Prompt processing progress: 6144/37612
2026-10-01 21:21:04,937 - INFO - Prompt processing progress: 8192/37612
2026-10-01 21:21:06,415 - INFO - Prompt processing progress: 10240/37612
2026-10-01 21:21:07,950 - INFO - Prompt processing progress: 12288/37612
2026-10-01 21:21:09,536 - INFO - Prompt processing progress: 14336/37612
2026-10-01 21:21:11,170 - INFO - Prompt processing progress: 16384/37612
2026-10-01 21:21:12,857 - INFO - Prompt processing progress: 18432/37612
2026-10-01 21:21:14,584 - INFO - Prompt processing progress: 20480/37612
2026-10-01 21:21:16,373 - INFO - Prompt processing progress: 22528/37612
2026-10-01 21:21:18,208 - INFO - Prompt processing progress: 24576/37612
2026-10-01 21:21:20,100 - INFO - Prompt processing progress: 26624/37612
2026-10-01 21:21:22,043 - INFO - Prompt processing progress: 28672/37612
2026-10-01 21:21:24,046 - INFO - Prompt processing progress: 30720/37612
2026-10-01 21:21:26,087 - INFO - Prompt processing progress: 32768/37612
2026-10-01 21:21:28,189 - INFO - Prompt processing progress: 34816/37612
2026-10-01 21:21:30,329 - INFO - Prompt processing progress: 36864/37612
2026-10-01 21:21:31,232 - INFO - Prompt processing progress: 37611/37612
2026-10-01 21:21:31,290 - INFO - Prompt processing progress: 37612/37612
2026-10-01 21:21:32,488 - INFO - Prompt Cache: 1 sequences, 0.51 GB
2026-10-01 21:21:32,488 - INFO - - assistant: 0 sequences, 0.00 GB
2026-10-01 21:21:32,488 - INFO - - user: 0 sequences, 0.00 GB
2026-10-01 21:21:32,488 - INFO - - system: 1 sequences, 0.51 GB
127.0.0.1 - - [01/Oct/2026 21:21:32] "POST /v1/chat/completions HTTP/1.1" 200 -
2026-10-01 21:21:33,806 - INFO - Prompt processing progress: 2048/37770
2026-10-01 21:21:35,118 - INFO - Prompt processing progress: 4096/37770
2026-10-01 21:21:36,492 - INFO - Prompt processing progress: 6144/37770
2026-10-01 21:21:37,923 - INFO - Prompt processing progress: 8192/37770
2026-10-01 21:21:39,413 - INFO - Prompt processing progress: 10240/37770
2026-10-01 21:21:40,946 - INFO - Prompt processing progress: 12288/37770
2026-10-01 21:21:42,529 - INFO - Prompt processing progress: 14336/37770
2026-10-01 21:21:44,155 - INFO - Prompt processing progress: 16384/37770
2026-10-01 21:21:45,835 - INFO - Prompt processing progress: 18432/37770
2026-10-01 21:21:47,569 - INFO - Prompt processing progress: 20480/37770
2026-10-01 21:21:49,355 - INFO - Prompt processing progress: 22528/37770
2026-10-01 21:21:51,185 - INFO - Prompt processing progress: 24576/37770
2026-10-01 21:21:53,070 - INFO - Prompt processing progress: 26624/37770
2026-10-01 21:21:55,011 - INFO - Prompt processing progress: 28672/37770
2026-10-01 21:21:57,001 - INFO - Prompt processing progress: 30720/37770
2026-10-01 21:21:59,038 - INFO - Prompt processing progress: 32768/37770
2026-10-01 21:22:01,131 - INFO - Prompt processing progress: 34816/37770
2026-10-01 21:22:03,255 - INFO - Prompt processing progress: 36864/37770
2026-10-01 21:22:04,327 - INFO - Prompt processing progress: 37769/37770
2026-10-01 21:22:04,390 - INFO - Prompt processing progress: 37770/37770
2026-10-01 21:22:05,599 - INFO - Prompt Cache: 1 sequences, 0.51 GB
2026-10-01 21:22:05,599 - INFO - - assistant: 0 sequences, 0.00 GB
2026-10-01 21:22:05,599 - INFO - - user: 0 sequences, 0.00 GB
2026-10-01 21:22:05,599 - INFO - - system: 1 sequences, 0.51 GB
127.0.0.1 - - [01/Oct/2026 21:22:05] "POST /v1/chat/completions HTTP/1.1" 200 -
2026-10-01 21:22:05,938 - INFO - Prompt processing progress: 234/235
2026-10-01 21:22:05,965 - INFO - Prompt processing progress: 235/235
2026-10-01 21:22:06,642 - INFO - Prompt Cache: 1 sequences, 0.51 GB
2026-10-01 21:22:06,642 - INFO - - assistant: 0 sequences, 0.00 GB
2026-10-01 21:22:06,642 - INFO - - user: 0 sequences, 0.00 GB
2026-10-01 21:22:06,642 - INFO - - system: 1 sequences, 0.51 GB
127.0.0.1 - - [01/Oct/2026 21:22:06] "POST /v1/chat/completions HTTP/1.1" 200 -
2026-10-01 21:22:07,953 - INFO - Prompt processing progress: 2048/4867
2026-10-01 21:22:09,275 - INFO - Prompt processing progress: 4096/4867
2026-10-01 21:22:09,881 - INFO - Prompt processing progress: 4866/4867
2026-10-01 21:22:09,913 - INFO - Prompt processing progress: 4867/4867
2026-10-01 21:22:10,908 - INFO - Prompt Cache: 1 sequences, 0.51 GB
2026-10-01 21:22:10,908 - INFO - - assistant: 0 sequences, 0.00 GB
2026-10-01 21:22:10,908 - INFO - - user: 0 sequences, 0.00 GB
2026-10-01 21:22:10,908 - INFO - - system: 1 sequences, 0.51 GB
127.0.0.1 - - [01/Oct/2026 21:22:10] "POST /v1/chat/completions HTTP/1.1" 200 -
2026-10-01 21:22:12,220 - INFO - Prompt processing progress: 2048/8191
2026-10-01 21:22:13,538 - INFO - Prompt processing progress: 4096/8191
2026-10-01 21:22:14,914 - INFO - Prompt processing progress: 6144/8191
2026-10-01 21:22:16,411 - INFO - Prompt processing progress: 8190/8191
2026-10-01 21:22:16,467 - INFO - Prompt processing progress: 8191/8191
2026-10-01 21:22:17,790 - INFO - Prompt Cache: 1 sequences, 0.51 GB
2026-10-01 21:22:17,790 - INFO - - assistant: 0 sequences, 0.00 GB
2026-10-01 21:22:17,790 - INFO - - user: 0 sequences, 0.00 GB
2026-10-01 21:22:17,790 - INFO - - system: 1 sequences, 0.51 GB
127.0.0.1 - - [01/Oct/2026 21:22:17] "POST /v1/chat/completions HTTP/1.1" 200 -
2026-10-01 21:22:19,097 - INFO - Prompt processing progress: 2048/11525
2026-10-01 21:22:20,422 - INFO - Prompt processing progress: 4096/11525
2026-10-01 21:22:21,796 - INFO - Prompt processing progress: 6144/11525
2026-10-01 21:22:23,229 - INFO - Prompt processing progress: 8192/11525
2026-10-01 21:22:24,717 - INFO - Prompt processing progress: 10240/11525
2026-10-01 21:22:25,734 - INFO - Prompt processing progress: 11524/11525
2026-10-01 21:22:25,777 - INFO - Prompt processing progress: 11525/11525
2026-10-01 21:22:27,432 - INFO - Prompt Cache: 1 sequences, 0.51 GB
2026-10-01 21:22:27,432 - INFO - - assistant: 0 sequences, 0.00 GB
2026-10-01 21:22:27,432 - INFO - - user: 0 sequences, 0.00 GB
2026-10-01 21:22:27,432 - INFO - - system: 1 sequences, 0.51 GB
127.0.0.1 - - [01/Oct/2026 21:22:27] "POST /v1/chat/completions HTTP/1.1" 200 -
2026-10-01 21:22:28,748 - INFO - Prompt processing progress: 2048/12090
2026-10-01 21:22:30,071 - INFO - Prompt processing progress: 4096/12090
2026-10-01 21:22:31,447 - INFO - Prompt processing progress: 6144/12090
2026-10-01 21:22:32,883 - INFO - Prompt processing progress: 8192/12090
2026-10-01 21:22:34,369 - INFO - Prompt processing progress: 10240/12090
2026-10-01 21:22:35,833 - INFO - Prompt processing progress: 12089/12090
2026-10-01 21:22:35,880 - INFO - Prompt processing progress: 12090/12090
2026-10-01 21:22:36,698 - WARNING - Failed to parse tool call (ValueError: No function provided.) — tool text was likely truncated mid-generation.
2026-10-01 21:22:36,724 - INFO - Prompt Cache: 1 sequences, 0.51 GB
2026-10-01 21:22:36,724 - INFO - - assistant: 0 sequences, 0.00 GB
2026-10-01 21:22:36,724 - INFO - - user: 0 sequences, 0.00 GB
2026-10-01 21:22:36,724 - INFO - - system: 1 sequences, 0.51 GB
127.0.0.1 - - [01/Oct/2026 21:22:36] "POST /v1/chat/completions HTTP/1.1" 200 -
2026-10-01 21:22:38,033 - INFO - Prompt processing progress: 2048/13649
2026-10-01 21:22:39,348 - INFO - Prompt processing progress: 4096/13649
2026-10-01 21:22:40,724 - INFO - Prompt processing progress: 6144/13649
2026-10-01 21:22:42,155 - INFO - Prompt processing progress: 8192/13649
2026-10-01 21:22:43,637 - INFO - Prompt processing progress: 10240/13649
2026-10-01 21:22:45,171 - INFO - Prompt processing progress: 12288/13649
2026-10-01 21:22:46,287 - INFO - Prompt processing progress: 13648/13649
2026-10-01 21:22:46,331 - INFO - Prompt processing progress: 13649/13649
2026-10-01 21:22:47,153 - WARNING - Failed to parse tool call (ValueError: No function provided.) — tool text was likely truncated mid-generation.
2026-10-01 21:22:47,167 - INFO - Prompt Cache: 1 sequences, 0.51 GB
2026-10-01 21:22:47,167 - INFO - - assistant: 0 sequences, 0.00 GB
2026-10-01 21:22:47,167 - INFO - - user: 0 sequences, 0.00 GB
2026-10-01 21:22:47,167 - INFO - - system: 1 sequences, 0.51 GB
127.0.0.1 - - [01/Oct/2026 21:22:47] "POST /v1/chat/completions HTTP/1.1" 200 -
2026-10-01 21:22:48,479 - INFO - Prompt processing progress: 2048/15297
2026-10-01 21:22:49,799 - INFO - Prompt processing progress: 4096/15297
2026-10-01 21:22:51,176 - INFO - Prompt processing progress: 6144/15297
2026-10-01 21:22:52,613 - INFO - Prompt processing progress: 8192/15297
2026-10-01 21:22:54,096 - INFO - Prompt processing progress: 10240/15297
2026-10-01 21:22:55,638 - INFO - Prompt processing progress: 12288/15297
2026-10-01 21:22:57,231 - INFO - Prompt processing progress: 14336/15297
2026-10-01 21:22:58,061 - INFO - Prompt processing progress: 15296/15297
2026-10-01 21:22:58,117 - INFO - Prompt processing progress: 15297/15297
2026-10-01 21:22:59,527 - WARNING - Failed to parse tool call (ValueError: No function provided.) — tool text was likely truncated mid-generation.
2026-10-01 21:22:59,542 - INFO - Prompt Cache: 1 sequences, 0.51 GB
2026-10-01 21:22:59,542 - INFO - - assistant: 0 sequences, 0.00 GB
2026-10-01 21:22:59,542 - INFO - - user: 0 sequences, 0.00 GB
2026-10-01 21:22:59,542 - INFO - - system: 1 sequences, 0.51 GB
127.0.0.1 - - [01/Oct/2026 21:22:59] "POST /v1/chat/completions HTTP/1.1" 200 -
2026-10-01 21:23:00,857 - INFO - Prompt processing progress: 2048/17573
2026-10-01 21:23:02,180 - INFO - Prompt processing progress: 4096/17573
2026-10-01 21:23:03,564 - INFO - Prompt processing progress: 6144/17573
2026-10-01 21:23:04,992 - INFO - Prompt processing progress: 8192/17573
2026-10-01 21:23:06,479 - INFO - Prompt processing progress: 10240/17573
2026-10-01 21:23:08,016 - INFO - Prompt processing progress: 12288/17573
2026-10-01 21:23:09,606 - INFO - Prompt processing progress: 14336/17573
2026-10-01 21:23:11,241 - INFO - Prompt processing progress: 16384/17573
2026-10-01 21:23:12,263 - INFO - Prompt processing progress: 17572/17573
2026-10-01 21:23:12,309 - INFO - Prompt processing progress: 17573/17573
2026-10-01 21:23:13,301 - INFO - Prompt Cache: 1 sequences, 0.51 GB
2026-10-01 21:23:13,301 - INFO - - assistant: 0 sequences, 0.00 GB
2026-10-01 21:23:13,301 - INFO - - user: 0 sequences, 0.00 GB
2026-10-01 21:23:13,301 - INFO - - system: 1 sequences, 0.51 GB
127.0.0.1 - - [01/Oct/2026 21:23:13] "POST /v1/chat/completions HTTP/1.1" 200 -
2026-10-01 21:23:14,614 - INFO - Prompt processing progress: 2048/19609
2026-10-01 21:23:15,946 - INFO - Prompt processing progress: 4096/19609
2026-10-01 21:23:17,326 - INFO - Prompt processing progress: 6144/19609
2026-10-01 21:23:18,760 - INFO - Prompt processing progress: 8192/19609
2026-10-01 21:23:20,251 - INFO - Prompt processing progress: 10240/19609
2026-10-01 21:23:21,792 - INFO - Prompt processing progress: 12288/19609
2026-10-01 21:23:23,384 - INFO - Prompt processing progress: 14336/19609
2026-10-01 21:23:25,020 - INFO - Prompt processing progress: 16384/19609
2026-10-01 21:23:26,725 - INFO - Prompt processing progress: 18432/19609
2026-10-01 21:23:27,780 - INFO - Prompt processing progress: 19608/19609
2026-10-01 21:23:27,827 - INFO - Prompt processing progress: 19609/19609
2026-10-01 21:23:28,847 - INFO - Prompt Cache: 1 sequences, 0.51 GB
2026-10-01 21:23:28,847 - INFO - - assistant: 0 sequences, 0.00 GB
2026-10-01 21:23:28,847 - INFO - - user: 0 sequences, 0.00 GB
2026-10-01 21:23:28,847 - INFO - - system: 1 sequences, 0.51 GB
127.0.0.1 - - [01/Oct/2026 21:23:28] "POST /v1/chat/completions HTTP/1.1" 200 -
2026-10-01 21:23:30,162 - INFO - Prompt processing progress: 2048/23133
2026-10-01 21:23:31,492 - INFO - Prompt processing progress: 4096/23133
2026-10-01 21:23:32,867 - INFO - Prompt processing progress: 6144/23133
2026-10-01 21:23:34,347 - INFO - Prompt processing progress: 8192/23133
2026-10-01 21:23:35,891 - INFO - Prompt processing progress: 10240/23133
2026-10-01 21:23:37,480 - INFO - Prompt processing progress: 12288/23133
2026-10-01 21:23:39,075 - INFO - Prompt processing progress: 14336/23133
2026-10-01 21:23:40,715 - INFO - Prompt processing progress: 16384/23133
2026-10-01 21:23:42,407 - INFO - Prompt processing progress: 18432/23133
2026-10-01 21:23:44,146 - INFO - Prompt processing progress: 20480/23133
2026-10-01 21:23:45,943 - INFO - Prompt processing progress: 22528/23133
2026-10-01 21:23:46,582 - INFO - Prompt processing progress: 23132/23133
2026-10-01 21:23:46,627 - INFO - Prompt processing progress: 23133/23133
2026-10-01 21:23:47,953 - INFO - Prompt Cache: 1 sequences, 0.51 GB
2026-10-01 21:23:47,953 - INFO - - assistant: 0 sequences, 0.00 GB
2026-10-01 21:23:47,953 - INFO - - user: 0 sequences, 0.00 GB
2026-10-01 21:23:47,953 - INFO - - system: 1 sequences, 0.51 GB
127.0.0.1 - - [01/Oct/2026 21:23:47] "POST /v1/chat/completions HTTP/1.1" 200 -
2026-10-01 21:23:49,269 - INFO - Prompt processing progress: 2048/25169
2026-10-01 21:23:50,596 - INFO - Prompt processing progress: 4096/25169
2026-10-01 21:23:51,998 - INFO - Prompt processing progress: 6144/25169
2026-10-01 21:23:53,467 - INFO - Prompt processing progress: 8192/25169
2026-10-01 21:23:54,984 - INFO - Prompt processing progress: 10240/25169
2026-10-01 21:23:56,565 - INFO - Prompt processing progress: 12288/25169
2026-10-01 21:23:58,187 - INFO - Prompt processing progress: 14336/25169
2026-10-01 21:23:59,867 - INFO - Prompt processing progress: 16384/25169
2026-10-01 21:24:01,604 - INFO - Prompt processing progress: 18432/25169
2026-10-01 21:24:03,379 - INFO - Prompt processing progress: 20480/25169
2026-10-01 21:24:05,200 - INFO - Prompt processing progress: 22528/25169
2026-10-01 21:24:07,083 - INFO - Prompt processing progress: 24576/25169
2026-10-01 21:24:07,736 - INFO - Prompt processing progress: 25168/25169
2026-10-01 21:24:07,781 - INFO - Prompt processing progress: 25169/25169
2026-10-01 21:24:08,841 - INFO - Prompt Cache: 1 sequences, 0.51 GB
2026-10-01 21:24:08,841 - INFO - - assistant: 0 sequences, 0.00 GB
2026-10-01 21:24:08,841 - INFO - - user: 0 sequences, 0.00 GB
2026-10-01 21:24:08,841 - INFO - - system: 1 sequences, 0.51 GB
127.0.0.1 - - [01/Oct/2026 21:24:08] "POST /v1/chat/completions HTTP/1.1" 200 -
2026-10-01 21:24:10,178 - INFO - Prompt processing progress: 2048/28661
2026-10-01 21:24:11,523 - INFO - Prompt processing progress: 4096/28661
2026-10-01 21:24:12,934 - INFO - Prompt processing progress: 6144/28661
2026-10-01 21:24:14,394 - INFO - Prompt processing progress: 8192/28661
2026-10-01 21:24:15,914 - INFO - Prompt processing progress: 10240/28661
2026-10-01 21:24:17,486 - INFO - Prompt processing progress: 12288/28661
2026-10-01 21:24:19,105 - INFO - Prompt processing progress: 14336/28661
2026-10-01 21:24:20,787 - INFO - Prompt processing progress: 16384/28661
2026-10-01 21:24:22,524 - INFO - Prompt processing progress: 18432/28661
2026-10-01 21:24:24,312 - INFO - Prompt processing progress: 20480/28661
2026-10-01 21:24:26,141 - INFO - Prompt processing progress: 22528/28661
2026-10-01 21:24:28,020 - INFO - Prompt processing progress: 24576/28661
2026-10-01 21:24:29,936 - INFO - Prompt processing progress: 26624/28661
2026-10-01 21:24:31,967 - INFO - Prompt processing progress: 28660/28661
2026-10-01 21:24:32,033 - INFO - Prompt processing progress: 28661/28661
2026-10-01 21:24:32,980 - WARNING - Failed to parse tool call (ValueError: No function provided.) — tool text was likely truncated mid-generation.
2026-10-01 21:24:33,001 - INFO - Prompt Cache: 1 sequences, 0.51 GB
2026-10-01 21:24:33,001 - INFO - - assistant: 0 sequences, 0.00 GB
2026-10-01 21:24:33,001 - INFO - - user: 0 sequences, 0.00 GB
2026-10-01 21:24:33,001 - INFO - - system: 1 sequences, 0.51 GB
127.0.0.1 - - [01/Oct/2026 21:24:33] "POST /v1/chat/completions HTTP/1.1" 200 -
2026-10-01 21:24:34,344 - INFO - Prompt processing progress: 2048/30899
2026-10-01 21:24:35,689 - INFO - Prompt processing progress: 4096/30899
2026-10-01 21:24:37,096 - INFO - Prompt processing progress: 6144/30899
2026-10-01 21:24:38,563 - INFO - Prompt processing progress: 8192/30899
2026-10-01 21:24:40,085 - INFO - Prompt processing progress: 10240/30899
2026-10-01 21:24:41,652 - INFO - Prompt processing progress: 12288/30899
2026-10-01 21:24:43,281 - INFO - Prompt processing progress: 14336/30899
2026-10-01 21:24:44,960 - INFO - Prompt processing progress: 16384/30899
2026-10-01 21:24:46,697 - INFO - Prompt processing progress: 18432/30899
2026-10-01 21:24:48,481 - INFO - Prompt processing progress: 20480/30899
2026-10-01 21:24:50,314 - INFO - Prompt processing progress: 22528/30899
2026-10-01 21:24:52,200 - INFO - Prompt processing progress: 24576/30899
2026-10-01 21:24:54,142 - INFO - Prompt processing progress: 26624/30899
2026-10-01 21:24:56,141 - INFO - Prompt processing progress: 28672/30899
2026-10-01 21:24:58,185 - INFO - Prompt processing progress: 30720/30899
2026-10-01 21:24:58,537 - INFO - Prompt processing progress: 30898/30899
2026-10-01 21:24:58,597 - INFO - Prompt processing progress: 30899/30899
2026-10-01 21:24:59,937 - WARNING - Failed to parse tool call (ValueError: No function provided.) — tool text was likely truncated mid-generation.
2026-10-01 21:24:59,959 - INFO - Prompt Cache: 1 sequences, 0.51 GB
2026-10-01 21:24:59,959 - INFO - - assistant: 0 sequences, 0.00 GB
2026-10-01 21:24:59,959 - INFO - - user: 0 sequences, 0.00 GB
2026-10-01 21:24:59,959 - INFO - - system: 1 sequences, 0.51 GB
127.0.0.1 - - [01/Oct/2026 21:24:59] "POST /v1/chat/completions HTTP/1.1" 200 -
2026-10-01 21:25:01,299 - INFO - Prompt processing progress: 2048/33773
2026-10-01 21:25:02,652 - INFO - Prompt processing progress: 4096/33773
2026-10-01 21:25:04,058 - INFO - Prompt processing progress: 6144/33773
2026-10-01 21:25:05,516 - INFO - Prompt processing progress: 8192/33773
2026-10-01 21:25:07,045 - INFO - Prompt processing progress: 10240/33773
2026-10-01 21:25:08,616 - INFO - Prompt processing progress: 12288/33773
2026-10-01 21:25:10,240 - INFO - Prompt processing progress: 14336/33773
2026-10-01 21:25:11,929 - INFO - Prompt processing progress: 16384/33773
2026-10-01 21:25:13,670 - INFO - Prompt processing progress: 18432/33773
2026-10-01 21:25:15,463 - INFO - Prompt processing progress: 20480/33773
2026-10-01 21:25:17,299 - INFO - Prompt processing progress: 22528/33773
2026-10-01 21:25:19,196 - INFO - Prompt processing progress: 24576/33773
2026-10-01 21:25:21,136 - INFO - Prompt processing progress: 26624/33773
2026-10-01 21:25:23,127 - INFO - Prompt processing progress: 28672/33773
2026-10-01 21:25:25,177 - INFO - Prompt processing progress: 30720/33773
2026-10-01 21:25:27,273 - INFO - Prompt processing progress: 32768/33773
2026-10-01 21:25:28,400 - INFO - Prompt processing progress: 33772/33773
2026-10-01 21:25:28,457 - INFO - Prompt processing progress: 33773/33773
2026-10-01 21:25:29,799 - WARNING - Failed to parse tool call (ValueError: No function provided.) — tool text was likely truncated mid-generation.
2026-10-01 21:25:29,826 - INFO - Prompt Cache: 1 sequences, 0.51 GB
2026-10-01 21:25:29,826 - INFO - - assistant: 0 sequences, 0.00 GB
2026-10-01 21:25:29,826 - INFO - - user: 0 sequences, 0.00 GB
2026-10-01 21:25:29,826 - INFO - - system: 1 sequences, 0.51 GB
127.0.0.1 - - [01/Oct/2026 21:25:29] "POST /v1/chat/completions HTTP/1.1" 200 -
2026-10-01 21:25:31,166 - INFO - Prompt processing progress: 2048/36249
2026-10-01 21:25:32,511 - INFO - Prompt processing progress: 4096/36249
2026-10-01 21:25:33,917 - INFO - Prompt processing progress: 6144/36249
2026-10-01 21:25:35,380 - INFO - Prompt processing progress: 8192/36249
2026-10-01 21:25:36,905 - INFO - Prompt processing progress: 10240/36249
2026-10-01 21:25:38,472 - INFO - Prompt processing progress: 12288/36249
2026-10-01 21:25:40,106 - INFO - Prompt processing progress: 14336/36249
2026-10-01 21:25:41,784 - INFO - Prompt processing progress: 16384/36249
2026-10-01 21:25:43,516 - INFO - Prompt processing progress: 18432/36249
2026-10-01 21:25:45,304 - INFO - Prompt processing progress: 20480/36249
2026-10-01 21:25:47,139 - INFO - Prompt processing progress: 22528/36249
2026-10-01 21:25:49,028 - INFO - Prompt processing progress: 24576/36249
2026-10-01 21:25:50,971 - INFO - Prompt processing progress: 26624/36249
2026-10-01 21:25:52,974 - INFO - Prompt processing progress: 28672/36249
2026-10-01 21:25:55,032 - INFO - Prompt processing progress: 30720/36249
2026-10-01 21:25:57,134 - INFO - Prompt processing progress: 32768/36249
2026-10-01 21:25:59,301 - INFO - Prompt processing progress: 34816/36249
2026-10-01 21:26:00,933 - INFO - Prompt processing progress: 36248/36249
2026-10-01 21:26:00,998 - INFO - Prompt processing progress: 36249/36249
2026-10-01 21:26:01,985 - INFO - Prompt Cache: 1 sequences, 0.51 GB
2026-10-01 21:26:01,985 - INFO - - assistant: 0 sequences, 0.00 GB
2026-10-01 21:26:01,985 - INFO - - user: 0 sequences, 0.00 GB
2026-10-01 21:26:01,985 - INFO - - system: 1 sequences, 0.51 GB
127.0.0.1 - - [01/Oct/2026 21:26:01] "POST /v1/chat/completions HTTP/1.1" 200 -
2026-10-01 21:26:03,327 - INFO - Prompt processing progress: 2048/38156
2026-10-01 21:26:04,675 - INFO - Prompt processing progress: 4096/38156
2026-10-01 21:26:06,080 - INFO - Prompt processing progress: 6144/38156
2026-10-01 21:26:07,541 - INFO - Prompt processing progress: 8192/38156
2026-10-01 21:26:09,064 - INFO - Prompt processing progress: 10240/38156
2026-10-01 21:26:10,638 - INFO - Prompt processing progress: 12288/38156
2026-10-01 21:26:12,269 - INFO - Prompt processing progress: 14336/38156
2026-10-01 21:26:13,947 - INFO - Prompt processing progress: 16384/38156
2026-10-01 21:26:15,686 - INFO - Prompt processing progress: 18432/38156
2026-10-01 21:26:17,471 - INFO - Prompt processing progress: 20480/38156
2026-10-01 21:26:19,308 - INFO - Prompt processing progress: 22528/38156
2026-10-01 21:26:21,208 - INFO - Prompt processing progress: 24576/38156
2026-10-01 21:26:23,146 - INFO - Prompt processing progress: 26624/38156
2026-10-01 21:26:25,147 - INFO - Prompt processing progress: 28672/38156
2026-10-01 21:26:27,192 - INFO - Prompt processing progress: 30720/38156
2026-10-01 21:26:29,291 - INFO - Prompt processing progress: 32768/38156
2026-10-01 21:26:31,429 - INFO - Prompt processing progress: 34816/38156
2026-10-01 21:26:33,632 - INFO - Prompt processing progress: 36864/38156
2026-10-01 21:26:35,168 - INFO - Prompt processing progress: 38155/38156
2026-10-01 21:26:35,251 - INFO - Prompt processing progress: 38156/38156
2026-10-01 21:26:36,244 - INFO - Prompt Cache: 1 sequences, 0.51 GB
2026-10-01 21:26:36,244 - INFO - - assistant: 0 sequences, 0.00 GB
2026-10-01 21:26:36,244 - INFO - - user: 0 sequences, 0.00 GB
2026-10-01 21:26:36,244 - INFO - - system: 1 sequences, 0.51 GB
127.0.0.1 - - [01/Oct/2026 21:26:36] "POST /v1/chat/completions HTTP/1.1" 200 -
2026-10-01 21:26:37,583 - INFO - Prompt processing progress: 2048/42560
2026-10-01 21:26:38,936 - INFO - Prompt processing progress: 4096/42560
2026-10-01 21:26:40,340 - INFO - Prompt processing progress: 6144/42560
2026-10-01 21:26:41,798 - INFO - Prompt processing progress: 8192/42560
2026-10-01 21:26:43,320 - INFO - Prompt processing progress: 10240/42560
2026-10-01 21:26:44,895 - INFO - Prompt processing progress: 12288/42560
2026-10-01 21:26:46,513 - INFO - Prompt processing progress: 14336/42560
2026-10-01 21:26:48,213 - INFO - Prompt processing progress: 16384/42560
2026-10-01 21:26:49,947 - INFO - Prompt processing progress: 18432/42560
2026-10-01 21:26:51,724 - INFO - Prompt processing progress: 20480/42560
2026-10-01 21:26:53,558 - INFO - Prompt processing progress: 22528/42560
2026-10-01 21:26:55,452 - INFO - Prompt processing progress: 24576/42560
2026-10-01 21:26:57,413 - INFO - Prompt processing progress: 26624/42560
2026-10-01 21:26:59,414 - INFO - Prompt processing progress: 28672/42560
2026-10-01 21:27:01,473 - INFO - Prompt processing progress: 30720/42560
2026-10-01 21:27:03,570 - INFO - Prompt processing progress: 32768/42560
2026-10-01 21:27:05,747 - INFO - Prompt processing progress: 34816/42560
2026-10-01 21:27:07,962 - INFO - Prompt processing progress: 36864/42560
2026-10-01 21:27:10,239 - INFO - Prompt processing progress: 38912/42560
2026-10-01 21:27:12,566 - INFO - Prompt processing progress: 40960/42560
2026-10-01 21:27:14,551 - INFO - Prompt processing progress: 42559/42560
2026-10-01 21:27:14,646 - INFO - Prompt processing progress: 42560/42560
2026-10-01 21:27:15,961 - INFO - Prompt Cache: 1 sequences, 0.51 GB
2026-10-01 21:27:15,961 - INFO - - assistant: 0 sequences, 0.00 GB
2026-10-01 21:27:15,961 - INFO - - user: 0 sequences, 0.00 GB
2026-10-01 21:27:15,961 - INFO - - system: 1 sequences, 0.51 GB
127.0.0.1 - - [01/Oct/2026 21:27:15] "POST /v1/chat/completions HTTP/1.1" 200 -
2026-10-01 21:27:17,302 - INFO - Prompt processing progress: 2048/45138
2026-10-01 21:27:18,655 - INFO - Prompt processing progress: 4096/45138
2026-10-01 21:27:20,061 - INFO - Prompt processing progress: 6144/45138
2026-10-01 21:27:21,536 - INFO - Prompt processing progress: 8192/45138
2026-10-01 21:27:23,055 - INFO - Prompt processing progress: 10240/45138
2026-10-01 21:27:24,622 - INFO - Prompt processing progress: 12288/45138
2026-10-01 21:27:26,255 - INFO - Prompt processing progress: 14336/45138
2026-10-01 21:27:27,924 - INFO - Prompt processing progress: 16384/45138
2026-10-01 21:27:29,667 - INFO - Prompt processing progress: 18432/45138
2026-10-01 21:27:31,451 - INFO - Prompt processing progress: 20480/45138
2026-10-01 21:27:33,292 - INFO - Prompt processing progress: 22528/45138
2026-10-01 21:27:35,183 - INFO - Prompt processing progress: 24576/45138
2026-10-01 21:27:37,139 - INFO - Prompt processing progress: 26624/45138
2026-10-01 21:27:39,137 - INFO - Prompt processing progress: 28672/45138
2026-10-01 21:27:41,195 - INFO - Prompt processing progress: 30720/45138
2026-10-01 21:27:43,286 - INFO - Prompt processing progress: 32768/45138
2026-10-01 21:27:45,454 - INFO - Prompt processing progress: 34816/45138
2026-10-01 21:27:47,663 - INFO - Prompt processing progress: 36864/45138
2026-10-01 21:27:49,924 - INFO - Prompt processing progress: 38912/45138
2026-10-01 21:27:52,269 - INFO - Prompt processing progress: 40960/45138
2026-10-01 21:27:54,662 - INFO - Prompt processing progress: 43008/45138
2026-10-01 21:27:57,118 - INFO - Prompt processing progress: 45056/45138
2026-10-01 21:27:57,465 - INFO - Prompt processing progress: 45137/45138
2026-10-01 21:27:57,536 - INFO - Prompt processing progress: 45138/45138
2026-10-01 21:28:01,023 - INFO - Prompt Cache: 1 sequences, 0.51 GB
2026-10-01 21:28:01,023 - INFO - - assistant: 0 sequences, 0.00 GB
2026-10-01 21:28:01,023 - INFO - - user: 0 sequences, 0.00 GB
2026-10-01 21:28:01,023 - INFO - - system: 1 sequences, 0.51 GB
127.0.0.1 - - [01/Oct/2026 21:28:01] "POST /v1/chat/completions HTTP/1.1" 200 -
2026-10-01 21:28:02,365 - INFO - Prompt processing progress: 2048/45259
2026-10-01 21:28:03,711 - INFO - Prompt processing progress: 4096/45259
2026-10-01 21:28:05,114 - INFO - Prompt processing progress: 6144/45259
2026-10-01 21:28:06,573 - INFO - Prompt processing progress: 8192/45259
2026-10-01 21:28:08,093 - INFO - Prompt processing progress: 10240/45259
2026-10-01 21:28:09,668 - INFO - Prompt processing progress: 12288/45259
2026-10-01 21:28:11,291 - INFO - Prompt processing progress: 14336/45259
2026-10-01 21:28:12,976 - INFO - Prompt processing progress: 16384/45259
2026-10-01 21:28:14,710 - INFO - Prompt processing progress: 18432/45259
2026-10-01 21:28:16,498 - INFO - Prompt processing progress: 20480/45259
2026-10-01 21:28:18,327 - INFO - Prompt processing progress: 22528/45259
2026-10-01 21:28:20,229 - INFO - Prompt processing progress: 24576/45259
2026-10-01 21:28:22,173 - INFO - Prompt processing progress: 26624/45259
2026-10-01 21:28:24,186 - INFO - Prompt processing progress: 28672/45259
2026-10-01 21:28:26,242 - INFO - Prompt processing progress: 30720/45259
2026-10-01 21:28:28,339 - INFO - Prompt processing progress: 32768/45259
2026-10-01 21:28:30,503 - INFO - Prompt processing progress: 34816/45259
2026-10-01 21:28:32,713 - INFO - Prompt processing progress: 36864/45259
2026-10-01 21:28:34,937 - INFO - Prompt processing progress: 38912/45259
2026-10-01 21:28:37,253 - INFO - Prompt processing progress: 40960/45259
2026-10-01 21:28:39,653 - INFO - Prompt processing progress: 43008/45259
2026-10-01 21:28:42,103 - INFO - Prompt processing progress: 45056/45259
2026-10-01 21:28:42,533 - INFO - Prompt processing progress: 45258/45259
2026-10-01 21:28:42,608 - INFO - Prompt processing progress: 45259/45259
2026-10-01 21:28:46,821 - INFO - Prompt Cache: 1 sequences, 0.51 GB
2026-10-01 21:28:46,821 - INFO - - assistant: 0 sequences, 0.00 GB
2026-10-01 21:28:46,821 - INFO - - user: 0 sequences, 0.00 GB
2026-10-01 21:28:46,821 - INFO - - system: 1 sequences, 0.51 GB
127.0.0.1 - - [01/Oct/2026 21:28:46] "POST /v1/chat/completions HTTP/1.1" 200 -
2026-10-01 21:28:48,157 - INFO - Prompt processing progress: 2048/49679
2026-10-01 21:28:49,493 - INFO - Prompt processing progress: 4096/49679
2026-10-01 21:28:50,886 - INFO - Prompt processing progress: 6144/49679
2026-10-01 21:28:52,341 - INFO - Prompt processing progress: 8192/49679
2026-10-01 21:28:53,862 - INFO - Prompt processing progress: 10240/49679
2026-10-01 21:28:55,427 - INFO - Prompt processing progress: 12288/49679
2026-10-01 21:28:57,046 - INFO - Prompt processing progress: 14336/49679
2026-10-01 21:28:58,717 - INFO - Prompt processing progress: 16384/49679
2026-10-01 21:29:00,448 - INFO - Prompt processing progress: 18432/49679
2026-10-01 21:29:02,227 - INFO - Prompt processing progress: 20480/49679
2026-10-01 21:29:04,064 - INFO - Prompt processing progress: 22528/49679
2026-10-01 21:29:05,950 - INFO - Prompt processing progress: 24576/49679
2026-10-01 21:29:07,898 - INFO - Prompt processing progress: 26624/49679
2026-10-01 21:29:09,886 - INFO - Prompt processing progress: 28672/49679
2026-10-01 21:29:11,934 - INFO - Prompt processing progress: 30720/49679
2026-10-01 21:29:14,020 - INFO - Prompt processing progress: 32768/49679
2026-10-01 21:29:16,180 - INFO - Prompt processing progress: 34816/49679
2026-10-01 21:29:18,383 - INFO - Prompt processing progress: 36864/49679
2026-10-01 21:29:20,632 - INFO - Prompt processing progress: 38912/49679
2026-10-01 21:29:22,948 - INFO - Prompt processing progress: 40960/49679
2026-10-01 21:29:25,341 - INFO - Prompt processing progress: 43008/49679
2026-10-01 21:29:27,786 - INFO - Prompt processing progress: 45056/49679
2026-10-01 21:29:30,290 - INFO - Prompt processing progress: 47104/49679
2026-10-01 21:29:32,843 - INFO - Prompt processing progress: 49152/49679
2026-10-01 21:29:33,637 - INFO - Prompt processing progress: 49678/49679
2026-10-01 21:29:33,720 - INFO - Prompt processing progress: 49679/49679
2026-10-01 21:29:34,761 - INFO - Prompt Cache: 1 sequences, 0.51 GB
2026-10-01 21:29:34,761 - INFO - - assistant: 0 sequences, 0.00 GB
2026-10-01 21:29:34,761 - INFO - - user: 0 sequences, 0.00 GB
2026-10-01 21:29:34,761 - INFO - - system: 1 sequences, 0.51 GB
127.0.0.1 - - [01/Oct/2026 21:29:34] "POST /v1/chat/completions HTTP/1.1" 200 -
2026-10-01 21:29:36,095 - INFO - Prompt processing progress: 2048/49792
2026-10-01 21:29:37,443 - INFO - Prompt processing progress: 4096/49792
2026-10-01 21:29:38,848 - INFO - Prompt processing progress: 6144/49792
2026-10-01 21:29:40,298 - INFO - Prompt processing progress: 8192/49792
2026-10-01 21:29:41,819 - INFO - Prompt processing progress: 10240/49792
2026-10-01 21:29:43,390 - INFO - Prompt processing progress: 12288/49792
2026-10-01 21:29:45,016 - INFO - Prompt processing progress: 14336/49792
2026-10-01 21:29:46,691 - INFO - Prompt processing progress: 16384/49792
2026-10-01 21:29:48,421 - INFO - Prompt processing progress: 18432/49792
2026-10-01 21:29:50,197 - INFO - Prompt processing progress: 20480/49792
2026-10-01 21:29:52,037 - INFO - Prompt processing progress: 22528/49792
2026-10-01 21:29:53,925 - INFO - Prompt processing progress: 24576/49792
2026-10-01 21:29:55,853 - INFO - Prompt processing progress: 26624/49792
2026-10-01 21:29:57,841 - INFO - Prompt processing progress: 28672/49792
2026-10-01 21:29:59,890 - INFO - Prompt processing progress: 30720/49792
2026-10-01 21:30:01,985 - INFO - Prompt processing progress: 32768/49792
2026-10-01 21:30:04,142 - INFO - Prompt processing progress: 34816/49792
2026-10-01 21:30:06,353 - INFO - Prompt processing progress: 36864/49792
2026-10-01 21:30:08,611 - INFO - Prompt processing progress: 38912/49792
2026-10-01 21:30:10,928 - INFO - Prompt processing progress: 40960/49792
2026-10-01 21:30:13,319 - INFO - Prompt processing progress: 43008/49792
2026-10-01 21:30:15,753 - INFO - Prompt processing progress: 45056/49792
2026-10-01 21:30:18,256 - INFO - Prompt processing progress: 47104/49792
2026-10-01 21:30:20,799 - INFO - Prompt processing progress: 49152/49792
2026-10-01 21:30:21,736 - INFO - Prompt processing progress: 49791/49792
2026-10-01 21:30:21,822 - INFO - Prompt processing progress: 49792/49792
2026-10-01 21:30:25,005 - INFO - Prompt Cache: 1 sequences, 0.51 GB
2026-10-01 21:30:25,005 - INFO - - assistant: 0 sequences, 0.00 GB
2026-10-01 21:30:25,005 - INFO - - user: 0 sequences, 0.00 GB
2026-10-01 21:30:25,005 - INFO - - system: 1 sequences, 0.51 GB
127.0.0.1 - - [01/Oct/2026 21:30:25] "POST /v1/chat/completions HTTP/1.1" 200 -
2026-10-01 21:30:26,170 - INFO - Prompt processing progress: 2048/6600
2026-10-01 21:30:27,373 - INFO - Prompt processing progress: 4096/6600
2026-10-01 21:30:28,629 - INFO - Prompt processing progress: 6144/6600
2026-10-01 21:30:28,899 - INFO - Prompt processing progress: 6329/6600
2026-10-01 21:30:29,213 - INFO - Prompt processing progress: 6599/6600
2026-10-01 21:30:29,238 - INFO - Prompt processing progress: 6600/6600
2026-10-01 21:30:30,125 - INFO - Prompt Cache: 1 sequences, 0.21 GB
2026-10-01 21:30:30,125 - INFO - - assistant: 0 sequences, 0.00 GB
2026-10-01 21:30:30,125 - INFO - - user: 0 sequences, 0.00 GB
2026-10-01 21:30:30,125 - INFO - - system: 1 sequences, 0.21 GB
127.0.0.1 - - [01/Oct/2026 21:30:30] "POST /v1/chat/completions HTTP/1.1" 200 -
2026-10-01 21:30:30,706 - INFO - Prompt processing progress: 716/717
2026-10-01 21:30:30,734 - INFO - Prompt processing progress: 717/717
2026-10-01 21:30:41,725 - INFO - Prompt Cache: 1 sequences, 0.21 GB
2026-10-01 21:30:41,725 - INFO - - assistant: 0 sequences, 0.00 GB
2026-10-01 21:30:41,725 - INFO - - user: 0 sequences, 0.00 GB
2026-10-01 21:30:41,725 - INFO - - system: 1 sequences, 0.21 GB
127.0.0.1 - - [01/Oct/2026 21:30:41] "POST /v1/chat/completions HTTP/1.1" 200 -
2026-10-01 21:30:42,616 - INFO - Prompt processing progress: 1256/1257
2026-10-01 21:30:42,646 - INFO - Prompt processing progress: 1257/1257
2026-10-01 21:30:43,369 - WARNING - Failed to parse tool call (ValueError: No function provided.) — tool text was likely truncated mid-generation.
2026-10-01 21:30:43,377 - INFO - Prompt Cache: 1 sequences, 0.21 GB
2026-10-01 21:30:43,377 - INFO - - assistant: 0 sequences, 0.00 GB
2026-10-01 21:30:43,377 - INFO - - user: 0 sequences, 0.00 GB
2026-10-01 21:30:43,377 - INFO - - system: 1 sequences, 0.21 GB
127.0.0.1 - - [01/Oct/2026 21:30:43] "POST /v1/chat/completions HTTP/1.1" 200 -
2026-10-01 21:30:44,582 - INFO - Prompt processing progress: 1712/1713
2026-10-01 21:30:44,615 - INFO - Prompt processing progress: 1713/1713
2026-10-01 21:30:45,818 - INFO - Prompt Cache: 1 sequences, 0.21 GB
2026-10-01 21:30:45,818 - INFO - - assistant: 0 sequences, 0.00 GB
2026-10-01 21:30:45,818 - INFO - - user: 0 sequences, 0.00 GB
2026-10-01 21:30:45,818 - INFO - - system: 1 sequences, 0.21 GB
127.0.0.1 - - [01/Oct/2026 21:30:45] "POST /v1/chat/completions HTTP/1.1" 200 -
2026-10-01 21:30:47,078 - INFO - Prompt processing progress: 1796/1797
2026-10-01 21:30:47,112 - INFO - Prompt processing progress: 1797/1797
2026-10-01 21:30:49,481 - INFO - Prompt Cache: 1 sequences, 0.21 GB
2026-10-01 21:30:49,481 - INFO - - assistant: 0 sequences, 0.00 GB
2026-10-01 21:30:49,481 - INFO - - user: 0 sequences, 0.00 GB
2026-10-01 21:30:49,481 - INFO - - system: 1 sequences, 0.21 GB
127.0.0.1 - - [01/Oct/2026 21:30:49] "POST /v1/chat/completions HTTP/1.1" 200 -
2026-10-01 21:30:50,659 - INFO - Prompt processing progress: 2048/6124
2026-10-01 21:30:51,857 - INFO - Prompt processing progress: 4096/6124
2026-10-01 21:30:52,991 - INFO - Prompt processing progress: 5836/6124
2026-10-01 21:30:53,317 - INFO - Prompt processing progress: 6123/6124
2026-10-01 21:30:53,341 - INFO - Prompt processing progress: 6124/6124
2026-10-01 21:30:54,335 - WARNING - Failed to parse tool call (ValueError: No function provided.) — tool text was likely truncated mid-generation.
2026-10-01 21:30:54,344 - INFO - Prompt Cache: 1 sequences, 0.51 GB
2026-10-01 21:30:54,344 - INFO - - assistant: 0 sequences, 0.00 GB
2026-10-01 21:30:54,344 - INFO - - user: 0 sequences, 0.00 GB
2026-10-01 21:30:54,344 - INFO - - system: 1 sequences, 0.51 GB
127.0.0.1 - - [01/Oct/2026 21:30:54] "POST /v1/chat/completions HTTP/1.1" 200 -
2026-10-01 21:30:55,686 - INFO - Prompt processing progress: 2048/3376
2026-10-01 21:30:56,630 - INFO - Prompt processing progress: 3375/3376
2026-10-01 21:30:56,662 - INFO - Prompt processing progress: 3376/3376
2026-10-01 21:30:57,822 - INFO - Prompt Cache: 1 sequences, 0.51 GB
2026-10-01 21:30:57,822 - INFO - - assistant: 0 sequences, 0.00 GB
2026-10-01 21:30:57,822 - INFO - - user: 0 sequences, 0.00 GB
2026-10-01 21:30:57,822 - INFO - - system: 1 sequences, 0.51 GB
127.0.0.1 - - [01/Oct/2026 21:30:57] "POST /v1/chat/completions HTTP/1.1" 200 -
2026-10-01 21:30:59,155 - INFO - Prompt processing progress: 2048/6492
2026-10-01 21:31:00,498 - INFO - Prompt processing progress: 4096/6492
2026-10-01 21:31:01,888 - INFO - Prompt processing progress: 6144/6492
2026-10-01 21:31:02,270 - INFO - Prompt processing progress: 6491/6492
2026-10-01 21:31:02,300 - INFO - Prompt processing progress: 6492/6492
2026-10-01 21:31:03,100 - INFO - Prompt Cache: 1 sequences, 0.51 GB
2026-10-01 21:31:03,100 - INFO - - assistant: 0 sequences, 0.00 GB
2026-10-01 21:31:03,100 - INFO - - user: 0 sequences, 0.00 GB
2026-10-01 21:31:03,100 - INFO - - system: 1 sequences, 0.51 GB
127.0.0.1 - - [01/Oct/2026 21:31:03] "POST /v1/chat/completions HTTP/1.1" 200 -
2026-10-01 21:31:04,434 - INFO - Prompt processing progress: 2048/9580
2026-10-01 21:31:05,773 - INFO - Prompt processing progress: 4096/9580
2026-10-01 21:31:07,162 - INFO - Prompt processing progress: 6144/9580
2026-10-01 21:31:08,630 - INFO - Prompt processing progress: 8192/9580
2026-10-01 21:31:09,726 - INFO - Prompt processing progress: 9579/9580
2026-10-01 21:31:09,775 - INFO - Prompt processing progress: 9580/9580
2026-10-01 21:31:10,715 - INFO - Prompt Cache: 1 sequences, 0.51 GB
2026-10-01 21:31:10,715 - INFO - - assistant: 0 sequences, 0.00 GB
2026-10-01 21:31:10,715 - INFO - - user: 0 sequences, 0.00 GB
2026-10-01 21:31:10,715 - INFO - - system: 1 sequences, 0.51 GB
127.0.0.1 - - [01/Oct/2026 21:31:10] "POST /v1/chat/completions HTTP/1.1" 200 -
2026-10-01 21:31:12,049 - INFO - Prompt processing progress: 2048/12654
2026-10-01 21:31:13,395 - INFO - Prompt processing progress: 4096/12654
2026-10-01 21:31:14,784 - INFO - Prompt processing progress: 6144/12654
2026-10-01 21:31:16,243 - INFO - Prompt processing progress: 8192/12654
2026-10-01 21:31:17,765 - INFO - Prompt processing progress: 10240/12654
2026-10-01 21:31:19,326 - INFO - Prompt processing progress: 12288/12654
2026-10-01 21:31:19,755 - INFO - Prompt processing progress: 12653/12654
2026-10-01 21:31:19,790 - INFO - Prompt processing progress: 12654/12654
2026-10-01 21:31:20,798 - INFO - Prompt Cache: 1 sequences, 0.51 GB
2026-10-01 21:31:20,798 - INFO - - assistant: 0 sequences, 0.00 GB
2026-10-01 21:31:20,798 - INFO - - user: 0 sequences, 0.00 GB
2026-10-01 21:31:20,798 - INFO - - system: 1 sequences, 0.51 GB
127.0.0.1 - - [01/Oct/2026 21:31:20] "POST /v1/chat/completions HTTP/1.1" 200 -
2026-10-01 21:31:22,132 - INFO - Prompt processing progress: 2048/18965
2026-10-01 21:31:23,475 - INFO - Prompt processing progress: 4096/18965
2026-10-01 21:31:24,864 - INFO - Prompt processing progress: 6144/18965
2026-10-01 21:31:26,320 - INFO - Prompt processing progress: 8192/18965
2026-10-01 21:31:27,829 - INFO - Prompt processing progress: 10240/18965
2026-10-01 21:31:29,389 - INFO - Prompt processing progress: 12288/18965
2026-10-01 21:31:31,008 - INFO - Prompt processing progress: 14336/18965
2026-10-01 21:31:32,676 - INFO - Prompt processing progress: 16384/18965
2026-10-01 21:31:34,400 - INFO - Prompt processing progress: 18432/18965
2026-10-01 21:31:34,971 - INFO - Prompt processing progress: 18964/18965
2026-10-01 21:31:35,013 - INFO - Prompt processing progress: 18965/18965
2026-10-01 21:31:36,139 - INFO - Prompt Cache: 1 sequences, 0.51 GB
2026-10-01 21:31:36,139 - INFO - - assistant: 0 sequences, 0.00 GB
2026-10-01 21:31:36,139 - INFO - - user: 0 sequences, 0.00 GB
2026-10-01 21:31:36,139 - INFO - - system: 1 sequences, 0.51 GB
127.0.0.1 - - [01/Oct/2026 21:31:36] "POST /v1/chat/completions HTTP/1.1" 200 -
2026-10-01 21:31:37,477 - INFO - Prompt processing progress: 2048/21782
2026-10-01 21:31:38,829 - INFO - Prompt processing progress: 4096/21782
2026-10-01 21:31:40,228 - INFO - Prompt processing progress: 6144/21782
2026-10-01 21:31:41,689 - INFO - Prompt processing progress: 8192/21782
2026-10-01 21:31:43,205 - INFO - Prompt processing progress: 10240/21782
2026-10-01 21:31:44,752 - INFO - Prompt processing progress: 12288/21782
2026-10-01 21:31:46,364 - INFO - Prompt processing progress: 14336/21782
2026-10-01 21:31:48,034 - INFO - Prompt processing progress: 16384/21782
2026-10-01 21:31:49,758 - INFO - Prompt processing progress: 18432/21782
2026-10-01 21:31:51,534 - INFO - Prompt processing progress: 20480/21782
2026-10-01 21:31:52,771 - INFO - Prompt processing progress: 21781/21782
2026-10-01 21:31:52,836 - INFO - Prompt processing progress: 21782/21782
2026-10-01 21:31:53,906 - INFO - Prompt Cache: 1 sequences, 0.51 GB
2026-10-01 21:31:53,906 - INFO - - assistant: 0 sequences, 0.00 GB
2026-10-01 21:31:53,906 - INFO - - user: 0 sequences, 0.00 GB
2026-10-01 21:31:53,906 - INFO - - system: 1 sequences, 0.51 GB
127.0.0.1 - - [01/Oct/2026 21:31:53] "POST /v1/chat/completions HTTP/1.1" 200 -
2026-10-01 21:31:55,239 - INFO - Prompt processing progress: 2048/22173
2026-10-01 21:31:56,595 - INFO - Prompt processing progress: 4096/22173
2026-10-01 21:31:57,986 - INFO - Prompt processing progress: 6144/22173
2026-10-01 21:31:59,445 - INFO - Prompt processing progress: 8192/22173
2026-10-01 21:32:00,958 - INFO - Prompt processing progress: 10240/22173
2026-10-01 21:32:02,523 - INFO - Prompt processing progress: 12288/22173
2026-10-01 21:32:04,151 - INFO - Prompt processing progress: 14336/22173
2026-10-01 21:32:05,826 - INFO - Prompt processing progress: 16384/22173
2026-10-01 21:32:07,558 - INFO - Prompt processing progress: 18432/22173
2026-10-01 21:32:09,333 - INFO - Prompt processing progress: 20480/22173
2026-10-01 21:32:10,914 - INFO - Prompt processing progress: 22172/22173
2026-10-01 21:32:10,973 - INFO - Prompt processing progress: 22173/22173
2026-10-01 21:32:12,881 - INFO - Prompt Cache: 1 sequences, 0.51 GB
2026-10-01 21:32:12,881 - INFO - - assistant: 0 sequences, 0.00 GB
2026-10-01 21:32:12,881 - INFO - - user: 0 sequences, 0.00 GB
2026-10-01 21:32:12,881 - INFO - - system: 1 sequences, 0.51 GB
127.0.0.1 - - [01/Oct/2026 21:32:12] "POST /v1/chat/completions HTTP/1.1" 200 -
2026-10-01 21:32:14,227 - INFO - Prompt processing progress: 2048/22275
2026-10-01 21:32:15,575 - INFO - Prompt processing progress: 4096/22275
2026-10-01 21:32:16,980 - INFO - Prompt processing progress: 6144/22275
2026-10-01 21:32:18,448 - INFO - Prompt processing progress: 8192/22275
2026-10-01 21:32:19,969 - INFO - Prompt processing progress: 10240/22275
2026-10-01 21:32:21,538 - INFO - Prompt processing progress: 12288/22275
2026-10-01 21:32:23,153 - INFO - Prompt processing progress: 14336/22275
2026-10-01 21:32:24,820 - INFO - Prompt processing progress: 16384/22275
2026-10-01 21:32:26,548 - INFO - Prompt processing progress: 18432/22275
2026-10-01 21:32:28,336 - INFO - Prompt processing progress: 20480/22275
2026-10-01 21:32:30,039 - INFO - Prompt processing progress: 22274/22275
2026-10-01 21:32:30,100 - INFO - Prompt processing progress: 22275/22275
2026-10-01 21:32:32,095 - INFO - Prompt Cache: 1 sequences, 0.51 GB
2026-10-01 21:32:32,096 - INFO - - assistant: 0 sequences, 0.00 GB
2026-10-01 21:32:32,096 - INFO - - user: 0 sequences, 0.00 GB
2026-10-01 21:32:32,096 - INFO - - system: 1 sequences, 0.51 GB
127.0.0.1 - - [01/Oct/2026 21:32:32] "POST /v1/chat/completions HTTP/1.1" 200 -
2026-10-01 21:32:33,262 - INFO - Prompt processing progress: 2048/6082
2026-10-01 21:32:34,459 - INFO - Prompt processing progress: 4096/6082
2026-10-01 21:32:35,633 - INFO - Prompt processing progress: 5896/6082
2026-10-01 21:32:35,902 - INFO - Prompt processing progress: 6081/6082
2026-10-01 21:32:35,926 - INFO - Prompt processing progress: 6082/6082
2026-10-01 21:32:36,695 - INFO - Prompt Cache: 1 sequences, 0.52 GB
2026-10-01 21:32:36,695 - INFO - - assistant: 0 sequences, 0.00 GB
2026-10-01 21:32:36,695 - INFO - - user: 0 sequences, 0.00 GB
2026-10-01 21:32:36,695 - INFO - - system: 1 sequences, 0.52 GB
127.0.0.1 - - [01/Oct/2026 21:32:36] "POST /v1/chat/completions HTTP/1.1" 200 -
2026-10-01 21:32:37,040 - INFO - Prompt processing progress: 256/257
2026-10-01 21:32:37,068 - INFO - Prompt processing progress: 257/257
2026-10-01 21:32:37,902 - INFO - Prompt Cache: 1 sequences, 0.52 GB
2026-10-01 21:32:37,902 - INFO - - assistant: 0 sequences, 0.00 GB
2026-10-01 21:32:37,902 - INFO - - user: 0 sequences, 0.00 GB
2026-10-01 21:32:37,902 - INFO - - system: 1 sequences, 0.52 GB
127.0.0.1 - - [01/Oct/2026 21:32:37] "POST /v1/chat/completions HTTP/1.1" 200 -
2026-10-01 21:32:38,402 - INFO - Prompt processing progress: 568/569
2026-10-01 21:32:38,428 - INFO - Prompt processing progress: 569/569
2026-10-01 21:32:42,660 - INFO - Prompt Cache: 1 sequences, 0.52 GB
2026-10-01 21:32:42,660 - INFO - - assistant: 0 sequences, 0.00 GB
2026-10-01 21:32:42,660 - INFO - - user: 0 sequences, 0.00 GB
2026-10-01 21:32:42,660 - INFO - - system: 1 sequences, 0.52 GB
127.0.0.1 - - [01/Oct/2026 21:32:42] "POST /v1/chat/completions HTTP/1.1" 200 -
2026-10-01 21:32:43,338 - INFO - Prompt processing progress: 885/886
2026-10-01 21:32:43,365 - INFO - Prompt processing progress: 886/886
2026-10-01 21:32:44,250 - WARNING - Failed to parse tool call (ValueError: No function provided.) — tool text was likely truncated mid-generation.
2026-10-01 21:32:44,258 - INFO - Prompt Cache: 1 sequences, 0.52 GB
2026-10-01 21:32:44,258 - INFO - - assistant: 0 sequences, 0.00 GB
2026-10-01 21:32:44,258 - INFO - - user: 0 sequences, 0.00 GB
2026-10-01 21:32:44,258 - INFO - - system: 1 sequences, 0.52 GB
127.0.0.1 - - [01/Oct/2026 21:32:44] "POST /v1/chat/completions HTTP/1.1" 200 -
2026-10-01 21:32:45,095 - INFO - Prompt processing progress: 1184/1185
2026-10-01 21:32:45,125 - INFO - Prompt processing progress: 1185/1185
2026-10-01 21:32:47,030 - INFO - Prompt Cache: 1 sequences, 0.52 GB
2026-10-01 21:32:47,030 - INFO - - assistant: 0 sequences, 0.00 GB
2026-10-01 21:32:47,030 - INFO - - user: 0 sequences, 0.00 GB
2026-10-01 21:32:47,030 - INFO - - system: 1 sequences, 0.52 GB
127.0.0.1 - - [01/Oct/2026 21:32:47] "POST /v1/chat/completions HTTP/1.1" 200 -
2026-10-01 21:32:47,394 - INFO - Prompt processing progress: 292/1445
2026-10-01 21:32:48,103 - INFO - Prompt processing progress: 1444/1445
2026-10-01 21:32:48,129 - INFO - Prompt processing progress: 1445/1445
2026-10-01 21:32:49,873 - INFO - Prompt Cache: 1 sequences, 0.07 GB
2026-10-01 21:32:49,873 - INFO - - assistant: 0 sequences, 0.00 GB
2026-10-01 21:32:49,873 - INFO - - user: 0 sequences, 0.00 GB
2026-10-01 21:32:49,873 - INFO - - system: 1 sequences, 0.07 GB
127.0.0.1 - - [01/Oct/2026 21:32:49] "POST /v1/chat/completions HTTP/1.1" 200 -
2026-10-01 21:32:50,728 - INFO - Prompt processing progress: 1334/1335
2026-10-01 21:32:50,757 - INFO - Prompt processing progress: 1335/1335
2026-10-01 21:32:51,938 - INFO - Prompt Cache: 1 sequences, 0.07 GB
2026-10-01 21:32:51,938 - INFO - - assistant: 0 sequences, 0.00 GB
2026-10-01 21:32:51,938 - INFO - - user: 0 sequences, 0.00 GB
2026-10-01 21:32:51,938 - INFO - - system: 1 sequences, 0.07 GB
127.0.0.1 - - [01/Oct/2026 21:32:51] "POST /v1/chat/completions HTTP/1.1" 200 -
2026-10-01 21:32:52,863 - INFO - Prompt processing progress: 1436/1437
2026-10-01 21:32:52,892 - INFO - Prompt processing progress: 1437/1437
2026-10-01 21:32:53,900 - INFO - Prompt Cache: 1 sequences, 0.07 GB
2026-10-01 21:32:53,900 - INFO - - assistant: 0 sequences, 0.00 GB
2026-10-01 21:32:53,900 - INFO - - user: 0 sequences, 0.00 GB
2026-10-01 21:32:53,900 - INFO - - system: 1 sequences, 0.07 GB
127.0.0.1 - - [01/Oct/2026 21:32:53] "POST /v1/chat/completions HTTP/1.1" 200 -
2026-10-01 21:32:54,875 - INFO - Prompt processing progress: 1518/1519
2026-10-01 21:32:54,899 - INFO - Prompt processing progress: 1519/1519
2026-10-01 21:32:55,550 - WARNING - Failed to parse tool call (ValueError: No function provided.) — tool text was likely truncated mid-generation.
2026-10-01 21:32:55,554 - INFO - Prompt Cache: 1 sequences, 0.07 GB
2026-10-01 21:32:55,554 - INFO - - assistant: 0 sequences, 0.00 GB
2026-10-01 21:32:55,554 - INFO - - user: 0 sequences, 0.00 GB
2026-10-01 21:32:55,554 - INFO - - system: 1 sequences, 0.07 GB
127.0.0.1 - - [01/Oct/2026 21:32:55] "POST /v1/chat/completions HTTP/1.1" 200 -
2026-10-01 21:32:56,775 - INFO - Prompt processing progress: 2048/2582
2026-10-01 21:32:57,194 - INFO - Prompt processing progress: 2581/2582
2026-10-01 21:32:57,219 - INFO - Prompt processing progress: 2582/2582
2026-10-01 21:32:58,152 - WARNING - Failed to parse tool call (ValueError: No function provided.) — tool text was likely truncated mid-generation.
2026-10-01 21:32:58,156 - INFO - Prompt Cache: 1 sequences, 0.07 GB
2026-10-01 21:32:58,156 - INFO - - assistant: 0 sequences, 0.00 GB
2026-10-01 21:32:58,156 - INFO - - user: 0 sequences, 0.00 GB
2026-10-01 21:32:58,156 - INFO - - system: 1 sequences, 0.07 GB
127.0.0.1 - - [01/Oct/2026 21:32:58] "POST /v1/chat/completions HTTP/1.1" 200 -
2026-10-01 21:32:59,370 - INFO - Prompt processing progress: 2048/2659
2026-10-01 21:32:59,824 - INFO - Prompt processing progress: 2658/2659
2026-10-01 21:32:59,850 - INFO - Prompt processing progress: 2659/2659
2026-10-01 21:33:00,504 - WARNING - Failed to parse tool call (ValueError: No function provided.) — tool text was likely truncated mid-generation.
2026-10-01 21:33:00,509 - INFO - Prompt Cache: 1 sequences, 0.07 GB
2026-10-01 21:33:00,509 - INFO - - assistant: 0 sequences, 0.00 GB
2026-10-01 21:33:00,509 - INFO - - user: 0 sequences, 0.00 GB
2026-10-01 21:33:00,509 - INFO - - system: 1 sequences, 0.07 GB
127.0.0.1 - - [01/Oct/2026 21:33:00] "POST /v1/chat/completions HTTP/1.1" 200 -
2026-10-01 21:33:01,723 - INFO - Prompt processing progress: 2048/2751
2026-10-01 21:33:02,220 - INFO - Prompt processing progress: 2750/2751
2026-10-01 21:33:02,249 - INFO - Prompt processing progress: 2751/2751
2026-10-01 21:33:02,729 - INFO - Prompt Cache: 1 sequences, 0.07 GB
2026-10-01 21:33:02,729 - INFO - - assistant: 0 sequences, 0.00 GB
2026-10-01 21:33:02,729 - INFO - - user: 0 sequences, 0.00 GB
2026-10-01 21:33:02,729 - INFO - - system: 1 sequences, 0.07 GB
127.0.0.1 - - [01/Oct/2026 21:33:02] "POST /v1/chat/completions HTTP/1.1" 200 -
2026-10-01 21:33:03,940 - INFO - Prompt processing progress: 2048/5193
2026-10-01 21:33:05,163 - INFO - Prompt processing progress: 4096/5193
2026-10-01 21:33:05,898 - INFO - Prompt processing progress: 5192/5193
2026-10-01 21:33:05,928 - INFO - Prompt processing progress: 5193/5193
2026-10-01 21:33:07,784 - INFO - Prompt Cache: 1 sequences, 0.07 GB
2026-10-01 21:33:07,784 - INFO - - assistant: 0 sequences, 0.00 GB
2026-10-01 21:33:07,784 - INFO - - user: 0 sequences, 0.00 GB
2026-10-01 21:33:07,784 - INFO - - system: 1 sequences, 0.07 GB
127.0.0.1 - - [01/Oct/2026 21:33:07] "POST /v1/chat/completions HTTP/1.1" 200 -
2026-10-01 21:33:08,995 - INFO - Prompt processing progress: 2048/5396
2026-10-01 21:33:10,214 - INFO - Prompt processing progress: 4096/5396
2026-10-01 21:33:11,071 - INFO - Prompt processing progress: 5395/5396
2026-10-01 21:33:11,101 - INFO - Prompt processing progress: 5396/5396
2026-10-01 21:33:11,750 - WARNING - Failed to parse tool call (ValueError: No function provided.) — tool text was likely truncated mid-generation.
2026-10-01 21:33:11,757 - INFO - Prompt Cache: 1 sequences, 0.07 GB
2026-10-01 21:33:11,757 - INFO - - assistant: 0 sequences, 0.00 GB
2026-10-01 21:33:11,757 - INFO - - user: 0 sequences, 0.00 GB
2026-10-01 21:33:11,757 - INFO - - system: 1 sequences, 0.07 GB
127.0.0.1 - - [01/Oct/2026 21:33:11] "POST /v1/chat/completions HTTP/1.1" 200 -
2026-10-01 21:33:12,974 - INFO - Prompt processing progress: 2048/6110
2026-10-01 21:33:14,192 - INFO - Prompt processing progress: 4096/6110
2026-10-01 21:33:15,514 - INFO - Prompt processing progress: 6109/6110
2026-10-01 21:33:15,550 - INFO - Prompt processing progress: 6110/6110
2026-10-01 21:33:18,216 - WARNING - Failed to parse tool call (ValueError: No function provided.) — tool text was likely truncated mid-generation.
2026-10-01 21:33:18,223 - INFO - Prompt Cache: 1 sequences, 0.07 GB
2026-10-01 21:33:18,223 - INFO - - assistant: 0 sequences, 0.00 GB
2026-10-01 21:33:18,223 - INFO - - user: 0 sequences, 0.00 GB
2026-10-01 21:33:18,223 - INFO - - system: 1 sequences, 0.07 GB
127.0.0.1 - - [01/Oct/2026 21:33:18] "POST /v1/chat/completions HTTP/1.1" 200 -
2026-10-01 21:33:19,434 - INFO - Prompt processing progress: 2048/6525
2026-10-01 21:33:20,654 - INFO - Prompt processing progress: 4096/6525
2026-10-01 21:33:21,920 - INFO - Prompt processing progress: 6144/6525
2026-10-01 21:33:22,298 - INFO - Prompt processing progress: 6524/6525
2026-10-01 21:33:22,324 - INFO - Prompt processing progress: 6525/6525
2026-10-01 21:33:23,937 - WARNING - Failed to parse tool call (ValueError: No function provided.) — tool text was likely truncated mid-generation.
2026-10-01 21:33:23,944 - INFO - Prompt Cache: 1 sequences, 0.07 GB
2026-10-01 21:33:23,944 - INFO - - assistant: 0 sequences, 0.00 GB
2026-10-01 21:33:23,944 - INFO - - user: 0 sequences, 0.00 GB
2026-10-01 21:33:23,944 - INFO - - system: 1 sequences, 0.07 GB
127.0.0.1 - - [01/Oct/2026 21:33:23] "POST /v1/chat/completions HTTP/1.1" 200 -
2026-10-01 21:33:25,159 - INFO - Prompt processing progress: 2048/6852
2026-10-01 21:33:26,382 - INFO - Prompt processing progress: 4096/6852
2026-10-01 21:33:27,641 - INFO - Prompt processing progress: 6144/6852
2026-10-01 21:33:28,183 - INFO - Prompt processing progress: 6851/6852
2026-10-01 21:33:28,228 - INFO - Prompt processing progress: 6852/6852
2026-10-01 21:33:30,213 - INFO - Prompt Cache: 1 sequences, 0.07 GB
2026-10-01 21:33:30,213 - INFO - - assistant: 0 sequences, 0.00 GB
2026-10-01 21:33:30,213 - INFO - - user: 0 sequences, 0.00 GB
2026-10-01 21:33:30,213 - INFO - - system: 1 sequences, 0.07 GB
127.0.0.1 - - [01/Oct/2026 21:33:30] "POST /v1/chat/completions HTTP/1.1" 200 -
2026-10-01 21:33:31,429 - INFO - Prompt processing progress: 2048/7246
2026-10-01 21:33:32,649 - INFO - Prompt processing progress: 4096/7246
2026-10-01 21:33:33,914 - INFO - Prompt processing progress: 6144/7246
2026-10-01 21:33:34,679 - INFO - Prompt processing progress: 7245/7246
2026-10-01 21:33:34,711 - INFO - Prompt processing progress: 7246/7246
2026-10-01 21:33:36,296 - WARNING - Failed to parse tool call (ValueError: No function provided.) — tool text was likely truncated mid-generation.
2026-10-01 21:33:36,303 - INFO - Prompt Cache: 1 sequences, 0.07 GB
2026-10-01 21:33:36,303 - INFO - - assistant: 0 sequences, 0.00 GB
2026-10-01 21:33:36,303 - INFO - - user: 0 sequences, 0.00 GB
2026-10-01 21:33:36,303 - INFO - - system: 1 sequences, 0.07 GB
127.0.0.1 - - [01/Oct/2026 21:33:36] "POST /v1/chat/completions HTTP/1.1" 200 -
2026-10-01 21:33:37,512 - INFO - Prompt processing progress: 2048/7361
2026-10-01 21:33:38,732 - INFO - Prompt processing progress: 4096/7361
2026-10-01 21:33:39,999 - INFO - Prompt processing progress: 6144/7361
2026-10-01 21:33:40,817 - INFO - Prompt processing progress: 7360/7361
2026-10-01 21:33:40,849 - INFO - Prompt processing progress: 7361/7361
2026-10-01 21:33:42,222 - WARNING - Failed to parse tool call (ValueError: No function provided.) — tool text was likely truncated mid-generation.
2026-10-01 21:33:42,229 - INFO - Prompt Cache: 1 sequences, 0.07 GB
2026-10-01 21:33:42,229 - INFO - - assistant: 0 sequences, 0.00 GB
2026-10-01 21:33:42,229 - INFO - - user: 0 sequences, 0.00 GB
2026-10-01 21:33:42,229 - INFO - - system: 1 sequences, 0.07 GB
127.0.0.1 - - [01/Oct/2026 21:33:42] "POST /v1/chat/completions HTTP/1.1" 200 -
2026-10-01 21:33:43,419 - INFO - Prompt processing progress: 2048/7464
2026-10-01 21:33:44,616 - INFO - Prompt processing progress: 4096/7464
2026-10-01 21:33:45,854 - INFO - Prompt processing progress: 6144/7464
2026-10-01 21:33:46,752 - INFO - Prompt processing progress: 7463/7464
2026-10-01 21:33:46,785 - INFO - Prompt processing progress: 7464/7464
2026-10-01 21:33:48,149 - INFO - Prompt Cache: 1 sequences, 0.07 GB
2026-10-01 21:33:48,149 - INFO - - assistant: 0 sequences, 0.00 GB
2026-10-01 21:33:48,149 - INFO - - user: 0 sequences, 0.00 GB
2026-10-01 21:33:48,149 - INFO - - system: 1 sequences, 0.07 GB
127.0.0.1 - - [01/Oct/2026 21:33:48] "POST /v1/chat/completions HTTP/1.1" 200 -
2026-10-01 21:33:49,337 - INFO - Prompt processing progress: 2048/8220
2026-10-01 21:33:50,531 - INFO - Prompt processing progress: 4096/8220
2026-10-01 21:33:51,770 - INFO - Prompt processing progress: 6144/8220
2026-10-01 21:33:53,055 - INFO - Prompt processing progress: 8192/8220
2026-10-01 21:33:53,171 - INFO - Prompt processing progress: 8219/8220
2026-10-01 21:33:53,199 - INFO - Prompt processing progress: 8220/8220
2026-10-01 21:33:54,636 - WARNING - Failed to parse tool call (ValueError: No function provided.) — tool text was likely truncated mid-generation.
2026-10-01 21:33:54,644 - INFO - Prompt Cache: 1 sequences, 0.07 GB
2026-10-01 21:33:54,644 - INFO - - assistant: 0 sequences, 0.00 GB
2026-10-01 21:33:54,644 - INFO - - user: 0 sequences, 0.00 GB
2026-10-01 21:33:54,644 - INFO - - system: 1 sequences, 0.07 GB
127.0.0.1 - - [01/Oct/2026 21:33:54] "POST /v1/chat/completions HTTP/1.1" 200 -
2026-10-01 21:33:55,838 - INFO - Prompt processing progress: 2048/8327
2026-10-01 21:33:57,033 - INFO - Prompt processing progress: 4096/8327
2026-10-01 21:33:58,272 - INFO - Prompt processing progress: 6144/8327
2026-10-01 21:33:59,565 - INFO - Prompt processing progress: 8192/8327
2026-10-01 21:33:59,818 - INFO - Prompt processing progress: 8326/8327
2026-10-01 21:33:59,845 - INFO - Prompt processing progress: 8327/8327
2026-10-01 21:34:00,536 - INFO - Prompt Cache: 1 sequences, 0.07 GB
2026-10-01 21:34:00,536 - INFO - - assistant: 0 sequences, 0.00 GB
2026-10-01 21:34:00,536 - INFO - - user: 0 sequences, 0.00 GB
2026-10-01 21:34:00,536 - INFO - - system: 1 sequences, 0.07 GB
127.0.0.1 - - [01/Oct/2026 21:34:00] "POST /v1/chat/completions HTTP/1.1" 200 -
2026-10-01 21:34:01,724 - INFO - Prompt processing progress: 2048/8717
2026-10-01 21:34:02,921 - INFO - Prompt processing progress: 4096/8717
2026-10-01 21:34:04,158 - INFO - Prompt processing progress: 6144/8717
2026-10-01 21:34:05,445 - INFO - Prompt processing progress: 8192/8717
2026-10-01 21:34:05,899 - INFO - Prompt processing progress: 8716/8717
2026-10-01 21:34:05,928 - INFO - Prompt processing progress: 8717/8717
2026-10-01 21:34:09,512 - INFO - Prompt Cache: 1 sequences, 0.07 GB
2026-10-01 21:34:09,512 - INFO - - assistant: 0 sequences, 0.00 GB
2026-10-01 21:34:09,512 - INFO - - user: 0 sequences, 0.00 GB
2026-10-01 21:34:09,512 - INFO - - system: 1 sequences, 0.07 GB
127.0.0.1 - - [01/Oct/2026 21:34:09] "POST /v1/chat/completions HTTP/1.1" 200 -
2026-10-01 21:34:10,702 - INFO - Prompt processing progress: 2048/9263
2026-10-01 21:34:11,899 - INFO - Prompt processing progress: 4096/9263
2026-10-01 21:34:13,134 - INFO - Prompt processing progress: 6144/9263
2026-10-01 21:34:14,418 - INFO - Prompt processing progress: 8192/9263
2026-10-01 21:34:15,188 - INFO - Prompt processing progress: 9262/9263
2026-10-01 21:34:15,221 - INFO - Prompt processing progress: 9263/9263
2026-10-01 21:34:15,854 - WARNING - Failed to parse tool call (ValueError: No function provided.) — tool text was likely truncated mid-generation.
2026-10-01 21:34:15,863 - INFO - Prompt Cache: 1 sequences, 0.07 GB
2026-10-01 21:34:15,863 - INFO - - assistant: 0 sequences, 0.00 GB
2026-10-01 21:34:15,863 - INFO - - user: 0 sequences, 0.00 GB
2026-10-01 21:34:15,863 - INFO - - system: 1 sequences, 0.07 GB
127.0.0.1 - - [01/Oct/2026 21:34:15] "POST /v1/chat/completions HTTP/1.1" 200 -
2026-10-01 21:34:17,058 - INFO - Prompt processing progress: 2048/9321
2026-10-01 21:34:18,255 - INFO - Prompt processing progress: 4096/9321
2026-10-01 21:34:19,493 - INFO - Prompt processing progress: 6144/9321
2026-10-01 21:34:20,787 - INFO - Prompt processing progress: 8192/9321
2026-10-01 21:34:21,585 - INFO - Prompt processing progress: 9320/9321
2026-10-01 21:34:21,618 - INFO - Prompt processing progress: 9321/9321
2026-10-01 21:34:23,321 - WARNING - Failed to parse tool call (ValueError: No function provided.) — tool text was likely truncated mid-generation.
2026-10-01 21:34:23,330 - INFO - Prompt Cache: 1 sequences, 0.07 GB
2026-10-01 21:34:23,330 - INFO - - assistant: 0 sequences, 0.00 GB
2026-10-01 21:34:23,330 - INFO - - user: 0 sequences, 0.00 GB
2026-10-01 21:34:23,330 - INFO - - system: 1 sequences, 0.07 GB
127.0.0.1 - - [01/Oct/2026 21:34:23] "POST /v1/chat/completions HTTP/1.1" 200 -
2026-10-01 21:34:24,523 - INFO - Prompt processing progress: 2048/9443
2026-10-01 21:34:25,719 - INFO - Prompt processing progress: 4096/9443
2026-10-01 21:34:26,958 - INFO - Prompt processing progress: 6144/9443
2026-10-01 21:34:28,253 - INFO - Prompt processing progress: 8192/9443
2026-10-01 21:34:29,131 - INFO - Prompt processing progress: 9442/9443
2026-10-01 21:34:29,166 - INFO - Prompt processing progress: 9443/9443
2026-10-01 21:34:29,988 - WARNING - Failed to parse tool call (ValueError: No function provided.) — tool text was likely truncated mid-generation.
2026-10-01 21:34:29,997 - INFO - Prompt Cache: 1 sequences, 0.07 GB
2026-10-01 21:34:29,997 - INFO - - assistant: 0 sequences, 0.00 GB
2026-10-01 21:34:29,997 - INFO - - user: 0 sequences, 0.00 GB
2026-10-01 21:34:29,997 - INFO - - system: 1 sequences, 0.07 GB
127.0.0.1 - - [01/Oct/2026 21:34:29] "POST /v1/chat/completions HTTP/1.1" 200 -
2026-10-01 21:34:31,190 - INFO - Prompt processing progress: 2048/10173
2026-10-01 21:34:32,385 - INFO - Prompt processing progress: 4096/10173
2026-10-01 21:34:33,620 - INFO - Prompt processing progress: 6144/10173
2026-10-01 21:34:34,907 - INFO - Prompt processing progress: 8192/10173
2026-10-01 21:34:36,278 - INFO - Prompt processing progress: 10172/10173
2026-10-01 21:34:36,319 - INFO - Prompt processing progress: 10173/10173
2026-10-01 21:34:37,285 - INFO - Prompt Cache: 1 sequences, 0.07 GB
2026-10-01 21:34:37,286 - INFO - - assistant: 0 sequences, 0.00 GB
2026-10-01 21:34:37,286 - INFO - - user: 0 sequences, 0.00 GB
2026-10-01 21:34:37,286 - INFO - - system: 1 sequences, 0.07 GB
127.0.0.1 - - [01/Oct/2026 21:34:37] "POST /v1/chat/completions HTTP/1.1" 200 -
2026-10-01 21:34:38,476 - INFO - Prompt processing progress: 2048/10427
2026-10-01 21:34:39,673 - INFO - Prompt processing progress: 4096/10427
2026-10-01 21:34:40,907 - INFO - Prompt processing progress: 6144/10427
2026-10-01 21:34:42,191 - INFO - Prompt processing progress: 8192/10427
2026-10-01 21:34:43,535 - INFO - Prompt processing progress: 10240/10427
2026-10-01 21:34:43,825 - INFO - Prompt processing progress: 10426/10427
2026-10-01 21:34:43,853 - INFO - Prompt processing progress: 10427/10427
2026-10-01 21:34:45,751 - INFO - Prompt Cache: 1 sequences, 0.07 GB
2026-10-01 21:34:45,751 - INFO - - assistant: 0 sequences, 0.00 GB
2026-10-01 21:34:45,751 - INFO - - user: 0 sequences, 0.00 GB
2026-10-01 21:34:45,751 - INFO - - system: 1 sequences, 0.07 GB
127.0.0.1 - - [01/Oct/2026 21:34:45] "POST /v1/chat/completions HTTP/1.1" 200 -
2026-10-01 21:34:46,945 - INFO - Prompt processing progress: 2048/10573
2026-10-01 21:34:48,145 - INFO - Prompt processing progress: 4096/10573
2026-10-01 21:34:49,394 - INFO - Prompt processing progress: 6144/10573
2026-10-01 21:34:50,679 - INFO - Prompt processing progress: 8192/10573
2026-10-01 21:34:52,021 - INFO - Prompt processing progress: 10240/10573
2026-10-01 21:34:52,398 - INFO - Prompt processing progress: 10572/10573
2026-10-01 21:34:52,428 - INFO - Prompt processing progress: 10573/10573
2026-10-01 21:34:53,257 - INFO - Prompt Cache: 1 sequences, 0.07 GB
2026-10-01 21:34:53,257 - INFO - - assistant: 0 sequences, 0.00 GB
2026-10-01 21:34:53,257 - INFO - - user: 0 sequences, 0.00 GB
2026-10-01 21:34:53,257 - INFO - - system: 1 sequences, 0.07 GB
127.0.0.1 - - [01/Oct/2026 21:34:53] "POST /v1/chat/completions HTTP/1.1" 200 -
2026-10-01 21:34:54,452 - INFO - Prompt processing progress: 2048/11055
2026-10-01 21:34:55,654 - INFO - Prompt processing progress: 4096/11055
2026-10-01 21:34:56,890 - INFO - Prompt processing progress: 6144/11055
2026-10-01 21:34:58,181 - INFO - Prompt processing progress: 8192/11055
2026-10-01 21:34:59,524 - INFO - Prompt processing progress: 10240/11055
2026-10-01 21:35:00,152 - INFO - Prompt processing progress: 11054/11055
2026-10-01 21:35:00,187 - INFO - Prompt processing progress: 11055/11055
2026-10-01 21:35:03,105 - INFO - Prompt Cache: 1 sequences, 0.07 GB
2026-10-01 21:35:03,105 - INFO - - assistant: 0 sequences, 0.00 GB
2026-10-01 21:35:03,105 - INFO - - user: 0 sequences, 0.00 GB
2026-10-01 21:35:03,105 - INFO - - system: 1 sequences, 0.07 GB
127.0.0.1 - - [01/Oct/2026 21:35:03] "POST /v1/chat/completions HTTP/1.1" 200 -
2026-10-01 21:35:04,303 - INFO - Prompt processing progress: 2048/11300
2026-10-01 21:35:05,500 - INFO - Prompt processing progress: 4096/11300
2026-10-01 21:35:06,744 - INFO - Prompt processing progress: 6144/11300
2026-10-01 21:35:08,038 - INFO - Prompt processing progress: 8192/11300
2026-10-01 21:35:09,385 - INFO - Prompt processing progress: 10240/11300
2026-10-01 21:35:10,178 - INFO - Prompt processing progress: 11299/11300
2026-10-01 21:35:10,214 - INFO - Prompt processing progress: 11300/11300
2026-10-01 21:35:10,739 - WARNING - Failed to parse tool call (ValueError: No function provided.) — tool text was likely truncated mid-generation.
2026-10-01 21:35:10,749 - INFO - Prompt Cache: 1 sequences, 0.07 GB
2026-10-01 21:35:10,749 - INFO - - assistant: 0 sequences, 0.00 GB
2026-10-01 21:35:10,749 - INFO - - user: 0 sequences, 0.00 GB
2026-10-01 21:35:10,749 - INFO - - system: 1 sequences, 0.07 GB
127.0.0.1 - - [01/Oct/2026 21:35:10] "POST /v1/chat/completions HTTP/1.1" 200 -
2026-10-01 21:35:11,946 - INFO - Prompt processing progress: 2048/11351
2026-10-01 21:35:13,149 - INFO - Prompt processing progress: 4096/11351
2026-10-01 21:35:14,385 - INFO - Prompt processing progress: 6144/11351
2026-10-01 21:35:15,680 - INFO - Prompt processing progress: 8192/11351
2026-10-01 21:35:17,028 - INFO - Prompt processing progress: 10240/11351
2026-10-01 21:35:17,847 - INFO - Prompt processing progress: 11350/11351
2026-10-01 21:35:17,881 - INFO - Prompt processing progress: 11351/11351
2026-10-01 21:35:18,302 - WARNING - Failed to parse tool call (ValueError: No function provided.) — tool text was likely truncated mid-generation.
2026-10-01 21:35:18,312 - INFO - Prompt Cache: 1 sequences, 0.07 GB
2026-10-01 21:35:18,312 - INFO - - assistant: 0 sequences, 0.00 GB
2026-10-01 21:35:18,312 - INFO - - user: 0 sequences, 0.00 GB
2026-10-01 21:35:18,312 - INFO - - system: 1 sequences, 0.07 GB
127.0.0.1 - - [01/Oct/2026 21:35:18] "POST /v1/chat/completions HTTP/1.1" 200 -
2026-10-01 21:35:19,503 - INFO - Prompt processing progress: 2048/11808
2026-10-01 21:35:20,705 - INFO - Prompt processing progress: 4096/11808
2026-10-01 21:35:21,945 - INFO - Prompt processing progress: 6144/11808
2026-10-01 21:35:23,239 - INFO - Prompt processing progress: 8192/11808
2026-10-01 21:35:24,583 - INFO - Prompt processing progress: 10240/11808
2026-10-01 21:35:25,719 - INFO - Prompt processing progress: 11807/11808
2026-10-01 21:35:25,758 - INFO - Prompt processing progress: 11808/11808
2026-10-01 21:35:26,323 - INFO - Prompt Cache: 1 sequences, 0.07 GB
2026-10-01 21:35:26,323 - INFO - - assistant: 0 sequences, 0.00 GB
2026-10-01 21:35:26,323 - INFO - - user: 0 sequences, 0.00 GB
2026-10-01 21:35:26,323 - INFO - - system: 1 sequences, 0.07 GB
127.0.0.1 - - [01/Oct/2026 21:35:26] "POST /v1/chat/completions HTTP/1.1" 200 -
2026-10-01 21:35:27,032 - INFO - Prompt processing progress: 1065/1066
2026-10-01 21:35:27,061 - INFO - Prompt processing progress: 1066/1066
2026-10-01 21:35:28,549 - INFO - Prompt Cache: 1 sequences, 0.07 GB
2026-10-01 21:35:28,549 - INFO - - assistant: 0 sequences, 0.00 GB
2026-10-01 21:35:28,549 - INFO - - user: 0 sequences, 0.00 GB
2026-10-01 21:35:28,549 - INFO - - system: 1 sequences, 0.07 GB
127.0.0.1 - - [01/Oct/2026 21:35:28] "POST /v1/chat/completions HTTP/1.1" 200 -
2026-10-01 21:35:29,480 - INFO - Prompt processing progress: 1465/1466
2026-10-01 21:35:29,505 - INFO - Prompt processing progress: 1466/1466
2026-10-01 21:35:30,230 - INFO - Prompt Cache: 1 sequences, 0.07 GB
2026-10-01 21:35:30,230 - INFO - - assistant: 0 sequences, 0.00 GB
2026-10-01 21:35:30,230 - INFO - - user: 0 sequences, 0.00 GB
2026-10-01 21:35:30,230 - INFO - - system: 1 sequences, 0.07 GB
127.0.0.1 - - [01/Oct/2026 21:35:30] "POST /v1/chat/completions HTTP/1.1" 200 -
2026-10-01 21:35:31,432 - INFO - Prompt processing progress: 1935/1936
2026-10-01 21:35:31,464 - INFO - Prompt processing progress: 1936/1936
2026-10-01 21:35:32,203 - WARNING - Failed to parse tool call (ValueError: No function provided.) — tool text was likely truncated mid-generation.
2026-10-01 21:35:32,207 - INFO - Prompt Cache: 1 sequences, 0.07 GB
2026-10-01 21:35:32,207 - INFO - - assistant: 0 sequences, 0.00 GB
2026-10-01 21:35:32,207 - INFO - - user: 0 sequences, 0.00 GB
2026-10-01 21:35:32,207 - INFO - - system: 1 sequences, 0.07 GB
127.0.0.1 - - [01/Oct/2026 21:35:32] "POST /v1/chat/completions HTTP/1.1" 200 -
2026-10-01 21:35:33,395 - INFO - Prompt processing progress: 2048/2186
2026-10-01 21:35:33,634 - INFO - Prompt processing progress: 2185/2186
2026-10-01 21:35:33,658 - INFO - Prompt processing progress: 2186/2186
2026-10-01 21:35:34,337 - INFO - Prompt Cache: 1 sequences, 0.07 GB
2026-10-01 21:35:34,337 - INFO - - assistant: 0 sequences, 0.00 GB
2026-10-01 21:35:34,337 - INFO - - user: 0 sequences, 0.00 GB
2026-10-01 21:35:34,337 - INFO - - system: 1 sequences, 0.07 GB
127.0.0.1 - - [01/Oct/2026 21:35:34] "POST /v1/chat/completions HTTP/1.1" 200 -
2026-10-01 21:35:35,527 - INFO - Prompt processing progress: 2048/2378
2026-10-01 21:35:35,858 - INFO - Prompt processing progress: 2377/2378
2026-10-01 21:35:35,883 - INFO - Prompt processing progress: 2378/2378
2026-10-01 21:35:36,674 - INFO - Prompt Cache: 1 sequences, 0.07 GB
2026-10-01 21:35:36,674 - INFO - - assistant: 0 sequences, 0.00 GB
2026-10-01 21:35:36,674 - INFO - - user: 0 sequences, 0.00 GB
2026-10-01 21:35:36,674 - INFO - - system: 1 sequences, 0.07 GB
127.0.0.1 - - [01/Oct/2026 21:35:36] "POST /v1/chat/completions HTTP/1.1" 200 -
2026-10-01 21:35:37,864 - INFO - Prompt processing progress: 2048/2950
2026-10-01 21:35:38,462 - INFO - Prompt processing progress: 2949/2950
2026-10-01 21:35:38,490 - INFO - Prompt processing progress: 2950/2950
2026-10-01 21:35:39,525 - INFO - Prompt Cache: 1 sequences, 0.07 GB
2026-10-01 21:35:39,525 - INFO - - assistant: 0 sequences, 0.00 GB
2026-10-01 21:35:39,525 - INFO - - user: 0 sequences, 0.00 GB
2026-10-01 21:35:39,525 - INFO - - system: 1 sequences, 0.07 GB
127.0.0.1 - - [01/Oct/2026 21:35:39] "POST /v1/chat/completions HTTP/1.1" 200 -
2026-10-01 21:35:40,720 - INFO - Prompt processing progress: 2048/3381
2026-10-01 21:35:41,553 - INFO - Prompt processing progress: 3380/3381
2026-10-01 21:35:41,583 - INFO - Prompt processing progress: 3381/3381
2026-10-01 21:35:42,672 - INFO - Prompt Cache: 1 sequences, 0.07 GB
2026-10-01 21:35:42,672 - INFO - - assistant: 0 sequences, 0.00 GB
2026-10-01 21:35:42,672 - INFO - - user: 0 sequences, 0.00 GB
2026-10-01 21:35:42,672 - INFO - - system: 1 sequences, 0.07 GB
127.0.0.1 - - [01/Oct/2026 21:35:42] "POST /v1/chat/completions HTTP/1.1" 200 -
2026-10-01 21:35:43,866 - INFO - Prompt processing progress: 2048/3710
2026-10-01 21:35:44,891 - INFO - Prompt processing progress: 3709/3710
2026-10-01 21:35:44,923 - INFO - Prompt processing progress: 3710/3710
2026-10-01 21:35:46,677 - INFO - Prompt Cache: 1 sequences, 0.07 GB
2026-10-01 21:35:46,677 - INFO - - assistant: 0 sequences, 0.00 GB
2026-10-01 21:35:46,677 - INFO - - user: 0 sequences, 0.00 GB
2026-10-01 21:35:46,677 - INFO - - system: 1 sequences, 0.07 GB
127.0.0.1 - - [01/Oct/2026 21:35:46] "POST /v1/chat/completions HTTP/1.1" 200 -
2026-10-01 21:35:47,871 - INFO - Prompt processing progress: 2048/4245
2026-10-01 21:35:49,066 - INFO - Prompt processing progress: 4096/4245
2026-10-01 21:35:49,325 - INFO - Prompt processing progress: 4244/4245
2026-10-01 21:35:49,351 - INFO - Prompt processing progress: 4245/4245
2026-10-01 21:35:50,430 - INFO - Prompt Cache: 1 sequences, 0.07 GB
2026-10-01 21:35:50,430 - INFO - - assistant: 0 sequences, 0.00 GB
2026-10-01 21:35:50,430 - INFO - - user: 0 sequences, 0.00 GB
2026-10-01 21:35:50,430 - INFO - - system: 1 sequences, 0.07 GB
127.0.0.1 - - [01/Oct/2026 21:35:50] "POST /v1/chat/completions HTTP/1.1" 200 -
2026-10-01 21:35:51,619 - INFO - Prompt processing progress: 2048/4993
2026-10-01 21:35:52,813 - INFO - Prompt processing progress: 4096/4993
2026-10-01 21:35:53,426 - INFO - Prompt processing progress: 4992/4993
2026-10-01 21:35:53,454 - INFO - Prompt processing progress: 4993/4993
2026-10-01 21:35:54,676 - WARNING - Failed to parse tool call (ValueError: No function provided.) — tool text was likely truncated mid-generation.
2026-10-01 21:35:54,682 - INFO - Prompt Cache: 1 sequences, 0.07 GB
2026-10-01 21:35:54,682 - INFO - - assistant: 0 sequences, 0.00 GB
2026-10-01 21:35:54,682 - INFO - - user: 0 sequences, 0.00 GB
2026-10-01 21:35:54,682 - INFO - - system: 1 sequences, 0.07 GB
127.0.0.1 - - [01/Oct/2026 21:35:54] "POST /v1/chat/completions HTTP/1.1" 200 -
2026-10-01 21:35:55,874 - INFO - Prompt processing progress: 2048/5291
2026-10-01 21:35:57,066 - INFO - Prompt processing progress: 4096/5291
2026-10-01 21:35:57,846 - INFO - Prompt processing progress: 5290/5291
2026-10-01 21:35:57,875 - INFO - Prompt processing progress: 5291/5291
2026-10-01 21:36:00,871 - INFO - Prompt Cache: 1 sequences, 0.07 GB
2026-10-01 21:36:00,871 - INFO - - assistant: 0 sequences, 0.00 GB
2026-10-01 21:36:00,871 - INFO - - user: 0 sequences, 0.00 GB
2026-10-01 21:36:00,871 - INFO - - system: 1 sequences, 0.07 GB
127.0.0.1 - - [01/Oct/2026 21:36:00] "POST /v1/chat/completions HTTP/1.1" 200 -
2026-10-01 21:36:02,067 - INFO - Prompt processing progress: 2048/5767
2026-10-01 21:36:03,262 - INFO - Prompt processing progress: 4096/5767
2026-10-01 21:36:04,340 - INFO - Prompt processing progress: 5766/5767
2026-10-01 21:36:04,387 - INFO - Prompt processing progress: 5767/5767
2026-10-01 21:36:05,126 - WARNING - Failed to parse tool call (ValueError: No function provided.) — tool text was likely truncated mid-generation.
2026-10-01 21:36:05,132 - INFO - Prompt Cache: 1 sequences, 0.07 GB
2026-10-01 21:36:05,132 - INFO - - assistant: 0 sequences, 0.00 GB
2026-10-01 21:36:05,132 - INFO - - user: 0 sequences, 0.00 GB
2026-10-01 21:36:05,132 - INFO - - system: 1 sequences, 0.07 GB
127.0.0.1 - - [01/Oct/2026 21:36:05] "POST /v1/chat/completions HTTP/1.1" 200 -
2026-10-01 21:36:06,325 - INFO - Prompt processing progress: 2048/6177
2026-10-01 21:36:07,521 - INFO - Prompt processing progress: 4096/6177
2026-10-01 21:36:08,758 - INFO - Prompt processing progress: 6144/6177
2026-10-01 21:36:08,882 - INFO - Prompt processing progress: 6176/6177
2026-10-01 21:36:08,908 - INFO - Prompt processing progress: 6177/6177
2026-10-01 21:36:09,647 - WARNING - Failed to parse tool call (ValueError: No function provided.) — tool text was likely truncated mid-generation.
2026-10-01 21:36:09,653 - INFO - Prompt Cache: 1 sequences, 0.07 GB
2026-10-01 21:36:09,653 - INFO - - assistant: 0 sequences, 0.00 GB
2026-10-01 21:36:09,653 - INFO - - user: 0 sequences, 0.00 GB
2026-10-01 21:36:09,653 - INFO - - system: 1 sequences, 0.07 GB
127.0.0.1 - - [01/Oct/2026 21:36:09] "POST /v1/chat/completions HTTP/1.1" 200 -
2026-10-01 21:36:10,845 - INFO - Prompt processing progress: 2048/6479
2026-10-01 21:36:12,040 - INFO - Prompt processing progress: 4096/6479
2026-10-01 21:36:13,277 - INFO - Prompt processing progress: 6144/6479
2026-10-01 21:36:13,636 - INFO - Prompt processing progress: 6478/6479
2026-10-01 21:36:13,664 - INFO - Prompt processing progress: 6479/6479
2026-10-01 21:36:17,352 - INFO - Prompt Cache: 1 sequences, 0.07 GB
2026-10-01 21:36:17,352 - INFO - - assistant: 0 sequences, 0.00 GB
2026-10-01 21:36:17,352 - INFO - - user: 0 sequences, 0.00 GB
2026-10-01 21:36:17,352 - INFO - - system: 1 sequences, 0.07 GB
127.0.0.1 - - [01/Oct/2026 21:36:17] "POST /v1/chat/completions HTTP/1.1" 200 -
2026-10-01 21:36:18,549 - INFO - Prompt processing progress: 2048/6723
2026-10-01 21:36:19,743 - INFO - Prompt processing progress: 4096/6723
2026-10-01 21:36:20,986 - INFO - Prompt processing progress: 6144/6723
2026-10-01 21:36:21,455 - INFO - Prompt processing progress: 6722/6723
2026-10-01 21:36:21,483 - INFO - Prompt processing progress: 6723/6723
2026-10-01 21:36:23,714 - INFO - Prompt Cache: 1 sequences, 0.07 GB
2026-10-01 21:36:23,714 - INFO - - assistant: 0 sequences, 0.00 GB
2026-10-01 21:36:23,714 - INFO - - user: 0 sequences, 0.00 GB
2026-10-01 21:36:23,714 - INFO - - system: 1 sequences, 0.07 GB
127.0.0.1 - - [01/Oct/2026 21:36:23] "POST /v1/chat/completions HTTP/1.1" 200 -
2026-10-01 21:36:24,906 - INFO - Prompt processing progress: 2048/7453
2026-10-01 21:36:26,102 - INFO - Prompt processing progress: 4096/7453
2026-10-01 21:36:27,343 - INFO - Prompt processing progress: 6144/7453
2026-10-01 21:36:28,227 - INFO - Prompt processing progress: 7452/7453
2026-10-01 21:36:28,258 - INFO - Prompt processing progress: 7453/7453
2026-10-01 21:36:29,795 - WARNING - Failed to parse tool call (ValueError: No function provided.) — tool text was likely truncated mid-generation.
2026-10-01 21:36:29,804 - INFO - Prompt Cache: 1 sequences, 0.07 GB
2026-10-01 21:36:29,804 - INFO - - assistant: 0 sequences, 0.00 GB
2026-10-01 21:36:29,804 - INFO - - user: 0 sequences, 0.00 GB
2026-10-01 21:36:29,804 - INFO - - system: 1 sequences, 0.07 GB
127.0.0.1 - - [01/Oct/2026 21:36:29] "POST /v1/chat/completions HTTP/1.1" 200 -
2026-10-01 21:36:31,003 - INFO - Prompt processing progress: 2048/9271
2026-10-01 21:36:32,197 - INFO - Prompt processing progress: 4096/9271
2026-10-01 21:36:33,433 - INFO - Prompt processing progress: 6144/9271
2026-10-01 21:36:34,721 - INFO - Prompt processing progress: 8192/9271
2026-10-01 21:36:35,496 - INFO - Prompt processing progress: 9270/9271
2026-10-01 21:36:35,529 - INFO - Prompt processing progress: 9271/9271
2026-10-01 21:36:37,688 - INFO - Prompt Cache: 1 sequences, 0.07 GB
2026-10-01 21:36:37,688 - INFO - - assistant: 0 sequences, 0.00 GB
2026-10-01 21:36:37,688 - INFO - - user: 0 sequences, 0.00 GB
2026-10-01 21:36:37,688 - INFO - - system: 1 sequences, 0.07 GB
127.0.0.1 - - [01/Oct/2026 21:36:37] "POST /v1/chat/completions HTTP/1.1" 200 -
2026-10-01 21:36:38,884 - INFO - Prompt processing progress: 2048/9733
2026-10-01 21:36:40,077 - INFO - Prompt processing progress: 4096/9733
2026-10-01 21:36:41,317 - INFO - Prompt processing progress: 6144/9733
2026-10-01 21:36:42,601 - INFO - Prompt processing progress: 8192/9733
2026-10-01 21:36:43,685 - INFO - Prompt processing progress: 9732/9733
2026-10-01 21:36:43,718 - INFO - Prompt processing progress: 9733/9733
2026-10-01 21:36:46,080 - INFO - Prompt Cache: 1 sequences, 0.07 GB
2026-10-01 21:36:46,080 - INFO - - assistant: 0 sequences, 0.00 GB
2026-10-01 21:36:46,080 - INFO - - user: 0 sequences, 0.00 GB
2026-10-01 21:36:46,080 - INFO - - system: 1 sequences, 0.07 GB
127.0.0.1 - - [01/Oct/2026 21:36:46] "POST /v1/chat/completions HTTP/1.1" 200 -
2026-10-01 21:36:47,274 - INFO - Prompt processing progress: 2048/9893
2026-10-01 21:36:48,473 - INFO - Prompt processing progress: 4096/9893
2026-10-01 21:36:49,713 - INFO - Prompt processing progress: 6144/9893
2026-10-01 21:36:51,012 - INFO - Prompt processing progress: 8192/9893
2026-10-01 21:36:52,191 - INFO - Prompt processing progress: 9892/9893
2026-10-01 21:36:52,229 - INFO - Prompt processing progress: 9893/9893
2026-10-01 21:36:53,011 - INFO - Prompt Cache: 1 sequences, 0.07 GB
2026-10-01 21:36:53,011 - INFO - - assistant: 0 sequences, 0.00 GB
2026-10-01 21:36:53,011 - INFO - - user: 0 sequences, 0.00 GB
2026-10-01 21:36:53,011 - INFO - - system: 1 sequences, 0.07 GB
127.0.0.1 - - [01/Oct/2026 21:36:53] "POST /v1/chat/completions HTTP/1.1" 200 -
2026-10-01 21:36:54,205 - INFO - Prompt processing progress: 2048/9959
2026-10-01 21:36:55,400 - INFO - Prompt processing progress: 4096/9959
2026-10-01 21:36:56,642 - INFO - Prompt processing progress: 6144/9959
2026-10-01 21:36:57,925 - INFO - Prompt processing progress: 8192/9959
2026-10-01 21:36:59,158 - INFO - Prompt processing progress: 9958/9959
2026-10-01 21:36:59,197 - INFO - Prompt processing progress: 9959/9959
2026-10-01 21:37:01,210 - INFO - Prompt Cache: 1 sequences, 0.07 GB
2026-10-01 21:37:01,210 - INFO - - assistant: 0 sequences, 0.00 GB
2026-10-01 21:37:01,210 - INFO - - user: 0 sequences, 0.00 GB
2026-10-01 21:37:01,210 - INFO - - system: 1 sequences, 0.07 GB
127.0.0.1 - - [01/Oct/2026 21:37:01] "POST /v1/chat/completions HTTP/1.1" 200 -
2026-10-01 21:37:02,403 - INFO - Prompt processing progress: 2048/10159
2026-10-01 21:37:03,594 - INFO - Prompt processing progress: 4096/10159
2026-10-01 21:37:04,835 - INFO - Prompt processing progress: 6144/10159
2026-10-01 21:37:06,122 - INFO - Prompt processing progress: 8192/10159
2026-10-01 21:37:07,499 - INFO - Prompt processing progress: 10158/10159
2026-10-01 21:37:07,540 - INFO - Prompt processing progress: 10159/10159
2026-10-01 21:37:08,651 - INFO - Prompt Cache: 1 sequences, 0.07 GB
2026-10-01 21:37:08,652 - INFO - - assistant: 0 sequences, 0.00 GB
2026-10-01 21:37:08,652 - INFO - - user: 0 sequences, 0.00 GB
2026-10-01 21:37:08,652 - INFO - - system: 1 sequences, 0.07 GB
127.0.0.1 - - [01/Oct/2026 21:37:08] "POST /v1/chat/completions HTTP/1.1" 200 -
2026-10-01 21:37:09,850 - INFO - Prompt processing progress: 2048/10549
2026-10-01 21:37:11,050 - INFO - Prompt processing progress: 4096/10549
2026-10-01 21:37:12,302 - INFO - Prompt processing progress: 6144/10549
2026-10-01 21:37:13,606 - INFO - Prompt processing progress: 8192/10549
2026-10-01 21:37:14,955 - INFO - Prompt processing progress: 10240/10549
2026-10-01 21:37:15,319 - INFO - Prompt processing progress: 10548/10549
2026-10-01 21:37:15,349 - INFO - Prompt processing progress: 10549/10549
2026-10-01 21:37:17,705 - INFO - Prompt Cache: 1 sequences, 0.07 GB
2026-10-01 21:37:17,705 - INFO - - assistant: 0 sequences, 0.00 GB
2026-10-01 21:37:17,705 - INFO - - user: 0 sequences, 0.00 GB
2026-10-01 21:37:17,705 - INFO - - system: 1 sequences, 0.07 GB
127.0.0.1 - - [01/Oct/2026 21:37:17] "POST /v1/chat/completions HTTP/1.1" 200 -
2026-10-01 21:37:18,907 - INFO - Prompt processing progress: 2048/10889
2026-10-01 21:37:20,100 - INFO - Prompt processing progress: 4096/10889
2026-10-01 21:37:21,347 - INFO - Prompt processing progress: 6144/10889
2026-10-01 21:37:22,639 - INFO - Prompt processing progress: 8192/10889
2026-10-01 21:37:23,992 - INFO - Prompt processing progress: 10240/10889
2026-10-01 21:37:24,532 - INFO - Prompt processing progress: 10888/10889
2026-10-01 21:37:24,577 - INFO - Prompt processing progress: 10889/10889
2026-10-01 21:37:28,466 - INFO - Prompt Cache: 1 sequences, 0.07 GB
2026-10-01 21:37:28,467 - INFO - - assistant: 0 sequences, 0.00 GB
2026-10-01 21:37:28,467 - INFO - - user: 0 sequences, 0.00 GB
2026-10-01 21:37:28,467 - INFO - - system: 1 sequences, 0.07 GB
127.0.0.1 - - [01/Oct/2026 21:37:28] "POST /v1/chat/completions HTTP/1.1" 200 -
2026-10-01 21:37:29,663 - INFO - Prompt processing progress: 2048/11312
2026-10-01 21:37:30,864 - INFO - Prompt processing progress: 4096/11312
2026-10-01 21:37:32,111 - INFO - Prompt processing progress: 6144/11312
2026-10-01 21:37:33,404 - INFO - Prompt processing progress: 8192/11312
2026-10-01 21:37:34,751 - INFO - Prompt processing progress: 10240/11312
2026-10-01 21:37:35,556 - INFO - Prompt processing progress: 11311/11312
2026-10-01 21:37:35,591 - INFO - Prompt processing progress: 11312/11312
2026-10-01 21:37:36,697 - WARNING - Failed to parse tool call (ValueError: No function provided.) — tool text was likely truncated mid-generation.
2026-10-01 21:37:36,707 - INFO - Prompt Cache: 1 sequences, 0.07 GB
2026-10-01 21:37:36,707 - INFO - - assistant: 0 sequences, 0.00 GB
2026-10-01 21:37:36,707 - INFO - - user: 0 sequences, 0.00 GB
2026-10-01 21:37:36,707 - INFO - - system: 1 sequences, 0.07 GB
127.0.0.1 - - [01/Oct/2026 21:37:36] "POST /v1/chat/completions HTTP/1.1" 200 -
2026-10-01 21:37:37,907 - INFO - Prompt processing progress: 2048/11766
2026-10-01 21:37:39,105 - INFO - Prompt processing progress: 4096/11766
2026-10-01 21:37:40,348 - INFO - Prompt processing progress: 6144/11766
2026-10-01 21:37:41,642 - INFO - Prompt processing progress: 8192/11766
2026-10-01 21:37:42,988 - INFO - Prompt processing progress: 10240/11766
2026-10-01 21:37:44,099 - INFO - Prompt processing progress: 11765/11766
2026-10-01 21:37:44,139 - INFO - Prompt processing progress: 11766/11766
2026-10-01 21:37:46,211 - INFO - Prompt Cache: 1 sequences, 0.07 GB
2026-10-01 21:37:46,211 - INFO - - assistant: 0 sequences, 0.00 GB
2026-10-01 21:37:46,211 - INFO - - user: 0 sequences, 0.00 GB
2026-10-01 21:37:46,211 - INFO - - system: 1 sequences, 0.07 GB
127.0.0.1 - - [01/Oct/2026 21:37:46] "POST /v1/chat/completions HTTP/1.1" 200 -
2026-10-01 21:37:47,411 - INFO - Prompt processing progress: 2048/12560
2026-10-01 21:37:48,611 - INFO - Prompt processing progress: 4096/12560
2026-10-01 21:37:49,853 - INFO - Prompt processing progress: 6144/12560
2026-10-01 21:37:51,157 - INFO - Prompt processing progress: 8192/12560
2026-10-01 21:37:52,504 - INFO - Prompt processing progress: 10240/12560
2026-10-01 21:37:53,910 - INFO - Prompt processing progress: 12288/12560
2026-10-01 21:37:54,258 - INFO - Prompt processing progress: 12559/12560
2026-10-01 21:37:54,288 - INFO - Prompt processing progress: 12560/12560
2026-10-01 21:37:55,912 - WARNING - Failed to parse tool call (ValueError: No function provided.) — tool text was likely truncated mid-generation.
2026-10-01 21:37:55,923 - INFO - Prompt Cache: 1 sequences, 0.07 GB
2026-10-01 21:37:55,923 - INFO - - assistant: 0 sequences, 0.00 GB
2026-10-01 21:37:55,923 - INFO - - user: 0 sequences, 0.00 GB
2026-10-01 21:37:55,923 - INFO - - system: 1 sequences, 0.07 GB
127.0.0.1 - - [01/Oct/2026 21:37:55] "POST /v1/chat/completions HTTP/1.1" 200 -
2026-10-01 21:37:57,116 - INFO - Prompt processing progress: 2048/12762
2026-10-01 21:37:58,307 - INFO - Prompt processing progress: 4096/12762
2026-10-01 21:37:59,544 - INFO - Prompt processing progress: 6144/12762
2026-10-01 21:38:00,826 - INFO - Prompt processing progress: 8192/12762
2026-10-01 21:38:02,161 - INFO - Prompt processing progress: 10240/12762
2026-10-01 21:38:03,558 - INFO - Prompt processing progress: 12288/12762
2026-10-01 21:38:04,014 - INFO - Prompt processing progress: 12761/12762
2026-10-01 21:38:04,060 - INFO - Prompt processing progress: 12762/12762
2026-10-01 21:38:04,939 - INFO - Prompt Cache: 1 sequences, 0.07 GB
2026-10-01 21:38:04,939 - INFO - - assistant: 0 sequences, 0.00 GB
2026-10-01 21:38:04,939 - INFO - - user: 0 sequences, 0.00 GB
2026-10-01 21:38:04,939 - INFO - - system: 1 sequences, 0.07 GB
127.0.0.1 - - [01/Oct/2026 21:38:04] "POST /v1/chat/completions HTTP/1.1" 200 -
2026-10-01 21:38:06,135 - INFO - Prompt processing progress: 2048/13423
2026-10-01 21:38:07,323 - INFO - Prompt processing progress: 4096/13423
2026-10-01 21:38:08,564 - INFO - Prompt processing progress: 6144/13423
2026-10-01 21:38:09,864 - INFO - Prompt processing progress: 8192/13423
2026-10-01 21:38:11,197 - INFO - Prompt processing progress: 10240/13423
2026-10-01 21:38:12,599 - INFO - Prompt processing progress: 12288/13423
2026-10-01 21:38:13,463 - INFO - Prompt processing progress: 13422/13423
2026-10-01 21:38:13,501 - INFO - Prompt processing progress: 13423/13423
2026-10-01 21:38:14,383 - INFO - Prompt Cache: 1 sequences, 0.07 GB
2026-10-01 21:38:14,383 - INFO - - assistant: 0 sequences, 0.00 GB
2026-10-01 21:38:14,383 - INFO - - user: 0 sequences, 0.00 GB
2026-10-01 21:38:14,383 - INFO - - system: 1 sequences, 0.07 GB
127.0.0.1 - - [01/Oct/2026 21:38:14] "POST /v1/chat/completions HTTP/1.1" 200 -
2026-10-01 21:38:15,574 - INFO - Prompt processing progress: 2048/13494
2026-10-01 21:38:16,770 - INFO - Prompt processing progress: 4096/13494
2026-10-01 21:38:18,007 - INFO - Prompt processing progress: 6144/13494
2026-10-01 21:38:19,291 - INFO - Prompt processing progress: 8192/13494
2026-10-01 21:38:20,631 - INFO - Prompt processing progress: 10240/13494
2026-10-01 21:38:22,025 - INFO - Prompt processing progress: 12288/13494
2026-10-01 21:38:22,932 - INFO - Prompt processing progress: 13493/13494
2026-10-01 21:38:22,970 - INFO - Prompt processing progress: 13494/13494
2026-10-01 21:38:24,587 - INFO - Prompt Cache: 1 sequences, 0.07 GB
2026-10-01 21:38:24,587 - INFO - - assistant: 0 sequences, 0.00 GB
2026-10-01 21:38:24,587 - INFO - - user: 0 sequences, 0.00 GB
2026-10-01 21:38:24,587 - INFO - - system: 1 sequences, 0.07 GB
127.0.0.1 - - [01/Oct/2026 21:38:24] "POST /v1/chat/completions HTTP/1.1" 200 -
2026-10-01 21:38:25,783 - INFO - Prompt processing progress: 2048/13615
2026-10-01 21:38:26,982 - INFO - Prompt processing progress: 4096/13615
2026-10-01 21:38:28,223 - INFO - Prompt processing progress: 6144/13615
2026-10-01 21:38:29,516 - INFO - Prompt processing progress: 8192/13615
2026-10-01 21:38:30,853 - INFO - Prompt processing progress: 10240/13615
2026-10-01 21:38:32,245 - INFO - Prompt processing progress: 12288/13615
2026-10-01 21:38:33,248 - INFO - Prompt processing progress: 13614/13615
2026-10-01 21:38:33,287 - INFO - Prompt processing progress: 13615/13615
2026-10-01 21:38:34,489 - INFO - Prompt Cache: 1 sequences, 0.07 GB
2026-10-01 21:38:34,489 - INFO - - assistant: 0 sequences, 0.00 GB
2026-10-01 21:38:34,489 - INFO - - user: 0 sequences, 0.00 GB
2026-10-01 21:38:34,489 - INFO - - system: 1 sequences, 0.07 GB
127.0.0.1 - - [01/Oct/2026 21:38:34] "POST /v1/chat/completions HTTP/1.1" 200 -
2026-10-01 21:38:35,684 - INFO - Prompt processing progress: 2048/13975
2026-10-01 21:38:36,879 - INFO - Prompt processing progress: 4096/13975
2026-10-01 21:38:38,116 - INFO - Prompt processing progress: 6144/13975
2026-10-01 21:38:39,412 - INFO - Prompt processing progress: 8192/13975
2026-10-01 21:38:40,752 - INFO - Prompt processing progress: 10240/13975
2026-10-01 21:38:42,160 - INFO - Prompt processing progress: 12288/13975
2026-10-01 21:38:43,421 - INFO - Prompt processing progress: 13974/13975
2026-10-01 21:38:43,464 - INFO - Prompt processing progress: 13975/13975
2026-10-01 21:38:44,405 - WARNING - Failed to parse tool call (ValueError: No function provided.) — tool text was likely truncated mid-generation.
2026-10-01 21:38:44,417 - INFO - Prompt Cache: 1 sequences, 0.07 GB
2026-10-01 21:38:44,417 - INFO - - assistant: 0 sequences, 0.00 GB
2026-10-01 21:38:44,417 - INFO - - user: 0 sequences, 0.00 GB
2026-10-01 21:38:44,417 - INFO - - system: 1 sequences, 0.07 GB
127.0.0.1 - - [01/Oct/2026 21:38:44] "POST /v1/chat/completions HTTP/1.1" 200 -
2026-10-01 21:38:45,609 - INFO - Prompt processing progress: 2048/14050
2026-10-01 21:38:46,803 - INFO - Prompt processing progress: 4096/14050
2026-10-01 21:38:48,043 - INFO - Prompt processing progress: 6144/14050
2026-10-01 21:38:49,335 - INFO - Prompt processing progress: 8192/14050
2026-10-01 21:38:50,676 - INFO - Prompt processing progress: 10240/14050
2026-10-01 21:38:52,076 - INFO - Prompt processing progress: 12288/14050
2026-10-01 21:38:53,396 - INFO - Prompt processing progress: 14049/14050
2026-10-01 21:38:53,441 - INFO - Prompt processing progress: 14050/14050
2026-10-01 21:38:54,584 - INFO - Prompt Cache: 1 sequences, 0.07 GB
2026-10-01 21:38:54,584 - INFO - - assistant: 0 sequences, 0.00 GB
2026-10-01 21:38:54,584 - INFO - - user: 0 sequences, 0.00 GB
2026-10-01 21:38:54,584 - INFO - - system: 1 sequences, 0.07 GB
127.0.0.1 - - [01/Oct/2026 21:38:54] "POST /v1/chat/completions HTTP/1.1" 200 -
2026-10-01 21:38:55,777 - INFO - Prompt processing progress: 2048/14182
2026-10-01 21:38:56,972 - INFO - Prompt processing progress: 4096/14182
2026-10-01 21:38:58,214 - INFO - Prompt processing progress: 6144/14182
2026-10-01 21:38:59,496 - INFO - Prompt processing progress: 8192/14182
2026-10-01 21:39:00,838 - INFO - Prompt processing progress: 10240/14182
2026-10-01 21:39:02,241 - INFO - Prompt processing progress: 12288/14182
2026-10-01 21:39:03,663 - INFO - Prompt processing progress: 14181/14182
2026-10-01 21:39:03,708 - INFO - Prompt processing progress: 14182/14182
2026-10-01 21:39:04,580 - WARNING - Failed to parse tool call (ValueError: No function provided.) — tool text was likely truncated mid-generation.
2026-10-01 21:39:04,593 - INFO - Prompt Cache: 1 sequences, 0.07 GB
2026-10-01 21:39:04,593 - INFO - - assistant: 0 sequences, 0.00 GB
2026-10-01 21:39:04,593 - INFO - - user: 0 sequences, 0.00 GB
2026-10-01 21:39:04,593 - INFO - - system: 1 sequences, 0.07 GB
127.0.0.1 - - [01/Oct/2026 21:39:04] "POST /v1/chat/completions HTTP/1.1" 200 -
2026-10-01 21:39:05,792 - INFO - Prompt processing progress: 2048/14262
2026-10-01 21:39:06,983 - INFO - Prompt processing progress: 4096/14262
2026-10-01 21:39:08,222 - INFO - Prompt processing progress: 6144/14262
2026-10-01 21:39:09,518 - INFO - Prompt processing progress: 8192/14262
2026-10-01 21:39:10,861 - INFO - Prompt processing progress: 10240/14262
2026-10-01 21:39:12,266 - INFO - Prompt processing progress: 12288/14262
2026-10-01 21:39:13,740 - INFO - Prompt processing progress: 14261/14262
2026-10-01 21:39:13,798 - INFO - Prompt processing progress: 14262/14262
2026-10-01 21:39:14,995 - WARNING - Failed to parse tool call (ValueError: No function provided.) — tool text was likely truncated mid-generation.
2026-10-01 21:39:15,008 - INFO - Prompt Cache: 1 sequences, 0.07 GB
2026-10-01 21:39:15,008 - INFO - - assistant: 0 sequences, 0.00 GB
2026-10-01 21:39:15,008 - INFO - - user: 0 sequences, 0.00 GB
2026-10-01 21:39:15,008 - INFO - - system: 1 sequences, 0.07 GB
127.0.0.1 - - [01/Oct/2026 21:39:15] "POST /v1/chat/completions HTTP/1.1" 200 -
2026-10-01 21:39:16,206 - INFO - Prompt processing progress: 2048/14531
2026-10-01 21:39:17,401 - INFO - Prompt processing progress: 4096/14531
2026-10-01 21:39:18,638 - INFO - Prompt processing progress: 6144/14531
2026-10-01 21:39:19,931 - INFO - Prompt processing progress: 8192/14531
2026-10-01 21:39:21,276 - INFO - Prompt processing progress: 10240/14531
2026-10-01 21:39:22,674 - INFO - Prompt processing progress: 12288/14531
2026-10-01 21:39:24,130 - INFO - Prompt processing progress: 14336/14531
2026-10-01 21:39:24,445 - INFO - Prompt processing progress: 14530/14531
2026-10-01 21:39:24,477 - INFO - Prompt processing progress: 14531/14531
2026-10-01 21:39:25,419 - WARNING - Failed to parse tool call (ValueError: No function provided.) — tool text was likely truncated mid-generation.
2026-10-01 21:39:25,431 - INFO - Prompt Cache: 1 sequences, 0.07 GB
2026-10-01 21:39:25,431 - INFO - - assistant: 0 sequences, 0.00 GB
2026-10-01 21:39:25,431 - INFO - - user: 0 sequences, 0.00 GB
2026-10-01 21:39:25,431 - INFO - - system: 1 sequences, 0.07 GB
127.0.0.1 - - [01/Oct/2026 21:39:25] "POST /v1/chat/completions HTTP/1.1" 200 -
2026-10-01 21:39:26,623 - INFO - Prompt processing progress: 2048/14624
2026-10-01 21:39:27,819 - INFO - Prompt processing progress: 4096/14624
2026-10-01 21:39:29,062 - INFO - Prompt processing progress: 6144/14624
2026-10-01 21:39:30,354 - INFO - Prompt processing progress: 8192/14624
2026-10-01 21:39:31,693 - INFO - Prompt processing progress: 10240/14624
2026-10-01 21:39:33,095 - INFO - Prompt processing progress: 12288/14624
2026-10-01 21:39:34,544 - INFO - Prompt processing progress: 14336/14624
2026-10-01 21:39:34,912 - INFO - Prompt processing progress: 14623/14624
2026-10-01 21:39:34,944 - INFO - Prompt processing progress: 14624/14624
2026-10-01 21:39:35,748 - WARNING - Failed to parse tool call (ValueError: No function provided.) — tool text was likely truncated mid-generation.
2026-10-01 21:39:35,762 - INFO - Prompt Cache: 1 sequences, 0.07 GB
2026-10-01 21:39:35,762 - INFO - - assistant: 0 sequences, 0.00 GB
2026-10-01 21:39:35,762 - INFO - - user: 0 sequences, 0.00 GB
2026-10-01 21:39:35,762 - INFO - - system: 1 sequences, 0.07 GB
127.0.0.1 - - [01/Oct/2026 21:39:35] "POST /v1/chat/completions HTTP/1.1" 200 -
2026-10-01 21:39:36,954 - INFO - Prompt processing progress: 2048/14864
2026-10-01 21:39:38,151 - INFO - Prompt processing progress: 4096/14864
2026-10-01 21:39:39,389 - INFO - Prompt processing progress: 6144/14864
2026-10-01 21:39:40,679 - INFO - Prompt processing progress: 8192/14864
2026-10-01 21:39:42,018 - INFO - Prompt processing progress: 10240/14864
2026-10-01 21:39:43,425 - INFO - Prompt processing progress: 12288/14864
2026-10-01 21:39:44,868 - INFO - Prompt processing progress: 14336/14864
2026-10-01 21:39:45,370 - INFO - Prompt processing progress: 14863/14864
2026-10-01 21:39:45,404 - INFO - Prompt processing progress: 14864/14864
2026-10-01 21:39:47,109 - INFO - Prompt Cache: 1 sequences, 0.07 GB
2026-10-01 21:39:47,109 - INFO - - assistant: 0 sequences, 0.00 GB
2026-10-01 21:39:47,109 - INFO - - user: 0 sequences, 0.00 GB
2026-10-01 21:39:47,109 - INFO - - system: 1 sequences, 0.07 GB
127.0.0.1 - - [01/Oct/2026 21:39:47] "POST /v1/chat/completions HTTP/1.1" 200 -
2026-10-01 21:39:48,306 - INFO - Prompt processing progress: 2048/15155
2026-10-01 21:39:49,501 - INFO - Prompt processing progress: 4096/15155
2026-10-01 21:39:50,738 - INFO - Prompt processing progress: 6144/15155
2026-10-01 21:39:52,021 - INFO - Prompt processing progress: 8192/15155
2026-10-01 21:39:53,363 - INFO - Prompt processing progress: 10240/15155
2026-10-01 21:39:54,766 - INFO - Prompt processing progress: 12288/15155
2026-10-01 21:39:56,212 - INFO - Prompt processing progress: 14336/15155
2026-10-01 21:39:56,889 - INFO - Prompt processing progress: 15154/15155
2026-10-01 21:39:56,926 - INFO - Prompt processing progress: 15155/15155
2026-10-01 21:39:58,448 - INFO - Prompt Cache: 1 sequences, 0.07 GB
2026-10-01 21:39:58,448 - INFO - - assistant: 0 sequences, 0.00 GB
2026-10-01 21:39:58,448 - INFO - - user: 0 sequences, 0.00 GB
2026-10-01 21:39:58,448 - INFO - - system: 1 sequences, 0.07 GB
127.0.0.1 - - [01/Oct/2026 21:39:58] "POST /v1/chat/completions HTTP/1.1" 200 -
2026-10-01 21:39:59,643 - INFO - Prompt processing progress: 2048/15275
2026-10-01 21:40:00,842 - INFO - Prompt processing progress: 4096/15275
2026-10-01 21:40:02,080 - INFO - Prompt processing progress: 6144/15275
2026-10-01 21:40:03,367 - INFO - Prompt processing progress: 8192/15275
2026-10-01 21:40:04,704 - INFO - Prompt processing progress: 10240/15275
2026-10-01 21:40:06,100 - INFO - Prompt processing progress: 12288/15275
2026-10-01 21:40:07,552 - INFO - Prompt processing progress: 14336/15275
2026-10-01 21:40:08,310 - INFO - Prompt processing progress: 15274/15275
2026-10-01 21:40:08,347 - INFO - Prompt processing progress: 15275/15275
2026-10-01 21:40:09,979 - INFO - Prompt Cache: 1 sequences, 0.07 GB
2026-10-01 21:40:09,979 - INFO - - assistant: 0 sequences, 0.00 GB
2026-10-01 21:40:09,979 - INFO - - user: 0 sequences, 0.00 GB
2026-10-01 21:40:09,979 - INFO - - system: 1 sequences, 0.07 GB
127.0.0.1 - - [01/Oct/2026 21:40:09] "POST /v1/chat/completions HTTP/1.1" 200 -
2026-10-01 21:40:11,177 - INFO - Prompt processing progress: 2048/15796
2026-10-01 21:40:12,369 - INFO - Prompt processing progress: 4096/15796
2026-10-01 21:40:13,607 - INFO - Prompt processing progress: 6144/15796
2026-10-01 21:40:14,893 - INFO - Prompt processing progress: 8192/15796
2026-10-01 21:40:16,235 - INFO - Prompt processing progress: 10240/15796
2026-10-01 21:40:17,631 - INFO - Prompt processing progress: 12288/15796
2026-10-01 21:40:19,086 - INFO - Prompt processing progress: 14336/15796
2026-10-01 21:40:20,218 - INFO - Prompt processing progress: 15795/15796
2026-10-01 21:40:20,260 - INFO - Prompt processing progress: 15796/15796
2026-10-01 21:40:23,447 - WARNING - Failed to parse tool call (ValueError: No function provided.) — tool text was likely truncated mid-generation.
2026-10-01 21:40:23,452 - INFO - Prompt Cache: 1 sequences, 0.07 GB
2026-10-01 21:40:23,452 - INFO - - assistant: 0 sequences, 0.00 GB
2026-10-01 21:40:23,452 - INFO - - user: 0 sequences, 0.00 GB
2026-10-01 21:40:23,452 - INFO - - system: 1 sequences, 0.07 GB
127.0.0.1 - - [01/Oct/2026 21:40:23] "POST /v1/chat/completions HTTP/1.1" 200 -
2026-10-01 21:40:24,593 - INFO - Prompt processing progress: 1833/1834
2026-10-01 21:40:24,627 - INFO - Prompt processing progress: 1834/1834
2026-10-01 21:40:25,831 - WARNING - Failed to parse tool call (ValueError: No function provided.) — tool text was likely truncated mid-generation.
2026-10-01 21:40:25,835 - INFO - Prompt Cache: 1 sequences, 0.07 GB
2026-10-01 21:40:25,835 - INFO - - assistant: 0 sequences, 0.00 GB
2026-10-01 21:40:25,835 - INFO - - user: 0 sequences, 0.00 GB
2026-10-01 21:40:25,835 - INFO - - system: 1 sequences, 0.07 GB
127.0.0.1 - - [01/Oct/2026 21:40:25] "POST /v1/chat/completions HTTP/1.1" 200 -
2026-10-01 21:40:27,030 - INFO - Prompt processing progress: 2048/2082
2026-10-01 21:40:27,158 - INFO - Prompt processing progress: 2081/2082
2026-10-01 21:40:27,182 - INFO - Prompt processing progress: 2082/2082
2026-10-01 21:40:27,906 - WARNING - Failed to parse tool call (ValueError: No function provided.) — tool text was likely truncated mid-generation.
2026-10-01 21:40:27,913 - INFO - Prompt Cache: 1 sequences, 0.07 GB
2026-10-01 21:40:27,913 - INFO - - assistant: 0 sequences, 0.00 GB
2026-10-01 21:40:27,913 - INFO - - user: 0 sequences, 0.00 GB
2026-10-01 21:40:27,913 - INFO - - system: 1 sequences, 0.07 GB
127.0.0.1 - - [01/Oct/2026 21:40:27] "POST /v1/chat/completions HTTP/1.1" 200 -
2026-10-01 21:40:29,107 - INFO - Prompt processing progress: 2048/5218
2026-10-01 21:40:30,307 - INFO - Prompt processing progress: 4096/5218
2026-10-01 21:40:31,043 - INFO - Prompt processing progress: 5217/5218
2026-10-01 21:40:31,073 - INFO - Prompt processing progress: 5218/5218
2026-10-01 21:40:32,354 - INFO - Prompt Cache: 1 sequences, 0.07 GB
2026-10-01 21:40:32,354 - INFO - - assistant: 0 sequences, 0.00 GB
2026-10-01 21:40:32,354 - INFO - - user: 0 sequences, 0.00 GB
2026-10-01 21:40:32,354 - INFO - - system: 1 sequences, 0.07 GB
127.0.0.1 - - [01/Oct/2026 21:40:32] "POST /v1/chat/completions HTTP/1.1" 200 -
2026-10-01 21:40:33,547 - INFO - Prompt processing progress: 2048/5927
2026-10-01 21:40:34,748 - INFO - Prompt processing progress: 4096/5927
2026-10-01 21:40:35,933 - INFO - Prompt processing progress: 5926/5927
2026-10-01 21:40:35,969 - INFO - Prompt processing progress: 5927/5927
2026-10-01 21:40:38,842 - INFO - Prompt Cache: 1 sequences, 0.07 GB
2026-10-01 21:40:38,842 - INFO - - assistant: 0 sequences, 0.00 GB
2026-10-01 21:40:38,842 - INFO - - user: 0 sequences, 0.00 GB
2026-10-01 21:40:38,842 - INFO - - system: 1 sequences, 0.07 GB
127.0.0.1 - - [01/Oct/2026 21:40:38] "POST /v1/chat/completions HTTP/1.1" 200 -
2026-10-01 21:40:40,038 - INFO - Prompt processing progress: 2048/6146
2026-10-01 21:40:41,241 - INFO - Prompt processing progress: 4096/6146
2026-10-01 21:40:42,483 - INFO - Prompt processing progress: 6144/6146
2026-10-01 21:40:42,512 - INFO - Prompt processing progress: 6145/6146
2026-10-01 21:40:42,537 - INFO - Prompt processing progress: 6146/6146
2026-10-01 21:40:43,168 - INFO - Prompt Cache: 1 sequences, 0.07 GB
2026-10-01 21:40:43,168 - INFO - - assistant: 0 sequences, 0.00 GB
2026-10-01 21:40:43,168 - INFO - - user: 0 sequences, 0.00 GB
2026-10-01 21:40:43,168 - INFO - - system: 1 sequences, 0.07 GB
127.0.0.1 - - [01/Oct/2026 21:40:43] "POST /v1/chat/completions HTTP/1.1" 200 -
2026-10-01 21:40:44,368 - INFO - Prompt processing progress: 2048/6261
2026-10-01 21:40:45,564 - INFO - Prompt processing progress: 4096/6261
2026-10-01 21:40:46,811 - INFO - Prompt processing progress: 6144/6261
2026-10-01 21:40:47,142 - INFO - Prompt processing progress: 6260/6261
2026-10-01 21:40:47,168 - INFO - Prompt processing progress: 6261/6261
2026-10-01 21:40:47,981 - INFO - Prompt Cache: 1 sequences, 0.07 GB
2026-10-01 21:40:47,981 - INFO - - assistant: 0 sequences, 0.00 GB
2026-10-01 21:40:47,981 - INFO - - user: 0 sequences, 0.00 GB
2026-10-01 21:40:47,981 - INFO - - system: 1 sequences, 0.07 GB
127.0.0.1 - - [01/Oct/2026 21:40:47] "POST /v1/chat/completions HTTP/1.1" 200 -
2026-10-01 21:40:49,177 - INFO - Prompt processing progress: 2048/6510
2026-10-01 21:40:50,378 - INFO - Prompt processing progress: 4096/6510
2026-10-01 21:40:51,620 - INFO - Prompt processing progress: 6144/6510
2026-10-01 21:40:51,992 - INFO - Prompt processing progress: 6509/6510
2026-10-01 21:40:52,019 - INFO - Prompt processing progress: 6510/6510
2026-10-01 21:40:52,892 - WARNING - Failed to parse tool call (ValueError: No function provided.) — tool text was likely truncated mid-generation.
2026-10-01 21:40:52,899 - INFO - Prompt Cache: 1 sequences, 0.07 GB
2026-10-01 21:40:52,899 - INFO - - assistant: 0 sequences, 0.00 GB
2026-10-01 21:40:52,899 - INFO - - user: 0 sequences, 0.00 GB
2026-10-01 21:40:52,899 - INFO - - system: 1 sequences, 0.07 GB
127.0.0.1 - - [01/Oct/2026 21:40:52] "POST /v1/chat/completions HTTP/1.1" 200 -
2026-10-01 21:40:54,094 - INFO - Prompt processing progress: 2048/6626
2026-10-01 21:40:55,293 - INFO - Prompt processing progress: 4096/6626
2026-10-01 21:40:56,531 - INFO - Prompt processing progress: 6144/6626
2026-10-01 21:40:56,950 - INFO - Prompt processing progress: 6625/6626
2026-10-01 21:40:56,978 - INFO - Prompt processing progress: 6626/6626
2026-10-01 21:40:57,596 - INFO - Prompt Cache: 1 sequences, 0.07 GB
2026-10-01 21:40:57,596 - INFO - - assistant: 0 sequences, 0.00 GB
2026-10-01 21:40:57,596 - INFO - - user: 0 sequences, 0.00 GB
2026-10-01 21:40:57,596 - INFO - - system: 1 sequences, 0.07 GB
127.0.0.1 - - [01/Oct/2026 21:40:57] "POST /v1/chat/completions HTTP/1.1" 200 -
2026-10-01 21:40:58,792 - INFO - Prompt processing progress: 2048/6729
2026-10-01 21:40:59,990 - INFO - Prompt processing progress: 4096/6729
2026-10-01 21:41:01,235 - INFO - Prompt processing progress: 6144/6729
2026-10-01 21:41:01,704 - INFO - Prompt processing progress: 6728/6729
2026-10-01 21:41:01,746 - INFO - Prompt processing progress: 6729/6729
2026-10-01 21:41:02,645 - INFO - Prompt Cache: 1 sequences, 0.07 GB
2026-10-01 21:41:02,645 - INFO - - assistant: 0 sequences, 0.00 GB
2026-10-01 21:41:02,645 - INFO - - user: 0 sequences, 0.00 GB
2026-10-01 21:41:02,645 - INFO - - system: 1 sequences, 0.07 GB
127.0.0.1 - - [01/Oct/2026 21:41:02] "POST /v1/chat/completions HTTP/1.1" 200 -
2026-10-01 21:41:03,837 - INFO - Prompt processing progress: 2048/6835
2026-10-01 21:41:05,040 - INFO - Prompt processing progress: 4096/6835
2026-10-01 21:41:06,283 - INFO - Prompt processing progress: 6144/6835
2026-10-01 21:41:06,803 - INFO - Prompt processing progress: 6834/6835
2026-10-01 21:41:06,832 - INFO - Prompt processing progress: 6835/6835
2026-10-01 21:41:07,960 - INFO - Prompt Cache: 1 sequences, 0.07 GB
2026-10-01 21:41:07,961 - INFO - - assistant: 0 sequences, 0.00 GB
2026-10-01 21:41:07,961 - INFO - - user: 0 sequences, 0.00 GB
2026-10-01 21:41:07,961 - INFO - - system: 1 sequences, 0.07 GB
127.0.0.1 - - [01/Oct/2026 21:41:07] "POST /v1/chat/completions HTTP/1.1" 200 -
2026-10-01 21:41:09,156 - INFO - Prompt processing progress: 2048/6963
2026-10-01 21:41:10,358 - INFO - Prompt processing progress: 4096/6963
2026-10-01 21:41:11,598 - INFO - Prompt processing progress: 6144/6963
2026-10-01 21:41:12,194 - INFO - Prompt processing progress: 6962/6963
2026-10-01 21:41:12,223 - INFO - Prompt processing progress: 6963/6963
2026-10-01 21:41:13,402 - INFO - Prompt Cache: 1 sequences, 0.07 GB
2026-10-01 21:41:13,402 - INFO - - assistant: 0 sequences, 0.00 GB
2026-10-01 21:41:13,402 - INFO - - user: 0 sequences, 0.00 GB
2026-10-01 21:41:13,402 - INFO - - system: 1 sequences, 0.07 GB
127.0.0.1 - - [01/Oct/2026 21:41:13] "POST /v1/chat/completions HTTP/1.1" 200 -
2026-10-01 21:41:14,596 - INFO - Prompt processing progress: 2048/8252
2026-10-01 21:41:15,799 - INFO - Prompt processing progress: 4096/8252
2026-10-01 21:41:17,038 - INFO - Prompt processing progress: 6144/8252
2026-10-01 21:41:18,325 - INFO - Prompt processing progress: 8192/8252
2026-10-01 21:41:18,525 - INFO - Prompt processing progress: 8251/8252
2026-10-01 21:41:18,552 - INFO - Prompt processing progress: 8252/8252
2026-10-01 21:41:22,179 - INFO - Prompt Cache: 1 sequences, 0.07 GB
2026-10-01 21:41:22,179 - INFO - - assistant: 0 sequences, 0.00 GB
2026-10-01 21:41:22,179 - INFO - - user: 0 sequences, 0.00 GB
2026-10-01 21:41:22,179 - INFO - - system: 1 sequences, 0.07 GB
127.0.0.1 - - [01/Oct/2026 21:41:22] "POST /v1/chat/completions HTTP/1.1" 200 -
2026-10-01 21:41:23,373 - INFO - Prompt processing progress: 2048/9031
2026-10-01 21:41:24,573 - INFO - Prompt processing progress: 4096/9031
2026-10-01 21:41:25,810 - INFO - Prompt processing progress: 6144/9031
2026-10-01 21:41:27,102 - INFO - Prompt processing progress: 8192/9031
2026-10-01 21:41:27,737 - INFO - Prompt processing progress: 9030/9031
2026-10-01 21:41:27,770 - INFO - Prompt processing progress: 9031/9031
2026-10-01 21:41:29,041 - WARNING - Failed to parse tool call (ValueError: No function provided.) — tool text was likely truncated mid-generation.
2026-10-01 21:41:29,049 - INFO - Prompt Cache: 1 sequences, 0.07 GB
2026-10-01 21:41:29,049 - INFO - - assistant: 0 sequences, 0.00 GB
2026-10-01 21:41:29,049 - INFO - - user: 0 sequences, 0.00 GB
2026-10-01 21:41:29,049 - INFO - - system: 1 sequences, 0.07 GB
127.0.0.1 - - [01/Oct/2026 21:41:29] "POST /v1/chat/completions HTTP/1.1" 200 -
2026-10-01 21:41:30,245 - INFO - Prompt processing progress: 2048/9354
2026-10-01 21:41:31,447 - INFO - Prompt processing progress: 4096/9354
2026-10-01 21:41:32,683 - INFO - Prompt processing progress: 6144/9354
2026-10-01 21:41:33,974 - INFO - Prompt processing progress: 8192/9354
2026-10-01 21:41:34,796 - INFO - Prompt processing progress: 9353/9354
2026-10-01 21:41:34,830 - INFO - Prompt processing progress: 9354/9354
2026-10-01 21:41:36,756 - INFO - Prompt Cache: 1 sequences, 0.07 GB
2026-10-01 21:41:36,756 - INFO - - assistant: 0 sequences, 0.00 GB
2026-10-01 21:41:36,756 - INFO - - user: 0 sequences, 0.00 GB
2026-10-01 21:41:36,756 - INFO - - system: 1 sequences, 0.07 GB
127.0.0.1 - - [01/Oct/2026 21:41:36] "POST /v1/chat/completions HTTP/1.1" 200 -
2026-10-01 21:41:37,950 - INFO - Prompt processing progress: 2048/9489
2026-10-01 21:41:39,149 - INFO - Prompt processing progress: 4096/9489
2026-10-01 21:41:40,399 - INFO - Prompt processing progress: 6144/9489
2026-10-01 21:41:41,698 - INFO - Prompt processing progress: 8192/9489
2026-10-01 21:41:42,608 - INFO - Prompt processing progress: 9488/9489
2026-10-01 21:41:42,657 - INFO - Prompt processing progress: 9489/9489
2026-10-01 21:41:44,033 - INFO - Prompt Cache: 1 sequences, 0.07 GB
2026-10-01 21:41:44,033 - INFO - - assistant: 0 sequences, 0.00 GB
2026-10-01 21:41:44,033 - INFO - - user: 0 sequences, 0.00 GB
2026-10-01 21:41:44,033 - INFO - - system: 1 sequences, 0.07 GB
127.0.0.1 - - [01/Oct/2026 21:41:44] "POST /v1/chat/completions HTTP/1.1" 200 -
2026-10-01 21:41:45,227 - INFO - Prompt processing progress: 2048/9680
2026-10-01 21:41:46,429 - INFO - Prompt processing progress: 4096/9680
2026-10-01 21:41:47,663 - INFO - Prompt processing progress: 6144/9680
2026-10-01 21:41:48,955 - INFO - Prompt processing progress: 8192/9680
2026-10-01 21:41:49,992 - INFO - Prompt processing progress: 9679/9680
2026-10-01 21:41:50,029 - INFO - Prompt processing progress: 9680/9680
2026-10-01 21:41:51,077 - INFO - Prompt Cache: 1 sequences, 0.07 GB
2026-10-01 21:41:51,077 - INFO - - assistant: 0 sequences, 0.00 GB
2026-10-01 21:41:51,077 - INFO - - user: 0 sequences, 0.00 GB
2026-10-01 21:41:51,077 - INFO - - system: 1 sequences, 0.07 GB
127.0.0.1 - - [01/Oct/2026 21:41:51] "POST /v1/chat/completions HTTP/1.1" 200 -
2026-10-01 21:41:52,272 - INFO - Prompt processing progress: 2048/10222
2026-10-01 21:41:53,470 - INFO - Prompt processing progress: 4096/10222
2026-10-01 21:41:54,707 - INFO - Prompt processing progress: 6144/10222
2026-10-01 21:41:56,001 - INFO - Prompt processing progress: 8192/10222
2026-10-01 21:41:57,411 - INFO - Prompt processing progress: 10221/10222
2026-10-01 21:41:57,447 - INFO - Prompt processing progress: 10222/10222
2026-10-01 21:41:58,322 - WARNING - Failed to parse tool call (ValueError: No function provided.) — tool text was likely truncated mid-generation.
2026-10-01 21:41:58,331 - INFO - Prompt Cache: 1 sequences, 0.07 GB
2026-10-01 21:41:58,331 - INFO - - assistant: 0 sequences, 0.00 GB
2026-10-01 21:41:58,331 - INFO - - user: 0 sequences, 0.00 GB
2026-10-01 21:41:58,331 - INFO - - system: 1 sequences, 0.07 GB
127.0.0.1 - - [01/Oct/2026 21:41:58] "POST /v1/chat/completions HTTP/1.1" 200 -
2026-10-01 21:41:59,526 - INFO - Prompt processing progress: 2048/10671
2026-10-01 21:42:00,725 - INFO - Prompt processing progress: 4096/10671
2026-10-01 21:42:01,964 - INFO - Prompt processing progress: 6144/10671
2026-10-01 21:42:03,261 - INFO - Prompt processing progress: 8192/10671
2026-10-01 21:42:04,603 - INFO - Prompt processing progress: 10240/10671
2026-10-01 21:42:05,025 - INFO - Prompt processing progress: 10670/10671
2026-10-01 21:42:05,055 - INFO - Prompt processing progress: 10671/10671
2026-10-01 21:42:05,938 - INFO - Prompt Cache: 1 sequences, 0.07 GB
2026-10-01 21:42:05,938 - INFO - - assistant: 0 sequences, 0.00 GB
2026-10-01 21:42:05,938 - INFO - - user: 0 sequences, 0.00 GB
2026-10-01 21:42:05,938 - INFO - - system: 1 sequences, 0.07 GB
127.0.0.1 - - [01/Oct/2026 21:42:05] "POST /v1/chat/completions HTTP/1.1" 200 -
2026-10-01 21:42:07,131 - INFO - Prompt processing progress: 2048/11377
2026-10-01 21:42:08,331 - INFO - Prompt processing progress: 4096/11377
2026-10-01 21:42:09,570 - INFO - Prompt processing progress: 6144/11377
2026-10-01 21:42:10,856 - INFO - Prompt processing progress: 8192/11377
2026-10-01 21:42:12,195 - INFO - Prompt processing progress: 10240/11377
2026-10-01 21:42:13,021 - INFO - Prompt processing progress: 11376/11377
2026-10-01 21:42:13,057 - INFO - Prompt processing progress: 11377/11377
2026-10-01 21:42:17,441 - INFO - Prompt Cache: 1 sequences, 0.07 GB
2026-10-01 21:42:17,441 - INFO - - assistant: 0 sequences, 0.00 GB
2026-10-01 21:42:17,441 - INFO - - user: 0 sequences, 0.00 GB
2026-10-01 21:42:17,441 - INFO - - system: 1 sequences, 0.07 GB
127.0.0.1 - - [01/Oct/2026 21:42:17] "POST /v1/chat/completions HTTP/1.1" 200 -
2026-10-01 21:42:18,638 - INFO - Prompt processing progress: 2048/11656
2026-10-01 21:42:19,840 - INFO - Prompt processing progress: 4096/11656
2026-10-01 21:42:21,079 - INFO - Prompt processing progress: 6144/11656
2026-10-01 21:42:22,364 - INFO - Prompt processing progress: 8192/11656
2026-10-01 21:42:23,706 - INFO - Prompt processing progress: 10240/11656
2026-10-01 21:42:24,739 - INFO - Prompt processing progress: 11655/11656
2026-10-01 21:42:24,779 - INFO - Prompt processing progress: 11656/11656
2026-10-01 21:42:26,366 - INFO - Prompt Cache: 1 sequences, 0.07 GB
2026-10-01 21:42:26,366 - INFO - - assistant: 0 sequences, 0.00 GB
2026-10-01 21:42:26,366 - INFO - - user: 0 sequences, 0.00 GB
2026-10-01 21:42:26,366 - INFO - - system: 1 sequences, 0.07 GB
127.0.0.1 - - [01/Oct/2026 21:42:26] "POST /v1/chat/completions HTTP/1.1" 200 -
2026-10-01 21:42:27,564 - INFO - Prompt processing progress: 2048/11920
2026-10-01 21:42:28,770 - INFO - Prompt processing progress: 4096/11920
2026-10-01 21:42:30,017 - INFO - Prompt processing progress: 6144/11920
2026-10-01 21:42:31,304 - INFO - Prompt processing progress: 8192/11920
2026-10-01 21:42:32,644 - INFO - Prompt processing progress: 10240/11920
2026-10-01 21:42:33,854 - INFO - Prompt processing progress: 11919/11920
2026-10-01 21:42:33,894 - INFO - Prompt processing progress: 11920/11920
2026-10-01 21:42:35,448 - WARNING - Failed to parse tool call (ValueError: No function provided.) — tool text was likely truncated mid-generation.
2026-10-01 21:42:35,458 - INFO - Prompt Cache: 1 sequences, 0.07 GB
2026-10-01 21:42:35,458 - INFO - - assistant: 0 sequences, 0.00 GB
2026-10-01 21:42:35,458 - INFO - - user: 0 sequences, 0.00 GB
2026-10-01 21:42:35,458 - INFO - - system: 1 sequences, 0.07 GB
127.0.0.1 - - [01/Oct/2026 21:42:35] "POST /v1/chat/completions HTTP/1.1" 200 -
2026-10-01 21:42:36,653 - INFO - Prompt processing progress: 2048/12183
2026-10-01 21:42:37,855 - INFO - Prompt processing progress: 4096/12183
2026-10-01 21:42:39,092 - INFO - Prompt processing progress: 6144/12183
2026-10-01 21:42:40,392 - INFO - Prompt processing progress: 8192/12183
2026-10-01 21:42:41,734 - INFO - Prompt processing progress: 10240/12183
2026-10-01 21:42:43,124 - INFO - Prompt processing progress: 12182/12183
2026-10-01 21:42:43,167 - INFO - Prompt processing progress: 12183/12183
2026-10-01 21:42:47,116 - INFO - Prompt Cache: 1 sequences, 0.07 GB
2026-10-01 21:42:47,116 - INFO - - assistant: 0 sequences, 0.00 GB
2026-10-01 21:42:47,116 - INFO - - user: 0 sequences, 0.00 GB
2026-10-01 21:42:47,116 - INFO - - system: 1 sequences, 0.07 GB
127.0.0.1 - - [01/Oct/2026 21:42:47] "POST /v1/chat/completions HTTP/1.1" 200 -
2026-10-01 21:42:48,310 - INFO - Prompt processing progress: 2048/12613
2026-10-01 21:42:49,507 - INFO - Prompt processing progress: 4096/12613
2026-10-01 21:42:50,754 - INFO - Prompt processing progress: 6144/12613
2026-10-01 21:42:52,038 - INFO - Prompt processing progress: 8192/12613
2026-10-01 21:42:53,381 - INFO - Prompt processing progress: 10240/12613
2026-10-01 21:42:54,778 - INFO - Prompt processing progress: 12288/12613
2026-10-01 21:42:55,152 - INFO - Prompt processing progress: 12612/12613
2026-10-01 21:42:55,184 - INFO - Prompt processing progress: 12613/12613
2026-10-01 21:42:56,308 - INFO - Prompt Cache: 1 sequences, 0.07 GB
2026-10-01 21:42:56,308 - INFO - - assistant: 0 sequences, 0.00 GB
2026-10-01 21:42:56,308 - INFO - - user: 0 sequences, 0.00 GB
2026-10-01 21:42:56,308 - INFO - - system: 1 sequences, 0.07 GB
127.0.0.1 - - [01/Oct/2026 21:42:56] "POST /v1/chat/completions HTTP/1.1" 200 -
2026-10-01 21:42:57,501 - INFO - Prompt processing progress: 2048/13019
2026-10-01 21:42:58,701 - INFO - Prompt processing progress: 4096/13019
2026-10-01 21:42:59,942 - INFO - Prompt processing progress: 6144/13019
2026-10-01 21:43:01,229 - INFO - Prompt processing progress: 8192/13019
2026-10-01 21:43:02,570 - INFO - Prompt processing progress: 10240/13019
2026-10-01 21:43:03,971 - INFO - Prompt processing progress: 12288/13019
2026-10-01 21:43:04,571 - INFO - Prompt processing progress: 13018/13019
2026-10-01 21:43:04,604 - INFO - Prompt processing progress: 13019/13019
2026-10-01 21:43:05,592 - WARNING - Failed to parse tool call (ValueError: No function provided.) — tool text was likely truncated mid-generation.
2026-10-01 21:43:05,602 - INFO - Prompt Cache: 1 sequences, 0.07 GB
2026-10-01 21:43:05,602 - INFO - - assistant: 0 sequences, 0.00 GB
2026-10-01 21:43:05,602 - INFO - - user: 0 sequences, 0.00 GB
2026-10-01 21:43:05,602 - INFO - - system: 1 sequences, 0.07 GB
127.0.0.1 - - [01/Oct/2026 21:43:05] "POST /v1/chat/completions HTTP/1.1" 200 -
2026-10-01 21:43:06,800 - INFO - Prompt processing progress: 2048/13105
2026-10-01 21:43:08,006 - INFO - Prompt processing progress: 4096/13105
2026-10-01 21:43:09,246 - INFO - Prompt processing progress: 6144/13105
2026-10-01 21:43:10,529 - INFO - Prompt processing progress: 8192/13105
2026-10-01 21:43:11,869 - INFO - Prompt processing progress: 10240/13105
2026-10-01 21:43:13,268 - INFO - Prompt processing progress: 12288/13105
2026-10-01 21:43:13,921 - INFO - Prompt processing progress: 13104/13105
2026-10-01 21:43:13,958 - INFO - Prompt processing progress: 13105/13105
2026-10-01 21:43:15,605 - WARNING - Failed to parse tool call (ValueError: No function provided.) — tool text was likely truncated mid-generation.
2026-10-01 21:43:15,616 - INFO - Prompt Cache: 1 sequences, 0.07 GB
2026-10-01 21:43:15,616 - INFO - - assistant: 0 sequences, 0.00 GB
2026-10-01 21:43:15,616 - INFO - - user: 0 sequences, 0.00 GB
2026-10-01 21:43:15,616 - INFO - - system: 1 sequences, 0.07 GB
127.0.0.1 - - [01/Oct/2026 21:43:15] "POST /v1/chat/completions HTTP/1.1" 200 -
2026-10-01 21:43:16,811 - INFO - Prompt processing progress: 2048/13377
2026-10-01 21:43:18,010 - INFO - Prompt processing progress: 4096/13377
2026-10-01 21:43:19,250 - INFO - Prompt processing progress: 6144/13377
2026-10-01 21:43:20,546 - INFO - Prompt processing progress: 8192/13377
2026-10-01 21:43:21,893 - INFO - Prompt processing progress: 10240/13377
2026-10-01 21:43:23,297 - INFO - Prompt processing progress: 12288/13377
2026-10-01 21:43:24,120 - INFO - Prompt processing progress: 13376/13377
2026-10-01 21:43:24,158 - INFO - Prompt processing progress: 13377/13377
2026-10-01 21:43:25,151 - WARNING - Failed to parse tool call (ValueError: No function provided.) — tool text was likely truncated mid-generation.
2026-10-01 21:43:25,163 - INFO - Prompt Cache: 1 sequences, 0.07 GB
2026-10-01 21:43:25,163 - INFO - - assistant: 0 sequences, 0.00 GB
2026-10-01 21:43:25,163 - INFO - - user: 0 sequences, 0.00 GB
2026-10-01 21:43:25,163 - INFO - - system: 1 sequences, 0.07 GB
127.0.0.1 - - [01/Oct/2026 21:43:25] "POST /v1/chat/completions HTTP/1.1" 200 -
2026-10-01 21:43:26,361 - INFO - Prompt processing progress: 2048/13808
2026-10-01 21:43:27,567 - INFO - Prompt processing progress: 4096/13808
2026-10-01 21:43:28,815 - INFO - Prompt processing progress: 6144/13808
2026-10-01 21:43:30,110 - INFO - Prompt processing progress: 8192/13808
2026-10-01 21:43:31,454 - INFO - Prompt processing progress: 10240/13808
2026-10-01 21:43:32,863 - INFO - Prompt processing progress: 12288/13808
2026-10-01 21:43:34,000 - INFO - Prompt processing progress: 13807/13808
2026-10-01 21:43:34,055 - INFO - Prompt processing progress: 13808/13808
2026-10-01 21:43:35,335 - WARNING - Failed to parse tool call (ValueError: No function provided.) — tool text was likely truncated mid-generation.
2026-10-01 21:43:35,346 - INFO - Prompt Cache: 1 sequences, 0.07 GB
2026-10-01 21:43:35,346 - INFO - - assistant: 0 sequences, 0.00 GB
2026-10-01 21:43:35,346 - INFO - - user: 0 sequences, 0.00 GB
2026-10-01 21:43:35,346 - INFO - - system: 1 sequences, 0.07 GB
127.0.0.1 - - [01/Oct/2026 21:43:35] "POST /v1/chat/completions HTTP/1.1" 200 -
2026-10-01 21:43:36,548 - INFO - Prompt processing progress: 2048/13902
2026-10-01 21:43:37,752 - INFO - Prompt processing progress: 4096/13902
2026-10-01 21:43:38,996 - INFO - Prompt processing progress: 6144/13902
2026-10-01 21:43:40,299 - INFO - Prompt processing progress: 8192/13902
2026-10-01 21:43:41,649 - INFO - Prompt processing progress: 10240/13902
2026-10-01 21:43:43,058 - INFO - Prompt processing progress: 12288/13902
2026-10-01 21:43:44,270 - INFO - Prompt processing progress: 13901/13902
2026-10-01 21:43:44,313 - INFO - Prompt processing progress: 13902/13902
2026-10-01 21:43:46,851 - INFO - Prompt Cache: 1 sequences, 0.07 GB
2026-10-01 21:43:46,851 - INFO - - assistant: 0 sequences, 0.00 GB
2026-10-01 21:43:46,851 - INFO - - user: 0 sequences, 0.00 GB
2026-10-01 21:43:46,851 - INFO - - system: 1 sequences, 0.07 GB
127.0.0.1 - - [01/Oct/2026 21:43:46] "POST /v1/chat/completions HTTP/1.1" 200 -
2026-10-01 21:43:48,049 - INFO - Prompt processing progress: 2048/14266
2026-10-01 21:43:49,251 - INFO - Prompt processing progress: 4096/14266
2026-10-01 21:43:50,492 - INFO - Prompt processing progress: 6144/14266
2026-10-01 21:43:51,791 - INFO - Prompt processing progress: 8192/14266
2026-10-01 21:43:53,127 - INFO - Prompt processing progress: 10240/14266
2026-10-01 21:43:54,530 - INFO - Prompt processing progress: 12288/14266
2026-10-01 21:43:56,006 - INFO - Prompt processing progress: 14265/14266
2026-10-01 21:43:56,051 - INFO - Prompt processing progress: 14266/14266
2026-10-01 21:43:56,877 - WARNING - Failed to parse tool call (ValueError: No function provided.) — tool text was likely truncated mid-generation.
2026-10-01 21:43:56,888 - INFO - Prompt Cache: 1 sequences, 0.07 GB
2026-10-01 21:43:56,889 - INFO - - assistant: 0 sequences, 0.00 GB
2026-10-01 21:43:56,889 - INFO - - user: 0 sequences, 0.00 GB
2026-10-01 21:43:56,889 - INFO - - system: 1 sequences, 0.07 GB
127.0.0.1 - - [01/Oct/2026 21:43:56] "POST /v1/chat/completions HTTP/1.1" 200 -
2026-10-01 21:43:58,085 - INFO - Prompt processing progress: 2048/14612
2026-10-01 21:43:59,287 - INFO - Prompt processing progress: 4096/14612
2026-10-01 21:44:00,530 - INFO - Prompt processing progress: 6144/14612
2026-10-01 21:44:01,823 - INFO - Prompt processing progress: 8192/14612
2026-10-01 21:44:03,167 - INFO - Prompt processing progress: 10240/14612
2026-10-01 21:44:04,569 - INFO - Prompt processing progress: 12288/14612
2026-10-01 21:44:06,023 - INFO - Prompt processing progress: 14336/14612
2026-10-01 21:44:06,384 - INFO - Prompt processing progress: 14611/14612
2026-10-01 21:44:06,417 - INFO - Prompt processing progress: 14612/14612
2026-10-01 21:44:13,169 - WARNING - Failed to parse tool call (ValueError: No function provided.) — tool text was likely truncated mid-generation.
2026-10-01 21:44:13,182 - INFO - Prompt Cache: 1 sequences, 0.07 GB
2026-10-01 21:44:13,182 - INFO - - assistant: 0 sequences, 0.00 GB
2026-10-01 21:44:13,182 - INFO - - user: 0 sequences, 0.00 GB
2026-10-01 21:44:13,182 - INFO - - system: 1 sequences, 0.07 GB
127.0.0.1 - - [01/Oct/2026 21:44:13] "POST /v1/chat/completions HTTP/1.1" 200 -
2026-10-01 21:44:14,376 - INFO - Prompt processing progress: 2048/15026
2026-10-01 21:44:15,572 - INFO - Prompt processing progress: 4096/15026
2026-10-01 21:44:16,811 - INFO - Prompt processing progress: 6144/15026
2026-10-01 21:44:18,096 - INFO - Prompt processing progress: 8192/15026
2026-10-01 21:44:19,437 - INFO - Prompt processing progress: 10240/15026
2026-10-01 21:44:20,835 - INFO - Prompt processing progress: 12288/15026
2026-10-01 21:44:22,295 - INFO - Prompt processing progress: 14336/15026
2026-10-01 21:44:22,884 - INFO - Prompt processing progress: 15025/15026
2026-10-01 21:44:22,918 - INFO - Prompt processing progress: 15026/15026
2026-10-01 21:44:23,747 - WARNING - Failed to parse tool call (ValueError: No function provided.) — tool text was likely truncated mid-generation.
2026-10-01 21:44:23,759 - INFO - Prompt Cache: 1 sequences, 0.07 GB
2026-10-01 21:44:23,759 - INFO - - assistant: 0 sequences, 0.00 GB
2026-10-01 21:44:23,759 - INFO - - user: 0 sequences, 0.00 GB
2026-10-01 21:44:23,759 - INFO - - system: 1 sequences, 0.07 GB
127.0.0.1 - - [01/Oct/2026 21:44:23] "POST /v1/chat/completions HTTP/1.1" 200 -
2026-10-01 21:44:24,954 - INFO - Prompt processing progress: 2048/15372
2026-10-01 21:44:26,158 - INFO - Prompt processing progress: 4096/15372
2026-10-01 21:44:27,402 - INFO - Prompt processing progress: 6144/15372
2026-10-01 21:44:28,706 - INFO - Prompt processing progress: 8192/15372
2026-10-01 21:44:30,048 - INFO - Prompt processing progress: 10240/15372
2026-10-01 21:44:31,456 - INFO - Prompt processing progress: 12288/15372
2026-10-01 21:44:32,912 - INFO - Prompt processing progress: 14336/15372
2026-10-01 21:44:33,747 - INFO - Prompt processing progress: 15371/15372
2026-10-01 21:44:33,788 - INFO - Prompt processing progress: 15372/15372
2026-10-01 21:44:35,235 - WARNING - Failed to parse tool call (ValueError: No function provided.) — tool text was likely truncated mid-generation.
2026-10-01 21:44:35,247 - INFO - Prompt Cache: 1 sequences, 0.07 GB
2026-10-01 21:44:35,247 - INFO - - assistant: 0 sequences, 0.00 GB
2026-10-01 21:44:35,247 - INFO - - user: 0 sequences, 0.00 GB
2026-10-01 21:44:35,247 - INFO - - system: 1 sequences, 0.07 GB
127.0.0.1 - - [01/Oct/2026 21:44:35] "POST /v1/chat/completions HTTP/1.1" 200 -
2026-10-01 21:44:36,443 - INFO - Prompt processing progress: 2048/15745
2026-10-01 21:44:37,642 - INFO - Prompt processing progress: 4096/15745
2026-10-01 21:44:38,889 - INFO - Prompt processing progress: 6144/15745
2026-10-01 21:44:40,187 - INFO - Prompt processing progress: 8192/15745
2026-10-01 21:44:41,531 - INFO - Prompt processing progress: 10240/15745
2026-10-01 21:44:42,933 - INFO - Prompt processing progress: 12288/15745
2026-10-01 21:44:44,391 - INFO - Prompt processing progress: 14336/15745
2026-10-01 21:44:45,478 - INFO - Prompt processing progress: 15744/15745
2026-10-01 21:44:45,520 - INFO - Prompt processing progress: 15745/15745
2026-10-01 21:44:46,685 - INFO - Prompt Cache: 1 sequences, 0.07 GB
2026-10-01 21:44:46,685 - INFO - - assistant: 0 sequences, 0.00 GB
2026-10-01 21:44:46,685 - INFO - - user: 0 sequences, 0.00 GB
2026-10-01 21:44:46,685 - INFO - - system: 1 sequences, 0.07 GB
127.0.0.1 - - [01/Oct/2026 21:44:46] "POST /v1/chat/completions HTTP/1.1" 200 -
2026-10-01 21:44:47,885 - INFO - Prompt processing progress: 2048/15831
2026-10-01 21:44:49,084 - INFO - Prompt processing progress: 4096/15831
2026-10-01 21:44:50,326 - INFO - Prompt processing progress: 6144/15831
2026-10-01 21:44:51,625 - INFO - Prompt processing progress: 8192/15831
2026-10-01 21:44:52,970 - INFO - Prompt processing progress: 10240/15831
2026-10-01 21:44:54,374 - INFO - Prompt processing progress: 12288/15831
2026-10-01 21:44:55,831 - INFO - Prompt processing progress: 14336/15831
2026-10-01 21:44:56,997 - INFO - Prompt processing progress: 15830/15831
2026-10-01 21:44:57,038 - INFO - Prompt processing progress: 15831/15831
2026-10-01 21:45:01,277 - INFO - Prompt Cache: 1 sequences, 0.07 GB
2026-10-01 21:45:01,277 - INFO - - assistant: 0 sequences, 0.00 GB
2026-10-01 21:45:01,277 - INFO - - user: 0 sequences, 0.00 GB
2026-10-01 21:45:01,277 - INFO - - system: 1 sequences, 0.07 GB
127.0.0.1 - - [01/Oct/2026 21:45:01] "POST /v1/chat/completions HTTP/1.1" 200 -
2026-10-01 21:45:02,477 - INFO - Prompt processing progress: 2048/16249
2026-10-01 21:45:03,678 - INFO - Prompt processing progress: 4096/16249
2026-10-01 21:45:04,921 - INFO - Prompt processing progress: 6144/16249
2026-10-01 21:45:06,218 - INFO - Prompt processing progress: 8192/16249
2026-10-01 21:45:07,556 - INFO - Prompt processing progress: 10240/16249
2026-10-01 21:45:08,959 - INFO - Prompt processing progress: 12288/16249
2026-10-01 21:45:10,411 - INFO - Prompt processing progress: 14336/16249
2026-10-01 21:45:11,893 - INFO - Prompt processing progress: 16248/16249
2026-10-01 21:45:11,941 - INFO - Prompt processing progress: 16249/16249
2026-10-01 21:45:12,891 - INFO - Prompt Cache: 1 sequences, 0.07 GB
2026-10-01 21:45:12,891 - INFO - - assistant: 0 sequences, 0.00 GB
2026-10-01 21:45:12,891 - INFO - - user: 0 sequences, 0.00 GB
2026-10-01 21:45:12,892 - INFO - - system: 1 sequences, 0.07 GB
127.0.0.1 - - [01/Oct/2026 21:45:12] "POST /v1/chat/completions HTTP/1.1" 200 -
2026-10-01 21:45:14,088 - INFO - Prompt processing progress: 2048/16713
2026-10-01 21:45:15,290 - INFO - Prompt processing progress: 4096/16713
2026-10-01 21:45:16,537 - INFO - Prompt processing progress: 6144/16713
2026-10-01 21:45:17,822 - INFO - Prompt processing progress: 8192/16713
2026-10-01 21:45:19,166 - INFO - Prompt processing progress: 10240/16713
2026-10-01 21:45:20,573 - INFO - Prompt processing progress: 12288/16713
2026-10-01 21:45:22,033 - INFO - Prompt processing progress: 14336/16713
2026-10-01 21:45:23,554 - INFO - Prompt processing progress: 16384/16713
2026-10-01 21:45:23,958 - INFO - Prompt processing progress: 16712/16713
2026-10-01 21:45:23,990 - INFO - Prompt processing progress: 16713/16713
2026-10-01 21:45:29,103 - INFO - Prompt Cache: 1 sequences, 0.07 GB
2026-10-01 21:45:29,103 - INFO - - assistant: 0 sequences, 0.00 GB
2026-10-01 21:45:29,103 - INFO - - user: 0 sequences, 0.00 GB
2026-10-01 21:45:29,103 - INFO - - system: 1 sequences, 0.07 GB
127.0.0.1 - - [01/Oct/2026 21:45:29] "POST /v1/chat/completions HTTP/1.1" 200 -
2026-10-01 21:45:30,319 - INFO - Prompt processing progress: 2048/17466
2026-10-01 21:45:31,547 - INFO - Prompt processing progress: 4096/17466
2026-10-01 21:45:32,809 - INFO - Prompt processing progress: 6144/17466
2026-10-01 21:45:34,118 - INFO - Prompt processing progress: 8192/17466
2026-10-01 21:45:35,485 - INFO - Prompt processing progress: 10240/17466
2026-10-01 21:45:36,912 - INFO - Prompt processing progress: 12288/17466
2026-10-01 21:45:38,393 - INFO - Prompt processing progress: 14336/17466
2026-10-01 21:45:39,927 - INFO - Prompt processing progress: 16384/17466
2026-10-01 21:45:40,835 - INFO - Prompt processing progress: 17465/17466
2026-10-01 21:45:40,876 - INFO - Prompt processing progress: 17466/17466
2026-10-01 21:45:41,547 - INFO - Prompt Cache: 1 sequences, 0.07 GB
2026-10-01 21:45:41,547 - INFO - - assistant: 0 sequences, 0.00 GB
2026-10-01 21:45:41,547 - INFO - - user: 0 sequences, 0.00 GB
2026-10-01 21:45:41,547 - INFO - - system: 1 sequences, 0.07 GB
127.0.0.1 - - [01/Oct/2026 21:45:41] "POST /v1/chat/completions HTTP/1.1" 200 -
2026-10-01 21:45:42,764 - INFO - Prompt processing progress: 2048/17546
2026-10-01 21:45:43,992 - INFO - Prompt processing progress: 4096/17546
2026-10-01 21:45:45,260 - INFO - Prompt processing progress: 6144/17546
2026-10-01 21:45:46,575 - INFO - Prompt processing progress: 8192/17546
2026-10-01 21:45:47,937 - INFO - Prompt processing progress: 10240/17546
2026-10-01 21:45:49,367 - INFO - Prompt processing progress: 12288/17546
2026-10-01 21:45:50,848 - INFO - Prompt processing progress: 14336/17546
2026-10-01 21:45:52,374 - INFO - Prompt processing progress: 16384/17546
2026-10-01 21:45:53,337 - INFO - Prompt processing progress: 17545/17546
2026-10-01 21:45:53,378 - INFO - Prompt processing progress: 17546/17546
2026-10-01 21:45:53,930 - WARNING - Failed to parse tool call (ValueError: No function provided.) — tool text was likely truncated mid-generation.
2026-10-01 21:45:53,944 - INFO - Prompt Cache: 1 sequences, 0.07 GB
2026-10-01 21:45:53,944 - INFO - - assistant: 0 sequences, 0.00 GB
2026-10-01 21:45:53,944 - INFO - - user: 0 sequences, 0.00 GB
2026-10-01 21:45:53,944 - INFO - - system: 1 sequences, 0.07 GB
127.0.0.1 - - [01/Oct/2026 21:45:53] "POST /v1/chat/completions HTTP/1.1" 200 -
2026-10-01 21:45:55,165 - INFO - Prompt processing progress: 2048/17597
2026-10-01 21:45:56,392 - INFO - Prompt processing progress: 4096/17597
2026-10-01 21:45:57,661 - INFO - Prompt processing progress: 6144/17597
2026-10-01 21:45:58,976 - INFO - Prompt processing progress: 8192/17597
2026-10-01 21:46:00,348 - INFO - Prompt processing progress: 10240/17597
2026-10-01 21:46:01,775 - INFO - Prompt processing progress: 12288/17597
2026-10-01 21:46:03,247 - INFO - Prompt processing progress: 14336/17597
2026-10-01 21:46:04,771 - INFO - Prompt processing progress: 16384/17597
2026-10-01 21:46:05,753 - INFO - Prompt processing progress: 17596/17597
2026-10-01 21:46:05,807 - INFO - Prompt processing progress: 17597/17597
2026-10-01 21:46:06,234 - WARNING - Failed to parse tool call (ValueError: No function provided.) — tool text was likely truncated mid-generation.
2026-10-01 21:46:06,248 - INFO - Prompt Cache: 1 sequences, 0.07 GB
2026-10-01 21:46:06,248 - INFO - - assistant: 0 sequences, 0.00 GB
2026-10-01 21:46:06,248 - INFO - - user: 0 sequences, 0.00 GB
2026-10-01 21:46:06,248 - INFO - - system: 1 sequences, 0.07 GB
127.0.0.1 - - [01/Oct/2026 21:46:06] "POST /v1/chat/completions HTTP/1.1" 200 -
2026-10-01 21:46:07,467 - INFO - Prompt processing progress: 2048/18084
2026-10-01 21:46:08,692 - INFO - Prompt processing progress: 4096/18084
2026-10-01 21:46:09,953 - INFO - Prompt processing progress: 6144/18084
2026-10-01 21:46:11,271 - INFO - Prompt processing progress: 8192/18084
2026-10-01 21:46:12,627 - INFO - Prompt processing progress: 10240/18084
2026-10-01 21:46:14,053 - INFO - Prompt processing progress: 12288/18084
2026-10-01 21:46:15,538 - INFO - Prompt processing progress: 14336/18084
2026-10-01 21:46:17,066 - INFO - Prompt processing progress: 16384/18084
2026-10-01 21:46:18,459 - INFO - Prompt processing progress: 18083/18084
2026-10-01 21:46:18,505 - INFO - Prompt processing progress: 18084/18084
