<repo>/vendor/vlm-runtime/.venv/lib/python3.12/site-packages/mlx_lm/server.py:1723: UserWarning: mlx_lm.server is not recommended for production as it only implements basic security checks.
  warnings.warn(
2026-10-01 18:41:22,870 - INFO - Starting httpd at 127.0.0.1 on port 18184...
127.0.0.1 - - [01/Oct/2026 18:41:23] "GET /v1/models HTTP/1.1" 200 -
127.0.0.1 - - [01/Oct/2026 18:41:23] "GET /v1/models HTTP/1.1" 200 -
2026-10-01 18:41:24,099 - INFO - Prompt Cache: 0 sequences, 0.00 GB
2026-10-01 18:41:24,099 - INFO - - assistant: 0 sequences, 0.00 GB
2026-10-01 18:41:24,099 - INFO - - user: 0 sequences, 0.00 GB
2026-10-01 18:41:24,099 - INFO - - system: 0 sequences, 0.00 GB
127.0.0.1 - - [01/Oct/2026 18:41:24] "POST /v1/chat/completions HTTP/1.1" 200 -
2026-10-01 18:41:24,397 - INFO - Prompt processing progress: 2048/6289
2026-10-01 18:41:24,613 - INFO - Prompt processing progress: 4096/6289
2026-10-01 18:41:24,837 - INFO - Prompt processing progress: 6144/6289
2026-10-01 18:41:24,865 - INFO - Prompt processing progress: 6162/6289
2026-10-01 18:41:24,971 - INFO - Prompt processing progress: 6287/6289
2026-10-01 18:41:24,991 - INFO - Prompt processing progress: 6288/6289
2026-10-01 18:41:25,019 - INFO - Prompt processing progress: 6289/6289
2026-10-01 18:41:25,694 - INFO - Prompt Cache: 1 sequences, 0.19 GB
2026-10-01 18:41:25,697 - INFO - - assistant: 0 sequences, 0.00 GB
2026-10-01 18:41:25,697 - INFO - - user: 0 sequences, 0.00 GB
2026-10-01 18:41:25,697 - INFO - - system: 1 sequences, 0.19 GB
127.0.0.1 - - [01/Oct/2026 18:41:25] "POST /v1/chat/completions HTTP/1.1" 200 -
2026-10-01 18:41:26,033 - INFO - Prompt processing progress: 2048/4719
2026-10-01 18:41:26,277 - INFO - Prompt processing progress: 4096/4719
2026-10-01 18:41:26,560 - INFO - Prompt processing progress: 4718/4719
2026-10-01 18:41:26,587 - INFO - Prompt processing progress: 4719/4719
2026-10-01 18:41:27,755 - WARNING - Failed to parse tool call (ValueError: No function provided.) — tool text was likely truncated mid-generation.
2026-10-01 18:41:27,765 - INFO - Prompt Cache: 1 sequences, 0.19 GB
2026-10-01 18:41:27,765 - INFO - - assistant: 0 sequences, 0.00 GB
2026-10-01 18:41:27,765 - INFO - - user: 0 sequences, 0.00 GB
2026-10-01 18:41:27,765 - INFO - - system: 1 sequences, 0.19 GB
127.0.0.1 - - [01/Oct/2026 18:41:27] "POST /v1/chat/completions HTTP/1.1" 200 -
2026-10-01 18:41:28,101 - INFO - Prompt processing progress: 2048/6703
2026-10-01 18:41:28,345 - INFO - Prompt processing progress: 4096/6703
2026-10-01 18:41:28,600 - INFO - Prompt processing progress: 6144/6703
2026-10-01 18:41:28,709 - INFO - Prompt processing progress: 6702/6703
2026-10-01 18:41:28,738 - INFO - Prompt processing progress: 6703/6703
2026-10-01 18:41:29,455 - INFO - Prompt Cache: 1 sequences, 0.19 GB
2026-10-01 18:41:29,455 - INFO - - assistant: 0 sequences, 0.00 GB
2026-10-01 18:41:29,455 - INFO - - user: 0 sequences, 0.00 GB
2026-10-01 18:41:29,455 - INFO - - system: 1 sequences, 0.19 GB
127.0.0.1 - - [01/Oct/2026 18:41:29] "POST /v1/chat/completions HTTP/1.1" 200 -
2026-10-01 18:41:29,786 - INFO - Prompt processing progress: 2048/6780
2026-10-01 18:41:30,030 - INFO - Prompt processing progress: 4096/6780
2026-10-01 18:41:30,283 - INFO - Prompt processing progress: 6144/6780
2026-10-01 18:41:30,404 - INFO - Prompt processing progress: 6779/6780
2026-10-01 18:41:30,431 - INFO - Prompt processing progress: 6780/6780
2026-10-01 18:41:31,557 - WARNING - Failed to parse tool call (ValueError: No function provided.) — tool text was likely truncated mid-generation.
2026-10-01 18:41:31,568 - INFO - Prompt Cache: 1 sequences, 0.19 GB
2026-10-01 18:41:31,568 - INFO - - assistant: 0 sequences, 0.00 GB
2026-10-01 18:41:31,568 - INFO - - user: 0 sequences, 0.00 GB
2026-10-01 18:41:31,568 - INFO - - system: 1 sequences, 0.19 GB
127.0.0.1 - - [01/Oct/2026 18:41:31] "POST /v1/chat/completions HTTP/1.1" 200 -
2026-10-01 18:41:31,902 - INFO - Prompt processing progress: 2048/9306
2026-10-01 18:41:32,145 - INFO - Prompt processing progress: 4096/9306
2026-10-01 18:41:32,400 - INFO - Prompt processing progress: 6144/9306
2026-10-01 18:41:32,662 - INFO - Prompt processing progress: 8192/9306
2026-10-01 18:41:32,830 - INFO - Prompt processing progress: 9305/9306
2026-10-01 18:41:32,858 - INFO - Prompt processing progress: 9306/9306
2026-10-01 18:41:33,442 - WARNING - Failed to parse tool call (ValueError: No function provided.) — tool text was likely truncated mid-generation.
2026-10-01 18:41:33,454 - INFO - Prompt Cache: 1 sequences, 0.19 GB
2026-10-01 18:41:33,454 - INFO - - assistant: 0 sequences, 0.00 GB
2026-10-01 18:41:33,454 - INFO - - user: 0 sequences, 0.00 GB
2026-10-01 18:41:33,454 - INFO - - system: 1 sequences, 0.19 GB
127.0.0.1 - - [01/Oct/2026 18:41:33] "POST /v1/chat/completions HTTP/1.1" 200 -
2026-10-01 18:41:33,785 - INFO - Prompt processing progress: 2048/11219
2026-10-01 18:41:34,030 - INFO - Prompt processing progress: 4096/11219
2026-10-01 18:41:34,283 - INFO - Prompt processing progress: 6144/11219
2026-10-01 18:41:34,543 - INFO - Prompt processing progress: 8192/11219
2026-10-01 18:41:34,813 - INFO - Prompt processing progress: 10240/11219
2026-10-01 18:41:35,000 - INFO - Prompt processing progress: 11218/11219
2026-10-01 18:41:35,043 - INFO - Prompt processing progress: 11219/11219
2026-10-01 18:41:35,665 - WARNING - Failed to parse tool call (ValueError: No function provided.) — tool text was likely truncated mid-generation.
2026-10-01 18:41:35,678 - INFO - Prompt Cache: 1 sequences, 0.19 GB
2026-10-01 18:41:35,678 - INFO - - assistant: 0 sequences, 0.00 GB
2026-10-01 18:41:35,678 - INFO - - user: 0 sequences, 0.00 GB
2026-10-01 18:41:35,678 - INFO - - system: 1 sequences, 0.19 GB
127.0.0.1 - - [01/Oct/2026 18:41:35] "POST /v1/chat/completions HTTP/1.1" 200 -
2026-10-01 18:41:36,010 - INFO - Prompt processing progress: 2048/12224
2026-10-01 18:41:36,253 - INFO - Prompt processing progress: 4096/12224
2026-10-01 18:41:36,506 - INFO - Prompt processing progress: 6144/12224
2026-10-01 18:41:36,768 - INFO - Prompt processing progress: 8192/12224
2026-10-01 18:41:37,039 - INFO - Prompt processing progress: 10240/12224
2026-10-01 18:41:37,323 - INFO - Prompt processing progress: 12223/12224
2026-10-01 18:41:37,354 - INFO - Prompt processing progress: 12224/12224
2026-10-01 18:41:37,996 - INFO - Prompt Cache: 1 sequences, 0.19 GB
2026-10-01 18:41:37,996 - INFO - - assistant: 0 sequences, 0.00 GB
2026-10-01 18:41:37,996 - INFO - - user: 0 sequences, 0.00 GB
2026-10-01 18:41:37,996 - INFO - - system: 1 sequences, 0.19 GB
127.0.0.1 - - [01/Oct/2026 18:41:37] "POST /v1/chat/completions HTTP/1.1" 200 -
2026-10-01 18:41:38,328 - INFO - Prompt processing progress: 2048/13344
2026-10-01 18:41:38,574 - INFO - Prompt processing progress: 4096/13344
2026-10-01 18:41:38,827 - INFO - Prompt processing progress: 6144/13344
2026-10-01 18:41:39,090 - INFO - Prompt processing progress: 8192/13344
2026-10-01 18:41:39,360 - INFO - Prompt processing progress: 10240/13344
2026-10-01 18:41:39,639 - INFO - Prompt processing progress: 12288/13344
2026-10-01 18:41:39,815 - INFO - Prompt processing progress: 13343/13344
2026-10-01 18:41:39,849 - INFO - Prompt processing progress: 13344/13344
2026-10-01 18:41:40,820 - WARNING - Failed to parse tool call (ValueError: No function provided.) — tool text was likely truncated mid-generation.
2026-10-01 18:41:40,833 - INFO - Prompt Cache: 1 sequences, 0.19 GB
2026-10-01 18:41:40,834 - INFO - - assistant: 0 sequences, 0.00 GB
2026-10-01 18:41:40,834 - INFO - - user: 0 sequences, 0.00 GB
2026-10-01 18:41:40,834 - INFO - - system: 1 sequences, 0.19 GB
127.0.0.1 - - [01/Oct/2026 18:41:40] "POST /v1/chat/completions HTTP/1.1" 200 -
2026-10-01 18:41:41,165 - INFO - Prompt processing progress: 2048/14964
2026-10-01 18:41:41,411 - INFO - Prompt processing progress: 4096/14964
2026-10-01 18:41:41,663 - INFO - Prompt processing progress: 6144/14964
2026-10-01 18:41:41,924 - INFO - Prompt processing progress: 8192/14964
2026-10-01 18:41:42,195 - INFO - Prompt processing progress: 10240/14964
2026-10-01 18:41:42,474 - INFO - Prompt processing progress: 12288/14964
2026-10-01 18:41:42,762 - INFO - Prompt processing progress: 14336/14964
2026-10-01 18:41:42,903 - INFO - Prompt processing progress: 14963/14964
2026-10-01 18:41:42,938 - INFO - Prompt processing progress: 14964/14964
2026-10-01 18:41:43,577 - WARNING - Failed to parse tool call (ValueError: No function provided.) — tool text was likely truncated mid-generation.
2026-10-01 18:41:43,591 - INFO - Prompt Cache: 1 sequences, 0.19 GB
2026-10-01 18:41:43,591 - INFO - - assistant: 0 sequences, 0.00 GB
2026-10-01 18:41:43,591 - INFO - - user: 0 sequences, 0.00 GB
2026-10-01 18:41:43,591 - INFO - - system: 1 sequences, 0.19 GB
127.0.0.1 - - [01/Oct/2026 18:41:43] "POST /v1/chat/completions HTTP/1.1" 200 -
2026-10-01 18:41:43,924 - INFO - Prompt processing progress: 2048/16118
2026-10-01 18:41:44,168 - INFO - Prompt processing progress: 4096/16118
2026-10-01 18:41:44,423 - INFO - Prompt processing progress: 6144/16118
2026-10-01 18:41:44,684 - INFO - Prompt processing progress: 8192/16118
2026-10-01 18:41:44,957 - INFO - Prompt processing progress: 10240/16118
2026-10-01 18:41:45,236 - INFO - Prompt processing progress: 12288/16118
2026-10-01 18:41:45,524 - INFO - Prompt processing progress: 14336/16118
2026-10-01 18:41:45,941 - INFO - Prompt processing progress: 16117/16118
2026-10-01 18:41:45,975 - INFO - Prompt processing progress: 16118/16118
2026-10-01 18:41:46,809 - INFO - Prompt Cache: 1 sequences, 0.19 GB
2026-10-01 18:41:46,810 - INFO - - assistant: 0 sequences, 0.00 GB
2026-10-01 18:41:46,810 - INFO - - user: 0 sequences, 0.00 GB
2026-10-01 18:41:46,810 - INFO - - system: 1 sequences, 0.19 GB
127.0.0.1 - - [01/Oct/2026 18:41:46] "POST /v1/chat/completions HTTP/1.1" 200 -
2026-10-01 18:41:47,145 - INFO - Prompt processing progress: 2048/17302
2026-10-01 18:41:47,390 - INFO - Prompt processing progress: 4096/17302
2026-10-01 18:41:47,641 - INFO - Prompt processing progress: 6144/17302
2026-10-01 18:41:47,903 - INFO - Prompt processing progress: 8192/17302
2026-10-01 18:41:48,172 - INFO - Prompt processing progress: 10240/17302
2026-10-01 18:41:48,452 - INFO - Prompt processing progress: 12288/17302
2026-10-01 18:41:48,740 - INFO - Prompt processing progress: 14336/17302
2026-10-01 18:41:49,036 - INFO - Prompt processing progress: 16384/17302
2026-10-01 18:41:49,237 - INFO - Prompt processing progress: 17301/17302
2026-10-01 18:41:49,274 - INFO - Prompt processing progress: 17302/17302
2026-10-01 18:41:49,917 - WARNING - Failed to parse tool call (ValueError: No function provided.) — tool text was likely truncated mid-generation.
2026-10-01 18:41:49,933 - INFO - Prompt Cache: 1 sequences, 0.19 GB
2026-10-01 18:41:49,933 - INFO - - assistant: 0 sequences, 0.00 GB
2026-10-01 18:41:49,933 - INFO - - user: 0 sequences, 0.00 GB
2026-10-01 18:41:49,933 - INFO - - system: 1 sequences, 0.19 GB
127.0.0.1 - - [01/Oct/2026 18:41:49] "POST /v1/chat/completions HTTP/1.1" 200 -
2026-10-01 18:41:50,266 - INFO - Prompt processing progress: 2048/20490
2026-10-01 18:41:50,511 - INFO - Prompt processing progress: 4096/20490
2026-10-01 18:41:50,765 - INFO - Prompt processing progress: 6144/20490
2026-10-01 18:41:51,027 - INFO - Prompt processing progress: 8192/20490
2026-10-01 18:41:51,299 - INFO - Prompt processing progress: 10240/20490
2026-10-01 18:41:51,577 - INFO - Prompt processing progress: 12288/20490
2026-10-01 18:41:51,865 - INFO - Prompt processing progress: 14336/20490
2026-10-01 18:41:52,160 - INFO - Prompt processing progress: 16384/20490
2026-10-01 18:41:52,465 - INFO - Prompt processing progress: 18432/20490
2026-10-01 18:41:52,779 - INFO - Prompt processing progress: 20480/20490
2026-10-01 18:41:52,844 - INFO - Prompt processing progress: 20489/20490
2026-10-01 18:41:52,878 - INFO - Prompt processing progress: 20490/20490
2026-10-01 18:41:53,800 - WARNING - Failed to parse tool call (ValueError: No function provided.) — tool text was likely truncated mid-generation.
2026-10-01 18:41:53,817 - INFO - Prompt Cache: 1 sequences, 0.19 GB
2026-10-01 18:41:53,817 - INFO - - assistant: 0 sequences, 0.00 GB
2026-10-01 18:41:53,817 - INFO - - user: 0 sequences, 0.00 GB
2026-10-01 18:41:53,817 - INFO - - system: 1 sequences, 0.19 GB
127.0.0.1 - - [01/Oct/2026 18:41:53] "POST /v1/chat/completions HTTP/1.1" 200 -
2026-10-01 18:41:54,151 - INFO - Prompt processing progress: 2048/23902
2026-10-01 18:41:54,395 - INFO - Prompt processing progress: 4096/23902
2026-10-01 18:41:54,648 - INFO - Prompt processing progress: 6144/23902
2026-10-01 18:41:54,909 - INFO - Prompt processing progress: 8192/23902
2026-10-01 18:41:55,181 - INFO - Prompt processing progress: 10240/23902
2026-10-01 18:41:55,461 - INFO - Prompt processing progress: 12288/23902
2026-10-01 18:41:55,749 - INFO - Prompt processing progress: 14336/23902
2026-10-01 18:41:56,045 - INFO - Prompt processing progress: 16384/23902
2026-10-01 18:41:56,350 - INFO - Prompt processing progress: 18432/23902
2026-10-01 18:41:56,662 - INFO - Prompt processing progress: 20480/23902
2026-10-01 18:41:56,987 - INFO - Prompt processing progress: 22528/23902
2026-10-01 18:41:57,250 - INFO - Prompt processing progress: 23901/23902
2026-10-01 18:41:57,303 - INFO - Prompt processing progress: 23902/23902
2026-10-01 18:41:58,368 - WARNING - Failed to parse tool call (ValueError: No function provided.) — tool text was likely truncated mid-generation.
2026-10-01 18:41:58,386 - INFO - Prompt Cache: 1 sequences, 0.19 GB
2026-10-01 18:41:58,386 - INFO - - assistant: 0 sequences, 0.00 GB
2026-10-01 18:41:58,386 - INFO - - user: 0 sequences, 0.00 GB
2026-10-01 18:41:58,386 - INFO - - system: 1 sequences, 0.19 GB
127.0.0.1 - - [01/Oct/2026 18:41:58] "POST /v1/chat/completions HTTP/1.1" 200 -
2026-10-01 18:41:58,726 - INFO - Prompt processing progress: 2048/25192
2026-10-01 18:41:58,972 - INFO - Prompt processing progress: 4096/25192
2026-10-01 18:41:59,227 - INFO - Prompt processing progress: 6144/25192
2026-10-01 18:41:59,492 - INFO - Prompt processing progress: 8192/25192
2026-10-01 18:41:59,762 - INFO - Prompt processing progress: 10240/25192
2026-10-01 18:42:00,042 - INFO - Prompt processing progress: 12288/25192
2026-10-01 18:42:00,330 - INFO - Prompt processing progress: 14336/25192
2026-10-01 18:42:00,627 - INFO - Prompt processing progress: 16384/25192
2026-10-01 18:42:00,933 - INFO - Prompt processing progress: 18432/25192
2026-10-01 18:42:01,246 - INFO - Prompt processing progress: 20480/25192
2026-10-01 18:42:01,576 - INFO - Prompt processing progress: 22528/25192
2026-10-01 18:42:01,913 - INFO - Prompt processing progress: 24576/25192
2026-10-01 18:42:02,081 - INFO - Prompt processing progress: 25191/25192
2026-10-01 18:42:02,120 - INFO - Prompt processing progress: 25192/25192
2026-10-01 18:42:03,277 - INFO - Prompt Cache: 1 sequences, 0.19 GB
2026-10-01 18:42:03,277 - INFO - - assistant: 0 sequences, 0.00 GB
2026-10-01 18:42:03,277 - INFO - - user: 0 sequences, 0.00 GB
2026-10-01 18:42:03,277 - INFO - - system: 1 sequences, 0.19 GB
127.0.0.1 - - [01/Oct/2026 18:42:03] "POST /v1/chat/completions HTTP/1.1" 200 -
2026-10-01 18:42:03,616 - INFO - Prompt processing progress: 2048/26846
2026-10-01 18:42:03,862 - INFO - Prompt processing progress: 4096/26846
2026-10-01 18:42:04,115 - INFO - Prompt processing progress: 6144/26846
2026-10-01 18:42:04,378 - INFO - Prompt processing progress: 8192/26846
2026-10-01 18:42:04,648 - INFO - Prompt processing progress: 10240/26846
2026-10-01 18:42:04,927 - INFO - Prompt processing progress: 12288/26846
2026-10-01 18:42:05,215 - INFO - Prompt processing progress: 14336/26846
2026-10-01 18:42:05,512 - INFO - Prompt processing progress: 16384/26846
2026-10-01 18:42:05,818 - INFO - Prompt processing progress: 18432/26846
2026-10-01 18:42:06,133 - INFO - Prompt processing progress: 20480/26846
2026-10-01 18:42:06,461 - INFO - Prompt processing progress: 22528/26846
2026-10-01 18:42:06,796 - INFO - Prompt processing progress: 24576/26846
2026-10-01 18:42:07,139 - INFO - Prompt processing progress: 26624/26846
2026-10-01 18:42:07,236 - INFO - Prompt processing progress: 26845/26846
2026-10-01 18:42:07,292 - INFO - Prompt processing progress: 26846/26846
2026-10-01 18:42:08,590 - INFO - Prompt Cache: 1 sequences, 0.19 GB
2026-10-01 18:42:08,590 - INFO - - assistant: 0 sequences, 0.00 GB
2026-10-01 18:42:08,590 - INFO - - user: 0 sequences, 0.00 GB
2026-10-01 18:42:08,590 - INFO - - system: 1 sequences, 0.19 GB
127.0.0.1 - - [01/Oct/2026 18:42:08] "POST /v1/chat/completions HTTP/1.1" 200 -
2026-10-01 18:42:08,932 - INFO - Prompt processing progress: 2048/29558
2026-10-01 18:42:09,178 - INFO - Prompt processing progress: 4096/29558
2026-10-01 18:42:09,433 - INFO - Prompt processing progress: 6144/29558
2026-10-01 18:42:09,695 - INFO - Prompt processing progress: 8192/29558
2026-10-01 18:42:09,965 - INFO - Prompt processing progress: 10240/29558
2026-10-01 18:42:10,245 - INFO - Prompt processing progress: 12288/29558
2026-10-01 18:42:10,535 - INFO - Prompt processing progress: 14336/29558
2026-10-01 18:42:10,831 - INFO - Prompt processing progress: 16384/29558
2026-10-01 18:42:11,136 - INFO - Prompt processing progress: 18432/29558
2026-10-01 18:42:11,450 - INFO - Prompt processing progress: 20480/29558
2026-10-01 18:42:11,776 - INFO - Prompt processing progress: 22528/29558
2026-10-01 18:42:12,110 - INFO - Prompt processing progress: 24576/29558
2026-10-01 18:42:12,457 - INFO - Prompt processing progress: 26624/29558
2026-10-01 18:42:12,810 - INFO - Prompt processing progress: 28672/29558
2026-10-01 18:42:13,045 - INFO - Prompt processing progress: 29557/29558
2026-10-01 18:42:13,090 - INFO - Prompt processing progress: 29558/29558
2026-10-01 18:42:14,249 - INFO - Prompt Cache: 1 sequences, 0.19 GB
2026-10-01 18:42:14,249 - INFO - - assistant: 0 sequences, 0.00 GB
2026-10-01 18:42:14,249 - INFO - - user: 0 sequences, 0.00 GB
2026-10-01 18:42:14,249 - INFO - - system: 1 sequences, 0.19 GB
127.0.0.1 - - [01/Oct/2026 18:42:14] "POST /v1/chat/completions HTTP/1.1" 200 -
2026-10-01 18:42:14,588 - INFO - Prompt processing progress: 2048/31367
2026-10-01 18:42:14,833 - INFO - Prompt processing progress: 4096/31367
2026-10-01 18:42:15,086 - INFO - Prompt processing progress: 6144/31367
2026-10-01 18:42:15,349 - INFO - Prompt processing progress: 8192/31367
2026-10-01 18:42:15,620 - INFO - Prompt processing progress: 10240/31367
2026-10-01 18:42:15,900 - INFO - Prompt processing progress: 12288/31367
2026-10-01 18:42:16,188 - INFO - Prompt processing progress: 14336/31367
2026-10-01 18:42:16,484 - INFO - Prompt processing progress: 16384/31367
2026-10-01 18:42:16,790 - INFO - Prompt processing progress: 18432/31367
2026-10-01 18:42:17,104 - INFO - Prompt processing progress: 20480/31367
2026-10-01 18:42:17,427 - INFO - Prompt processing progress: 22528/31367
2026-10-01 18:42:17,761 - INFO - Prompt processing progress: 24576/31367
2026-10-01 18:42:18,105 - INFO - Prompt processing progress: 26624/31367
2026-10-01 18:42:18,457 - INFO - Prompt processing progress: 28672/31367
2026-10-01 18:42:18,818 - INFO - Prompt processing progress: 30720/31367
2026-10-01 18:42:19,011 - INFO - Prompt processing progress: 31366/31367
2026-10-01 18:42:19,054 - INFO - Prompt processing progress: 31367/31367
2026-10-01 18:42:19,834 - INFO - Prompt Cache: 1 sequences, 0.19 GB
2026-10-01 18:42:19,834 - INFO - - assistant: 0 sequences, 0.00 GB
2026-10-01 18:42:19,834 - INFO - - user: 0 sequences, 0.00 GB
2026-10-01 18:42:19,834 - INFO - - system: 1 sequences, 0.19 GB
127.0.0.1 - - [01/Oct/2026 18:42:19] "POST /v1/chat/completions HTTP/1.1" 200 -
2026-10-01 18:42:20,172 - INFO - Prompt processing progress: 2048/34172
2026-10-01 18:42:20,417 - INFO - Prompt processing progress: 4096/34172
2026-10-01 18:42:20,672 - INFO - Prompt processing progress: 6144/34172
2026-10-01 18:42:20,934 - INFO - Prompt processing progress: 8192/34172
2026-10-01 18:42:21,204 - INFO - Prompt processing progress: 10240/34172
2026-10-01 18:42:21,482 - INFO - Prompt processing progress: 12288/34172
2026-10-01 18:42:21,770 - INFO - Prompt processing progress: 14336/34172
2026-10-01 18:42:22,067 - INFO - Prompt processing progress: 16384/34172
2026-10-01 18:42:22,371 - INFO - Prompt processing progress: 18432/34172
2026-10-01 18:42:22,685 - INFO - Prompt processing progress: 20480/34172
2026-10-01 18:42:23,010 - INFO - Prompt processing progress: 22528/34172
2026-10-01 18:42:23,343 - INFO - Prompt processing progress: 24576/34172
2026-10-01 18:42:23,686 - INFO - Prompt processing progress: 26624/34172
2026-10-01 18:42:24,039 - INFO - Prompt processing progress: 28672/34172
2026-10-01 18:42:24,399 - INFO - Prompt processing progress: 30720/34172
2026-10-01 18:42:24,768 - INFO - Prompt processing progress: 32768/34172
2026-10-01 18:42:25,066 - INFO - Prompt processing progress: 34171/34172
2026-10-01 18:42:25,122 - INFO - Prompt processing progress: 34172/34172
2026-10-01 18:43:22,471 - WARNING - Failed to parse tool call (ValueError: No function provided.) — tool text was likely truncated mid-generation.
2026-10-01 18:43:22,512 - INFO - Prompt Cache: 1 sequences, 0.19 GB
2026-10-01 18:43:22,512 - INFO - - assistant: 0 sequences, 0.00 GB
2026-10-01 18:43:22,512 - INFO - - user: 0 sequences, 0.00 GB
2026-10-01 18:43:22,512 - INFO - - system: 1 sequences, 0.19 GB
127.0.0.1 - - [01/Oct/2026 18:43:22] "POST /v1/chat/completions HTTP/1.1" 200 -
2026-10-01 18:43:22,859 - INFO - Prompt processing progress: 2048/37788
2026-10-01 18:43:23,107 - INFO - Prompt processing progress: 4096/37788
2026-10-01 18:43:23,361 - INFO - Prompt processing progress: 6144/37788
2026-10-01 18:43:23,623 - INFO - Prompt processing progress: 8192/37788
2026-10-01 18:43:23,895 - INFO - Prompt processing progress: 10240/37788
2026-10-01 18:43:24,174 - INFO - Prompt processing progress: 12288/37788
2026-10-01 18:43:24,462 - INFO - Prompt processing progress: 14336/37788
2026-10-01 18:43:24,758 - INFO - Prompt processing progress: 16384/37788
2026-10-01 18:43:25,064 - INFO - Prompt processing progress: 18432/37788
2026-10-01 18:43:25,377 - INFO - Prompt processing progress: 20480/37788
2026-10-01 18:43:25,702 - INFO - Prompt processing progress: 22528/37788
2026-10-01 18:43:26,035 - INFO - Prompt processing progress: 24576/37788
2026-10-01 18:43:26,379 - INFO - Prompt processing progress: 26624/37788
2026-10-01 18:43:26,731 - INFO - Prompt processing progress: 28672/37788
2026-10-01 18:43:27,093 - INFO - Prompt processing progress: 30720/37788
2026-10-01 18:43:27,462 - INFO - Prompt processing progress: 32768/37788
2026-10-01 18:43:27,843 - INFO - Prompt processing progress: 34816/37788
2026-10-01 18:43:28,229 - INFO - Prompt processing progress: 36864/37788
2026-10-01 18:43:28,504 - INFO - Prompt processing progress: 37787/37788
2026-10-01 18:43:28,556 - INFO - Prompt processing progress: 37788/37788
2026-10-01 18:43:29,352 - INFO - Prompt Cache: 1 sequences, 0.19 GB
2026-10-01 18:43:29,352 - INFO - - assistant: 0 sequences, 0.00 GB
2026-10-01 18:43:29,352 - INFO - - user: 0 sequences, 0.00 GB
2026-10-01 18:43:29,352 - INFO - - system: 1 sequences, 0.19 GB
127.0.0.1 - - [01/Oct/2026 18:43:29] "POST /v1/chat/completions HTTP/1.1" 200 -
2026-10-01 18:43:29,693 - INFO - Prompt processing progress: 2048/37965
2026-10-01 18:43:29,939 - INFO - Prompt processing progress: 4096/37965
2026-10-01 18:43:30,196 - INFO - Prompt processing progress: 6144/37965
2026-10-01 18:43:30,458 - INFO - Prompt processing progress: 8192/37965
2026-10-01 18:43:30,728 - INFO - Prompt processing progress: 10240/37965
2026-10-01 18:43:31,008 - INFO - Prompt processing progress: 12288/37965
2026-10-01 18:43:31,296 - INFO - Prompt processing progress: 14336/37965
2026-10-01 18:43:31,592 - INFO - Prompt processing progress: 16384/37965
2026-10-01 18:43:31,899 - INFO - Prompt processing progress: 18432/37965
2026-10-01 18:43:32,212 - INFO - Prompt processing progress: 20480/37965
2026-10-01 18:43:32,535 - INFO - Prompt processing progress: 22528/37965
2026-10-01 18:43:32,870 - INFO - Prompt processing progress: 24576/37965
2026-10-01 18:43:33,212 - INFO - Prompt processing progress: 26624/37965
2026-10-01 18:43:33,565 - INFO - Prompt processing progress: 28672/37965
2026-10-01 18:43:33,925 - INFO - Prompt processing progress: 30720/37965
2026-10-01 18:43:34,297 - INFO - Prompt processing progress: 32768/37965
2026-10-01 18:43:34,675 - INFO - Prompt processing progress: 34816/37965
2026-10-01 18:43:35,063 - INFO - Prompt processing progress: 36864/37965
2026-10-01 18:43:35,302 - INFO - Prompt processing progress: 37964/37965
2026-10-01 18:43:35,348 - INFO - Prompt processing progress: 37965/37965
2026-10-01 18:43:37,083 - INFO - Prompt Cache: 1 sequences, 0.19 GB
2026-10-01 18:43:37,083 - INFO - - assistant: 0 sequences, 0.00 GB
2026-10-01 18:43:37,083 - INFO - - user: 0 sequences, 0.00 GB
2026-10-01 18:43:37,083 - INFO - - system: 1 sequences, 0.19 GB
127.0.0.1 - - [01/Oct/2026 18:43:37] "POST /v1/chat/completions HTTP/1.1" 200 -
2026-10-01 18:43:37,260 - INFO - Prompt processing progress: 246/248
2026-10-01 18:43:37,276 - INFO - Prompt processing progress: 247/248
2026-10-01 18:43:37,294 - INFO - Prompt processing progress: 248/248
2026-10-01 18:43:37,987 - INFO - Prompt Cache: 1 sequences, 0.19 GB
2026-10-01 18:43:37,987 - INFO - - assistant: 0 sequences, 0.00 GB
2026-10-01 18:43:37,987 - INFO - - user: 0 sequences, 0.00 GB
2026-10-01 18:43:37,987 - INFO - - system: 1 sequences, 0.19 GB
127.0.0.1 - - [01/Oct/2026 18:43:37] "POST /v1/chat/completions HTTP/1.1" 200 -
2026-10-01 18:43:38,325 - INFO - Prompt processing progress: 2048/4840
2026-10-01 18:43:38,569 - INFO - Prompt processing progress: 4096/4840
2026-10-01 18:43:38,702 - INFO - Prompt processing progress: 4839/4840
2026-10-01 18:43:38,728 - INFO - Prompt processing progress: 4840/4840
2026-10-01 18:43:40,100 - INFO - Prompt Cache: 1 sequences, 0.19 GB
2026-10-01 18:43:40,100 - INFO - - assistant: 0 sequences, 0.00 GB
2026-10-01 18:43:40,100 - INFO - - user: 0 sequences, 0.00 GB
2026-10-01 18:43:40,100 - INFO - - system: 1 sequences, 0.19 GB
127.0.0.1 - - [01/Oct/2026 18:43:40] "POST /v1/chat/completions HTTP/1.1" 200 -
2026-10-01 18:43:40,437 - INFO - Prompt processing progress: 2048/8132
2026-10-01 18:43:40,683 - INFO - Prompt processing progress: 4096/8132
2026-10-01 18:43:40,939 - INFO - Prompt processing progress: 6144/8132
2026-10-01 18:43:41,204 - INFO - Prompt processing progress: 8131/8132
2026-10-01 18:43:41,233 - INFO - Prompt processing progress: 8132/8132
2026-10-01 18:43:42,442 - WARNING - Failed to parse tool call (ValueError: No function provided.) — tool text was likely truncated mid-generation.
2026-10-01 18:43:42,454 - INFO - Prompt Cache: 1 sequences, 0.19 GB
2026-10-01 18:43:42,454 - INFO - - assistant: 0 sequences, 0.00 GB
2026-10-01 18:43:42,454 - INFO - - user: 0 sequences, 0.00 GB
2026-10-01 18:43:42,454 - INFO - - system: 1 sequences, 0.19 GB
127.0.0.1 - - [01/Oct/2026 18:43:42] "POST /v1/chat/completions HTTP/1.1" 200 -
2026-10-01 18:43:42,787 - INFO - Prompt processing progress: 2048/11435
2026-10-01 18:43:43,033 - INFO - Prompt processing progress: 4096/11435
2026-10-01 18:43:43,288 - INFO - Prompt processing progress: 6144/11435
2026-10-01 18:43:43,550 - INFO - Prompt processing progress: 8192/11435
2026-10-01 18:43:43,820 - INFO - Prompt processing progress: 10240/11435
2026-10-01 18:43:44,000 - INFO - Prompt processing progress: 11434/11435
2026-10-01 18:43:44,030 - INFO - Prompt processing progress: 11435/11435
2026-10-01 18:43:45,607 - WARNING - Failed to parse tool call (ValueError: No function provided.) — tool text was likely truncated mid-generation.
2026-10-01 18:43:45,620 - INFO - Prompt Cache: 1 sequences, 0.19 GB
2026-10-01 18:43:45,620 - INFO - - assistant: 0 sequences, 0.00 GB
2026-10-01 18:43:45,620 - INFO - - user: 0 sequences, 0.00 GB
2026-10-01 18:43:45,620 - INFO - - system: 1 sequences, 0.19 GB
127.0.0.1 - - [01/Oct/2026 18:43:45] "POST /v1/chat/completions HTTP/1.1" 200 -
2026-10-01 18:43:45,960 - INFO - Prompt processing progress: 2048/12010
2026-10-01 18:43:46,205 - INFO - Prompt processing progress: 4096/12010
2026-10-01 18:43:46,459 - INFO - Prompt processing progress: 6144/12010
2026-10-01 18:43:46,721 - INFO - Prompt processing progress: 8192/12010
2026-10-01 18:43:46,990 - INFO - Prompt processing progress: 10240/12010
2026-10-01 18:43:47,243 - INFO - Prompt processing progress: 12009/12010
2026-10-01 18:43:47,274 - INFO - Prompt processing progress: 12010/12010
2026-10-01 18:43:47,861 - WARNING - Failed to parse tool call (ValueError: No function provided.) — tool text was likely truncated mid-generation.
2026-10-01 18:43:47,874 - INFO - Prompt Cache: 1 sequences, 0.19 GB
2026-10-01 18:43:47,874 - INFO - - assistant: 0 sequences, 0.00 GB
2026-10-01 18:43:47,874 - INFO - - user: 0 sequences, 0.00 GB
2026-10-01 18:43:47,874 - INFO - - system: 1 sequences, 0.19 GB
127.0.0.1 - - [01/Oct/2026 18:43:47] "POST /v1/chat/completions HTTP/1.1" 200 -
2026-10-01 18:43:48,210 - INFO - Prompt processing progress: 2048/13571
2026-10-01 18:43:48,455 - INFO - Prompt processing progress: 4096/13571
2026-10-01 18:43:48,710 - INFO - Prompt processing progress: 6144/13571
2026-10-01 18:43:48,971 - INFO - Prompt processing progress: 8192/13571
2026-10-01 18:43:49,242 - INFO - Prompt processing progress: 10240/13571
2026-10-01 18:43:49,521 - INFO - Prompt processing progress: 12288/13571
2026-10-01 18:43:49,738 - INFO - Prompt processing progress: 13570/13571
2026-10-01 18:43:49,770 - INFO - Prompt processing progress: 13571/13571
2026-10-01 18:43:50,381 - WARNING - Failed to parse tool call (ValueError: No function provided.) — tool text was likely truncated mid-generation.
2026-10-01 18:43:50,396 - INFO - Prompt Cache: 1 sequences, 0.19 GB
2026-10-01 18:43:50,396 - INFO - - assistant: 0 sequences, 0.00 GB
2026-10-01 18:43:50,396 - INFO - - user: 0 sequences, 0.00 GB
2026-10-01 18:43:50,396 - INFO - - system: 1 sequences, 0.19 GB
127.0.0.1 - - [01/Oct/2026 18:43:50] "POST /v1/chat/completions HTTP/1.1" 200 -
2026-10-01 18:43:50,734 - INFO - Prompt processing progress: 2048/15221
2026-10-01 18:43:50,981 - INFO - Prompt processing progress: 4096/15221
2026-10-01 18:43:51,236 - INFO - Prompt processing progress: 6144/15221
2026-10-01 18:43:51,497 - INFO - Prompt processing progress: 8192/15221
2026-10-01 18:43:51,768 - INFO - Prompt processing progress: 10240/15221
2026-10-01 18:43:52,049 - INFO - Prompt processing progress: 12288/15221
2026-10-01 18:43:52,336 - INFO - Prompt processing progress: 14336/15221
2026-10-01 18:43:52,524 - INFO - Prompt processing progress: 15220/15221
2026-10-01 18:43:52,560 - INFO - Prompt processing progress: 15221/15221
2026-10-01 18:43:53,551 - INFO - Prompt Cache: 1 sequences, 0.19 GB
2026-10-01 18:43:53,551 - INFO - - assistant: 0 sequences, 0.00 GB
2026-10-01 18:43:53,551 - INFO - - user: 0 sequences, 0.00 GB
2026-10-01 18:43:53,551 - INFO - - system: 1 sequences, 0.19 GB
127.0.0.1 - - [01/Oct/2026 18:43:53] "POST /v1/chat/completions HTTP/1.1" 200 -
2026-10-01 18:43:53,891 - INFO - Prompt processing progress: 2048/17471
2026-10-01 18:43:54,137 - INFO - Prompt processing progress: 4096/17471
2026-10-01 18:43:54,389 - INFO - Prompt processing progress: 6144/17471
2026-10-01 18:43:54,651 - INFO - Prompt processing progress: 8192/17471
2026-10-01 18:43:54,924 - INFO - Prompt processing progress: 10240/17471
2026-10-01 18:43:55,204 - INFO - Prompt processing progress: 12288/17471
2026-10-01 18:43:55,491 - INFO - Prompt processing progress: 14336/17471
2026-10-01 18:43:55,787 - INFO - Prompt processing progress: 16384/17471
2026-10-01 18:43:55,973 - INFO - Prompt processing progress: 17470/17471
2026-10-01 18:43:56,008 - INFO - Prompt processing progress: 17471/17471
2026-10-01 18:43:57,055 - WARNING - Failed to parse tool call (ValueError: No function provided.) — tool text was likely truncated mid-generation.
2026-10-01 18:43:57,070 - INFO - Prompt Cache: 1 sequences, 0.19 GB
2026-10-01 18:43:57,070 - INFO - - assistant: 0 sequences, 0.00 GB
2026-10-01 18:43:57,070 - INFO - - user: 0 sequences, 0.00 GB
2026-10-01 18:43:57,070 - INFO - - system: 1 sequences, 0.19 GB
127.0.0.1 - - [01/Oct/2026 18:43:57] "POST /v1/chat/completions HTTP/1.1" 200 -
2026-10-01 18:43:57,409 - INFO - Prompt processing progress: 2048/19497
2026-10-01 18:43:57,656 - INFO - Prompt processing progress: 4096/19497
2026-10-01 18:43:57,911 - INFO - Prompt processing progress: 6144/19497
2026-10-01 18:43:58,175 - INFO - Prompt processing progress: 8192/19497
2026-10-01 18:43:58,446 - INFO - Prompt processing progress: 10240/19497
2026-10-01 18:43:58,727 - INFO - Prompt processing progress: 12288/19497
2026-10-01 18:43:59,015 - INFO - Prompt processing progress: 14336/19497
2026-10-01 18:43:59,323 - INFO - Prompt processing progress: 16384/19497
2026-10-01 18:43:59,639 - INFO - Prompt processing progress: 18432/19497
2026-10-01 18:43:59,836 - INFO - Prompt processing progress: 19496/19497
2026-10-01 18:43:59,888 - INFO - Prompt processing progress: 19497/19497
2026-10-01 18:44:00,886 - INFO - Prompt Cache: 1 sequences, 0.19 GB
2026-10-01 18:44:00,886 - INFO - - assistant: 0 sequences, 0.00 GB
2026-10-01 18:44:00,886 - INFO - - user: 0 sequences, 0.00 GB
2026-10-01 18:44:00,886 - INFO - - system: 1 sequences, 0.19 GB
127.0.0.1 - - [01/Oct/2026 18:44:00] "POST /v1/chat/completions HTTP/1.1" 200 -
2026-10-01 18:44:01,239 - INFO - Prompt processing progress: 2048/22998
2026-10-01 18:44:01,491 - INFO - Prompt processing progress: 4096/22998
2026-10-01 18:44:01,754 - INFO - Prompt processing progress: 6144/22998
2026-10-01 18:44:02,027 - INFO - Prompt processing progress: 8192/22998
2026-10-01 18:44:02,302 - INFO - Prompt processing progress: 10240/22998
2026-10-01 18:44:02,585 - INFO - Prompt processing progress: 12288/22998
2026-10-01 18:44:02,875 - INFO - Prompt processing progress: 14336/22998
2026-10-01 18:44:03,175 - INFO - Prompt processing progress: 16384/22998
2026-10-01 18:44:03,484 - INFO - Prompt processing progress: 18432/22998
2026-10-01 18:44:03,798 - INFO - Prompt processing progress: 20480/22998
2026-10-01 18:44:04,122 - INFO - Prompt processing progress: 22528/22998
2026-10-01 18:44:04,261 - INFO - Prompt processing progress: 22997/22998
2026-10-01 18:44:04,301 - INFO - Prompt processing progress: 22998/22998
2026-10-01 18:44:05,173 - INFO - Prompt Cache: 1 sequences, 0.19 GB
2026-10-01 18:44:05,173 - INFO - - assistant: 0 sequences, 0.00 GB
2026-10-01 18:44:05,173 - INFO - - user: 0 sequences, 0.00 GB
2026-10-01 18:44:05,173 - INFO - - system: 1 sequences, 0.19 GB
127.0.0.1 - - [01/Oct/2026 18:44:05] "POST /v1/chat/completions HTTP/1.1" 200 -
2026-10-01 18:44:05,507 - INFO - Prompt processing progress: 2048/25035
2026-10-01 18:44:05,754 - INFO - Prompt processing progress: 4096/25035
2026-10-01 18:44:06,013 - INFO - Prompt processing progress: 6144/25035
2026-10-01 18:44:06,285 - INFO - Prompt processing progress: 8192/25035
2026-10-01 18:44:06,557 - INFO - Prompt processing progress: 10240/25035
2026-10-01 18:44:06,838 - INFO - Prompt processing progress: 12288/25035
2026-10-01 18:44:07,126 - INFO - Prompt processing progress: 14336/25035
2026-10-01 18:44:07,422 - INFO - Prompt processing progress: 16384/25035
2026-10-01 18:44:07,728 - INFO - Prompt processing progress: 18432/25035
2026-10-01 18:44:08,042 - INFO - Prompt processing progress: 20480/25035
2026-10-01 18:44:08,366 - INFO - Prompt processing progress: 22528/25035
2026-10-01 18:44:08,699 - INFO - Prompt processing progress: 24576/25035
2026-10-01 18:44:08,838 - INFO - Prompt processing progress: 25034/25035
2026-10-01 18:44:08,877 - INFO - Prompt processing progress: 25035/25035
2026-10-01 18:44:09,903 - INFO - Prompt Cache: 1 sequences, 0.19 GB
2026-10-01 18:44:09,903 - INFO - - assistant: 0 sequences, 0.00 GB
2026-10-01 18:44:09,903 - INFO - - user: 0 sequences, 0.00 GB
2026-10-01 18:44:09,904 - INFO - - system: 1 sequences, 0.19 GB
127.0.0.1 - - [01/Oct/2026 18:44:09] "POST /v1/chat/completions HTTP/1.1" 200 -
2026-10-01 18:44:10,245 - INFO - Prompt processing progress: 2048/28506
2026-10-01 18:44:10,491 - INFO - Prompt processing progress: 4096/28506
2026-10-01 18:44:10,743 - INFO - Prompt processing progress: 6144/28506
2026-10-01 18:44:11,005 - INFO - Prompt processing progress: 8192/28506
2026-10-01 18:44:11,277 - INFO - Prompt processing progress: 10240/28506
2026-10-01 18:44:11,562 - INFO - Prompt processing progress: 12288/28506
2026-10-01 18:44:11,855 - INFO - Prompt processing progress: 14336/28506
2026-10-01 18:44:12,158 - INFO - Prompt processing progress: 16384/28506
2026-10-01 18:44:12,472 - INFO - Prompt processing progress: 18432/28506
2026-10-01 18:44:12,795 - INFO - Prompt processing progress: 20480/28506
2026-10-01 18:44:13,129 - INFO - Prompt processing progress: 22528/28506
2026-10-01 18:44:13,470 - INFO - Prompt processing progress: 24576/28506
2026-10-01 18:44:13,821 - INFO - Prompt processing progress: 26624/28506
2026-10-01 18:44:14,159 - INFO - Prompt processing progress: 28505/28506
2026-10-01 18:44:14,202 - INFO - Prompt processing progress: 28506/28506
2026-10-01 18:44:14,937 - WARNING - Failed to parse tool call (ValueError: No function provided.) — tool text was likely truncated mid-generation.
2026-10-01 18:44:14,957 - INFO - Prompt Cache: 1 sequences, 0.19 GB
2026-10-01 18:44:14,958 - INFO - - assistant: 0 sequences, 0.00 GB
2026-10-01 18:44:14,958 - INFO - - user: 0 sequences, 0.00 GB
2026-10-01 18:44:14,958 - INFO - - system: 1 sequences, 0.19 GB
127.0.0.1 - - [01/Oct/2026 18:44:14] "POST /v1/chat/completions HTTP/1.1" 200 -
2026-10-01 18:44:15,304 - INFO - Prompt processing progress: 2048/30751
2026-10-01 18:44:15,556 - INFO - Prompt processing progress: 4096/30751
2026-10-01 18:44:15,817 - INFO - Prompt processing progress: 6144/30751
2026-10-01 18:44:16,084 - INFO - Prompt processing progress: 8192/30751
2026-10-01 18:44:16,360 - INFO - Prompt processing progress: 10240/30751
2026-10-01 18:44:16,646 - INFO - Prompt processing progress: 12288/30751
2026-10-01 18:44:16,940 - INFO - Prompt processing progress: 14336/30751
2026-10-01 18:44:17,241 - INFO - Prompt processing progress: 16384/30751
2026-10-01 18:44:17,553 - INFO - Prompt processing progress: 18432/30751
2026-10-01 18:44:17,875 - INFO - Prompt processing progress: 20480/30751
2026-10-01 18:44:18,204 - INFO - Prompt processing progress: 22528/30751
2026-10-01 18:44:18,546 - INFO - Prompt processing progress: 24576/30751
2026-10-01 18:44:18,900 - INFO - Prompt processing progress: 26624/30751
2026-10-01 18:44:19,259 - INFO - Prompt processing progress: 28672/30751
2026-10-01 18:44:19,629 - INFO - Prompt processing progress: 30720/30751
2026-10-01 18:44:19,674 - INFO - Prompt processing progress: 30750/30751
2026-10-01 18:44:19,728 - INFO - Prompt processing progress: 30751/30751
2026-10-01 18:44:20,686 - INFO - Prompt Cache: 1 sequences, 0.19 GB
2026-10-01 18:44:20,686 - INFO - - assistant: 0 sequences, 0.00 GB
2026-10-01 18:44:20,686 - INFO - - user: 0 sequences, 0.00 GB
2026-10-01 18:44:20,686 - INFO - - system: 1 sequences, 0.19 GB
127.0.0.1 - - [01/Oct/2026 18:44:20] "POST /v1/chat/completions HTTP/1.1" 200 -
2026-10-01 18:44:21,029 - INFO - Prompt processing progress: 2048/33620
2026-10-01 18:44:21,284 - INFO - Prompt processing progress: 4096/33620
2026-10-01 18:44:21,542 - INFO - Prompt processing progress: 6144/33620
2026-10-01 18:44:21,810 - INFO - Prompt processing progress: 8192/33620
2026-10-01 18:44:22,087 - INFO - Prompt processing progress: 10240/33620
2026-10-01 18:44:22,371 - INFO - Prompt processing progress: 12288/33620
2026-10-01 18:44:22,666 - INFO - Prompt processing progress: 14336/33620
2026-10-01 18:44:22,969 - INFO - Prompt processing progress: 16384/33620
2026-10-01 18:44:23,279 - INFO - Prompt processing progress: 18432/33620
2026-10-01 18:44:23,598 - INFO - Prompt processing progress: 20480/33620
2026-10-01 18:44:23,930 - INFO - Prompt processing progress: 22528/33620
2026-10-01 18:44:24,272 - INFO - Prompt processing progress: 24576/33620
2026-10-01 18:44:24,622 - INFO - Prompt processing progress: 26624/33620
2026-10-01 18:44:24,982 - INFO - Prompt processing progress: 28672/33620
2026-10-01 18:44:25,354 - INFO - Prompt processing progress: 30720/33620
2026-10-01 18:44:25,730 - INFO - Prompt processing progress: 32768/33620
2026-10-01 18:44:25,976 - INFO - Prompt processing progress: 33619/33620
2026-10-01 18:44:26,022 - INFO - Prompt processing progress: 33620/33620
2026-10-01 18:44:27,108 - WARNING - Failed to parse tool call (ValueError: No function provided.) — tool text was likely truncated mid-generation.
2026-10-01 18:44:27,136 - INFO - Prompt Cache: 1 sequences, 0.19 GB
2026-10-01 18:44:27,137 - INFO - - assistant: 0 sequences, 0.00 GB
2026-10-01 18:44:27,137 - INFO - - user: 0 sequences, 0.00 GB
2026-10-01 18:44:27,137 - INFO - - system: 1 sequences, 0.19 GB
127.0.0.1 - - [01/Oct/2026 18:44:27] "POST /v1/chat/completions HTTP/1.1" 200 -
2026-10-01 18:44:27,485 - INFO - Prompt processing progress: 2048/36098
2026-10-01 18:44:27,737 - INFO - Prompt processing progress: 4096/36098
2026-10-01 18:44:27,998 - INFO - Prompt processing progress: 6144/36098
2026-10-01 18:44:28,264 - INFO - Prompt processing progress: 8192/36098
2026-10-01 18:44:28,543 - INFO - Prompt processing progress: 10240/36098
2026-10-01 18:44:28,828 - INFO - Prompt processing progress: 12288/36098
2026-10-01 18:44:29,123 - INFO - Prompt processing progress: 14336/36098
2026-10-01 18:44:29,425 - INFO - Prompt processing progress: 16384/36098
2026-10-01 18:44:29,738 - INFO - Prompt processing progress: 18432/36098
2026-10-01 18:44:30,060 - INFO - Prompt processing progress: 20480/36098
2026-10-01 18:44:30,396 - INFO - Prompt processing progress: 22528/36098
2026-10-01 18:44:30,740 - INFO - Prompt processing progress: 24576/36098
2026-10-01 18:44:31,093 - INFO - Prompt processing progress: 26624/36098
2026-10-01 18:44:31,455 - INFO - Prompt processing progress: 28672/36098
2026-10-01 18:44:31,822 - INFO - Prompt processing progress: 30720/36098
2026-10-01 18:44:32,200 - INFO - Prompt processing progress: 32768/36098
2026-10-01 18:44:32,586 - INFO - Prompt processing progress: 34816/36098
2026-10-01 18:44:32,882 - INFO - Prompt processing progress: 36097/36098
2026-10-01 18:44:32,928 - INFO - Prompt processing progress: 36098/36098
2026-10-01 18:44:33,715 - WARNING - Failed to parse tool call (ValueError: No function provided.) — tool text was likely truncated mid-generation.
2026-10-01 18:44:33,742 - INFO - Prompt Cache: 1 sequences, 0.19 GB
2026-10-01 18:44:33,742 - INFO - - assistant: 0 sequences, 0.00 GB
2026-10-01 18:44:33,742 - INFO - - user: 0 sequences, 0.00 GB
2026-10-01 18:44:33,742 - INFO - - system: 1 sequences, 0.19 GB
127.0.0.1 - - [01/Oct/2026 18:44:33] "POST /v1/chat/completions HTTP/1.1" 200 -
2026-10-01 18:44:34,086 - INFO - Prompt processing progress: 2048/38010
2026-10-01 18:44:34,332 - INFO - Prompt processing progress: 4096/38010
2026-10-01 18:44:34,587 - INFO - Prompt processing progress: 6144/38010
2026-10-01 18:44:34,850 - INFO - Prompt processing progress: 8192/38010
2026-10-01 18:44:35,121 - INFO - Prompt processing progress: 10240/38010
2026-10-01 18:44:35,402 - INFO - Prompt processing progress: 12288/38010
2026-10-01 18:44:35,691 - INFO - Prompt processing progress: 14336/38010
2026-10-01 18:44:35,988 - INFO - Prompt processing progress: 16384/38010
2026-10-01 18:44:36,293 - INFO - Prompt processing progress: 18432/38010
2026-10-01 18:44:36,610 - INFO - Prompt processing progress: 20480/38010
2026-10-01 18:44:36,934 - INFO - Prompt processing progress: 22528/38010
2026-10-01 18:44:37,269 - INFO - Prompt processing progress: 24576/38010
2026-10-01 18:44:37,611 - INFO - Prompt processing progress: 26624/38010
2026-10-01 18:44:37,964 - INFO - Prompt processing progress: 28672/38010
2026-10-01 18:44:38,325 - INFO - Prompt processing progress: 30720/38010
2026-10-01 18:44:38,696 - INFO - Prompt processing progress: 32768/38010
2026-10-01 18:44:39,078 - INFO - Prompt processing progress: 34816/38010
2026-10-01 18:44:39,467 - INFO - Prompt processing progress: 36864/38010
2026-10-01 18:44:39,709 - INFO - Prompt processing progress: 38009/38010
2026-10-01 18:44:39,771 - INFO - Prompt processing progress: 38010/38010
2026-10-01 18:44:40,575 - WARNING - Failed to parse tool call (ValueError: No function provided.) — tool text was likely truncated mid-generation.
2026-10-01 18:44:40,601 - INFO - Prompt Cache: 1 sequences, 0.19 GB
2026-10-01 18:44:40,601 - INFO - - assistant: 0 sequences, 0.00 GB
2026-10-01 18:44:40,601 - INFO - - user: 0 sequences, 0.00 GB
2026-10-01 18:44:40,601 - INFO - - system: 1 sequences, 0.19 GB
127.0.0.1 - - [01/Oct/2026 18:44:40] "POST /v1/chat/completions HTTP/1.1" 200 -
2026-10-01 18:44:40,944 - INFO - Prompt processing progress: 2048/42392
2026-10-01 18:44:41,192 - INFO - Prompt processing progress: 4096/42392
2026-10-01 18:44:41,449 - INFO - Prompt processing progress: 6144/42392
2026-10-01 18:44:41,712 - INFO - Prompt processing progress: 8192/42392
2026-10-01 18:44:41,983 - INFO - Prompt processing progress: 10240/42392
2026-10-01 18:44:42,263 - INFO - Prompt processing progress: 12288/42392
2026-10-01 18:44:42,551 - INFO - Prompt processing progress: 14336/42392
2026-10-01 18:44:42,848 - INFO - Prompt processing progress: 16384/42392
2026-10-01 18:44:43,155 - INFO - Prompt processing progress: 18432/42392
2026-10-01 18:44:43,471 - INFO - Prompt processing progress: 20480/42392
2026-10-01 18:44:43,795 - INFO - Prompt processing progress: 22528/42392
2026-10-01 18:44:44,128 - INFO - Prompt processing progress: 24576/42392
2026-10-01 18:44:44,471 - INFO - Prompt processing progress: 26624/42392
2026-10-01 18:44:44,823 - INFO - Prompt processing progress: 28672/42392
2026-10-01 18:44:45,183 - INFO - Prompt processing progress: 30720/42392
2026-10-01 18:44:45,553 - INFO - Prompt processing progress: 32768/42392
2026-10-01 18:44:45,934 - INFO - Prompt processing progress: 34816/42392
2026-10-01 18:44:46,323 - INFO - Prompt processing progress: 36864/42392
2026-10-01 18:44:46,722 - INFO - Prompt processing progress: 38912/42392
2026-10-01 18:44:47,130 - INFO - Prompt processing progress: 40960/42392
2026-10-01 18:44:47,461 - INFO - Prompt processing progress: 42391/42392
2026-10-01 18:44:47,525 - INFO - Prompt processing progress: 42392/42392
2026-10-01 18:44:48,614 - WARNING - Failed to parse tool call (ValueError: No function provided.) — tool text was likely truncated mid-generation.
2026-10-01 18:44:48,642 - INFO - Prompt Cache: 1 sequences, 0.19 GB
2026-10-01 18:44:48,642 - INFO - - assistant: 0 sequences, 0.00 GB
2026-10-01 18:44:48,642 - INFO - - user: 0 sequences, 0.00 GB
2026-10-01 18:44:48,642 - INFO - - system: 1 sequences, 0.19 GB
127.0.0.1 - - [01/Oct/2026 18:44:48] "POST /v1/chat/completions HTTP/1.1" 200 -
2026-10-01 18:44:48,988 - INFO - Prompt processing progress: 2048/44952
2026-10-01 18:44:49,232 - INFO - Prompt processing progress: 4096/44952
2026-10-01 18:44:49,489 - INFO - Prompt processing progress: 6144/44952
2026-10-01 18:44:49,753 - INFO - Prompt processing progress: 8192/44952
2026-10-01 18:44:50,025 - INFO - Prompt processing progress: 10240/44952
2026-10-01 18:44:50,305 - INFO - Prompt processing progress: 12288/44952
2026-10-01 18:44:50,594 - INFO - Prompt processing progress: 14336/44952
2026-10-01 18:44:50,891 - INFO - Prompt processing progress: 16384/44952
2026-10-01 18:44:51,197 - INFO - Prompt processing progress: 18432/44952
2026-10-01 18:44:51,510 - INFO - Prompt processing progress: 20480/44952
2026-10-01 18:44:51,836 - INFO - Prompt processing progress: 22528/44952
2026-10-01 18:44:52,170 - INFO - Prompt processing progress: 24576/44952
2026-10-01 18:44:52,513 - INFO - Prompt processing progress: 26624/44952
2026-10-01 18:44:52,866 - INFO - Prompt processing progress: 28672/44952
2026-10-01 18:44:53,230 - INFO - Prompt processing progress: 30720/44952
2026-10-01 18:44:53,601 - INFO - Prompt processing progress: 32768/44952
2026-10-01 18:44:53,981 - INFO - Prompt processing progress: 34816/44952
2026-10-01 18:44:54,371 - INFO - Prompt processing progress: 36864/44952
2026-10-01 18:44:54,773 - INFO - Prompt processing progress: 38912/44952
2026-10-01 18:44:55,181 - INFO - Prompt processing progress: 40960/44952
2026-10-01 18:44:55,598 - INFO - Prompt processing progress: 43008/44952
2026-10-01 18:44:56,042 - INFO - Prompt processing progress: 44951/44952
2026-10-01 18:44:56,108 - INFO - Prompt processing progress: 44952/44952
2026-10-01 18:44:59,144 - INFO - Prompt Cache: 1 sequences, 0.19 GB
2026-10-01 18:44:59,145 - INFO - - assistant: 0 sequences, 0.00 GB
2026-10-01 18:44:59,145 - INFO - - user: 0 sequences, 0.00 GB
2026-10-01 18:44:59,145 - INFO - - system: 1 sequences, 0.19 GB
127.0.0.1 - - [01/Oct/2026 18:44:59] "POST /v1/chat/completions HTTP/1.1" 200 -
2026-10-01 18:44:59,494 - INFO - Prompt processing progress: 2048/45093
2026-10-01 18:44:59,741 - INFO - Prompt processing progress: 4096/45093
2026-10-01 18:44:59,997 - INFO - Prompt processing progress: 6144/45093
2026-10-01 18:45:00,259 - INFO - Prompt processing progress: 8192/45093
2026-10-01 18:45:00,530 - INFO - Prompt processing progress: 10240/45093
2026-10-01 18:45:00,812 - INFO - Prompt processing progress: 12288/45093
2026-10-01 18:45:01,102 - INFO - Prompt processing progress: 14336/45093
2026-10-01 18:45:01,399 - INFO - Prompt processing progress: 16384/45093
2026-10-01 18:45:01,705 - INFO - Prompt processing progress: 18432/45093
2026-10-01 18:45:02,019 - INFO - Prompt processing progress: 20480/45093
2026-10-01 18:45:02,344 - INFO - Prompt processing progress: 22528/45093
2026-10-01 18:45:02,677 - INFO - Prompt processing progress: 24576/45093
2026-10-01 18:45:03,026 - INFO - Prompt processing progress: 26624/45093
2026-10-01 18:45:03,382 - INFO - Prompt processing progress: 28672/45093
2026-10-01 18:45:03,748 - INFO - Prompt processing progress: 30720/45093
2026-10-01 18:45:04,120 - INFO - Prompt processing progress: 32768/45093
2026-10-01 18:45:04,499 - INFO - Prompt processing progress: 34816/45093
2026-10-01 18:45:04,891 - INFO - Prompt processing progress: 36864/45093
2026-10-01 18:45:05,289 - INFO - Prompt processing progress: 38912/45093
2026-10-01 18:45:05,696 - INFO - Prompt processing progress: 40960/45093
2026-10-01 18:45:06,112 - INFO - Prompt processing progress: 43008/45093
2026-10-01 18:45:06,539 - INFO - Prompt processing progress: 45056/45093
2026-10-01 18:45:06,605 - INFO - Prompt processing progress: 45092/45093
2026-10-01 18:45:06,670 - INFO - Prompt processing progress: 45093/45093
2026-10-01 18:45:08,188 - INFO - Prompt Cache: 1 sequences, 0.19 GB
2026-10-01 18:45:08,188 - INFO - - assistant: 0 sequences, 0.00 GB
2026-10-01 18:45:08,188 - INFO - - user: 0 sequences, 0.00 GB
2026-10-01 18:45:08,188 - INFO - - system: 1 sequences, 0.19 GB
127.0.0.1 - - [01/Oct/2026 18:45:08] "POST /v1/chat/completions HTTP/1.1" 200 -
2026-10-01 18:45:08,541 - INFO - Prompt processing progress: 2048/49782
2026-10-01 18:45:08,787 - INFO - Prompt processing progress: 4096/49782
2026-10-01 18:45:09,045 - INFO - Prompt processing progress: 6144/49782
2026-10-01 18:45:09,308 - INFO - Prompt processing progress: 8192/49782
2026-10-01 18:45:09,581 - INFO - Prompt processing progress: 10240/49782
2026-10-01 18:45:09,862 - INFO - Prompt processing progress: 12288/49782
2026-10-01 18:45:10,151 - INFO - Prompt processing progress: 14336/49782
2026-10-01 18:45:10,448 - INFO - Prompt processing progress: 16384/49782
2026-10-01 18:45:10,754 - INFO - Prompt processing progress: 18432/49782
2026-10-01 18:45:11,069 - INFO - Prompt processing progress: 20480/49782
2026-10-01 18:45:11,393 - INFO - Prompt processing progress: 22528/49782
2026-10-01 18:45:11,729 - INFO - Prompt processing progress: 24576/49782
2026-10-01 18:45:12,071 - INFO - Prompt processing progress: 26624/49782
2026-10-01 18:45:12,424 - INFO - Prompt processing progress: 28672/49782
2026-10-01 18:45:12,785 - INFO - Prompt processing progress: 30720/49782
2026-10-01 18:45:13,156 - INFO - Prompt processing progress: 32768/49782
2026-10-01 18:45:13,536 - INFO - Prompt processing progress: 34816/49782
2026-10-01 18:45:13,926 - INFO - Prompt processing progress: 36864/49782
2026-10-01 18:45:14,324 - INFO - Prompt processing progress: 38912/49782
2026-10-01 18:45:14,731 - INFO - Prompt processing progress: 40960/49782
2026-10-01 18:45:15,149 - INFO - Prompt processing progress: 43008/49782
2026-10-01 18:45:15,574 - INFO - Prompt processing progress: 45056/49782
2026-10-01 18:45:16,008 - INFO - Prompt processing progress: 47104/49782
2026-10-01 18:45:16,450 - INFO - Prompt processing progress: 49152/49782
2026-10-01 18:45:16,680 - INFO - Prompt processing progress: 49781/49782
2026-10-01 18:45:16,751 - INFO - Prompt processing progress: 49782/49782
2026-10-01 18:45:17,614 - WARNING - Failed to parse tool call (ValueError: No function provided.) — tool text was likely truncated mid-generation.
2026-10-01 18:45:17,643 - INFO - Prompt Cache: 1 sequences, 0.19 GB
2026-10-01 18:45:17,643 - INFO - - assistant: 0 sequences, 0.00 GB
2026-10-01 18:45:17,644 - INFO - - user: 0 sequences, 0.00 GB
2026-10-01 18:45:17,644 - INFO - - system: 1 sequences, 0.19 GB
127.0.0.1 - - [01/Oct/2026 18:45:17] "POST /v1/chat/completions HTTP/1.1" 200 -
2026-10-01 18:45:17,985 - INFO - Prompt processing progress: 2048/49914
2026-10-01 18:45:18,232 - INFO - Prompt processing progress: 4096/49914
2026-10-01 18:45:18,489 - INFO - Prompt processing progress: 6144/49914
2026-10-01 18:45:18,752 - INFO - Prompt processing progress: 8192/49914
2026-10-01 18:45:19,023 - INFO - Prompt processing progress: 10240/49914
2026-10-01 18:45:19,303 - INFO - Prompt processing progress: 12288/49914
2026-10-01 18:45:19,592 - INFO - Prompt processing progress: 14336/49914
2026-10-01 18:45:19,889 - INFO - Prompt processing progress: 16384/49914
2026-10-01 18:45:20,195 - INFO - Prompt processing progress: 18432/49914
2026-10-01 18:45:20,509 - INFO - Prompt processing progress: 20480/49914
2026-10-01 18:45:20,833 - INFO - Prompt processing progress: 22528/49914
2026-10-01 18:45:21,168 - INFO - Prompt processing progress: 24576/49914
2026-10-01 18:45:21,510 - INFO - Prompt processing progress: 26624/49914
2026-10-01 18:45:21,861 - INFO - Prompt processing progress: 28672/49914
2026-10-01 18:45:22,223 - INFO - Prompt processing progress: 30720/49914
2026-10-01 18:45:22,594 - INFO - Prompt processing progress: 32768/49914
2026-10-01 18:45:22,975 - INFO - Prompt processing progress: 34816/49914
2026-10-01 18:45:23,365 - INFO - Prompt processing progress: 36864/49914
2026-10-01 18:45:23,763 - INFO - Prompt processing progress: 38912/49914
2026-10-01 18:45:24,171 - INFO - Prompt processing progress: 40960/49914
2026-10-01 18:45:24,589 - INFO - Prompt processing progress: 43008/49914
2026-10-01 18:45:25,017 - INFO - Prompt processing progress: 45056/49914
2026-10-01 18:45:25,452 - INFO - Prompt processing progress: 47104/49914
2026-10-01 18:45:25,894 - INFO - Prompt processing progress: 49152/49914
2026-10-01 18:45:26,173 - INFO - Prompt processing progress: 49913/49914
2026-10-01 18:45:26,242 - INFO - Prompt processing progress: 49914/49914
2026-10-01 18:45:28,142 - INFO - Prompt Cache: 1 sequences, 0.19 GB
2026-10-01 18:45:28,142 - INFO - - assistant: 0 sequences, 0.00 GB
2026-10-01 18:45:28,142 - INFO - - user: 0 sequences, 0.00 GB
2026-10-01 18:45:28,142 - INFO - - system: 1 sequences, 0.19 GB
127.0.0.1 - - [01/Oct/2026 18:45:28] "POST /v1/chat/completions HTTP/1.1" 200 -
2026-10-01 18:45:28,464 - INFO - Prompt processing progress: 2048/6963
2026-10-01 18:45:28,686 - INFO - Prompt processing progress: 4096/6963
2026-10-01 18:45:28,912 - INFO - Prompt processing progress: 6144/6963
2026-10-01 18:45:29,008 - INFO - Prompt processing progress: 6680/6963
2026-10-01 18:45:29,083 - INFO - Prompt processing progress: 6961/6963
2026-10-01 18:45:29,100 - INFO - Prompt processing progress: 6962/6963
2026-10-01 18:45:29,116 - INFO - Prompt processing progress: 6963/6963
2026-10-01 18:45:29,690 - WARNING - Failed to parse tool call (ValueError: No function provided.) — tool text was likely truncated mid-generation.
2026-10-01 18:45:29,697 - INFO - Prompt Cache: 1 sequences, 0.20 GB
2026-10-01 18:45:29,697 - INFO - - assistant: 0 sequences, 0.00 GB
2026-10-01 18:45:29,698 - INFO - - user: 0 sequences, 0.00 GB
2026-10-01 18:45:29,698 - INFO - - system: 1 sequences, 0.20 GB
127.0.0.1 - - [01/Oct/2026 18:45:29] "POST /v1/chat/completions HTTP/1.1" 200 -
2026-10-01 18:45:29,921 - INFO - Prompt processing progress: 747/748
2026-10-01 18:45:29,942 - INFO - Prompt processing progress: 748/748
2026-10-01 18:45:37,021 - INFO - Prompt Cache: 1 sequences, 0.20 GB
2026-10-01 18:45:37,021 - INFO - - assistant: 0 sequences, 0.00 GB
2026-10-01 18:45:37,021 - INFO - - user: 0 sequences, 0.00 GB
2026-10-01 18:45:37,021 - INFO - - system: 1 sequences, 0.20 GB
127.0.0.1 - - [01/Oct/2026 18:45:37] "POST /v1/chat/completions HTTP/1.1" 200 -
2026-10-01 18:45:37,296 - INFO - Prompt processing progress: 1345/1346
2026-10-01 18:45:37,318 - INFO - Prompt processing progress: 1346/1346
2026-10-01 18:45:37,801 - INFO - Prompt Cache: 1 sequences, 0.20 GB
2026-10-01 18:45:37,801 - INFO - - assistant: 0 sequences, 0.00 GB
2026-10-01 18:45:37,801 - INFO - - user: 0 sequences, 0.00 GB
2026-10-01 18:45:37,801 - INFO - - system: 1 sequences, 0.20 GB
127.0.0.1 - - [01/Oct/2026 18:45:37] "POST /v1/chat/completions HTTP/1.1" 200 -
2026-10-01 18:45:38,120 - INFO - Prompt processing progress: 1820/1821
2026-10-01 18:45:38,142 - INFO - Prompt processing progress: 1821/1821
2026-10-01 18:45:38,932 - INFO - Prompt Cache: 1 sequences, 0.20 GB
2026-10-01 18:45:38,932 - INFO - - assistant: 0 sequences, 0.00 GB
2026-10-01 18:45:38,932 - INFO - - user: 0 sequences, 0.00 GB
2026-10-01 18:45:38,932 - INFO - - system: 1 sequences, 0.20 GB
127.0.0.1 - - [01/Oct/2026 18:45:38] "POST /v1/chat/completions HTTP/1.1" 200 -
2026-10-01 18:45:39,274 - INFO - Prompt processing progress: 1923/1924
2026-10-01 18:45:39,296 - INFO - Prompt processing progress: 1924/1924
2026-10-01 18:45:41,649 - INFO - Prompt Cache: 1 sequences, 0.20 GB
2026-10-01 18:45:41,649 - INFO - - assistant: 0 sequences, 0.00 GB
2026-10-01 18:45:41,649 - INFO - - user: 0 sequences, 0.00 GB
2026-10-01 18:45:41,649 - INFO - - system: 1 sequences, 0.20 GB
127.0.0.1 - - [01/Oct/2026 18:45:41] "POST /v1/chat/completions HTTP/1.1" 200 -
2026-10-01 18:45:41,959 - INFO - Prompt processing progress: 2048/6462
2026-10-01 18:45:42,177 - INFO - Prompt processing progress: 4096/6462
2026-10-01 18:45:42,404 - INFO - Prompt processing progress: 6144/6462
2026-10-01 18:45:42,429 - INFO - Prompt processing progress: 6162/6462
2026-10-01 18:45:42,499 - INFO - Prompt processing progress: 6460/6462
2026-10-01 18:45:42,515 - INFO - Prompt processing progress: 6461/6462
2026-10-01 18:45:42,531 - INFO - Prompt processing progress: 6462/6462
2026-10-01 18:45:43,174 - WARNING - Failed to parse tool call (ValueError: No function provided.) — tool text was likely truncated mid-generation.
2026-10-01 18:45:43,184 - INFO - Prompt Cache: 1 sequences, 0.19 GB
2026-10-01 18:45:43,184 - INFO - - assistant: 0 sequences, 0.00 GB
2026-10-01 18:45:43,184 - INFO - - user: 0 sequences, 0.00 GB
2026-10-01 18:45:43,184 - INFO - - system: 1 sequences, 0.19 GB
127.0.0.1 - - [01/Oct/2026 18:45:43] "POST /v1/chat/completions HTTP/1.1" 200 -
2026-10-01 18:45:43,518 - INFO - Prompt processing progress: 2048/3409
2026-10-01 18:45:43,707 - INFO - Prompt processing progress: 3408/3409
2026-10-01 18:45:43,734 - INFO - Prompt processing progress: 3409/3409
2026-10-01 18:45:44,455 - INFO - Prompt Cache: 1 sequences, 0.19 GB
2026-10-01 18:45:44,455 - INFO - - assistant: 0 sequences, 0.00 GB
2026-10-01 18:45:44,455 - INFO - - user: 0 sequences, 0.00 GB
2026-10-01 18:45:44,455 - INFO - - system: 1 sequences, 0.19 GB
127.0.0.1 - - [01/Oct/2026 18:45:44] "POST /v1/chat/completions HTTP/1.1" 200 -
2026-10-01 18:45:44,791 - INFO - Prompt processing progress: 2048/6557
2026-10-01 18:45:45,039 - INFO - Prompt processing progress: 4096/6557
2026-10-01 18:45:45,294 - INFO - Prompt processing progress: 6144/6557
2026-10-01 18:45:45,389 - INFO - Prompt processing progress: 6556/6557
2026-10-01 18:45:45,433 - INFO - Prompt processing progress: 6557/6557
2026-10-01 18:45:45,986 - WARNING - Failed to parse tool call (ValueError: No function provided.) — tool text was likely truncated mid-generation.
2026-10-01 18:45:45,998 - INFO - Prompt Cache: 1 sequences, 0.19 GB
2026-10-01 18:45:45,998 - INFO - - assistant: 0 sequences, 0.00 GB
2026-10-01 18:45:45,999 - INFO - - user: 0 sequences, 0.00 GB
2026-10-01 18:45:45,999 - INFO - - system: 1 sequences, 0.19 GB
127.0.0.1 - - [01/Oct/2026 18:45:45] "POST /v1/chat/completions HTTP/1.1" 200 -
2026-10-01 18:45:46,330 - INFO - Prompt processing progress: 2048/9666
2026-10-01 18:45:46,575 - INFO - Prompt processing progress: 4096/9666
2026-10-01 18:45:46,827 - INFO - Prompt processing progress: 6144/9666
2026-10-01 18:45:47,089 - INFO - Prompt processing progress: 8192/9666
2026-10-01 18:45:47,304 - INFO - Prompt processing progress: 9665/9666
2026-10-01 18:45:47,335 - INFO - Prompt processing progress: 9666/9666
2026-10-01 18:45:48,265 - INFO - Prompt Cache: 1 sequences, 0.19 GB
2026-10-01 18:45:48,266 - INFO - - assistant: 0 sequences, 0.00 GB
2026-10-01 18:45:48,266 - INFO - - user: 0 sequences, 0.00 GB
2026-10-01 18:45:48,266 - INFO - - system: 1 sequences, 0.19 GB
127.0.0.1 - - [01/Oct/2026 18:45:48] "POST /v1/chat/completions HTTP/1.1" 200 -
2026-10-01 18:45:48,600 - INFO - Prompt processing progress: 2048/12759
2026-10-01 18:45:48,846 - INFO - Prompt processing progress: 4096/12759
2026-10-01 18:45:49,100 - INFO - Prompt processing progress: 6144/12759
2026-10-01 18:45:49,362 - INFO - Prompt processing progress: 8192/12759
2026-10-01 18:45:49,634 - INFO - Prompt processing progress: 10240/12759
2026-10-01 18:45:49,916 - INFO - Prompt processing progress: 12288/12759
2026-10-01 18:45:50,035 - INFO - Prompt processing progress: 12758/12759
2026-10-01 18:45:50,068 - INFO - Prompt processing progress: 12759/12759
2026-10-01 18:45:50,897 - INFO - Prompt Cache: 1 sequences, 0.19 GB
2026-10-01 18:45:50,897 - INFO - - assistant: 0 sequences, 0.00 GB
2026-10-01 18:45:50,897 - INFO - - user: 0 sequences, 0.00 GB
2026-10-01 18:45:50,897 - INFO - - system: 1 sequences, 0.19 GB
127.0.0.1 - - [01/Oct/2026 18:45:50] "POST /v1/chat/completions HTTP/1.1" 200 -
2026-10-01 18:45:51,232 - INFO - Prompt processing progress: 2048/19109
2026-10-01 18:45:51,479 - INFO - Prompt processing progress: 4096/19109
2026-10-01 18:45:51,733 - INFO - Prompt processing progress: 6144/19109
2026-10-01 18:45:51,995 - INFO - Prompt processing progress: 8192/19109
2026-10-01 18:45:52,269 - INFO - Prompt processing progress: 10240/19109
2026-10-01 18:45:52,549 - INFO - Prompt processing progress: 12288/19109
2026-10-01 18:45:52,837 - INFO - Prompt processing progress: 14336/19109
2026-10-01 18:45:53,134 - INFO - Prompt processing progress: 16384/19109
2026-10-01 18:45:53,439 - INFO - Prompt processing progress: 18432/19109
2026-10-01 18:45:53,607 - INFO - Prompt processing progress: 19108/19109
2026-10-01 18:45:53,644 - INFO - Prompt processing progress: 19109/19109
2026-10-01 18:46:35,805 - WARNING - Failed to parse tool call (ValueError: No function provided.) — tool text was likely truncated mid-generation.
2026-10-01 18:46:35,827 - INFO - Prompt Cache: 1 sequences, 0.19 GB
2026-10-01 18:46:35,827 - INFO - - assistant: 0 sequences, 0.00 GB
2026-10-01 18:46:35,827 - INFO - - user: 0 sequences, 0.00 GB
2026-10-01 18:46:35,827 - INFO - - system: 1 sequences, 0.19 GB
127.0.0.1 - - [01/Oct/2026 18:46:35] "POST /v1/chat/completions HTTP/1.1" 200 -
2026-10-01 18:46:36,170 - INFO - Prompt processing progress: 2048/22043
2026-10-01 18:46:36,416 - INFO - Prompt processing progress: 4096/22043
2026-10-01 18:46:36,668 - INFO - Prompt processing progress: 6144/22043
2026-10-01 18:46:36,932 - INFO - Prompt processing progress: 8192/22043
2026-10-01 18:46:37,204 - INFO - Prompt processing progress: 10240/22043
2026-10-01 18:46:37,484 - INFO - Prompt processing progress: 12288/22043
2026-10-01 18:46:37,772 - INFO - Prompt processing progress: 14336/22043
2026-10-01 18:46:38,068 - INFO - Prompt processing progress: 16384/22043
2026-10-01 18:46:38,374 - INFO - Prompt processing progress: 18432/22043
2026-10-01 18:46:38,691 - INFO - Prompt processing progress: 20480/22043
2026-10-01 18:46:38,957 - INFO - Prompt processing progress: 22042/22043
2026-10-01 18:46:39,006 - INFO - Prompt processing progress: 22043/22043
2026-10-01 18:46:39,807 - WARNING - Failed to parse tool call (ValueError: No function provided.) — tool text was likely truncated mid-generation.
2026-10-01 18:46:39,826 - INFO - Prompt Cache: 1 sequences, 0.19 GB
2026-10-01 18:46:39,826 - INFO - - assistant: 0 sequences, 0.00 GB
2026-10-01 18:46:39,826 - INFO - - user: 0 sequences, 0.00 GB
2026-10-01 18:46:39,826 - INFO - - system: 1 sequences, 0.19 GB
127.0.0.1 - - [01/Oct/2026 18:46:39] "POST /v1/chat/completions HTTP/1.1" 200 -
2026-10-01 18:46:40,162 - INFO - Prompt processing progress: 2048/22452
2026-10-01 18:46:40,408 - INFO - Prompt processing progress: 4096/22452
2026-10-01 18:46:40,660 - INFO - Prompt processing progress: 6144/22452
2026-10-01 18:46:40,922 - INFO - Prompt processing progress: 8192/22452
2026-10-01 18:46:41,195 - INFO - Prompt processing progress: 10240/22452
2026-10-01 18:46:41,475 - INFO - Prompt processing progress: 12288/22452
2026-10-01 18:46:41,763 - INFO - Prompt processing progress: 14336/22452
2026-10-01 18:46:42,059 - INFO - Prompt processing progress: 16384/22452
2026-10-01 18:46:42,365 - INFO - Prompt processing progress: 18432/22452
2026-10-01 18:46:42,680 - INFO - Prompt processing progress: 20480/22452
2026-10-01 18:46:43,013 - INFO - Prompt processing progress: 22451/22452
2026-10-01 18:46:43,051 - INFO - Prompt processing progress: 22452/22452
2026-10-01 18:46:44,499 - INFO - Prompt Cache: 1 sequences, 0.19 GB
2026-10-01 18:46:44,499 - INFO - - assistant: 0 sequences, 0.00 GB
2026-10-01 18:46:44,499 - INFO - - user: 0 sequences, 0.00 GB
2026-10-01 18:46:44,499 - INFO - - system: 1 sequences, 0.19 GB
127.0.0.1 - - [01/Oct/2026 18:46:44] "POST /v1/chat/completions HTTP/1.1" 200 -
2026-10-01 18:46:44,841 - INFO - Prompt processing progress: 2048/22574
2026-10-01 18:46:45,087 - INFO - Prompt processing progress: 4096/22574
2026-10-01 18:46:45,339 - INFO - Prompt processing progress: 6144/22574
2026-10-01 18:46:45,605 - INFO - Prompt processing progress: 8192/22574
2026-10-01 18:46:45,878 - INFO - Prompt processing progress: 10240/22574
2026-10-01 18:46:46,158 - INFO - Prompt processing progress: 12288/22574
2026-10-01 18:46:46,446 - INFO - Prompt processing progress: 14336/22574
2026-10-01 18:46:46,742 - INFO - Prompt processing progress: 16384/22574
2026-10-01 18:46:47,048 - INFO - Prompt processing progress: 18432/22574
2026-10-01 18:46:47,363 - INFO - Prompt processing progress: 20480/22574
2026-10-01 18:46:47,689 - INFO - Prompt processing progress: 22528/22574
2026-10-01 18:46:47,737 - INFO - Prompt processing progress: 22573/22574
2026-10-01 18:46:47,788 - INFO - Prompt processing progress: 22574/22574
2026-10-01 18:46:49,077 - INFO - Prompt Cache: 1 sequences, 0.19 GB
2026-10-01 18:46:49,077 - INFO - - assistant: 0 sequences, 0.00 GB
2026-10-01 18:46:49,077 - INFO - - user: 0 sequences, 0.00 GB
2026-10-01 18:46:49,077 - INFO - - system: 1 sequences, 0.19 GB
127.0.0.1 - - [01/Oct/2026 18:46:49] "POST /v1/chat/completions HTTP/1.1" 200 -
2026-10-01 18:46:49,388 - INFO - Prompt processing progress: 2048/6420
2026-10-01 18:46:49,606 - INFO - Prompt processing progress: 4096/6420
2026-10-01 18:46:49,831 - INFO - Prompt processing progress: 6144/6420
2026-10-01 18:46:49,882 - INFO - Prompt processing progress: 6223/6420
2026-10-01 18:46:49,942 - INFO - Prompt processing progress: 6418/6420
2026-10-01 18:46:49,958 - INFO - Prompt processing progress: 6419/6420
2026-10-01 18:46:49,974 - INFO - Prompt processing progress: 6420/6420
2026-10-01 18:46:50,760 - WARNING - Failed to parse tool call (ValueError: No function provided.) — tool text was likely truncated mid-generation.
2026-10-01 18:46:50,767 - INFO - Prompt Cache: 1 sequences, 0.19 GB
2026-10-01 18:46:50,767 - INFO - - assistant: 0 sequences, 0.00 GB
2026-10-01 18:46:50,768 - INFO - - user: 0 sequences, 0.00 GB
2026-10-01 18:46:50,768 - INFO - - system: 1 sequences, 0.19 GB
127.0.0.1 - - [01/Oct/2026 18:46:50] "POST /v1/chat/completions HTTP/1.1" 200 -
2026-10-01 18:46:50,933 - INFO - Prompt processing progress: 287/288
2026-10-01 18:46:50,950 - INFO - Prompt processing progress: 288/288
2026-10-01 18:46:51,783 - INFO - Prompt Cache: 1 sequences, 0.19 GB
2026-10-01 18:46:51,784 - INFO - - assistant: 0 sequences, 0.00 GB
2026-10-01 18:46:51,784 - INFO - - user: 0 sequences, 0.00 GB
2026-10-01 18:46:51,784 - INFO - - system: 1 sequences, 0.19 GB
127.0.0.1 - - [01/Oct/2026 18:46:51] "POST /v1/chat/completions HTTP/1.1" 200 -
2026-10-01 18:46:51,981 - INFO - Prompt processing progress: 631/632
2026-10-01 18:46:51,999 - INFO - Prompt processing progress: 632/632
2026-10-01 18:46:56,530 - INFO - Prompt Cache: 1 sequences, 0.19 GB
2026-10-01 18:46:56,530 - INFO - - assistant: 0 sequences, 0.00 GB
2026-10-01 18:46:56,530 - INFO - - user: 0 sequences, 0.00 GB
2026-10-01 18:46:56,530 - INFO - - system: 1 sequences, 0.19 GB
127.0.0.1 - - [01/Oct/2026 18:46:56] "POST /v1/chat/completions HTTP/1.1" 200 -
2026-10-01 18:46:56,778 - INFO - Prompt processing progress: 1001/1002
2026-10-01 18:46:56,799 - INFO - Prompt processing progress: 1002/1002
2026-10-01 18:46:57,383 - INFO - Prompt Cache: 1 sequences, 0.19 GB
2026-10-01 18:46:57,383 - INFO - - assistant: 0 sequences, 0.00 GB
2026-10-01 18:46:57,383 - INFO - - user: 0 sequences, 0.00 GB
2026-10-01 18:46:57,383 - INFO - - system: 1 sequences, 0.19 GB
127.0.0.1 - - [01/Oct/2026 18:46:57] "POST /v1/chat/completions HTTP/1.1" 200 -
2026-10-01 18:46:57,650 - INFO - Prompt processing progress: 1320/1321
2026-10-01 18:46:57,672 - INFO - Prompt processing progress: 1321/1321
2026-10-01 18:46:59,782 - WARNING - Failed to parse tool call (ValueError: No function provided.) — tool text was likely truncated mid-generation.
2026-10-01 18:46:59,787 - INFO - Prompt Cache: 1 sequences, 0.19 GB
2026-10-01 18:46:59,787 - INFO - - assistant: 0 sequences, 0.00 GB
2026-10-01 18:46:59,787 - INFO - - user: 0 sequences, 0.00 GB
2026-10-01 18:46:59,787 - INFO - - system: 1 sequences, 0.19 GB
127.0.0.1 - - [01/Oct/2026 18:46:59] "POST /v1/chat/completions HTTP/1.1" 200 -
2026-10-01 18:46:59,988 - INFO - Prompt processing progress: 478/1680
2026-10-01 18:47:00,135 - INFO - Prompt processing progress: 1678/1680
2026-10-01 18:47:00,152 - INFO - Prompt processing progress: 1679/1680
2026-10-01 18:47:00,167 - INFO - Prompt processing progress: 1680/1680
2026-10-01 18:47:01,545 - INFO - Prompt Cache: 1 sequences, 0.07 GB
2026-10-01 18:47:01,545 - INFO - - assistant: 0 sequences, 0.00 GB
2026-10-01 18:47:01,545 - INFO - - user: 0 sequences, 0.00 GB
2026-10-01 18:47:01,545 - INFO - - system: 1 sequences, 0.07 GB
127.0.0.1 - - [01/Oct/2026 18:47:01] "POST /v1/chat/completions HTTP/1.1" 200 -
2026-10-01 18:47:01,794 - INFO - Prompt processing progress: 1398/1400
2026-10-01 18:47:01,811 - INFO - Prompt processing progress: 1399/1400
2026-10-01 18:47:01,826 - INFO - Prompt processing progress: 1400/1400
2026-10-01 18:47:02,555 - WARNING - Failed to parse tool call (ValueError: No function provided.) — tool text was likely truncated mid-generation.
2026-10-01 18:47:02,558 - INFO - Prompt Cache: 1 sequences, 0.07 GB
2026-10-01 18:47:02,558 - INFO - - assistant: 0 sequences, 0.00 GB
2026-10-01 18:47:02,559 - INFO - - user: 0 sequences, 0.00 GB
2026-10-01 18:47:02,559 - INFO - - system: 1 sequences, 0.07 GB
127.0.0.1 - - [01/Oct/2026 18:47:02] "POST /v1/chat/completions HTTP/1.1" 200 -
2026-10-01 18:47:02,825 - INFO - Prompt processing progress: 1515/1517
2026-10-01 18:47:02,844 - INFO - Prompt processing progress: 1516/1517
2026-10-01 18:47:02,859 - INFO - Prompt processing progress: 1517/1517
2026-10-01 18:47:03,480 - WARNING - Failed to parse tool call (ValueError: No function provided.) — tool text was likely truncated mid-generation.
2026-10-01 18:47:03,484 - INFO - Prompt Cache: 1 sequences, 0.07 GB
2026-10-01 18:47:03,484 - INFO - - assistant: 0 sequences, 0.00 GB
2026-10-01 18:47:03,484 - INFO - - user: 0 sequences, 0.00 GB
2026-10-01 18:47:03,484 - INFO - - system: 1 sequences, 0.07 GB
127.0.0.1 - - [01/Oct/2026 18:47:03] "POST /v1/chat/completions HTTP/1.1" 200 -
2026-10-01 18:47:03,759 - INFO - Prompt processing progress: 1612/1614
2026-10-01 18:47:03,777 - INFO - Prompt processing progress: 1613/1614
2026-10-01 18:47:03,792 - INFO - Prompt processing progress: 1614/1614
2026-10-01 18:47:04,199 - WARNING - Failed to parse tool call (ValueError: No function provided.) — tool text was likely truncated mid-generation.
2026-10-01 18:47:04,203 - INFO - Prompt Cache: 1 sequences, 0.07 GB
2026-10-01 18:47:04,203 - INFO - - assistant: 0 sequences, 0.00 GB
2026-10-01 18:47:04,203 - INFO - - user: 0 sequences, 0.00 GB
2026-10-01 18:47:04,203 - INFO - - system: 1 sequences, 0.07 GB
127.0.0.1 - - [01/Oct/2026 18:47:04] "POST /v1/chat/completions HTTP/1.1" 200 -
2026-10-01 18:47:04,505 - INFO - Prompt processing progress: 2048/2694
2026-10-01 18:47:04,609 - INFO - Prompt processing progress: 2692/2694
2026-10-01 18:47:04,628 - INFO - Prompt processing progress: 2693/2694
2026-10-01 18:47:04,643 - INFO - Prompt processing progress: 2694/2694
2026-10-01 18:47:05,225 - WARNING - Failed to parse tool call (ValueError: No function provided.) — tool text was likely truncated mid-generation.
2026-10-01 18:47:05,230 - INFO - Prompt Cache: 1 sequences, 0.07 GB
2026-10-01 18:47:05,230 - INFO - - assistant: 0 sequences, 0.00 GB
2026-10-01 18:47:05,230 - INFO - - user: 0 sequences, 0.00 GB
2026-10-01 18:47:05,230 - INFO - - system: 1 sequences, 0.07 GB
127.0.0.1 - - [01/Oct/2026 18:47:05] "POST /v1/chat/completions HTTP/1.1" 200 -
2026-10-01 18:47:05,536 - INFO - Prompt processing progress: 2048/2786
2026-10-01 18:47:05,648 - INFO - Prompt processing progress: 2784/2786
2026-10-01 18:47:05,669 - INFO - Prompt processing progress: 2785/2786
2026-10-01 18:47:05,684 - INFO - Prompt processing progress: 2786/2786
2026-10-01 18:47:06,094 - WARNING - Failed to parse tool call (ValueError: No function provided.) — tool text was likely truncated mid-generation.
2026-10-01 18:47:06,099 - INFO - Prompt Cache: 1 sequences, 0.07 GB
2026-10-01 18:47:06,099 - INFO - - assistant: 0 sequences, 0.00 GB
2026-10-01 18:47:06,099 - INFO - - user: 0 sequences, 0.00 GB
2026-10-01 18:47:06,099 - INFO - - system: 1 sequences, 0.07 GB
127.0.0.1 - - [01/Oct/2026 18:47:06] "POST /v1/chat/completions HTTP/1.1" 200 -
2026-10-01 18:47:06,406 - INFO - Prompt processing progress: 2048/2893
2026-10-01 18:47:06,530 - INFO - Prompt processing progress: 2891/2893
2026-10-01 18:47:06,548 - INFO - Prompt processing progress: 2892/2893
2026-10-01 18:47:06,565 - INFO - Prompt processing progress: 2893/2893
2026-10-01 18:47:06,871 - INFO - Prompt Cache: 1 sequences, 0.07 GB
2026-10-01 18:47:06,871 - INFO - - assistant: 0 sequences, 0.00 GB
2026-10-01 18:47:06,871 - INFO - - user: 0 sequences, 0.00 GB
2026-10-01 18:47:06,871 - INFO - - system: 1 sequences, 0.07 GB
127.0.0.1 - - [01/Oct/2026 18:47:06] "POST /v1/chat/completions HTTP/1.1" 200 -
2026-10-01 18:47:07,177 - INFO - Prompt processing progress: 2048/5473
2026-10-01 18:47:07,400 - INFO - Prompt processing progress: 4096/5473
2026-10-01 18:47:07,577 - INFO - Prompt processing progress: 5471/5473
2026-10-01 18:47:07,599 - INFO - Prompt processing progress: 5472/5473
2026-10-01 18:47:07,617 - INFO - Prompt processing progress: 5473/5473
2026-10-01 18:47:09,057 - INFO - Prompt Cache: 1 sequences, 0.07 GB
2026-10-01 18:47:09,057 - INFO - - assistant: 0 sequences, 0.00 GB
2026-10-01 18:47:09,057 - INFO - - user: 0 sequences, 0.00 GB
2026-10-01 18:47:09,057 - INFO - - system: 1 sequences, 0.07 GB
127.0.0.1 - - [01/Oct/2026 18:47:09] "POST /v1/chat/completions HTTP/1.1" 200 -
2026-10-01 18:47:09,366 - INFO - Prompt processing progress: 2048/5695
2026-10-01 18:47:09,588 - INFO - Prompt processing progress: 4096/5695
2026-10-01 18:47:09,779 - INFO - Prompt processing progress: 5693/5695
2026-10-01 18:47:09,798 - INFO - Prompt processing progress: 5694/5695
2026-10-01 18:47:09,819 - INFO - Prompt processing progress: 5695/5695
2026-10-01 18:47:10,241 - WARNING - Failed to parse tool call (ValueError: No function provided.) — tool text was likely truncated mid-generation.
2026-10-01 18:47:10,248 - INFO - Prompt Cache: 1 sequences, 0.07 GB
2026-10-01 18:47:10,248 - INFO - - assistant: 0 sequences, 0.00 GB
2026-10-01 18:47:10,248 - INFO - - user: 0 sequences, 0.00 GB
2026-10-01 18:47:10,248 - INFO - - system: 1 sequences, 0.07 GB
127.0.0.1 - - [01/Oct/2026 18:47:10] "POST /v1/chat/completions HTTP/1.1" 200 -
2026-10-01 18:47:10,555 - INFO - Prompt processing progress: 2048/6465
2026-10-01 18:47:10,777 - INFO - Prompt processing progress: 4096/6465
2026-10-01 18:47:11,008 - INFO - Prompt processing progress: 6144/6465
2026-10-01 18:47:11,084 - INFO - Prompt processing progress: 6463/6465
2026-10-01 18:47:11,105 - INFO - Prompt processing progress: 6464/6465
2026-10-01 18:47:11,124 - INFO - Prompt processing progress: 6465/6465
2026-10-01 18:47:12,864 - INFO - Prompt Cache: 1 sequences, 0.07 GB
2026-10-01 18:47:12,864 - INFO - - assistant: 0 sequences, 0.00 GB
2026-10-01 18:47:12,864 - INFO - - user: 0 sequences, 0.00 GB
2026-10-01 18:47:12,864 - INFO - - system: 1 sequences, 0.07 GB
127.0.0.1 - - [01/Oct/2026 18:47:12] "POST /v1/chat/completions HTTP/1.1" 200 -
2026-10-01 18:47:13,174 - INFO - Prompt processing progress: 2048/6912
2026-10-01 18:47:13,396 - INFO - Prompt processing progress: 4096/6912
2026-10-01 18:47:13,625 - INFO - Prompt processing progress: 6144/6912
2026-10-01 18:47:13,750 - INFO - Prompt processing progress: 6910/6912
2026-10-01 18:47:13,773 - INFO - Prompt processing progress: 6911/6912
2026-10-01 18:47:13,790 - INFO - Prompt processing progress: 6912/6912
2026-10-01 18:47:14,858 - INFO - Prompt Cache: 1 sequences, 0.07 GB
2026-10-01 18:47:14,858 - INFO - - assistant: 0 sequences, 0.00 GB
2026-10-01 18:47:14,858 - INFO - - user: 0 sequences, 0.00 GB
2026-10-01 18:47:14,858 - INFO - - system: 1 sequences, 0.07 GB
127.0.0.1 - - [01/Oct/2026 18:47:14] "POST /v1/chat/completions HTTP/1.1" 200 -
2026-10-01 18:47:15,162 - INFO - Prompt processing progress: 2048/7265
2026-10-01 18:47:15,384 - INFO - Prompt processing progress: 4096/7265
2026-10-01 18:47:15,615 - INFO - Prompt processing progress: 6144/7265
2026-10-01 18:47:15,768 - INFO - Prompt processing progress: 7263/7265
2026-10-01 18:47:15,790 - INFO - Prompt processing progress: 7264/7265
2026-10-01 18:47:15,808 - INFO - Prompt processing progress: 7265/7265
2026-10-01 18:47:16,397 - INFO - Prompt Cache: 1 sequences, 0.07 GB
2026-10-01 18:47:16,397 - INFO - - assistant: 0 sequences, 0.00 GB
2026-10-01 18:47:16,397 - INFO - - user: 0 sequences, 0.00 GB
2026-10-01 18:47:16,397 - INFO - - system: 1 sequences, 0.07 GB
127.0.0.1 - - [01/Oct/2026 18:47:16] "POST /v1/chat/completions HTTP/1.1" 200 -
2026-10-01 18:47:16,706 - INFO - Prompt processing progress: 2048/7687
2026-10-01 18:47:16,927 - INFO - Prompt processing progress: 4096/7687
2026-10-01 18:47:17,156 - INFO - Prompt processing progress: 6144/7687
2026-10-01 18:47:17,352 - INFO - Prompt processing progress: 7685/7687
2026-10-01 18:47:17,376 - INFO - Prompt processing progress: 7686/7687
2026-10-01 18:47:17,395 - INFO - Prompt processing progress: 7687/7687
2026-10-01 18:47:17,936 - INFO - Prompt Cache: 1 sequences, 0.07 GB
2026-10-01 18:47:17,936 - INFO - - assistant: 0 sequences, 0.00 GB
2026-10-01 18:47:17,936 - INFO - - user: 0 sequences, 0.00 GB
2026-10-01 18:47:17,936 - INFO - - system: 1 sequences, 0.07 GB
127.0.0.1 - - [01/Oct/2026 18:47:17] "POST /v1/chat/completions HTTP/1.1" 200 -
2026-10-01 18:47:18,242 - INFO - Prompt processing progress: 2048/7817
2026-10-01 18:47:18,464 - INFO - Prompt processing progress: 4096/7817
2026-10-01 18:47:18,693 - INFO - Prompt processing progress: 6144/7817
2026-10-01 18:47:18,903 - INFO - Prompt processing progress: 7815/7817
2026-10-01 18:47:18,927 - INFO - Prompt processing progress: 7816/7817
2026-10-01 18:47:18,946 - INFO - Prompt processing progress: 7817/7817
2026-10-01 18:47:19,871 - INFO - Prompt Cache: 1 sequences, 0.07 GB
2026-10-01 18:47:19,871 - INFO - - assistant: 0 sequences, 0.00 GB
2026-10-01 18:47:19,871 - INFO - - user: 0 sequences, 0.00 GB
2026-10-01 18:47:19,871 - INFO - - system: 1 sequences, 0.07 GB
127.0.0.1 - - [01/Oct/2026 18:47:19] "POST /v1/chat/completions HTTP/1.1" 200 -
2026-10-01 18:47:20,178 - INFO - Prompt processing progress: 2048/7935
2026-10-01 18:47:20,399 - INFO - Prompt processing progress: 4096/7935
2026-10-01 18:47:20,629 - INFO - Prompt processing progress: 6144/7935
2026-10-01 18:47:20,850 - INFO - Prompt processing progress: 7933/7935
2026-10-01 18:47:20,874 - INFO - Prompt processing progress: 7934/7935
2026-10-01 18:47:20,893 - INFO - Prompt processing progress: 7935/7935
2026-10-01 18:47:21,808 - INFO - Prompt Cache: 1 sequences, 0.07 GB
2026-10-01 18:47:21,808 - INFO - - assistant: 0 sequences, 0.00 GB
2026-10-01 18:47:21,808 - INFO - - user: 0 sequences, 0.00 GB
2026-10-01 18:47:21,808 - INFO - - system: 1 sequences, 0.07 GB
127.0.0.1 - - [01/Oct/2026 18:47:21] "POST /v1/chat/completions HTTP/1.1" 200 -
2026-10-01 18:47:22,116 - INFO - Prompt processing progress: 2048/8747
2026-10-01 18:47:22,339 - INFO - Prompt processing progress: 4096/8747
2026-10-01 18:47:22,569 - INFO - Prompt processing progress: 6144/8747
2026-10-01 18:47:22,807 - INFO - Prompt processing progress: 8192/8747
2026-10-01 18:47:22,914 - INFO - Prompt processing progress: 8745/8747
2026-10-01 18:47:22,939 - INFO - Prompt processing progress: 8746/8747
2026-10-01 18:47:22,958 - INFO - Prompt processing progress: 8747/8747
2026-10-01 18:47:23,942 - INFO - Prompt Cache: 1 sequences, 0.07 GB
2026-10-01 18:47:23,942 - INFO - - assistant: 0 sequences, 0.00 GB
2026-10-01 18:47:23,942 - INFO - - user: 0 sequences, 0.00 GB
2026-10-01 18:47:23,942 - INFO - - system: 1 sequences, 0.07 GB
127.0.0.1 - - [01/Oct/2026 18:47:23] "POST /v1/chat/completions HTTP/1.1" 200 -
2026-10-01 18:47:24,252 - INFO - Prompt processing progress: 2048/8869
2026-10-01 18:47:24,474 - INFO - Prompt processing progress: 4096/8869
2026-10-01 18:47:24,703 - INFO - Prompt processing progress: 6144/8869
2026-10-01 18:47:24,940 - INFO - Prompt processing progress: 8192/8869
2026-10-01 18:47:25,067 - INFO - Prompt processing progress: 8867/8869
2026-10-01 18:47:25,092 - INFO - Prompt processing progress: 8868/8869
2026-10-01 18:47:25,127 - INFO - Prompt processing progress: 8869/8869
2026-10-01 18:47:25,597 - INFO - Prompt Cache: 1 sequences, 0.07 GB
2026-10-01 18:47:25,597 - INFO - - assistant: 0 sequences, 0.00 GB
2026-10-01 18:47:25,597 - INFO - - user: 0 sequences, 0.00 GB
2026-10-01 18:47:25,597 - INFO - - system: 1 sequences, 0.07 GB
127.0.0.1 - - [01/Oct/2026 18:47:25] "POST /v1/chat/completions HTTP/1.1" 200 -
2026-10-01 18:47:25,905 - INFO - Prompt processing progress: 2048/9282
2026-10-01 18:47:26,125 - INFO - Prompt processing progress: 4096/9282
2026-10-01 18:47:26,354 - INFO - Prompt processing progress: 6144/9282
2026-10-01 18:47:26,592 - INFO - Prompt processing progress: 8192/9282
2026-10-01 18:47:26,745 - INFO - Prompt processing progress: 9280/9282
2026-10-01 18:47:26,771 - INFO - Prompt processing progress: 9281/9282
2026-10-01 18:47:26,791 - INFO - Prompt processing progress: 9282/9282
2026-10-01 18:47:32,711 - WARNING - Failed to parse tool call (ValueError: No function provided.) — tool text was likely truncated mid-generation.
2026-10-01 18:47:32,720 - INFO - Prompt Cache: 1 sequences, 0.07 GB
2026-10-01 18:47:32,720 - INFO - - assistant: 0 sequences, 0.00 GB
2026-10-01 18:47:32,720 - INFO - - user: 0 sequences, 0.00 GB
2026-10-01 18:47:32,720 - INFO - - system: 1 sequences, 0.07 GB
127.0.0.1 - - [01/Oct/2026 18:47:32] "POST /v1/chat/completions HTTP/1.1" 200 -
2026-10-01 18:47:33,039 - INFO - Prompt processing progress: 2048/9896
2026-10-01 18:47:33,261 - INFO - Prompt processing progress: 4096/9896
2026-10-01 18:47:33,491 - INFO - Prompt processing progress: 6144/9896
2026-10-01 18:47:33,730 - INFO - Prompt processing progress: 8192/9896
2026-10-01 18:47:33,948 - INFO - Prompt processing progress: 9894/9896
2026-10-01 18:47:33,975 - INFO - Prompt processing progress: 9895/9896
2026-10-01 18:47:33,995 - INFO - Prompt processing progress: 9896/9896
2026-10-01 18:47:34,429 - WARNING - Failed to parse tool call (ValueError: No function provided.) — tool text was likely truncated mid-generation.
2026-10-01 18:47:34,438 - INFO - Prompt Cache: 1 sequences, 0.07 GB
2026-10-01 18:47:34,438 - INFO - - assistant: 0 sequences, 0.00 GB
2026-10-01 18:47:34,438 - INFO - - user: 0 sequences, 0.00 GB
2026-10-01 18:47:34,438 - INFO - - system: 1 sequences, 0.07 GB
127.0.0.1 - - [01/Oct/2026 18:47:34] "POST /v1/chat/completions HTTP/1.1" 200 -
2026-10-01 18:47:34,746 - INFO - Prompt processing progress: 2048/9968
2026-10-01 18:47:34,966 - INFO - Prompt processing progress: 4096/9968
2026-10-01 18:47:35,195 - INFO - Prompt processing progress: 6144/9968
2026-10-01 18:47:35,433 - INFO - Prompt processing progress: 8192/9968
2026-10-01 18:47:35,660 - INFO - Prompt processing progress: 9966/9968
2026-10-01 18:47:35,686 - INFO - Prompt processing progress: 9967/9968
2026-10-01 18:47:35,706 - INFO - Prompt processing progress: 9968/9968
2026-10-01 18:47:36,486 - INFO - Prompt Cache: 1 sequences, 0.07 GB
2026-10-01 18:47:36,486 - INFO - - assistant: 0 sequences, 0.00 GB
2026-10-01 18:47:36,486 - INFO - - user: 0 sequences, 0.00 GB
2026-10-01 18:47:36,486 - INFO - - system: 1 sequences, 0.07 GB
127.0.0.1 - - [01/Oct/2026 18:47:36] "POST /v1/chat/completions HTTP/1.1" 200 -
2026-10-01 18:47:36,790 - INFO - Prompt processing progress: 2048/10105
2026-10-01 18:47:37,014 - INFO - Prompt processing progress: 4096/10105
2026-10-01 18:47:37,242 - INFO - Prompt processing progress: 6144/10105
2026-10-01 18:47:37,481 - INFO - Prompt processing progress: 8192/10105
2026-10-01 18:47:37,717 - INFO - Prompt processing progress: 10103/10105
2026-10-01 18:47:37,743 - INFO - Prompt processing progress: 10104/10105
2026-10-01 18:47:37,764 - INFO - Prompt processing progress: 10105/10105
2026-10-01 18:47:38,337 - INFO - Prompt Cache: 1 sequences, 0.07 GB
2026-10-01 18:47:38,337 - INFO - - assistant: 0 sequences, 0.00 GB
2026-10-01 18:47:38,337 - INFO - - user: 0 sequences, 0.00 GB
2026-10-01 18:47:38,337 - INFO - - system: 1 sequences, 0.07 GB
127.0.0.1 - - [01/Oct/2026 18:47:38] "POST /v1/chat/completions HTTP/1.1" 200 -
2026-10-01 18:47:38,645 - INFO - Prompt processing progress: 2048/10891
2026-10-01 18:47:38,866 - INFO - Prompt processing progress: 4096/10891
2026-10-01 18:47:39,095 - INFO - Prompt processing progress: 6144/10891
2026-10-01 18:47:39,333 - INFO - Prompt processing progress: 8192/10891
2026-10-01 18:47:39,579 - INFO - Prompt processing progress: 10240/10891
2026-10-01 18:47:39,705 - INFO - Prompt processing progress: 10889/10891
2026-10-01 18:47:39,731 - INFO - Prompt processing progress: 10890/10891
2026-10-01 18:47:39,752 - INFO - Prompt processing progress: 10891/10891
2026-10-01 18:47:40,412 - WARNING - Failed to parse tool call (ValueError: No function provided.) — tool text was likely truncated mid-generation.
2026-10-01 18:47:40,422 - INFO - Prompt Cache: 1 sequences, 0.07 GB
2026-10-01 18:47:40,422 - INFO - - assistant: 0 sequences, 0.00 GB
2026-10-01 18:47:40,422 - INFO - - user: 0 sequences, 0.00 GB
2026-10-01 18:47:40,422 - INFO - - system: 1 sequences, 0.07 GB
127.0.0.1 - - [01/Oct/2026 18:47:40] "POST /v1/chat/completions HTTP/1.1" 200 -
2026-10-01 18:47:40,731 - INFO - Prompt processing progress: 2048/11169
2026-10-01 18:47:40,955 - INFO - Prompt processing progress: 4096/11169
2026-10-01 18:47:41,184 - INFO - Prompt processing progress: 6144/11169
2026-10-01 18:47:41,424 - INFO - Prompt processing progress: 8192/11169
2026-10-01 18:47:41,670 - INFO - Prompt processing progress: 10240/11169
2026-10-01 18:47:41,832 - INFO - Prompt processing progress: 11167/11169
2026-10-01 18:47:41,858 - INFO - Prompt processing progress: 11168/11169
2026-10-01 18:47:41,879 - INFO - Prompt processing progress: 11169/11169
2026-10-01 18:47:43,186 - WARNING - Failed to parse tool call (ValueError: No function provided.) — tool text was likely truncated mid-generation.
2026-10-01 18:47:43,197 - INFO - Prompt Cache: 1 sequences, 0.07 GB
2026-10-01 18:47:43,197 - INFO - - assistant: 0 sequences, 0.00 GB
2026-10-01 18:47:43,197 - INFO - - user: 0 sequences, 0.00 GB
2026-10-01 18:47:43,198 - INFO - - system: 1 sequences, 0.07 GB
127.0.0.1 - - [01/Oct/2026 18:47:43] "POST /v1/chat/completions HTTP/1.1" 200 -
2026-10-01 18:47:43,512 - INFO - Prompt processing progress: 2048/11330
2026-10-01 18:47:43,732 - INFO - Prompt processing progress: 4096/11330
2026-10-01 18:47:43,962 - INFO - Prompt processing progress: 6144/11330
2026-10-01 18:47:44,200 - INFO - Prompt processing progress: 8192/11330
2026-10-01 18:47:44,445 - INFO - Prompt processing progress: 10240/11330
2026-10-01 18:47:44,604 - INFO - Prompt processing progress: 11328/11330
2026-10-01 18:47:44,630 - INFO - Prompt processing progress: 11329/11330
2026-10-01 18:47:44,652 - INFO - Prompt processing progress: 11330/11330
2026-10-01 18:47:45,224 - WARNING - Failed to parse tool call (ValueError: No function provided.) — tool text was likely truncated mid-generation.
2026-10-01 18:47:45,234 - INFO - Prompt Cache: 1 sequences, 0.07 GB
2026-10-01 18:47:45,234 - INFO - - assistant: 0 sequences, 0.00 GB
2026-10-01 18:47:45,234 - INFO - - user: 0 sequences, 0.00 GB
2026-10-01 18:47:45,234 - INFO - - system: 1 sequences, 0.07 GB
127.0.0.1 - - [01/Oct/2026 18:47:45] "POST /v1/chat/completions HTTP/1.1" 200 -
2026-10-01 18:47:45,543 - INFO - Prompt processing progress: 2048/11844
2026-10-01 18:47:45,765 - INFO - Prompt processing progress: 4096/11844
2026-10-01 18:47:45,996 - INFO - Prompt processing progress: 6144/11844
2026-10-01 18:47:46,234 - INFO - Prompt processing progress: 8192/11844
2026-10-01 18:47:46,479 - INFO - Prompt processing progress: 10240/11844
2026-10-01 18:47:46,699 - INFO - Prompt processing progress: 11842/11844
2026-10-01 18:47:46,725 - INFO - Prompt processing progress: 11843/11844
2026-10-01 18:47:46,747 - INFO - Prompt processing progress: 11844/11844
2026-10-01 18:47:49,136 - WARNING - Failed to parse tool call (ValueError: No function provided.) — tool text was likely truncated mid-generation.
2026-10-01 18:47:49,147 - INFO - Prompt Cache: 1 sequences, 0.07 GB
2026-10-01 18:47:49,147 - INFO - - assistant: 0 sequences, 0.00 GB
2026-10-01 18:47:49,147 - INFO - - user: 0 sequences, 0.00 GB
2026-10-01 18:47:49,147 - INFO - - system: 1 sequences, 0.07 GB
127.0.0.1 - - [01/Oct/2026 18:47:49] "POST /v1/chat/completions HTTP/1.1" 200 -
2026-10-01 18:47:49,464 - INFO - Prompt processing progress: 2048/12109
2026-10-01 18:47:49,687 - INFO - Prompt processing progress: 4096/12109
2026-10-01 18:47:49,916 - INFO - Prompt processing progress: 6144/12109
2026-10-01 18:47:50,153 - INFO - Prompt processing progress: 8192/12109
2026-10-01 18:47:50,400 - INFO - Prompt processing progress: 10240/12109
2026-10-01 18:47:50,641 - INFO - Prompt processing progress: 12107/12109
2026-10-01 18:47:50,668 - INFO - Prompt processing progress: 12108/12109
2026-10-01 18:47:50,705 - INFO - Prompt processing progress: 12109/12109
2026-10-01 18:47:51,073 - WARNING - Failed to parse tool call (ValueError: No function provided.) — tool text was likely truncated mid-generation.
2026-10-01 18:47:51,083 - INFO - Prompt Cache: 1 sequences, 0.07 GB
2026-10-01 18:47:51,084 - INFO - - assistant: 0 sequences, 0.00 GB
2026-10-01 18:47:51,084 - INFO - - user: 0 sequences, 0.00 GB
2026-10-01 18:47:51,084 - INFO - - system: 1 sequences, 0.07 GB
127.0.0.1 - - [01/Oct/2026 18:47:51] "POST /v1/chat/completions HTTP/1.1" 200 -
2026-10-01 18:47:51,388 - INFO - Prompt processing progress: 2048/12174
2026-10-01 18:47:51,612 - INFO - Prompt processing progress: 4096/12174
2026-10-01 18:47:51,842 - INFO - Prompt processing progress: 6144/12174
2026-10-01 18:47:52,080 - INFO - Prompt processing progress: 8192/12174
2026-10-01 18:47:52,329 - INFO - Prompt processing progress: 10240/12174
2026-10-01 18:47:52,585 - INFO - Prompt processing progress: 12172/12174
2026-10-01 18:47:52,611 - INFO - Prompt processing progress: 12173/12174
2026-10-01 18:47:52,633 - INFO - Prompt processing progress: 12174/12174
2026-10-01 18:47:52,929 - INFO - Prompt Cache: 1 sequences, 0.07 GB
2026-10-01 18:47:52,929 - INFO - - assistant: 0 sequences, 0.00 GB
2026-10-01 18:47:52,929 - INFO - - user: 0 sequences, 0.00 GB
2026-10-01 18:47:52,929 - INFO - - system: 1 sequences, 0.07 GB
127.0.0.1 - - [01/Oct/2026 18:47:52] "POST /v1/chat/completions HTTP/1.1" 200 -
2026-10-01 18:47:53,236 - INFO - Prompt processing progress: 2048/12662
2026-10-01 18:47:53,460 - INFO - Prompt processing progress: 4096/12662
2026-10-01 18:47:53,688 - INFO - Prompt processing progress: 6144/12662
2026-10-01 18:47:53,926 - INFO - Prompt processing progress: 8192/12662
2026-10-01 18:47:54,172 - INFO - Prompt processing progress: 10240/12662
2026-10-01 18:47:54,427 - INFO - Prompt processing progress: 12288/12662
2026-10-01 18:47:54,520 - INFO - Prompt processing progress: 12660/12662
2026-10-01 18:47:54,546 - INFO - Prompt processing progress: 12661/12662
2026-10-01 18:47:54,567 - INFO - Prompt processing progress: 12662/12662
2026-10-01 18:47:54,963 - INFO - Prompt Cache: 1 sequences, 0.07 GB
2026-10-01 18:47:54,963 - INFO - - assistant: 0 sequences, 0.00 GB
2026-10-01 18:47:54,963 - INFO - - user: 0 sequences, 0.00 GB
2026-10-01 18:47:54,963 - INFO - - system: 1 sequences, 0.07 GB
127.0.0.1 - - [01/Oct/2026 18:47:54] "POST /v1/chat/completions HTTP/1.1" 200 -
2026-10-01 18:47:55,194 - INFO - Prompt processing progress: 1109/1111
2026-10-01 18:47:55,212 - INFO - Prompt processing progress: 1110/1111
2026-10-01 18:47:55,227 - INFO - Prompt processing progress: 1111/1111
2026-10-01 18:47:56,245 - INFO - Prompt Cache: 1 sequences, 0.07 GB
2026-10-01 18:47:56,245 - INFO - - assistant: 0 sequences, 0.00 GB
2026-10-01 18:47:56,245 - INFO - - user: 0 sequences, 0.00 GB
2026-10-01 18:47:56,245 - INFO - - system: 1 sequences, 0.07 GB
127.0.0.1 - - [01/Oct/2026 18:47:56] "POST /v1/chat/completions HTTP/1.1" 200 -
2026-10-01 18:47:56,514 - INFO - Prompt processing progress: 1524/1526
2026-10-01 18:47:56,532 - INFO - Prompt processing progress: 1525/1526
2026-10-01 18:47:56,549 - INFO - Prompt processing progress: 1526/1526
2026-10-01 18:47:57,143 - WARNING - Failed to parse tool call (ValueError: No function provided.) — tool text was likely truncated mid-generation.
2026-10-01 18:47:57,147 - INFO - Prompt Cache: 1 sequences, 0.07 GB
2026-10-01 18:47:57,147 - INFO - - assistant: 0 sequences, 0.00 GB
2026-10-01 18:47:57,147 - INFO - - user: 0 sequences, 0.00 GB
2026-10-01 18:47:57,147 - INFO - - system: 1 sequences, 0.07 GB
127.0.0.1 - - [01/Oct/2026 18:47:57] "POST /v1/chat/completions HTTP/1.1" 200 -
2026-10-01 18:47:57,456 - INFO - Prompt processing progress: 2009/2011
2026-10-01 18:47:57,476 - INFO - Prompt processing progress: 2010/2011
2026-10-01 18:47:57,492 - INFO - Prompt processing progress: 2011/2011
2026-10-01 18:47:57,958 - WARNING - Failed to parse tool call (ValueError: No function provided.) — tool text was likely truncated mid-generation.
2026-10-01 18:47:57,962 - INFO - Prompt Cache: 1 sequences, 0.07 GB
2026-10-01 18:47:57,962 - INFO - - assistant: 0 sequences, 0.00 GB
2026-10-01 18:47:57,962 - INFO - - user: 0 sequences, 0.00 GB
2026-10-01 18:47:57,962 - INFO - - system: 1 sequences, 0.07 GB
127.0.0.1 - - [01/Oct/2026 18:47:57] "POST /v1/chat/completions HTTP/1.1" 200 -
2026-10-01 18:47:58,269 - INFO - Prompt processing progress: 2048/2275
2026-10-01 18:47:58,332 - INFO - Prompt processing progress: 2273/2275
2026-10-01 18:47:58,349 - INFO - Prompt processing progress: 2274/2275
2026-10-01 18:47:58,366 - INFO - Prompt processing progress: 2275/2275
2026-10-01 18:47:58,905 - WARNING - Failed to parse tool call (ValueError: No function provided.) — tool text was likely truncated mid-generation.
2026-10-01 18:47:58,911 - INFO - Prompt Cache: 1 sequences, 0.07 GB
2026-10-01 18:47:58,911 - INFO - - assistant: 0 sequences, 0.00 GB
2026-10-01 18:47:58,911 - INFO - - user: 0 sequences, 0.00 GB
2026-10-01 18:47:58,912 - INFO - - system: 1 sequences, 0.07 GB
127.0.0.1 - - [01/Oct/2026 18:47:58] "POST /v1/chat/completions HTTP/1.1" 200 -
2026-10-01 18:47:59,217 - INFO - Prompt processing progress: 2048/2481
2026-10-01 18:47:59,301 - INFO - Prompt processing progress: 2479/2481
2026-10-01 18:47:59,319 - INFO - Prompt processing progress: 2480/2481
2026-10-01 18:47:59,334 - INFO - Prompt processing progress: 2481/2481
2026-10-01 18:47:59,883 - INFO - Prompt Cache: 1 sequences, 0.07 GB
2026-10-01 18:47:59,883 - INFO - - assistant: 0 sequences, 0.00 GB
2026-10-01 18:47:59,883 - INFO - - user: 0 sequences, 0.00 GB
2026-10-01 18:47:59,883 - INFO - - system: 1 sequences, 0.07 GB
127.0.0.1 - - [01/Oct/2026 18:47:59] "POST /v1/chat/completions HTTP/1.1" 200 -
2026-10-01 18:48:00,191 - INFO - Prompt processing progress: 2048/3069
2026-10-01 18:48:00,329 - INFO - Prompt processing progress: 3067/3069
2026-10-01 18:48:00,348 - INFO - Prompt processing progress: 3068/3069
2026-10-01 18:48:00,364 - INFO - Prompt processing progress: 3069/3069
2026-10-01 18:48:00,958 - INFO - Prompt Cache: 1 sequences, 0.07 GB
2026-10-01 18:48:00,958 - INFO - - assistant: 0 sequences, 0.00 GB
2026-10-01 18:48:00,958 - INFO - - user: 0 sequences, 0.00 GB
2026-10-01 18:48:00,958 - INFO - - system: 1 sequences, 0.07 GB
127.0.0.1 - - [01/Oct/2026 18:48:00] "POST /v1/chat/completions HTTP/1.1" 200 -
2026-10-01 18:48:01,269 - INFO - Prompt processing progress: 2048/3526
2026-10-01 18:48:01,444 - INFO - Prompt processing progress: 3524/3526
2026-10-01 18:48:01,462 - INFO - Prompt processing progress: 3525/3526
2026-10-01 18:48:01,481 - INFO - Prompt processing progress: 3526/3526
2026-10-01 18:48:02,080 - INFO - Prompt Cache: 1 sequences, 0.07 GB
2026-10-01 18:48:02,080 - INFO - - assistant: 0 sequences, 0.00 GB
2026-10-01 18:48:02,080 - INFO - - user: 0 sequences, 0.00 GB
2026-10-01 18:48:02,080 - INFO - - system: 1 sequences, 0.07 GB
127.0.0.1 - - [01/Oct/2026 18:48:02] "POST /v1/chat/completions HTTP/1.1" 200 -
2026-10-01 18:48:02,380 - INFO - Prompt processing progress: 2048/3884
2026-10-01 18:48:02,588 - INFO - Prompt processing progress: 3882/3884
2026-10-01 18:48:02,608 - INFO - Prompt processing progress: 3883/3884
2026-10-01 18:48:02,627 - INFO - Prompt processing progress: 3884/3884
2026-10-01 18:48:04,170 - INFO - Prompt Cache: 1 sequences, 0.07 GB
2026-10-01 18:48:04,170 - INFO - - assistant: 0 sequences, 0.00 GB
2026-10-01 18:48:04,170 - INFO - - user: 0 sequences, 0.00 GB
2026-10-01 18:48:04,170 - INFO - - system: 1 sequences, 0.07 GB
127.0.0.1 - - [01/Oct/2026 18:48:04] "POST /v1/chat/completions HTTP/1.1" 200 -
2026-10-01 18:48:04,476 - INFO - Prompt processing progress: 2048/4459
2026-10-01 18:48:04,697 - INFO - Prompt processing progress: 4096/4459
2026-10-01 18:48:04,777 - INFO - Prompt processing progress: 4457/4459
2026-10-01 18:48:04,797 - INFO - Prompt processing progress: 4458/4459
2026-10-01 18:48:04,813 - INFO - Prompt processing progress: 4459/4459
2026-10-01 18:48:05,517 - INFO - Prompt Cache: 1 sequences, 0.07 GB
2026-10-01 18:48:05,517 - INFO - - assistant: 0 sequences, 0.00 GB
2026-10-01 18:48:05,517 - INFO - - user: 0 sequences, 0.00 GB
2026-10-01 18:48:05,517 - INFO - - system: 1 sequences, 0.07 GB
127.0.0.1 - - [01/Oct/2026 18:48:05] "POST /v1/chat/completions HTTP/1.1" 200 -
2026-10-01 18:48:05,825 - INFO - Prompt processing progress: 2048/5257
2026-10-01 18:48:06,046 - INFO - Prompt processing progress: 4096/5257
2026-10-01 18:48:06,198 - INFO - Prompt processing progress: 5255/5257
2026-10-01 18:48:06,218 - INFO - Prompt processing progress: 5256/5257
2026-10-01 18:48:06,238 - INFO - Prompt processing progress: 5257/5257
2026-10-01 18:48:07,045 - INFO - Prompt Cache: 1 sequences, 0.07 GB
2026-10-01 18:48:07,045 - INFO - - assistant: 0 sequences, 0.00 GB
2026-10-01 18:48:07,045 - INFO - - user: 0 sequences, 0.00 GB
2026-10-01 18:48:07,045 - INFO - - system: 1 sequences, 0.07 GB
127.0.0.1 - - [01/Oct/2026 18:48:07] "POST /v1/chat/completions HTTP/1.1" 200 -
2026-10-01 18:48:07,362 - INFO - Prompt processing progress: 2048/5583
2026-10-01 18:48:07,583 - INFO - Prompt processing progress: 4096/5583
2026-10-01 18:48:07,766 - INFO - Prompt processing progress: 5581/5583
2026-10-01 18:48:07,786 - INFO - Prompt processing progress: 5582/5583
2026-10-01 18:48:07,805 - INFO - Prompt processing progress: 5583/5583
2026-10-01 18:48:09,769 - INFO - Prompt Cache: 1 sequences, 0.07 GB
2026-10-01 18:48:09,769 - INFO - - assistant: 0 sequences, 0.00 GB
2026-10-01 18:48:09,769 - INFO - - user: 0 sequences, 0.00 GB
2026-10-01 18:48:09,769 - INFO - - system: 1 sequences, 0.07 GB
127.0.0.1 - - [01/Oct/2026 18:48:09] "POST /v1/chat/completions HTTP/1.1" 200 -
2026-10-01 18:48:10,085 - INFO - Prompt processing progress: 2048/6089
2026-10-01 18:48:10,308 - INFO - Prompt processing progress: 4096/6089
2026-10-01 18:48:10,542 - INFO - Prompt processing progress: 6087/6089
2026-10-01 18:48:10,566 - INFO - Prompt processing progress: 6088/6089
2026-10-01 18:48:10,599 - INFO - Prompt processing progress: 6089/6089
2026-10-01 18:48:11,087 - WARNING - Failed to parse tool call (ValueError: No function provided.) — tool text was likely truncated mid-generation.
2026-10-01 18:48:11,093 - INFO - Prompt Cache: 1 sequences, 0.07 GB
2026-10-01 18:48:11,093 - INFO - - assistant: 0 sequences, 0.00 GB
2026-10-01 18:48:11,093 - INFO - - user: 0 sequences, 0.00 GB
2026-10-01 18:48:11,093 - INFO - - system: 1 sequences, 0.07 GB
127.0.0.1 - - [01/Oct/2026 18:48:11] "POST /v1/chat/completions HTTP/1.1" 200 -
2026-10-01 18:48:11,407 - INFO - Prompt processing progress: 2048/6532
2026-10-01 18:48:11,630 - INFO - Prompt processing progress: 4096/6532
2026-10-01 18:48:11,860 - INFO - Prompt processing progress: 6144/6532
2026-10-01 18:48:11,948 - INFO - Prompt processing progress: 6530/6532
2026-10-01 18:48:11,970 - INFO - Prompt processing progress: 6531/6532
2026-10-01 18:48:11,988 - INFO - Prompt processing progress: 6532/6532
2026-10-01 18:48:12,478 - WARNING - Failed to parse tool call (ValueError: No function provided.) — tool text was likely truncated mid-generation.
2026-10-01 18:48:12,485 - INFO - Prompt Cache: 1 sequences, 0.07 GB
2026-10-01 18:48:12,485 - INFO - - assistant: 0 sequences, 0.00 GB
2026-10-01 18:48:12,485 - INFO - - user: 0 sequences, 0.00 GB
2026-10-01 18:48:12,485 - INFO - - system: 1 sequences, 0.07 GB
127.0.0.1 - - [01/Oct/2026 18:48:12] "POST /v1/chat/completions HTTP/1.1" 200 -
2026-10-01 18:48:12,790 - INFO - Prompt processing progress: 2048/6862
2026-10-01 18:48:13,013 - INFO - Prompt processing progress: 4096/6862
2026-10-01 18:48:13,241 - INFO - Prompt processing progress: 6144/6862
2026-10-01 18:48:13,363 - INFO - Prompt processing progress: 6860/6862
2026-10-01 18:48:13,385 - INFO - Prompt processing progress: 6861/6862
2026-10-01 18:48:13,405 - INFO - Prompt processing progress: 6862/6862
2026-10-01 18:48:15,840 - INFO - Prompt Cache: 1 sequences, 0.07 GB
2026-10-01 18:48:15,840 - INFO - - assistant: 0 sequences, 0.00 GB
2026-10-01 18:48:15,840 - INFO - - user: 0 sequences, 0.00 GB
2026-10-01 18:48:15,840 - INFO - - system: 1 sequences, 0.07 GB
127.0.0.1 - - [01/Oct/2026 18:48:15] "POST /v1/chat/completions HTTP/1.1" 200 -
2026-10-01 18:48:16,151 - INFO - Prompt processing progress: 2048/7123
2026-10-01 18:48:16,375 - INFO - Prompt processing progress: 4096/7123
2026-10-01 18:48:16,604 - INFO - Prompt processing progress: 6144/7123
2026-10-01 18:48:16,755 - INFO - Prompt processing progress: 7121/7123
2026-10-01 18:48:16,779 - INFO - Prompt processing progress: 7122/7123
2026-10-01 18:48:16,798 - INFO - Prompt processing progress: 7123/7123
2026-10-01 18:48:24,548 - INFO - Prompt Cache: 1 sequences, 0.07 GB
2026-10-01 18:48:24,548 - INFO - - assistant: 0 sequences, 0.00 GB
2026-10-01 18:48:24,548 - INFO - - user: 0 sequences, 0.00 GB
2026-10-01 18:48:24,548 - INFO - - system: 1 sequences, 0.07 GB
127.0.0.1 - - [01/Oct/2026 18:48:24] "POST /v1/chat/completions HTTP/1.1" 200 -
2026-10-01 18:48:24,869 - INFO - Prompt processing progress: 2048/7934
2026-10-01 18:48:25,090 - INFO - Prompt processing progress: 4096/7934
2026-10-01 18:48:25,318 - INFO - Prompt processing progress: 6144/7934
2026-10-01 18:48:25,539 - INFO - Prompt processing progress: 7932/7934
2026-10-01 18:48:25,560 - INFO - Prompt processing progress: 7933/7934
2026-10-01 18:48:25,580 - INFO - Prompt processing progress: 7934/7934
2026-10-01 18:48:26,620 - INFO - Prompt Cache: 1 sequences, 0.07 GB
2026-10-01 18:48:26,620 - INFO - - assistant: 0 sequences, 0.00 GB
2026-10-01 18:48:26,620 - INFO - - user: 0 sequences, 0.00 GB
2026-10-01 18:48:26,620 - INFO - - system: 1 sequences, 0.07 GB
127.0.0.1 - - [01/Oct/2026 18:48:26] "POST /v1/chat/completions HTTP/1.1" 200 -
2026-10-01 18:48:26,932 - INFO - Prompt processing progress: 2048/9856
2026-10-01 18:48:27,154 - INFO - Prompt processing progress: 4096/9856
2026-10-01 18:48:27,383 - INFO - Prompt processing progress: 6144/9856
2026-10-01 18:48:27,620 - INFO - Prompt processing progress: 8192/9856
2026-10-01 18:48:27,835 - INFO - Prompt processing progress: 9854/9856
2026-10-01 18:48:27,872 - INFO - Prompt processing progress: 9855/9856
2026-10-01 18:48:27,892 - INFO - Prompt processing progress: 9856/9856
2026-10-01 18:48:29,362 - INFO - Prompt Cache: 1 sequences, 0.07 GB
2026-10-01 18:48:29,362 - INFO - - assistant: 0 sequences, 0.00 GB
2026-10-01 18:48:29,362 - INFO - - user: 0 sequences, 0.00 GB
2026-10-01 18:48:29,362 - INFO - - system: 1 sequences, 0.07 GB
127.0.0.1 - - [01/Oct/2026 18:48:29] "POST /v1/chat/completions HTTP/1.1" 200 -
2026-10-01 18:48:29,675 - INFO - Prompt processing progress: 2048/10354
2026-10-01 18:48:29,898 - INFO - Prompt processing progress: 4096/10354
2026-10-01 18:48:30,126 - INFO - Prompt processing progress: 6144/10354
2026-10-01 18:48:30,364 - INFO - Prompt processing progress: 8192/10354
2026-10-01 18:48:30,610 - INFO - Prompt processing progress: 10240/10354
2026-10-01 18:48:30,674 - INFO - Prompt processing progress: 10352/10354
2026-10-01 18:48:30,699 - INFO - Prompt processing progress: 10353/10354
2026-10-01 18:48:30,719 - INFO - Prompt processing progress: 10354/10354
2026-10-01 18:48:32,332 - INFO - Prompt Cache: 1 sequences, 0.07 GB
2026-10-01 18:48:32,332 - INFO - - assistant: 0 sequences, 0.00 GB
2026-10-01 18:48:32,332 - INFO - - user: 0 sequences, 0.00 GB
2026-10-01 18:48:32,332 - INFO - - system: 1 sequences, 0.07 GB
127.0.0.1 - - [01/Oct/2026 18:48:32] "POST /v1/chat/completions HTTP/1.1" 200 -
2026-10-01 18:48:32,643 - INFO - Prompt processing progress: 2048/10530
2026-10-01 18:48:32,865 - INFO - Prompt processing progress: 4096/10530
2026-10-01 18:48:33,094 - INFO - Prompt processing progress: 6144/10530
2026-10-01 18:48:33,332 - INFO - Prompt processing progress: 8192/10530
2026-10-01 18:48:33,577 - INFO - Prompt processing progress: 10240/10530
2026-10-01 18:48:33,654 - INFO - Prompt processing progress: 10528/10530
2026-10-01 18:48:33,680 - INFO - Prompt processing progress: 10529/10530
2026-10-01 18:48:33,700 - INFO - Prompt processing progress: 10530/10530
2026-10-01 18:48:34,240 - INFO - Prompt Cache: 1 sequences, 0.07 GB
2026-10-01 18:48:34,240 - INFO - - assistant: 0 sequences, 0.00 GB
2026-10-01 18:48:34,240 - INFO - - user: 0 sequences, 0.00 GB
2026-10-01 18:48:34,240 - INFO - - system: 1 sequences, 0.07 GB
127.0.0.1 - - [01/Oct/2026 18:48:34] "POST /v1/chat/completions HTTP/1.1" 200 -
2026-10-01 18:48:34,547 - INFO - Prompt processing progress: 2048/10610
2026-10-01 18:48:34,769 - INFO - Prompt processing progress: 4096/10610
2026-10-01 18:48:34,997 - INFO - Prompt processing progress: 6144/10610
2026-10-01 18:48:35,234 - INFO - Prompt processing progress: 8192/10610
2026-10-01 18:48:35,481 - INFO - Prompt processing progress: 10240/10610
2026-10-01 18:48:35,568 - INFO - Prompt processing progress: 10608/10610
2026-10-01 18:48:35,608 - INFO - Prompt processing progress: 10609/10610
2026-10-01 18:48:35,629 - INFO - Prompt processing progress: 10610/10610
2026-10-01 18:48:36,594 - INFO - Prompt Cache: 1 sequences, 0.07 GB
2026-10-01 18:48:36,594 - INFO - - assistant: 0 sequences, 0.00 GB
2026-10-01 18:48:36,594 - INFO - - user: 0 sequences, 0.00 GB
2026-10-01 18:48:36,594 - INFO - - system: 1 sequences, 0.07 GB
127.0.0.1 - - [01/Oct/2026 18:48:36] "POST /v1/chat/completions HTTP/1.1" 200 -
2026-10-01 18:48:36,905 - INFO - Prompt processing progress: 2048/10837
2026-10-01 18:48:37,129 - INFO - Prompt processing progress: 4096/10837
2026-10-01 18:48:37,359 - INFO - Prompt processing progress: 6144/10837
2026-10-01 18:48:37,596 - INFO - Prompt processing progress: 8192/10837
2026-10-01 18:48:37,842 - INFO - Prompt processing progress: 10240/10837
2026-10-01 18:48:37,958 - INFO - Prompt processing progress: 10835/10837
2026-10-01 18:48:37,986 - INFO - Prompt processing progress: 10836/10837
2026-10-01 18:48:38,006 - INFO - Prompt processing progress: 10837/10837
2026-10-01 18:48:38,757 - WARNING - Failed to parse tool call (ValueError: No function provided.) — tool text was likely truncated mid-generation.
2026-10-01 18:48:38,767 - INFO - Prompt Cache: 1 sequences, 0.07 GB
2026-10-01 18:48:38,767 - INFO - - assistant: 0 sequences, 0.00 GB
2026-10-01 18:48:38,767 - INFO - - user: 0 sequences, 0.00 GB
2026-10-01 18:48:38,767 - INFO - - system: 1 sequences, 0.07 GB
127.0.0.1 - - [01/Oct/2026 18:48:38] "POST /v1/chat/completions HTTP/1.1" 200 -
2026-10-01 18:48:39,075 - INFO - Prompt processing progress: 2048/11257
2026-10-01 18:48:39,297 - INFO - Prompt processing progress: 4096/11257
2026-10-01 18:48:39,527 - INFO - Prompt processing progress: 6144/11257
2026-10-01 18:48:39,766 - INFO - Prompt processing progress: 8192/11257
2026-10-01 18:48:40,013 - INFO - Prompt processing progress: 10240/11257
2026-10-01 18:48:40,183 - INFO - Prompt processing progress: 11255/11257
2026-10-01 18:48:40,210 - INFO - Prompt processing progress: 11256/11257
2026-10-01 18:48:40,230 - INFO - Prompt processing progress: 11257/11257
2026-10-01 18:48:41,854 - INFO - Prompt Cache: 1 sequences, 0.07 GB
2026-10-01 18:48:41,854 - INFO - - assistant: 0 sequences, 0.00 GB
2026-10-01 18:48:41,854 - INFO - - user: 0 sequences, 0.00 GB
2026-10-01 18:48:41,854 - INFO - - system: 1 sequences, 0.07 GB
127.0.0.1 - - [01/Oct/2026 18:48:41] "POST /v1/chat/completions HTTP/1.1" 200 -
2026-10-01 18:48:42,164 - INFO - Prompt processing progress: 2048/11626
2026-10-01 18:48:42,385 - INFO - Prompt processing progress: 4096/11626
2026-10-01 18:48:42,613 - INFO - Prompt processing progress: 6144/11626
2026-10-01 18:48:42,852 - INFO - Prompt processing progress: 8192/11626
2026-10-01 18:48:43,099 - INFO - Prompt processing progress: 10240/11626
2026-10-01 18:48:43,298 - INFO - Prompt processing progress: 11624/11626
2026-10-01 18:48:43,336 - INFO - Prompt processing progress: 11625/11626
2026-10-01 18:48:43,357 - INFO - Prompt processing progress: 11626/11626
2026-10-01 18:48:46,448 - INFO - Prompt Cache: 1 sequences, 0.07 GB
2026-10-01 18:48:46,448 - INFO - - assistant: 0 sequences, 0.00 GB
2026-10-01 18:48:46,448 - INFO - - user: 0 sequences, 0.00 GB
2026-10-01 18:48:46,448 - INFO - - system: 1 sequences, 0.07 GB
127.0.0.1 - - [01/Oct/2026 18:48:46] "POST /v1/chat/completions HTTP/1.1" 200 -
2026-10-01 18:48:46,767 - INFO - Prompt processing progress: 2048/12083
2026-10-01 18:48:46,988 - INFO - Prompt processing progress: 4096/12083
2026-10-01 18:48:47,219 - INFO - Prompt processing progress: 6144/12083
2026-10-01 18:48:47,456 - INFO - Prompt processing progress: 8192/12083
2026-10-01 18:48:47,704 - INFO - Prompt processing progress: 10240/12083
2026-10-01 18:48:47,941 - INFO - Prompt processing progress: 12081/12083
2026-10-01 18:48:47,967 - INFO - Prompt processing progress: 12082/12083
2026-10-01 18:48:47,989 - INFO - Prompt processing progress: 12083/12083
2026-10-01 18:48:48,753 - WARNING - Failed to parse tool call (ValueError: No function provided.) — tool text was likely truncated mid-generation.
2026-10-01 18:48:48,764 - INFO - Prompt Cache: 1 sequences, 0.07 GB
2026-10-01 18:48:48,764 - INFO - - assistant: 0 sequences, 0.00 GB
2026-10-01 18:48:48,764 - INFO - - user: 0 sequences, 0.00 GB
2026-10-01 18:48:48,764 - INFO - - system: 1 sequences, 0.07 GB
127.0.0.1 - - [01/Oct/2026 18:48:48] "POST /v1/chat/completions HTTP/1.1" 200 -
2026-10-01 18:48:49,074 - INFO - Prompt processing progress: 2048/12573
2026-10-01 18:48:49,297 - INFO - Prompt processing progress: 4096/12573
2026-10-01 18:48:49,526 - INFO - Prompt processing progress: 6144/12573
2026-10-01 18:48:49,767 - INFO - Prompt processing progress: 8192/12573
2026-10-01 18:48:50,016 - INFO - Prompt processing progress: 10240/12573
2026-10-01 18:48:50,272 - INFO - Prompt processing progress: 12288/12573
2026-10-01 18:48:50,352 - INFO - Prompt processing progress: 12571/12573
2026-10-01 18:48:50,376 - INFO - Prompt processing progress: 12572/12573
2026-10-01 18:48:50,397 - INFO - Prompt processing progress: 12573/12573
2026-10-01 18:48:52,138 - INFO - Prompt Cache: 1 sequences, 0.07 GB
2026-10-01 18:48:52,138 - INFO - - assistant: 0 sequences, 0.00 GB
2026-10-01 18:48:52,138 - INFO - - user: 0 sequences, 0.00 GB
2026-10-01 18:48:52,138 - INFO - - system: 1 sequences, 0.07 GB
127.0.0.1 - - [01/Oct/2026 18:48:52] "POST /v1/chat/completions HTTP/1.1" 200 -
2026-10-01 18:48:52,450 - INFO - Prompt processing progress: 2048/13419
2026-10-01 18:48:52,672 - INFO - Prompt processing progress: 4096/13419
2026-10-01 18:48:52,900 - INFO - Prompt processing progress: 6144/13419
2026-10-01 18:48:53,139 - INFO - Prompt processing progress: 8192/13419
2026-10-01 18:48:53,386 - INFO - Prompt processing progress: 10240/13419
2026-10-01 18:48:53,640 - INFO - Prompt processing progress: 12288/13419
2026-10-01 18:48:53,808 - INFO - Prompt processing progress: 13417/13419
2026-10-01 18:48:53,835 - INFO - Prompt processing progress: 13418/13419
2026-10-01 18:48:53,857 - INFO - Prompt processing progress: 13419/13419
2026-10-01 18:48:55,011 - INFO - Prompt Cache: 1 sequences, 0.07 GB
2026-10-01 18:48:55,011 - INFO - - assistant: 0 sequences, 0.00 GB
2026-10-01 18:48:55,011 - INFO - - user: 0 sequences, 0.00 GB
2026-10-01 18:48:55,011 - INFO - - system: 1 sequences, 0.07 GB
127.0.0.1 - - [01/Oct/2026 18:48:55] "POST /v1/chat/completions HTTP/1.1" 200 -
2026-10-01 18:48:55,323 - INFO - Prompt processing progress: 2048/13638
2026-10-01 18:48:55,547 - INFO - Prompt processing progress: 4096/13638
2026-10-01 18:48:55,776 - INFO - Prompt processing progress: 6144/13638
2026-10-01 18:48:56,015 - INFO - Prompt processing progress: 8192/13638
2026-10-01 18:48:56,262 - INFO - Prompt processing progress: 10240/13638
2026-10-01 18:48:56,519 - INFO - Prompt processing progress: 12288/13638
2026-10-01 18:48:56,724 - INFO - Prompt processing progress: 13636/13638
2026-10-01 18:48:56,750 - INFO - Prompt processing progress: 13637/13638
2026-10-01 18:48:56,773 - INFO - Prompt processing progress: 13638/13638
2026-10-01 18:48:57,381 - WARNING - Failed to parse tool call (ValueError: No function provided.) — tool text was likely truncated mid-generation.
2026-10-01 18:48:57,393 - INFO - Prompt Cache: 1 sequences, 0.07 GB
2026-10-01 18:48:57,393 - INFO - - assistant: 0 sequences, 0.00 GB
2026-10-01 18:48:57,393 - INFO - - user: 0 sequences, 0.00 GB
2026-10-01 18:48:57,393 - INFO - - system: 1 sequences, 0.07 GB
127.0.0.1 - - [01/Oct/2026 18:48:57] "POST /v1/chat/completions HTTP/1.1" 200 -
2026-10-01 18:48:57,702 - INFO - Prompt processing progress: 2048/14349
2026-10-01 18:48:57,923 - INFO - Prompt processing progress: 4096/14349
2026-10-01 18:48:58,152 - INFO - Prompt processing progress: 6144/14349
2026-10-01 18:48:58,391 - INFO - Prompt processing progress: 8192/14349
2026-10-01 18:48:58,637 - INFO - Prompt processing progress: 10240/14349
2026-10-01 18:48:58,891 - INFO - Prompt processing progress: 12288/14349
2026-10-01 18:48:59,154 - INFO - Prompt processing progress: 14336/14349
2026-10-01 18:48:59,219 - INFO - Prompt processing progress: 14347/14349
2026-10-01 18:48:59,260 - INFO - Prompt processing progress: 14348/14349
2026-10-01 18:48:59,282 - INFO - Prompt processing progress: 14349/14349
2026-10-01 18:48:59,907 - INFO - Prompt Cache: 1 sequences, 0.07 GB
2026-10-01 18:48:59,908 - INFO - - assistant: 0 sequences, 0.00 GB
2026-10-01 18:48:59,908 - INFO - - user: 0 sequences, 0.00 GB
2026-10-01 18:48:59,908 - INFO - - system: 1 sequences, 0.07 GB
127.0.0.1 - - [01/Oct/2026 18:48:59] "POST /v1/chat/completions HTTP/1.1" 200 -
2026-10-01 18:49:00,216 - INFO - Prompt processing progress: 2048/14435
2026-10-01 18:49:00,440 - INFO - Prompt processing progress: 4096/14435
2026-10-01 18:49:00,669 - INFO - Prompt processing progress: 6144/14435
2026-10-01 18:49:00,906 - INFO - Prompt processing progress: 8192/14435
2026-10-01 18:49:01,151 - INFO - Prompt processing progress: 10240/14435
2026-10-01 18:49:01,406 - INFO - Prompt processing progress: 12288/14435
2026-10-01 18:49:01,670 - INFO - Prompt processing progress: 14336/14435
2026-10-01 18:49:01,733 - INFO - Prompt processing progress: 14433/14435
2026-10-01 18:49:01,761 - INFO - Prompt processing progress: 14434/14435
2026-10-01 18:49:01,783 - INFO - Prompt processing progress: 14435/14435
2026-10-01 18:49:02,722 - INFO - Prompt Cache: 1 sequences, 0.07 GB
2026-10-01 18:49:02,722 - INFO - - assistant: 0 sequences, 0.00 GB
2026-10-01 18:49:02,722 - INFO - - user: 0 sequences, 0.00 GB
2026-10-01 18:49:02,722 - INFO - - system: 1 sequences, 0.07 GB
127.0.0.1 - - [01/Oct/2026 18:49:02] "POST /v1/chat/completions HTTP/1.1" 200 -
2026-10-01 18:49:03,038 - INFO - Prompt processing progress: 2048/14571
2026-10-01 18:49:03,262 - INFO - Prompt processing progress: 4096/14571
2026-10-01 18:49:03,493 - INFO - Prompt processing progress: 6144/14571
2026-10-01 18:49:03,732 - INFO - Prompt processing progress: 8192/14571
2026-10-01 18:49:03,977 - INFO - Prompt processing progress: 10240/14571
2026-10-01 18:49:04,235 - INFO - Prompt processing progress: 12288/14571
2026-10-01 18:49:04,499 - INFO - Prompt processing progress: 14336/14571
2026-10-01 18:49:04,575 - INFO - Prompt processing progress: 14569/14571
2026-10-01 18:49:04,617 - INFO - Prompt processing progress: 14570/14571
2026-10-01 18:49:04,639 - INFO - Prompt processing progress: 14571/14571
2026-10-01 18:49:05,471 - WARNING - Failed to parse tool call (ValueError: No function provided.) — tool text was likely truncated mid-generation.
2026-10-01 18:49:05,484 - INFO - Prompt Cache: 1 sequences, 0.07 GB
2026-10-01 18:49:05,484 - INFO - - assistant: 0 sequences, 0.00 GB
2026-10-01 18:49:05,484 - INFO - - user: 0 sequences, 0.00 GB
2026-10-01 18:49:05,484 - INFO - - system: 1 sequences, 0.07 GB
127.0.0.1 - - [01/Oct/2026 18:49:05] "POST /v1/chat/completions HTTP/1.1" 200 -
2026-10-01 18:49:05,789 - INFO - Prompt processing progress: 2048/14961
2026-10-01 18:49:06,012 - INFO - Prompt processing progress: 4096/14961
2026-10-01 18:49:06,239 - INFO - Prompt processing progress: 6144/14961
2026-10-01 18:49:06,477 - INFO - Prompt processing progress: 8192/14961
2026-10-01 18:49:06,723 - INFO - Prompt processing progress: 10240/14961
2026-10-01 18:49:06,978 - INFO - Prompt processing progress: 12288/14961
2026-10-01 18:49:07,245 - INFO - Prompt processing progress: 14336/14961
2026-10-01 18:49:07,373 - INFO - Prompt processing progress: 14959/14961
2026-10-01 18:49:07,402 - INFO - Prompt processing progress: 14960/14961
2026-10-01 18:49:07,424 - INFO - Prompt processing progress: 14961/14961
2026-10-01 18:49:08,095 - WARNING - Failed to parse tool call (ValueError: No function provided.) — tool text was likely truncated mid-generation.
2026-10-01 18:49:08,108 - INFO - Prompt Cache: 1 sequences, 0.07 GB
2026-10-01 18:49:08,108 - INFO - - assistant: 0 sequences, 0.00 GB
2026-10-01 18:49:08,108 - INFO - - user: 0 sequences, 0.00 GB
2026-10-01 18:49:08,108 - INFO - - system: 1 sequences, 0.07 GB
127.0.0.1 - - [01/Oct/2026 18:49:08] "POST /v1/chat/completions HTTP/1.1" 200 -
2026-10-01 18:49:08,417 - INFO - Prompt processing progress: 2048/15051
2026-10-01 18:49:08,641 - INFO - Prompt processing progress: 4096/15051
2026-10-01 18:49:08,870 - INFO - Prompt processing progress: 6144/15051
2026-10-01 18:49:09,107 - INFO - Prompt processing progress: 8192/15051
2026-10-01 18:49:09,353 - INFO - Prompt processing progress: 10240/15051
2026-10-01 18:49:09,609 - INFO - Prompt processing progress: 12288/15051
2026-10-01 18:49:09,874 - INFO - Prompt processing progress: 14336/15051
2026-10-01 18:49:10,022 - INFO - Prompt processing progress: 15049/15051
2026-10-01 18:49:10,049 - INFO - Prompt processing progress: 15050/15051
2026-10-01 18:49:10,088 - INFO - Prompt processing progress: 15051/15051
2026-10-01 18:49:11,464 - INFO - Prompt Cache: 1 sequences, 0.07 GB
2026-10-01 18:49:11,464 - INFO - - assistant: 0 sequences, 0.00 GB
2026-10-01 18:49:11,464 - INFO - - user: 0 sequences, 0.00 GB
2026-10-01 18:49:11,464 - INFO - - system: 1 sequences, 0.07 GB
127.0.0.1 - - [01/Oct/2026 18:49:11] "POST /v1/chat/completions HTTP/1.1" 200 -
2026-10-01 18:49:11,775 - INFO - Prompt processing progress: 2048/15197
2026-10-01 18:49:11,997 - INFO - Prompt processing progress: 4096/15197
2026-10-01 18:49:12,227 - INFO - Prompt processing progress: 6144/15197
2026-10-01 18:49:12,465 - INFO - Prompt processing progress: 8192/15197
2026-10-01 18:49:12,711 - INFO - Prompt processing progress: 10240/15197
2026-10-01 18:49:12,966 - INFO - Prompt processing progress: 12288/15197
2026-10-01 18:49:13,231 - INFO - Prompt processing progress: 14336/15197
2026-10-01 18:49:13,396 - INFO - Prompt processing progress: 15195/15197
2026-10-01 18:49:13,425 - INFO - Prompt processing progress: 15196/15197
2026-10-01 18:49:13,448 - INFO - Prompt processing progress: 15197/15197
2026-10-01 18:49:14,072 - WARNING - Failed to parse tool call (ValueError: No function provided.) — tool text was likely truncated mid-generation.
2026-10-01 18:49:14,086 - INFO - Prompt Cache: 1 sequences, 0.07 GB
2026-10-01 18:49:14,086 - INFO - - assistant: 0 sequences, 0.00 GB
2026-10-01 18:49:14,086 - INFO - - user: 0 sequences, 0.00 GB
2026-10-01 18:49:14,086 - INFO - - system: 1 sequences, 0.07 GB
127.0.0.1 - - [01/Oct/2026 18:49:14] "POST /v1/chat/completions HTTP/1.1" 200 -
2026-10-01 18:49:14,397 - INFO - Prompt processing progress: 2048/15293
2026-10-01 18:49:14,620 - INFO - Prompt processing progress: 4096/15293
2026-10-01 18:49:14,850 - INFO - Prompt processing progress: 6144/15293
2026-10-01 18:49:15,088 - INFO - Prompt processing progress: 8192/15293
2026-10-01 18:49:15,334 - INFO - Prompt processing progress: 10240/15293
2026-10-01 18:49:15,590 - INFO - Prompt processing progress: 12288/15293
2026-10-01 18:49:15,854 - INFO - Prompt processing progress: 14336/15293
2026-10-01 18:49:16,033 - INFO - Prompt processing progress: 15291/15293
2026-10-01 18:49:16,063 - INFO - Prompt processing progress: 15292/15293
2026-10-01 18:49:16,102 - INFO - Prompt processing progress: 15293/15293
2026-10-01 18:49:16,954 - WARNING - Failed to parse tool call (ValueError: No function provided.) — tool text was likely truncated mid-generation.
2026-10-01 18:49:16,968 - INFO - Prompt Cache: 1 sequences, 0.07 GB
2026-10-01 18:49:16,968 - INFO - - assistant: 0 sequences, 0.00 GB
2026-10-01 18:49:16,968 - INFO - - user: 0 sequences, 0.00 GB
2026-10-01 18:49:16,968 - INFO - - system: 1 sequences, 0.07 GB
127.0.0.1 - - [01/Oct/2026 18:49:16] "POST /v1/chat/completions HTTP/1.1" 200 -
2026-10-01 18:49:17,278 - INFO - Prompt processing progress: 2048/15587
2026-10-01 18:49:17,501 - INFO - Prompt processing progress: 4096/15587
2026-10-01 18:49:17,731 - INFO - Prompt processing progress: 6144/15587
2026-10-01 18:49:17,971 - INFO - Prompt processing progress: 8192/15587
2026-10-01 18:49:18,218 - INFO - Prompt processing progress: 10240/15587
2026-10-01 18:49:18,474 - INFO - Prompt processing progress: 12288/15587
2026-10-01 18:49:18,740 - INFO - Prompt processing progress: 14336/15587
2026-10-01 18:49:18,924 - INFO - Prompt processing progress: 15585/15587
2026-10-01 18:49:18,953 - INFO - Prompt processing progress: 15586/15587
2026-10-01 18:49:18,977 - INFO - Prompt processing progress: 15587/15587
2026-10-01 18:49:19,651 - WARNING - Failed to parse tool call (ValueError: No function provided.) — tool text was likely truncated mid-generation.
2026-10-01 18:49:19,665 - INFO - Prompt Cache: 1 sequences, 0.07 GB
2026-10-01 18:49:19,665 - INFO - - assistant: 0 sequences, 0.00 GB
2026-10-01 18:49:19,665 - INFO - - user: 0 sequences, 0.00 GB
2026-10-01 18:49:19,665 - INFO - - system: 1 sequences, 0.07 GB
127.0.0.1 - - [01/Oct/2026 18:49:19] "POST /v1/chat/completions HTTP/1.1" 200 -
2026-10-01 18:49:19,976 - INFO - Prompt processing progress: 2048/15696
2026-10-01 18:49:20,196 - INFO - Prompt processing progress: 4096/15696
2026-10-01 18:49:20,426 - INFO - Prompt processing progress: 6144/15696
2026-10-01 18:49:20,664 - INFO - Prompt processing progress: 8192/15696
2026-10-01 18:49:20,910 - INFO - Prompt processing progress: 10240/15696
2026-10-01 18:49:21,166 - INFO - Prompt processing progress: 12288/15696
2026-10-01 18:49:21,432 - INFO - Prompt processing progress: 14336/15696
2026-10-01 18:49:21,644 - INFO - Prompt processing progress: 15694/15696
2026-10-01 18:49:21,673 - INFO - Prompt processing progress: 15695/15696
2026-10-01 18:49:21,712 - INFO - Prompt processing progress: 15696/15696
2026-10-01 18:49:22,292 - WARNING - Failed to parse tool call (ValueError: No function provided.) — tool text was likely truncated mid-generation.
2026-10-01 18:49:22,306 - INFO - Prompt Cache: 1 sequences, 0.07 GB
2026-10-01 18:49:22,306 - INFO - - assistant: 0 sequences, 0.00 GB
2026-10-01 18:49:22,306 - INFO - - user: 0 sequences, 0.00 GB
2026-10-01 18:49:22,306 - INFO - - system: 1 sequences, 0.07 GB
127.0.0.1 - - [01/Oct/2026 18:49:22] "POST /v1/chat/completions HTTP/1.1" 200 -
2026-10-01 18:49:22,617 - INFO - Prompt processing progress: 2048/15962
2026-10-01 18:49:22,839 - INFO - Prompt processing progress: 4096/15962
2026-10-01 18:49:23,067 - INFO - Prompt processing progress: 6144/15962
2026-10-01 18:49:23,307 - INFO - Prompt processing progress: 8192/15962
2026-10-01 18:49:23,557 - INFO - Prompt processing progress: 10240/15962
2026-10-01 18:49:23,811 - INFO - Prompt processing progress: 12288/15962
2026-10-01 18:49:24,077 - INFO - Prompt processing progress: 14336/15962
2026-10-01 18:49:24,313 - INFO - Prompt processing progress: 15960/15962
2026-10-01 18:49:24,342 - INFO - Prompt processing progress: 15961/15962
2026-10-01 18:49:24,365 - INFO - Prompt processing progress: 15962/15962
2026-10-01 18:49:25,586 - INFO - Prompt Cache: 1 sequences, 0.07 GB
2026-10-01 18:49:25,586 - INFO - - assistant: 0 sequences, 0.00 GB
2026-10-01 18:49:25,586 - INFO - - user: 0 sequences, 0.00 GB
2026-10-01 18:49:25,586 - INFO - - system: 1 sequences, 0.07 GB
127.0.0.1 - - [01/Oct/2026 18:49:25] "POST /v1/chat/completions HTTP/1.1" 200 -
2026-10-01 18:49:25,900 - INFO - Prompt processing progress: 2048/16281
2026-10-01 18:49:26,123 - INFO - Prompt processing progress: 4096/16281
2026-10-01 18:49:26,353 - INFO - Prompt processing progress: 6144/16281
2026-10-01 18:49:26,591 - INFO - Prompt processing progress: 8192/16281
2026-10-01 18:49:26,836 - INFO - Prompt processing progress: 10240/16281
2026-10-01 18:49:27,092 - INFO - Prompt processing progress: 12288/16281
2026-10-01 18:49:27,356 - INFO - Prompt processing progress: 14336/16281
2026-10-01 18:49:27,633 - INFO - Prompt processing progress: 16279/16281
2026-10-01 18:49:27,663 - INFO - Prompt processing progress: 16280/16281
2026-10-01 18:49:27,704 - INFO - Prompt processing progress: 16281/16281
2026-10-01 18:49:28,787 - WARNING - Failed to parse tool call (ValueError: No function provided.) — tool text was likely truncated mid-generation.
2026-10-01 18:49:28,801 - INFO - Prompt Cache: 1 sequences, 0.07 GB
2026-10-01 18:49:28,801 - INFO - - assistant: 0 sequences, 0.00 GB
2026-10-01 18:49:28,801 - INFO - - user: 0 sequences, 0.00 GB
2026-10-01 18:49:28,801 - INFO - - system: 1 sequences, 0.07 GB
127.0.0.1 - - [01/Oct/2026 18:49:28] "POST /v1/chat/completions HTTP/1.1" 200 -
2026-10-01 18:49:29,115 - INFO - Prompt processing progress: 2048/16416
2026-10-01 18:49:29,338 - INFO - Prompt processing progress: 4096/16416
2026-10-01 18:49:29,566 - INFO - Prompt processing progress: 6144/16416
2026-10-01 18:49:29,807 - INFO - Prompt processing progress: 8192/16416
2026-10-01 18:49:30,055 - INFO - Prompt processing progress: 10240/16416
2026-10-01 18:49:30,311 - INFO - Prompt processing progress: 12288/16416
2026-10-01 18:49:30,576 - INFO - Prompt processing progress: 14336/16416
2026-10-01 18:49:30,850 - INFO - Prompt processing progress: 16384/16416
2026-10-01 18:49:30,883 - INFO - Prompt processing progress: 16414/16416
2026-10-01 18:49:30,909 - INFO - Prompt processing progress: 16415/16416
2026-10-01 18:49:30,932 - INFO - Prompt processing progress: 16416/16416
2026-10-01 18:49:31,965 - INFO - Prompt Cache: 1 sequences, 0.07 GB
2026-10-01 18:49:31,965 - INFO - - assistant: 0 sequences, 0.00 GB
2026-10-01 18:49:31,965 - INFO - - user: 0 sequences, 0.00 GB
2026-10-01 18:49:31,965 - INFO - - system: 1 sequences, 0.07 GB
127.0.0.1 - - [01/Oct/2026 18:49:31] "POST /v1/chat/completions HTTP/1.1" 200 -
2026-10-01 18:49:32,274 - INFO - Prompt processing progress: 2048/16970
2026-10-01 18:49:32,497 - INFO - Prompt processing progress: 4096/16970
2026-10-01 18:49:32,728 - INFO - Prompt processing progress: 6144/16970
2026-10-01 18:49:32,966 - INFO - Prompt processing progress: 8192/16970
2026-10-01 18:49:33,211 - INFO - Prompt processing progress: 10240/16970
2026-10-01 18:49:33,465 - INFO - Prompt processing progress: 12288/16970
2026-10-01 18:49:33,732 - INFO - Prompt processing progress: 14336/16970
2026-10-01 18:49:34,007 - INFO - Prompt processing progress: 16384/16970
2026-10-01 18:49:34,138 - INFO - Prompt processing progress: 16968/16970
2026-10-01 18:49:34,168 - INFO - Prompt processing progress: 16969/16970
2026-10-01 18:49:34,208 - INFO - Prompt processing progress: 16970/16970
2026-10-01 18:49:35,264 - INFO - Prompt Cache: 1 sequences, 0.07 GB
2026-10-01 18:49:35,264 - INFO - - assistant: 0 sequences, 0.00 GB
2026-10-01 18:49:35,264 - INFO - - user: 0 sequences, 0.00 GB
2026-10-01 18:49:35,264 - INFO - - system: 1 sequences, 0.07 GB
127.0.0.1 - - [01/Oct/2026 18:49:35] "POST /v1/chat/completions HTTP/1.1" 200 -
2026-10-01 18:49:35,571 - INFO - Prompt processing progress: 1894/1896
2026-10-01 18:49:35,590 - INFO - Prompt processing progress: 1895/1896
2026-10-01 18:49:35,606 - INFO - Prompt processing progress: 1896/1896
2026-10-01 18:49:36,370 - INFO - Prompt Cache: 1 sequences, 0.07 GB
2026-10-01 18:49:36,370 - INFO - - assistant: 0 sequences, 0.00 GB
2026-10-01 18:49:36,370 - INFO - - user: 0 sequences, 0.00 GB
2026-10-01 18:49:36,370 - INFO - - system: 1 sequences, 0.07 GB
127.0.0.1 - - [01/Oct/2026 18:49:36] "POST /v1/chat/completions HTTP/1.1" 200 -
2026-10-01 18:49:36,679 - INFO - Prompt processing progress: 2048/2159
2026-10-01 18:49:36,736 - INFO - Prompt processing progress: 2157/2159
2026-10-01 18:49:36,754 - INFO - Prompt processing progress: 2158/2159
2026-10-01 18:49:36,769 - INFO - Prompt processing progress: 2159/2159
2026-10-01 18:49:37,231 - WARNING - Failed to parse tool call (ValueError: No function provided.) — tool text was likely truncated mid-generation.
2026-10-01 18:49:37,237 - INFO - Prompt Cache: 1 sequences, 0.07 GB
2026-10-01 18:49:37,238 - INFO - - assistant: 0 sequences, 0.00 GB
2026-10-01 18:49:37,238 - INFO - - user: 0 sequences, 0.00 GB
2026-10-01 18:49:37,238 - INFO - - system: 1 sequences, 0.07 GB
127.0.0.1 - - [01/Oct/2026 18:49:37] "POST /v1/chat/completions HTTP/1.1" 200 -
2026-10-01 18:49:37,543 - INFO - Prompt processing progress: 2048/5469
2026-10-01 18:49:37,766 - INFO - Prompt processing progress: 4096/5469
2026-10-01 18:49:37,943 - INFO - Prompt processing progress: 5467/5469
2026-10-01 18:49:37,966 - INFO - Prompt processing progress: 5468/5469
2026-10-01 18:49:37,982 - INFO - Prompt processing progress: 5469/5469
2026-10-01 18:49:38,825 - INFO - Prompt Cache: 1 sequences, 0.07 GB
2026-10-01 18:49:38,825 - INFO - - assistant: 0 sequences, 0.00 GB
2026-10-01 18:49:38,825 - INFO - - user: 0 sequences, 0.00 GB
2026-10-01 18:49:38,825 - INFO - - system: 1 sequences, 0.07 GB
127.0.0.1 - - [01/Oct/2026 18:49:38] "POST /v1/chat/completions HTTP/1.1" 200 -
2026-10-01 18:49:39,137 - INFO - Prompt processing progress: 2048/6216
2026-10-01 18:49:39,358 - INFO - Prompt processing progress: 4096/6216
2026-10-01 18:49:39,586 - INFO - Prompt processing progress: 6144/6216
2026-10-01 18:49:39,634 - INFO - Prompt processing progress: 6214/6216
2026-10-01 18:49:39,657 - INFO - Prompt processing progress: 6215/6216
2026-10-01 18:49:39,673 - INFO - Prompt processing progress: 6216/6216
2026-10-01 18:49:41,833 - INFO - Prompt Cache: 1 sequences, 0.07 GB
2026-10-01 18:49:41,833 - INFO - - assistant: 0 sequences, 0.00 GB
2026-10-01 18:49:41,833 - INFO - - user: 0 sequences, 0.00 GB
2026-10-01 18:49:41,833 - INFO - - system: 1 sequences, 0.07 GB
127.0.0.1 - - [01/Oct/2026 18:49:41] "POST /v1/chat/completions HTTP/1.1" 200 -
2026-10-01 18:49:42,140 - INFO - Prompt processing progress: 2048/6452
2026-10-01 18:49:42,362 - INFO - Prompt processing progress: 4096/6452
2026-10-01 18:49:42,592 - INFO - Prompt processing progress: 6144/6452
2026-10-01 18:49:42,668 - INFO - Prompt processing progress: 6450/6452
2026-10-01 18:49:42,690 - INFO - Prompt processing progress: 6451/6452
2026-10-01 18:49:42,708 - INFO - Prompt processing progress: 6452/6452
2026-10-01 18:49:43,123 - WARNING - Failed to parse tool call (ValueError: No function provided.) — tool text was likely truncated mid-generation.
2026-10-01 18:49:43,130 - INFO - Prompt Cache: 1 sequences, 0.07 GB
2026-10-01 18:49:43,130 - INFO - - assistant: 0 sequences, 0.00 GB
2026-10-01 18:49:43,130 - INFO - - user: 0 sequences, 0.00 GB
2026-10-01 18:49:43,130 - INFO - - system: 1 sequences, 0.07 GB
127.0.0.1 - - [01/Oct/2026 18:49:43] "POST /v1/chat/completions HTTP/1.1" 200 -
2026-10-01 18:49:43,439 - INFO - Prompt processing progress: 2048/6581
2026-10-01 18:49:43,661 - INFO - Prompt processing progress: 4096/6581
2026-10-01 18:49:43,889 - INFO - Prompt processing progress: 6144/6581
2026-10-01 18:49:43,980 - INFO - Prompt processing progress: 6579/6581
2026-10-01 18:49:44,014 - INFO - Prompt processing progress: 6580/6581
2026-10-01 18:49:44,032 - INFO - Prompt processing progress: 6581/6581
2026-10-01 18:49:44,573 - INFO - Prompt Cache: 1 sequences, 0.07 GB
2026-10-01 18:49:44,573 - INFO - - assistant: 0 sequences, 0.00 GB
2026-10-01 18:49:44,573 - INFO - - user: 0 sequences, 0.00 GB
2026-10-01 18:49:44,573 - INFO - - system: 1 sequences, 0.07 GB
127.0.0.1 - - [01/Oct/2026 18:49:44] "POST /v1/chat/completions HTTP/1.1" 200 -
2026-10-01 18:49:44,880 - INFO - Prompt processing progress: 2048/6847
2026-10-01 18:49:45,102 - INFO - Prompt processing progress: 4096/6847
2026-10-01 18:49:45,333 - INFO - Prompt processing progress: 6144/6847
2026-10-01 18:49:45,455 - INFO - Prompt processing progress: 6845/6847
2026-10-01 18:49:45,476 - INFO - Prompt processing progress: 6846/6847
2026-10-01 18:49:45,495 - INFO - Prompt processing progress: 6847/6847
2026-10-01 18:49:46,084 - INFO - Prompt Cache: 1 sequences, 0.07 GB
2026-10-01 18:49:46,084 - INFO - - assistant: 0 sequences, 0.00 GB
2026-10-01 18:49:46,084 - INFO - - user: 0 sequences, 0.00 GB
2026-10-01 18:49:46,084 - INFO - - system: 1 sequences, 0.07 GB
127.0.0.1 - - [01/Oct/2026 18:49:46] "POST /v1/chat/completions HTTP/1.1" 200 -
2026-10-01 18:49:46,394 - INFO - Prompt processing progress: 2048/6980
2026-10-01 18:49:46,618 - INFO - Prompt processing progress: 4096/6980
2026-10-01 18:49:46,848 - INFO - Prompt processing progress: 6144/6980
2026-10-01 18:49:46,983 - INFO - Prompt processing progress: 6978/6980
2026-10-01 18:49:47,007 - INFO - Prompt processing progress: 6979/6980
2026-10-01 18:49:47,024 - INFO - Prompt processing progress: 6980/6980
2026-10-01 18:49:47,438 - INFO - Prompt Cache: 1 sequences, 0.07 GB
2026-10-01 18:49:47,438 - INFO - - assistant: 0 sequences, 0.00 GB
2026-10-01 18:49:47,438 - INFO - - user: 0 sequences, 0.00 GB
2026-10-01 18:49:47,438 - INFO - - system: 1 sequences, 0.07 GB
127.0.0.1 - - [01/Oct/2026 18:49:47] "POST /v1/chat/completions HTTP/1.1" 200 -
2026-10-01 18:49:47,752 - INFO - Prompt processing progress: 2048/7099
2026-10-01 18:49:47,971 - INFO - Prompt processing progress: 4096/7099
2026-10-01 18:49:48,200 - INFO - Prompt processing progress: 6144/7099
2026-10-01 18:49:48,349 - INFO - Prompt processing progress: 7097/7099
2026-10-01 18:49:48,372 - INFO - Prompt processing progress: 7098/7099
2026-10-01 18:49:48,391 - INFO - Prompt processing progress: 7099/7099
2026-10-01 18:49:48,992 - INFO - Prompt Cache: 1 sequences, 0.07 GB
2026-10-01 18:49:48,992 - INFO - - assistant: 0 sequences, 0.00 GB
2026-10-01 18:49:48,992 - INFO - - user: 0 sequences, 0.00 GB
2026-10-01 18:49:48,992 - INFO - - system: 1 sequences, 0.07 GB
127.0.0.1 - - [01/Oct/2026 18:49:48] "POST /v1/chat/completions HTTP/1.1" 200 -
2026-10-01 18:49:49,301 - INFO - Prompt processing progress: 2048/7224
2026-10-01 18:49:49,521 - INFO - Prompt processing progress: 4096/7224
2026-10-01 18:49:49,751 - INFO - Prompt processing progress: 6144/7224
2026-10-01 18:49:49,900 - INFO - Prompt processing progress: 7222/7224
2026-10-01 18:49:49,924 - INFO - Prompt processing progress: 7223/7224
2026-10-01 18:49:49,943 - INFO - Prompt processing progress: 7224/7224
2026-10-01 18:49:50,712 - INFO - Prompt Cache: 1 sequences, 0.07 GB
2026-10-01 18:49:50,712 - INFO - - assistant: 0 sequences, 0.00 GB
2026-10-01 18:49:50,712 - INFO - - user: 0 sequences, 0.00 GB
2026-10-01 18:49:50,712 - INFO - - system: 1 sequences, 0.07 GB
127.0.0.1 - - [01/Oct/2026 18:49:50] "POST /v1/chat/completions HTTP/1.1" 200 -
2026-10-01 18:49:51,022 - INFO - Prompt processing progress: 2048/7367
2026-10-01 18:49:51,243 - INFO - Prompt processing progress: 4096/7367
2026-10-01 18:49:51,474 - INFO - Prompt processing progress: 6144/7367
2026-10-01 18:49:51,639 - INFO - Prompt processing progress: 7365/7367
2026-10-01 18:49:51,663 - INFO - Prompt processing progress: 7366/7367
2026-10-01 18:49:51,682 - INFO - Prompt processing progress: 7367/7367
2026-10-01 18:49:52,461 - INFO - Prompt Cache: 1 sequences, 0.07 GB
2026-10-01 18:49:52,461 - INFO - - assistant: 0 sequences, 0.00 GB
2026-10-01 18:49:52,461 - INFO - - user: 0 sequences, 0.00 GB
2026-10-01 18:49:52,461 - INFO - - system: 1 sequences, 0.07 GB
127.0.0.1 - - [01/Oct/2026 18:49:52] "POST /v1/chat/completions HTTP/1.1" 200 -
2026-10-01 18:49:52,768 - INFO - Prompt processing progress: 2048/8723
2026-10-01 18:49:52,991 - INFO - Prompt processing progress: 4096/8723
2026-10-01 18:49:53,219 - INFO - Prompt processing progress: 6144/8723
2026-10-01 18:49:53,458 - INFO - Prompt processing progress: 8192/8723
2026-10-01 18:49:53,562 - INFO - Prompt processing progress: 8721/8723
2026-10-01 18:49:53,586 - INFO - Prompt processing progress: 8722/8723
2026-10-01 18:49:53,604 - INFO - Prompt processing progress: 8723/8723
2026-10-01 18:49:56,057 - INFO - Prompt Cache: 1 sequences, 0.07 GB
2026-10-01 18:49:56,057 - INFO - - assistant: 0 sequences, 0.00 GB
2026-10-01 18:49:56,057 - INFO - - user: 0 sequences, 0.00 GB
2026-10-01 18:49:56,057 - INFO - - system: 1 sequences, 0.07 GB
127.0.0.1 - - [01/Oct/2026 18:49:56] "POST /v1/chat/completions HTTP/1.1" 200 -
2026-10-01 18:49:56,373 - INFO - Prompt processing progress: 2048/9549
2026-10-01 18:49:56,597 - INFO - Prompt processing progress: 4096/9549
2026-10-01 18:49:56,825 - INFO - Prompt processing progress: 6144/9549
2026-10-01 18:49:57,063 - INFO - Prompt processing progress: 8192/9549
2026-10-01 18:49:57,253 - INFO - Prompt processing progress: 9547/9549
2026-10-01 18:49:57,277 - INFO - Prompt processing progress: 9548/9549
2026-10-01 18:49:57,298 - INFO - Prompt processing progress: 9549/9549
2026-10-01 18:49:58,162 - INFO - Prompt Cache: 1 sequences, 0.07 GB
2026-10-01 18:49:58,162 - INFO - - assistant: 0 sequences, 0.00 GB
2026-10-01 18:49:58,162 - INFO - - user: 0 sequences, 0.00 GB
2026-10-01 18:49:58,162 - INFO - - system: 1 sequences, 0.07 GB
127.0.0.1 - - [01/Oct/2026 18:49:58] "POST /v1/chat/completions HTTP/1.1" 200 -
2026-10-01 18:49:58,474 - INFO - Prompt processing progress: 2048/9892
2026-10-01 18:49:58,697 - INFO - Prompt processing progress: 4096/9892
2026-10-01 18:49:58,927 - INFO - Prompt processing progress: 6144/9892
2026-10-01 18:49:59,163 - INFO - Prompt processing progress: 8192/9892
2026-10-01 18:49:59,382 - INFO - Prompt processing progress: 9890/9892
2026-10-01 18:49:59,408 - INFO - Prompt processing progress: 9891/9892
2026-10-01 18:49:59,443 - INFO - Prompt processing progress: 9892/9892
2026-10-01 18:50:00,762 - INFO - Prompt Cache: 1 sequences, 0.07 GB
2026-10-01 18:50:00,762 - INFO - - assistant: 0 sequences, 0.00 GB
2026-10-01 18:50:00,762 - INFO - - user: 0 sequences, 0.00 GB
2026-10-01 18:50:00,762 - INFO - - system: 1 sequences, 0.07 GB
127.0.0.1 - - [01/Oct/2026 18:50:00] "POST /v1/chat/completions HTTP/1.1" 200 -
2026-10-01 18:50:01,073 - INFO - Prompt processing progress: 2048/10043
2026-10-01 18:50:01,296 - INFO - Prompt processing progress: 4096/10043
2026-10-01 18:50:01,527 - INFO - Prompt processing progress: 6144/10043
2026-10-01 18:50:01,764 - INFO - Prompt processing progress: 8192/10043
2026-10-01 18:50:01,997 - INFO - Prompt processing progress: 10041/10043
2026-10-01 18:50:02,024 - INFO - Prompt processing progress: 10042/10043
2026-10-01 18:50:02,043 - INFO - Prompt processing progress: 10043/10043
2026-10-01 18:50:02,989 - INFO - Prompt Cache: 1 sequences, 0.07 GB
2026-10-01 18:50:02,989 - INFO - - assistant: 0 sequences, 0.00 GB
2026-10-01 18:50:02,989 - INFO - - user: 0 sequences, 0.00 GB
2026-10-01 18:50:02,989 - INFO - - system: 1 sequences, 0.07 GB
127.0.0.1 - - [01/Oct/2026 18:50:02] "POST /v1/chat/completions HTTP/1.1" 200 -
2026-10-01 18:50:03,297 - INFO - Prompt processing progress: 2048/10256
2026-10-01 18:50:03,520 - INFO - Prompt processing progress: 4096/10256
2026-10-01 18:50:03,748 - INFO - Prompt processing progress: 6144/10256
2026-10-01 18:50:03,987 - INFO - Prompt processing progress: 8192/10256
2026-10-01 18:50:04,233 - INFO - Prompt processing progress: 10240/10256
2026-10-01 18:50:04,259 - INFO - Prompt processing progress: 10254/10256
2026-10-01 18:50:04,284 - INFO - Prompt processing progress: 10255/10256
2026-10-01 18:50:04,303 - INFO - Prompt processing progress: 10256/10256
2026-10-01 18:50:06,512 - INFO - Prompt Cache: 1 sequences, 0.07 GB
2026-10-01 18:50:06,512 - INFO - - assistant: 0 sequences, 0.00 GB
2026-10-01 18:50:06,512 - INFO - - user: 0 sequences, 0.00 GB
2026-10-01 18:50:06,512 - INFO - - system: 1 sequences, 0.07 GB
127.0.0.1 - - [01/Oct/2026 18:50:06] "POST /v1/chat/completions HTTP/1.1" 200 -
2026-10-01 18:50:06,821 - INFO - Prompt processing progress: 2048/10832
2026-10-01 18:50:07,042 - INFO - Prompt processing progress: 4096/10832
2026-10-01 18:50:07,272 - INFO - Prompt processing progress: 6144/10832
2026-10-01 18:50:07,508 - INFO - Prompt processing progress: 8192/10832
2026-10-01 18:50:07,756 - INFO - Prompt processing progress: 10240/10832
2026-10-01 18:50:07,874 - INFO - Prompt processing progress: 10830/10832
2026-10-01 18:50:07,899 - INFO - Prompt processing progress: 10831/10832
2026-10-01 18:50:07,937 - INFO - Prompt processing progress: 10832/10832
2026-10-01 18:50:08,550 - INFO - Prompt Cache: 1 sequences, 0.07 GB
2026-10-01 18:50:08,550 - INFO - - assistant: 0 sequences, 0.00 GB
2026-10-01 18:50:08,550 - INFO - - user: 0 sequences, 0.00 GB
2026-10-01 18:50:08,550 - INFO - - system: 1 sequences, 0.07 GB
127.0.0.1 - - [01/Oct/2026 18:50:08] "POST /v1/chat/completions HTTP/1.1" 200 -
2026-10-01 18:50:08,858 - INFO - Prompt processing progress: 2048/11311
2026-10-01 18:50:09,081 - INFO - Prompt processing progress: 4096/11311
2026-10-01 18:50:09,310 - INFO - Prompt processing progress: 6144/11311
2026-10-01 18:50:09,549 - INFO - Prompt processing progress: 8192/11311
2026-10-01 18:50:09,796 - INFO - Prompt processing progress: 10240/11311
2026-10-01 18:50:09,954 - INFO - Prompt processing progress: 11309/11311
2026-10-01 18:50:09,980 - INFO - Prompt processing progress: 11310/11311
2026-10-01 18:50:10,001 - INFO - Prompt processing progress: 11311/11311
2026-10-01 18:50:10,616 - INFO - Prompt Cache: 1 sequences, 0.07 GB
2026-10-01 18:50:10,616 - INFO - - assistant: 0 sequences, 0.00 GB
2026-10-01 18:50:10,616 - INFO - - user: 0 sequences, 0.00 GB
2026-10-01 18:50:10,617 - INFO - - system: 1 sequences, 0.07 GB
127.0.0.1 - - [01/Oct/2026 18:50:10] "POST /v1/chat/completions HTTP/1.1" 200 -
2026-10-01 18:50:10,926 - INFO - Prompt processing progress: 2048/12053
2026-10-01 18:50:11,147 - INFO - Prompt processing progress: 4096/12053
2026-10-01 18:50:11,377 - INFO - Prompt processing progress: 6144/12053
2026-10-01 18:50:11,617 - INFO - Prompt processing progress: 8192/12053
2026-10-01 18:50:11,864 - INFO - Prompt processing progress: 10240/12053
2026-10-01 18:50:12,101 - INFO - Prompt processing progress: 12051/12053
2026-10-01 18:50:12,128 - INFO - Prompt processing progress: 12052/12053
2026-10-01 18:50:12,150 - INFO - Prompt processing progress: 12053/12053
2026-10-01 18:50:15,177 - INFO - Prompt Cache: 1 sequences, 0.07 GB
2026-10-01 18:50:15,178 - INFO - - assistant: 0 sequences, 0.00 GB
2026-10-01 18:50:15,178 - INFO - - user: 0 sequences, 0.00 GB
2026-10-01 18:50:15,178 - INFO - - system: 1 sequences, 0.07 GB
127.0.0.1 - - [01/Oct/2026 18:50:15] "POST /v1/chat/completions HTTP/1.1" 200 -
2026-10-01 18:50:15,496 - INFO - Prompt processing progress: 2048/12352
2026-10-01 18:50:15,719 - INFO - Prompt processing progress: 4096/12352
2026-10-01 18:50:15,948 - INFO - Prompt processing progress: 6144/12352
2026-10-01 18:50:16,188 - INFO - Prompt processing progress: 8192/12352
2026-10-01 18:50:16,434 - INFO - Prompt processing progress: 10240/12352
2026-10-01 18:50:16,692 - INFO - Prompt processing progress: 12288/12352
2026-10-01 18:50:16,737 - INFO - Prompt processing progress: 12350/12352
2026-10-01 18:50:16,778 - INFO - Prompt processing progress: 12351/12352
2026-10-01 18:50:16,799 - INFO - Prompt processing progress: 12352/12352
2026-10-01 18:50:17,909 - INFO - Prompt Cache: 1 sequences, 0.07 GB
2026-10-01 18:50:17,909 - INFO - - assistant: 0 sequences, 0.00 GB
2026-10-01 18:50:17,909 - INFO - - user: 0 sequences, 0.00 GB
2026-10-01 18:50:17,909 - INFO - - system: 1 sequences, 0.07 GB
127.0.0.1 - - [01/Oct/2026 18:50:17] "POST /v1/chat/completions HTTP/1.1" 200 -
2026-10-01 18:50:18,216 - INFO - Prompt processing progress: 2048/12630
2026-10-01 18:50:18,437 - INFO - Prompt processing progress: 4096/12630
2026-10-01 18:50:18,666 - INFO - Prompt processing progress: 6144/12630
2026-10-01 18:50:18,904 - INFO - Prompt processing progress: 8192/12630
2026-10-01 18:50:19,150 - INFO - Prompt processing progress: 10240/12630
2026-10-01 18:50:19,407 - INFO - Prompt processing progress: 12288/12630
2026-10-01 18:50:19,493 - INFO - Prompt processing progress: 12628/12630
2026-10-01 18:50:19,520 - INFO - Prompt processing progress: 12629/12630
2026-10-01 18:50:19,541 - INFO - Prompt processing progress: 12630/12630
2026-10-01 18:50:20,622 - WARNING - Failed to parse tool call (ValueError: No function provided.) — tool text was likely truncated mid-generation.
2026-10-01 18:50:20,633 - INFO - Prompt Cache: 1 sequences, 0.07 GB
2026-10-01 18:50:20,633 - INFO - - assistant: 0 sequences, 0.00 GB
2026-10-01 18:50:20,633 - INFO - - user: 0 sequences, 0.00 GB
2026-10-01 18:50:20,633 - INFO - - system: 1 sequences, 0.07 GB
127.0.0.1 - - [01/Oct/2026 18:50:20] "POST /v1/chat/completions HTTP/1.1" 200 -
2026-10-01 18:50:20,945 - INFO - Prompt processing progress: 2048/12908
2026-10-01 18:50:21,168 - INFO - Prompt processing progress: 4096/12908
2026-10-01 18:50:21,398 - INFO - Prompt processing progress: 6144/12908
2026-10-01 18:50:21,637 - INFO - Prompt processing progress: 8192/12908
2026-10-01 18:50:21,883 - INFO - Prompt processing progress: 10240/12908
2026-10-01 18:50:22,139 - INFO - Prompt processing progress: 12288/12908
2026-10-01 18:50:22,263 - INFO - Prompt processing progress: 12906/12908
2026-10-01 18:50:22,291 - INFO - Prompt processing progress: 12907/12908
2026-10-01 18:50:22,313 - INFO - Prompt processing progress: 12908/12908
2026-10-01 18:50:27,138 - WARNING - Failed to parse tool call (ValueError: No function provided.) — tool text was likely truncated mid-generation.
2026-10-01 18:50:27,149 - INFO - Prompt Cache: 1 sequences, 0.07 GB
2026-10-01 18:50:27,149 - INFO - - assistant: 0 sequences, 0.00 GB
2026-10-01 18:50:27,149 - INFO - - user: 0 sequences, 0.00 GB
2026-10-01 18:50:27,149 - INFO - - system: 1 sequences, 0.07 GB
127.0.0.1 - - [01/Oct/2026 18:50:27] "POST /v1/chat/completions HTTP/1.1" 200 -
2026-10-01 18:50:27,475 - INFO - Prompt processing progress: 2048/13353
2026-10-01 18:50:27,696 - INFO - Prompt processing progress: 4096/13353
2026-10-01 18:50:27,926 - INFO - Prompt processing progress: 6144/13353
2026-10-01 18:50:28,164 - INFO - Prompt processing progress: 8192/13353
2026-10-01 18:50:28,409 - INFO - Prompt processing progress: 10240/13353
2026-10-01 18:50:28,665 - INFO - Prompt processing progress: 12288/13353
2026-10-01 18:50:28,828 - INFO - Prompt processing progress: 13351/13353
2026-10-01 18:50:28,855 - INFO - Prompt processing progress: 13352/13353
2026-10-01 18:50:28,877 - INFO - Prompt processing progress: 13353/13353
2026-10-01 18:50:29,653 - WARNING - Failed to parse tool call (ValueError: No function provided.) — tool text was likely truncated mid-generation.
2026-10-01 18:50:29,664 - INFO - Prompt Cache: 1 sequences, 0.07 GB
2026-10-01 18:50:29,664 - INFO - - assistant: 0 sequences, 0.00 GB
2026-10-01 18:50:29,664 - INFO - - user: 0 sequences, 0.00 GB
2026-10-01 18:50:29,664 - INFO - - system: 1 sequences, 0.07 GB
127.0.0.1 - - [01/Oct/2026 18:50:29] "POST /v1/chat/completions HTTP/1.1" 200 -
2026-10-01 18:50:29,974 - INFO - Prompt processing progress: 2048/13783
2026-10-01 18:50:30,198 - INFO - Prompt processing progress: 4096/13783
2026-10-01 18:50:30,427 - INFO - Prompt processing progress: 6144/13783
2026-10-01 18:50:30,666 - INFO - Prompt processing progress: 8192/13783
2026-10-01 18:50:30,914 - INFO - Prompt processing progress: 10240/13783
2026-10-01 18:50:31,170 - INFO - Prompt processing progress: 12288/13783
2026-10-01 18:50:31,383 - INFO - Prompt processing progress: 13781/13783
2026-10-01 18:50:31,410 - INFO - Prompt processing progress: 13782/13783
2026-10-01 18:50:31,433 - INFO - Prompt processing progress: 13783/13783
2026-10-01 18:50:32,127 - WARNING - Failed to parse tool call (ValueError: No function provided.) — tool text was likely truncated mid-generation.
2026-10-01 18:50:32,139 - INFO - Prompt Cache: 1 sequences, 0.07 GB
2026-10-01 18:50:32,139 - INFO - - assistant: 0 sequences, 0.00 GB
2026-10-01 18:50:32,139 - INFO - - user: 0 sequences, 0.00 GB
2026-10-01 18:50:32,139 - INFO - - system: 1 sequences, 0.07 GB
127.0.0.1 - - [01/Oct/2026 18:50:32] "POST /v1/chat/completions HTTP/1.1" 200 -
2026-10-01 18:50:32,449 - INFO - Prompt processing progress: 2048/13884
2026-10-01 18:50:32,671 - INFO - Prompt processing progress: 4096/13884
2026-10-01 18:50:32,900 - INFO - Prompt processing progress: 6144/13884
2026-10-01 18:50:33,143 - INFO - Prompt processing progress: 8192/13884
2026-10-01 18:50:33,390 - INFO - Prompt processing progress: 10240/13884
2026-10-01 18:50:33,644 - INFO - Prompt processing progress: 12288/13884
2026-10-01 18:50:33,866 - INFO - Prompt processing progress: 13882/13884
2026-10-01 18:50:33,909 - INFO - Prompt processing progress: 13883/13884
2026-10-01 18:50:33,931 - INFO - Prompt processing progress: 13884/13884
2026-10-01 18:50:35,106 - INFO - Prompt Cache: 1 sequences, 0.07 GB
2026-10-01 18:50:35,106 - INFO - - assistant: 0 sequences, 0.00 GB
2026-10-01 18:50:35,106 - INFO - - user: 0 sequences, 0.00 GB
2026-10-01 18:50:35,106 - INFO - - system: 1 sequences, 0.07 GB
127.0.0.1 - - [01/Oct/2026 18:50:35] "POST /v1/chat/completions HTTP/1.1" 200 -
2026-10-01 18:50:35,419 - INFO - Prompt processing progress: 2048/14170
2026-10-01 18:50:35,641 - INFO - Prompt processing progress: 4096/14170
2026-10-01 18:50:35,871 - INFO - Prompt processing progress: 6144/14170
2026-10-01 18:50:36,111 - INFO - Prompt processing progress: 8192/14170
2026-10-01 18:50:36,358 - INFO - Prompt processing progress: 10240/14170
2026-10-01 18:50:36,614 - INFO - Prompt processing progress: 12288/14170
2026-10-01 18:50:36,864 - INFO - Prompt processing progress: 14168/14170
2026-10-01 18:50:36,892 - INFO - Prompt processing progress: 14169/14170
2026-10-01 18:50:36,916 - INFO - Prompt processing progress: 14170/14170
2026-10-01 18:50:37,617 - WARNING - Failed to parse tool call (ValueError: No function provided.) — tool text was likely truncated mid-generation.
2026-10-01 18:50:37,629 - INFO - Prompt Cache: 1 sequences, 0.07 GB
2026-10-01 18:50:37,629 - INFO - - assistant: 0 sequences, 0.00 GB
2026-10-01 18:50:37,629 - INFO - - user: 0 sequences, 0.00 GB
2026-10-01 18:50:37,629 - INFO - - system: 1 sequences, 0.07 GB
127.0.0.1 - - [01/Oct/2026 18:50:37] "POST /v1/chat/completions HTTP/1.1" 200 -
2026-10-01 18:50:37,942 - INFO - Prompt processing progress: 2048/14628
2026-10-01 18:50:38,164 - INFO - Prompt processing progress: 4096/14628
2026-10-01 18:50:38,393 - INFO - Prompt processing progress: 6144/14628
2026-10-01 18:50:38,632 - INFO - Prompt processing progress: 8192/14628
2026-10-01 18:50:38,879 - INFO - Prompt processing progress: 10240/14628
2026-10-01 18:50:39,133 - INFO - Prompt processing progress: 12288/14628
2026-10-01 18:50:39,397 - INFO - Prompt processing progress: 14336/14628
2026-10-01 18:50:39,479 - INFO - Prompt processing progress: 14626/14628
2026-10-01 18:50:39,508 - INFO - Prompt processing progress: 14627/14628
2026-10-01 18:50:39,545 - INFO - Prompt processing progress: 14628/14628
2026-10-01 18:50:40,433 - WARNING - Failed to parse tool call (ValueError: No function provided.) — tool text was likely truncated mid-generation.
2026-10-01 18:50:40,444 - INFO - Prompt Cache: 1 sequences, 0.07 GB
2026-10-01 18:50:40,444 - INFO - - assistant: 0 sequences, 0.00 GB
2026-10-01 18:50:40,445 - INFO - - user: 0 sequences, 0.00 GB
2026-10-01 18:50:40,445 - INFO - - system: 1 sequences, 0.07 GB
127.0.0.1 - - [01/Oct/2026 18:50:40] "POST /v1/chat/completions HTTP/1.1" 200 -
2026-10-01 18:50:40,759 - INFO - Prompt processing progress: 2048/14737
2026-10-01 18:50:40,981 - INFO - Prompt processing progress: 4096/14737
2026-10-01 18:50:41,210 - INFO - Prompt processing progress: 6144/14737
2026-10-01 18:50:41,448 - INFO - Prompt processing progress: 8192/14737
2026-10-01 18:50:41,694 - INFO - Prompt processing progress: 10240/14737
2026-10-01 18:50:41,949 - INFO - Prompt processing progress: 12288/14737
2026-10-01 18:50:42,214 - INFO - Prompt processing progress: 14336/14737
2026-10-01 18:50:42,316 - INFO - Prompt processing progress: 14735/14737
2026-10-01 18:50:42,345 - INFO - Prompt processing progress: 14736/14737
2026-10-01 18:50:42,367 - INFO - Prompt processing progress: 14737/14737
2026-10-01 18:50:46,538 - WARNING - Failed to parse tool call (ValueError: No function provided.) — tool text was likely truncated mid-generation.
2026-10-01 18:50:46,550 - INFO - Prompt Cache: 1 sequences, 0.07 GB
2026-10-01 18:50:46,550 - INFO - - assistant: 0 sequences, 0.00 GB
2026-10-01 18:50:46,550 - INFO - - user: 0 sequences, 0.00 GB
2026-10-01 18:50:46,550 - INFO - - system: 1 sequences, 0.07 GB
127.0.0.1 - - [01/Oct/2026 18:50:46] "POST /v1/chat/completions HTTP/1.1" 200 -
2026-10-01 18:50:46,867 - INFO - Prompt processing progress: 2048/15128
2026-10-01 18:50:47,091 - INFO - Prompt processing progress: 4096/15128
2026-10-01 18:50:47,321 - INFO - Prompt processing progress: 6144/15128
2026-10-01 18:50:47,560 - INFO - Prompt processing progress: 8192/15128
2026-10-01 18:50:47,806 - INFO - Prompt processing progress: 10240/15128
2026-10-01 18:50:48,062 - INFO - Prompt processing progress: 12288/15128
2026-10-01 18:50:48,328 - INFO - Prompt processing progress: 14336/15128
2026-10-01 18:50:48,484 - INFO - Prompt processing progress: 15126/15128
2026-10-01 18:50:48,513 - INFO - Prompt processing progress: 15127/15128
2026-10-01 18:50:48,553 - INFO - Prompt processing progress: 15128/15128
2026-10-01 18:50:49,141 - WARNING - Failed to parse tool call (ValueError: No function provided.) — tool text was likely truncated mid-generation.
2026-10-01 18:50:49,153 - INFO - Prompt Cache: 1 sequences, 0.07 GB
2026-10-01 18:50:49,153 - INFO - - assistant: 0 sequences, 0.00 GB
2026-10-01 18:50:49,153 - INFO - - user: 0 sequences, 0.00 GB
2026-10-01 18:50:49,153 - INFO - - system: 1 sequences, 0.07 GB
127.0.0.1 - - [01/Oct/2026 18:50:49] "POST /v1/chat/completions HTTP/1.1" 200 -
2026-10-01 18:50:49,464 - INFO - Prompt processing progress: 2048/15494
2026-10-01 18:50:49,687 - INFO - Prompt processing progress: 4096/15494
2026-10-01 18:50:49,916 - INFO - Prompt processing progress: 6144/15494
2026-10-01 18:50:50,154 - INFO - Prompt processing progress: 8192/15494
2026-10-01 18:50:50,400 - INFO - Prompt processing progress: 10240/15494
2026-10-01 18:50:50,654 - INFO - Prompt processing progress: 12288/15494
2026-10-01 18:50:50,918 - INFO - Prompt processing progress: 14336/15494
2026-10-01 18:50:51,095 - INFO - Prompt processing progress: 15492/15494
2026-10-01 18:50:51,125 - INFO - Prompt processing progress: 15493/15494
2026-10-01 18:50:51,148 - INFO - Prompt processing progress: 15494/15494
2026-10-01 18:50:52,541 - INFO - Prompt Cache: 1 sequences, 0.07 GB
2026-10-01 18:50:52,541 - INFO - - assistant: 0 sequences, 0.00 GB
2026-10-01 18:50:52,541 - INFO - - user: 0 sequences, 0.00 GB
2026-10-01 18:50:52,541 - INFO - - system: 1 sequences, 0.07 GB
127.0.0.1 - - [01/Oct/2026 18:50:52] "POST /v1/chat/completions HTTP/1.1" 200 -
2026-10-01 18:50:52,856 - INFO - Prompt processing progress: 2048/15936
2026-10-01 18:50:53,078 - INFO - Prompt processing progress: 4096/15936
2026-10-01 18:50:53,307 - INFO - Prompt processing progress: 6144/15936
2026-10-01 18:50:53,544 - INFO - Prompt processing progress: 8192/15936
2026-10-01 18:50:53,793 - INFO - Prompt processing progress: 10240/15936
2026-10-01 18:50:54,050 - INFO - Prompt processing progress: 12288/15936
2026-10-01 18:50:54,318 - INFO - Prompt processing progress: 14336/15936
2026-10-01 18:50:54,546 - INFO - Prompt processing progress: 15934/15936
2026-10-01 18:50:54,575 - INFO - Prompt processing progress: 15935/15936
2026-10-01 18:50:54,615 - INFO - Prompt processing progress: 15936/15936
2026-10-01 18:50:55,204 - WARNING - Failed to parse tool call (ValueError: No function provided.) — tool text was likely truncated mid-generation.
2026-10-01 18:50:55,217 - INFO - Prompt Cache: 1 sequences, 0.07 GB
2026-10-01 18:50:55,217 - INFO - - assistant: 0 sequences, 0.00 GB
2026-10-01 18:50:55,217 - INFO - - user: 0 sequences, 0.00 GB
2026-10-01 18:50:55,217 - INFO - - system: 1 sequences, 0.07 GB
127.0.0.1 - - [01/Oct/2026 18:50:55] "POST /v1/chat/completions HTTP/1.1" 200 -
2026-10-01 18:50:55,528 - INFO - Prompt processing progress: 2048/16302
2026-10-01 18:50:55,751 - INFO - Prompt processing progress: 4096/16302
2026-10-01 18:50:55,981 - INFO - Prompt processing progress: 6144/16302
2026-10-01 18:50:56,220 - INFO - Prompt processing progress: 8192/16302
2026-10-01 18:50:56,466 - INFO - Prompt processing progress: 10240/16302
2026-10-01 18:50:56,723 - INFO - Prompt processing progress: 12288/16302
2026-10-01 18:50:56,987 - INFO - Prompt processing progress: 14336/16302
2026-10-01 18:50:57,265 - INFO - Prompt processing progress: 16300/16302
2026-10-01 18:50:57,295 - INFO - Prompt processing progress: 16301/16302
2026-10-01 18:50:57,319 - INFO - Prompt processing progress: 16302/16302
2026-10-01 18:50:58,347 - WARNING - Failed to parse tool call (ValueError: No function provided.) — tool text was likely truncated mid-generation.
2026-10-01 18:50:58,380 - INFO - Prompt Cache: 1 sequences, 0.07 GB
2026-10-01 18:50:58,380 - INFO - - assistant: 0 sequences, 0.00 GB
2026-10-01 18:50:58,380 - INFO - - user: 0 sequences, 0.00 GB
2026-10-01 18:50:58,380 - INFO - - system: 1 sequences, 0.07 GB
127.0.0.1 - - [01/Oct/2026 18:50:58] "POST /v1/chat/completions HTTP/1.1" 200 -
2026-10-01 18:50:58,698 - INFO - Prompt processing progress: 2048/16698
2026-10-01 18:50:58,922 - INFO - Prompt processing progress: 4096/16698
2026-10-01 18:50:59,152 - INFO - Prompt processing progress: 6144/16698
2026-10-01 18:50:59,391 - INFO - Prompt processing progress: 8192/16698
2026-10-01 18:50:59,638 - INFO - Prompt processing progress: 10240/16698
2026-10-01 18:50:59,893 - INFO - Prompt processing progress: 12288/16698
2026-10-01 18:51:00,157 - INFO - Prompt processing progress: 14336/16698
2026-10-01 18:51:00,429 - INFO - Prompt processing progress: 16384/16698
2026-10-01 18:51:00,518 - INFO - Prompt processing progress: 16696/16698
2026-10-01 18:51:00,548 - INFO - Prompt processing progress: 16697/16698
2026-10-01 18:51:00,588 - INFO - Prompt processing progress: 16698/16698
2026-10-01 18:51:01,409 - WARNING - Failed to parse tool call (ValueError: No function provided.) — tool text was likely truncated mid-generation.
2026-10-01 18:51:01,423 - INFO - Prompt Cache: 1 sequences, 0.07 GB
2026-10-01 18:51:01,423 - INFO - - assistant: 0 sequences, 0.00 GB
2026-10-01 18:51:01,423 - INFO - - user: 0 sequences, 0.00 GB
2026-10-01 18:51:01,423 - INFO - - system: 1 sequences, 0.07 GB
127.0.0.1 - - [01/Oct/2026 18:51:01] "POST /v1/chat/completions HTTP/1.1" 200 -
2026-10-01 18:51:01,732 - INFO - Prompt processing progress: 2048/16799
2026-10-01 18:51:01,954 - INFO - Prompt processing progress: 4096/16799
2026-10-01 18:51:02,185 - INFO - Prompt processing progress: 6144/16799
2026-10-01 18:51:02,423 - INFO - Prompt processing progress: 8192/16799
2026-10-01 18:51:02,671 - INFO - Prompt processing progress: 10240/16799
2026-10-01 18:51:02,927 - INFO - Prompt processing progress: 12288/16799
2026-10-01 18:51:03,192 - INFO - Prompt processing progress: 14336/16799
2026-10-01 18:51:03,468 - INFO - Prompt processing progress: 16384/16799
2026-10-01 18:51:03,576 - INFO - Prompt processing progress: 16797/16799
2026-10-01 18:51:03,606 - INFO - Prompt processing progress: 16798/16799
2026-10-01 18:51:03,629 - INFO - Prompt processing progress: 16799/16799
2026-10-01 18:51:08,520 - WARNING - Failed to parse tool call (ValueError: No function provided.) — tool text was likely truncated mid-generation.
2026-10-01 18:51:08,535 - INFO - Prompt Cache: 1 sequences, 0.07 GB
2026-10-01 18:51:08,535 - INFO - - assistant: 0 sequences, 0.00 GB
2026-10-01 18:51:08,535 - INFO - - user: 0 sequences, 0.00 GB
2026-10-01 18:51:08,535 - INFO - - system: 1 sequences, 0.07 GB
127.0.0.1 - - [01/Oct/2026 18:51:08] "POST /v1/chat/completions HTTP/1.1" 200 -
2026-10-01 18:51:08,866 - INFO - Prompt processing progress: 2048/17239
2026-10-01 18:51:09,091 - INFO - Prompt processing progress: 4096/17239
2026-10-01 18:51:09,321 - INFO - Prompt processing progress: 6144/17239
2026-10-01 18:51:09,560 - INFO - Prompt processing progress: 8192/17239
2026-10-01 18:51:09,809 - INFO - Prompt processing progress: 10240/17239
2026-10-01 18:51:10,067 - INFO - Prompt processing progress: 12288/17239
2026-10-01 18:51:10,331 - INFO - Prompt processing progress: 14336/17239
2026-10-01 18:51:10,605 - INFO - Prompt processing progress: 16384/17239
2026-10-01 18:51:10,776 - INFO - Prompt processing progress: 17237/17239
2026-10-01 18:51:10,807 - INFO - Prompt processing progress: 17238/17239
2026-10-01 18:51:10,848 - INFO - Prompt processing progress: 17239/17239
2026-10-01 18:51:11,543 - WARNING - Failed to parse tool call (ValueError: No function provided.) — tool text was likely truncated mid-generation.
2026-10-01 18:51:11,557 - INFO - Prompt Cache: 1 sequences, 0.07 GB
2026-10-01 18:51:11,557 - INFO - - assistant: 0 sequences, 0.00 GB
2026-10-01 18:51:11,557 - INFO - - user: 0 sequences, 0.00 GB
2026-10-01 18:51:11,557 - INFO - - system: 1 sequences, 0.07 GB
127.0.0.1 - - [01/Oct/2026 18:51:11] "POST /v1/chat/completions HTTP/1.1" 200 -
2026-10-01 18:51:11,872 - INFO - Prompt processing progress: 2048/17729
2026-10-01 18:51:12,095 - INFO - Prompt processing progress: 4096/17729
2026-10-01 18:51:12,325 - INFO - Prompt processing progress: 6144/17729
2026-10-01 18:51:12,565 - INFO - Prompt processing progress: 8192/17729
2026-10-01 18:51:12,812 - INFO - Prompt processing progress: 10240/17729
2026-10-01 18:51:13,070 - INFO - Prompt processing progress: 12288/17729
2026-10-01 18:51:13,334 - INFO - Prompt processing progress: 14336/17729
2026-10-01 18:51:13,607 - INFO - Prompt processing progress: 16384/17729
2026-10-01 18:51:13,822 - INFO - Prompt processing progress: 17727/17729
2026-10-01 18:51:13,851 - INFO - Prompt processing progress: 17728/17729
2026-10-01 18:51:13,876 - INFO - Prompt processing progress: 17729/17729
2026-10-01 18:51:17,017 - INFO - Prompt Cache: 1 sequences, 0.07 GB
2026-10-01 18:51:17,017 - INFO - - assistant: 0 sequences, 0.00 GB
2026-10-01 18:51:17,017 - INFO - - user: 0 sequences, 0.00 GB
2026-10-01 18:51:17,017 - INFO - - system: 1 sequences, 0.07 GB
127.0.0.1 - - [01/Oct/2026 18:51:17] "POST /v1/chat/completions HTTP/1.1" 200 -
2026-10-01 18:51:17,341 - INFO - Prompt processing progress: 2048/18510
2026-10-01 18:51:17,562 - INFO - Prompt processing progress: 4096/18510
2026-10-01 18:51:17,793 - INFO - Prompt processing progress: 6144/18510
2026-10-01 18:51:18,033 - INFO - Prompt processing progress: 8192/18510
2026-10-01 18:51:18,282 - INFO - Prompt processing progress: 10240/18510
2026-10-01 18:51:18,544 - INFO - Prompt processing progress: 12288/18510
2026-10-01 18:51:18,813 - INFO - Prompt processing progress: 14336/18510
2026-10-01 18:51:19,088 - INFO - Prompt processing progress: 16384/18510
2026-10-01 18:51:19,370 - INFO - Prompt processing progress: 18432/18510
2026-10-01 18:51:19,426 - INFO - Prompt processing progress: 18508/18510
2026-10-01 18:51:19,471 - INFO - Prompt processing progress: 18509/18510
2026-10-01 18:51:19,495 - INFO - Prompt processing progress: 18510/18510
2026-10-01 18:51:19,977 - INFO - Prompt Cache: 1 sequences, 0.07 GB
2026-10-01 18:51:19,977 - INFO - - assistant: 0 sequences, 0.00 GB
2026-10-01 18:51:19,977 - INFO - - user: 0 sequences, 0.00 GB
2026-10-01 18:51:19,977 - INFO - - system: 1 sequences, 0.07 GB
127.0.0.1 - - [01/Oct/2026 18:51:19] "POST /v1/chat/completions HTTP/1.1" 200 -
2026-10-01 18:51:20,288 - INFO - Prompt processing progress: 2048/18604
2026-10-01 18:51:20,514 - INFO - Prompt processing progress: 4096/18604
2026-10-01 18:51:20,744 - INFO - Prompt processing progress: 6144/18604
2026-10-01 18:51:20,982 - INFO - Prompt processing progress: 8192/18604
2026-10-01 18:51:21,229 - INFO - Prompt processing progress: 10240/18604
2026-10-01 18:51:21,485 - INFO - Prompt processing progress: 12288/18604
2026-10-01 18:51:21,749 - INFO - Prompt processing progress: 14336/18604
2026-10-01 18:51:22,022 - INFO - Prompt processing progress: 16384/18604
2026-10-01 18:51:22,304 - INFO - Prompt processing progress: 18432/18604
2026-10-01 18:51:22,375 - INFO - Prompt processing progress: 18602/18604
2026-10-01 18:51:22,404 - INFO - Prompt processing progress: 18603/18604
2026-10-01 18:51:22,428 - INFO - Prompt processing progress: 18604/18604
2026-10-01 18:51:22,851 - INFO - Prompt Cache: 1 sequences, 0.07 GB
2026-10-01 18:51:22,851 - INFO - - assistant: 0 sequences, 0.00 GB
2026-10-01 18:51:22,851 - INFO - - user: 0 sequences, 0.00 GB
2026-10-01 18:51:22,851 - INFO - - system: 1 sequences, 0.07 GB
127.0.0.1 - - [01/Oct/2026 18:51:22] "POST /v1/chat/completions HTTP/1.1" 200 -
2026-10-01 18:51:23,163 - INFO - Prompt processing progress: 2048/18669
2026-10-01 18:51:23,385 - INFO - Prompt processing progress: 4096/18669
2026-10-01 18:51:23,615 - INFO - Prompt processing progress: 6144/18669
2026-10-01 18:51:23,855 - INFO - Prompt processing progress: 8192/18669
2026-10-01 18:51:24,103 - INFO - Prompt processing progress: 10240/18669
2026-10-01 18:51:24,359 - INFO - Prompt processing progress: 12288/18669
2026-10-01 18:51:24,626 - INFO - Prompt processing progress: 14336/18669
2026-10-01 18:51:24,899 - INFO - Prompt processing progress: 16384/18669
2026-10-01 18:51:25,180 - INFO - Prompt processing progress: 18432/18669
2026-10-01 18:51:25,262 - INFO - Prompt processing progress: 18667/18669
2026-10-01 18:51:25,293 - INFO - Prompt processing progress: 18668/18669
2026-10-01 18:51:25,317 - INFO - Prompt processing progress: 18669/18669
2026-10-01 18:51:25,644 - INFO - Prompt Cache: 1 sequences, 0.07 GB
2026-10-01 18:51:25,645 - INFO - - assistant: 0 sequences, 0.00 GB
2026-10-01 18:51:25,645 - INFO - - user: 0 sequences, 0.00 GB
2026-10-01 18:51:25,645 - INFO - - system: 1 sequences, 0.07 GB
127.0.0.1 - - [01/Oct/2026 18:51:25] "POST /v1/chat/completions HTTP/1.1" 200 -
2026-10-01 18:51:25,957 - INFO - Prompt processing progress: 2048/19177
2026-10-01 18:51:26,178 - INFO - Prompt processing progress: 4096/19177
2026-10-01 18:51:26,409 - INFO - Prompt processing progress: 6144/19177
2026-10-01 18:51:26,648 - INFO - Prompt processing progress: 8192/19177
2026-10-01 18:51:26,893 - INFO - Prompt processing progress: 10240/19177
2026-10-01 18:51:27,150 - INFO - Prompt processing progress: 12288/19177
2026-10-01 18:51:27,414 - INFO - Prompt processing progress: 14336/19177
2026-10-01 18:51:27,687 - INFO - Prompt processing progress: 16384/19177
2026-10-01 18:51:27,969 - INFO - Prompt processing progress: 18432/19177
2026-10-01 18:51:28,132 - INFO - Prompt processing progress: 19175/19177
2026-10-01 18:51:28,164 - INFO - Prompt processing progress: 19176/19177
2026-10-01 18:51:28,204 - INFO - Prompt processing progress: 19177/19177
