<M5_REPO>/vendor/vlm-runtime/.venv/lib/python3.12/site-packages/mlx_lm/server.py:1723: UserWarning: mlx_lm.server is not recommended for production as it only implements basic security checks.
  warnings.warn(
2026-10-02 17:52:21,970 - INFO - Starting httpd at 127.0.0.1 on port 18184...
127.0.0.1 - - [02/Oct/2026 17:52:22] "GET /v1/models HTTP/1.1" 200 -
127.0.0.1 - - [02/Oct/2026 17:52:23] "GET /v1/models HTTP/1.1" 200 -
2026-10-02 17:52:23,174 - INFO - Prompt Cache: 0 sequences, 0.00 GB
2026-10-02 17:52:23,174 - INFO - - assistant: 0 sequences, 0.00 GB
2026-10-02 17:52:23,174 - INFO - - user: 0 sequences, 0.00 GB
2026-10-02 17:52:23,174 - INFO - - system: 0 sequences, 0.00 GB
127.0.0.1 - - [02/Oct/2026 17:52:23] "POST /v1/chat/completions HTTP/1.1" 200 -
2026-10-02 17:52:23,473 - INFO - Prompt processing progress: 2048/6289
2026-10-02 17:52:23,690 - INFO - Prompt processing progress: 4096/6289
2026-10-02 17:52:23,914 - INFO - Prompt processing progress: 6144/6289
2026-10-02 17:52:23,940 - INFO - Prompt processing progress: 6162/6289
2026-10-02 17:52:24,010 - INFO - Prompt processing progress: 6287/6289
2026-10-02 17:52:24,030 - INFO - Prompt processing progress: 6288/6289
2026-10-02 17:52:24,060 - INFO - Prompt processing progress: 6289/6289
2026-10-02 17:52:24,733 - INFO - Prompt Cache: 1 sequences, 0.19 GB
2026-10-02 17:52:24,733 - INFO - - assistant: 0 sequences, 0.00 GB
2026-10-02 17:52:24,733 - INFO - - user: 0 sequences, 0.00 GB
2026-10-02 17:52:24,733 - INFO - - system: 1 sequences, 0.19 GB
127.0.0.1 - - [02/Oct/2026 17:52:24] "POST /v1/chat/completions HTTP/1.1" 200 -
2026-10-02 17:52:25,064 - INFO - Prompt processing progress: 2048/4719
2026-10-02 17:52:25,308 - INFO - Prompt processing progress: 4096/4719
2026-10-02 17:52:25,422 - INFO - Prompt processing progress: 4718/4719
2026-10-02 17:52:25,448 - INFO - Prompt processing progress: 4719/4719
2026-10-02 17:52:26,604 - WARNING - Failed to parse tool call (ValueError: No function provided.) — tool text was likely truncated mid-generation.
2026-10-02 17:52:26,614 - INFO - Prompt Cache: 1 sequences, 0.19 GB
2026-10-02 17:52:26,614 - INFO - - assistant: 0 sequences, 0.00 GB
2026-10-02 17:52:26,614 - INFO - - user: 0 sequences, 0.00 GB
2026-10-02 17:52:26,614 - INFO - - system: 1 sequences, 0.19 GB
127.0.0.1 - - [02/Oct/2026 17:52:26] "POST /v1/chat/completions HTTP/1.1" 200 -
2026-10-02 17:52:26,950 - INFO - Prompt processing progress: 2048/6703
2026-10-02 17:52:27,194 - INFO - Prompt processing progress: 4096/6703
2026-10-02 17:52:27,446 - INFO - Prompt processing progress: 6144/6703
2026-10-02 17:52:27,555 - INFO - Prompt processing progress: 6702/6703
2026-10-02 17:52:27,582 - INFO - Prompt processing progress: 6703/6703
2026-10-02 17:52:28,292 - INFO - Prompt Cache: 1 sequences, 0.19 GB
2026-10-02 17:52:28,292 - INFO - - assistant: 0 sequences, 0.00 GB
2026-10-02 17:52:28,292 - INFO - - user: 0 sequences, 0.00 GB
2026-10-02 17:52:28,292 - INFO - - system: 1 sequences, 0.19 GB
127.0.0.1 - - [02/Oct/2026 17:52:28] "POST /v1/chat/completions HTTP/1.1" 200 -
2026-10-02 17:52:28,623 - INFO - Prompt processing progress: 2048/6780
2026-10-02 17:52:28,867 - INFO - Prompt processing progress: 4096/6780
2026-10-02 17:52:29,118 - INFO - Prompt processing progress: 6144/6780
2026-10-02 17:52:29,240 - INFO - Prompt processing progress: 6779/6780
2026-10-02 17:52:29,265 - INFO - Prompt processing progress: 6780/6780
2026-10-02 17:52:30,313 - INFO - Prompt Cache: 1 sequences, 0.19 GB
2026-10-02 17:52:30,313 - INFO - - assistant: 0 sequences, 0.00 GB
2026-10-02 17:52:30,313 - INFO - - user: 0 sequences, 0.00 GB
2026-10-02 17:52:30,313 - INFO - - system: 1 sequences, 0.19 GB
127.0.0.1 - - [02/Oct/2026 17:52:30] "POST /v1/chat/completions HTTP/1.1" 200 -
2026-10-02 17:52:30,647 - INFO - Prompt processing progress: 2048/9306
2026-10-02 17:52:30,890 - INFO - Prompt processing progress: 4096/9306
2026-10-02 17:52:31,141 - INFO - Prompt processing progress: 6144/9306
2026-10-02 17:52:31,402 - INFO - Prompt processing progress: 8192/9306
2026-10-02 17:52:31,569 - INFO - Prompt processing progress: 9305/9306
2026-10-02 17:52:31,597 - INFO - Prompt processing progress: 9306/9306
2026-10-02 17:52:32,177 - WARNING - Failed to parse tool call (ValueError: No function provided.) — tool text was likely truncated mid-generation.
2026-10-02 17:52:32,191 - INFO - Prompt Cache: 1 sequences, 0.19 GB
2026-10-02 17:52:32,191 - INFO - - assistant: 0 sequences, 0.00 GB
2026-10-02 17:52:32,191 - INFO - - user: 0 sequences, 0.00 GB
2026-10-02 17:52:32,191 - INFO - - system: 1 sequences, 0.19 GB
127.0.0.1 - - [02/Oct/2026 17:52:32] "POST /v1/chat/completions HTTP/1.1" 200 -
2026-10-02 17:52:32,527 - INFO - Prompt processing progress: 2048/11219
2026-10-02 17:52:32,771 - INFO - Prompt processing progress: 4096/11219
2026-10-02 17:52:33,023 - INFO - Prompt processing progress: 6144/11219
2026-10-02 17:52:33,283 - INFO - Prompt processing progress: 8192/11219
2026-10-02 17:52:33,553 - INFO - Prompt processing progress: 10240/11219
2026-10-02 17:52:33,735 - INFO - Prompt processing progress: 11218/11219
2026-10-02 17:52:33,768 - INFO - Prompt processing progress: 11219/11219
2026-10-02 17:52:34,385 - WARNING - Failed to parse tool call (ValueError: No function provided.) — tool text was likely truncated mid-generation.
2026-10-02 17:52:34,398 - INFO - Prompt Cache: 1 sequences, 0.19 GB
2026-10-02 17:52:34,398 - INFO - - assistant: 0 sequences, 0.00 GB
2026-10-02 17:52:34,398 - INFO - - user: 0 sequences, 0.00 GB
2026-10-02 17:52:34,398 - INFO - - system: 1 sequences, 0.19 GB
127.0.0.1 - - [02/Oct/2026 17:52:34] "POST /v1/chat/completions HTTP/1.1" 200 -
2026-10-02 17:52:34,738 - INFO - Prompt processing progress: 2048/12224
2026-10-02 17:52:34,981 - INFO - Prompt processing progress: 4096/12224
2026-10-02 17:52:35,232 - INFO - Prompt processing progress: 6144/12224
2026-10-02 17:52:35,492 - INFO - Prompt processing progress: 8192/12224
2026-10-02 17:52:35,760 - INFO - Prompt processing progress: 10240/12224
2026-10-02 17:52:36,044 - INFO - Prompt processing progress: 12223/12224
2026-10-02 17:52:36,074 - INFO - Prompt processing progress: 12224/12224
2026-10-02 17:52:36,714 - INFO - Prompt Cache: 1 sequences, 0.19 GB
2026-10-02 17:52:36,714 - INFO - - assistant: 0 sequences, 0.00 GB
2026-10-02 17:52:36,714 - INFO - - user: 0 sequences, 0.00 GB
2026-10-02 17:52:36,714 - INFO - - system: 1 sequences, 0.19 GB
127.0.0.1 - - [02/Oct/2026 17:52:36] "POST /v1/chat/completions HTTP/1.1" 200 -
2026-10-02 17:52:37,051 - INFO - Prompt processing progress: 2048/13344
2026-10-02 17:52:37,294 - INFO - Prompt processing progress: 4096/13344
2026-10-02 17:52:37,546 - INFO - Prompt processing progress: 6144/13344
2026-10-02 17:52:37,806 - INFO - Prompt processing progress: 8192/13344
2026-10-02 17:52:38,076 - INFO - Prompt processing progress: 10240/13344
2026-10-02 17:52:38,354 - INFO - Prompt processing progress: 12288/13344
2026-10-02 17:52:38,528 - INFO - Prompt processing progress: 13343/13344
2026-10-02 17:52:38,560 - INFO - Prompt processing progress: 13344/13344
2026-10-02 17:52:39,520 - WARNING - Failed to parse tool call (ValueError: No function provided.) — tool text was likely truncated mid-generation.
2026-10-02 17:52:39,534 - INFO - Prompt Cache: 1 sequences, 0.19 GB
2026-10-02 17:52:39,534 - INFO - - assistant: 0 sequences, 0.00 GB
2026-10-02 17:52:39,535 - INFO - - user: 0 sequences, 0.00 GB
2026-10-02 17:52:39,535 - INFO - - system: 1 sequences, 0.19 GB
127.0.0.1 - - [02/Oct/2026 17:52:39] "POST /v1/chat/completions HTTP/1.1" 200 -
2026-10-02 17:52:39,865 - INFO - Prompt processing progress: 2048/14964
2026-10-02 17:52:40,109 - INFO - Prompt processing progress: 4096/14964
2026-10-02 17:52:40,361 - INFO - Prompt processing progress: 6144/14964
2026-10-02 17:52:40,622 - INFO - Prompt processing progress: 8192/14964
2026-10-02 17:52:40,893 - INFO - Prompt processing progress: 10240/14964
2026-10-02 17:52:41,171 - INFO - Prompt processing progress: 12288/14964
2026-10-02 17:52:41,459 - INFO - Prompt processing progress: 14336/14964
2026-10-02 17:52:41,600 - INFO - Prompt processing progress: 14963/14964
2026-10-02 17:52:41,632 - INFO - Prompt processing progress: 14964/14964
2026-10-02 17:52:42,266 - WARNING - Failed to parse tool call (ValueError: No function provided.) — tool text was likely truncated mid-generation.
2026-10-02 17:52:42,280 - INFO - Prompt Cache: 1 sequences, 0.19 GB
2026-10-02 17:52:42,280 - INFO - - assistant: 0 sequences, 0.00 GB
2026-10-02 17:52:42,280 - INFO - - user: 0 sequences, 0.00 GB
2026-10-02 17:52:42,280 - INFO - - system: 1 sequences, 0.19 GB
127.0.0.1 - - [02/Oct/2026 17:52:42] "POST /v1/chat/completions HTTP/1.1" 200 -
2026-10-02 17:52:42,612 - INFO - Prompt processing progress: 2048/16118
2026-10-02 17:52:42,857 - INFO - Prompt processing progress: 4096/16118
2026-10-02 17:52:43,110 - INFO - Prompt processing progress: 6144/16118
2026-10-02 17:52:43,369 - INFO - Prompt processing progress: 8192/16118
2026-10-02 17:52:43,637 - INFO - Prompt processing progress: 10240/16118
2026-10-02 17:52:43,916 - INFO - Prompt processing progress: 12288/16118
2026-10-02 17:52:44,202 - INFO - Prompt processing progress: 14336/16118
2026-10-02 17:52:44,469 - INFO - Prompt processing progress: 16117/16118
2026-10-02 17:52:44,501 - INFO - Prompt processing progress: 16118/16118
2026-10-02 17:52:45,537 - INFO - Prompt Cache: 1 sequences, 0.19 GB
2026-10-02 17:52:45,537 - INFO - - assistant: 0 sequences, 0.00 GB
2026-10-02 17:52:45,537 - INFO - - user: 0 sequences, 0.00 GB
2026-10-02 17:52:45,537 - INFO - - system: 1 sequences, 0.19 GB
127.0.0.1 - - [02/Oct/2026 17:52:45] "POST /v1/chat/completions HTTP/1.1" 200 -
2026-10-02 17:52:45,874 - INFO - Prompt processing progress: 2048/17302
2026-10-02 17:52:46,118 - INFO - Prompt processing progress: 4096/17302
2026-10-02 17:52:46,371 - INFO - Prompt processing progress: 6144/17302
2026-10-02 17:52:46,633 - INFO - Prompt processing progress: 8192/17302
2026-10-02 17:52:46,901 - INFO - Prompt processing progress: 10240/17302
2026-10-02 17:52:47,179 - INFO - Prompt processing progress: 12288/17302
2026-10-02 17:52:47,466 - INFO - Prompt processing progress: 14336/17302
2026-10-02 17:52:47,761 - INFO - Prompt processing progress: 16384/17302
2026-10-02 17:52:47,958 - INFO - Prompt processing progress: 17301/17302
2026-10-02 17:52:47,992 - INFO - Prompt processing progress: 17302/17302
2026-10-02 17:52:48,629 - WARNING - Failed to parse tool call (ValueError: No function provided.) — tool text was likely truncated mid-generation.
2026-10-02 17:52:48,645 - INFO - Prompt Cache: 1 sequences, 0.19 GB
2026-10-02 17:52:48,645 - INFO - - assistant: 0 sequences, 0.00 GB
2026-10-02 17:52:48,645 - INFO - - user: 0 sequences, 0.00 GB
2026-10-02 17:52:48,645 - INFO - - system: 1 sequences, 0.19 GB
127.0.0.1 - - [02/Oct/2026 17:52:48] "POST /v1/chat/completions HTTP/1.1" 200 -
2026-10-02 17:52:48,979 - INFO - Prompt processing progress: 2048/20490
2026-10-02 17:52:49,224 - INFO - Prompt processing progress: 4096/20490
2026-10-02 17:52:49,480 - INFO - Prompt processing progress: 6144/20490
2026-10-02 17:52:49,741 - INFO - Prompt processing progress: 8192/20490
2026-10-02 17:52:50,010 - INFO - Prompt processing progress: 10240/20490
2026-10-02 17:52:50,289 - INFO - Prompt processing progress: 12288/20490
2026-10-02 17:52:50,576 - INFO - Prompt processing progress: 14336/20490
2026-10-02 17:52:50,872 - INFO - Prompt processing progress: 16384/20490
2026-10-02 17:52:51,177 - INFO - Prompt processing progress: 18432/20490
2026-10-02 17:52:51,489 - INFO - Prompt processing progress: 20480/20490
2026-10-02 17:52:51,519 - INFO - Prompt processing progress: 20489/20490
2026-10-02 17:52:51,551 - INFO - Prompt processing progress: 20490/20490
2026-10-02 17:52:52,484 - INFO - Prompt Cache: 1 sequences, 0.19 GB
2026-10-02 17:52:52,484 - INFO - - assistant: 0 sequences, 0.00 GB
2026-10-02 17:52:52,484 - INFO - - user: 0 sequences, 0.00 GB
2026-10-02 17:52:52,484 - INFO - - system: 1 sequences, 0.19 GB
127.0.0.1 - - [02/Oct/2026 17:52:52] "POST /v1/chat/completions HTTP/1.1" 200 -
2026-10-02 17:52:52,822 - INFO - Prompt processing progress: 2048/23902
2026-10-02 17:52:53,068 - INFO - Prompt processing progress: 4096/23902
2026-10-02 17:52:53,320 - INFO - Prompt processing progress: 6144/23902
2026-10-02 17:52:53,580 - INFO - Prompt processing progress: 8192/23902
2026-10-02 17:52:53,849 - INFO - Prompt processing progress: 10240/23902
2026-10-02 17:52:54,127 - INFO - Prompt processing progress: 12288/23902
2026-10-02 17:52:54,415 - INFO - Prompt processing progress: 14336/23902
2026-10-02 17:52:54,711 - INFO - Prompt processing progress: 16384/23902
2026-10-02 17:52:55,015 - INFO - Prompt processing progress: 18432/23902
2026-10-02 17:52:55,328 - INFO - Prompt processing progress: 20480/23902
2026-10-02 17:52:55,652 - INFO - Prompt processing progress: 22528/23902
2026-10-02 17:52:55,915 - INFO - Prompt processing progress: 23901/23902
2026-10-02 17:52:55,968 - INFO - Prompt processing progress: 23902/23902
2026-10-02 17:52:57,030 - WARNING - Failed to parse tool call (ValueError: No function provided.) — tool text was likely truncated mid-generation.
2026-10-02 17:52:57,049 - INFO - Prompt Cache: 1 sequences, 0.19 GB
2026-10-02 17:52:57,049 - INFO - - assistant: 0 sequences, 0.00 GB
2026-10-02 17:52:57,049 - INFO - - user: 0 sequences, 0.00 GB
2026-10-02 17:52:57,049 - INFO - - system: 1 sequences, 0.19 GB
127.0.0.1 - - [02/Oct/2026 17:52:57] "POST /v1/chat/completions HTTP/1.1" 200 -
2026-10-02 17:52:57,389 - INFO - Prompt processing progress: 2048/25192
2026-10-02 17:52:57,633 - INFO - Prompt processing progress: 4096/25192
2026-10-02 17:52:57,888 - INFO - Prompt processing progress: 6144/25192
2026-10-02 17:52:58,153 - INFO - Prompt processing progress: 8192/25192
2026-10-02 17:52:58,424 - INFO - Prompt processing progress: 10240/25192
2026-10-02 17:52:58,704 - INFO - Prompt processing progress: 12288/25192
2026-10-02 17:52:58,991 - INFO - Prompt processing progress: 14336/25192
2026-10-02 17:52:59,287 - INFO - Prompt processing progress: 16384/25192
2026-10-02 17:52:59,593 - INFO - Prompt processing progress: 18432/25192
2026-10-02 17:52:59,907 - INFO - Prompt processing progress: 20480/25192
2026-10-02 17:53:00,231 - INFO - Prompt processing progress: 22528/25192
2026-10-02 17:53:00,564 - INFO - Prompt processing progress: 24576/25192
2026-10-02 17:53:00,729 - INFO - Prompt processing progress: 25191/25192
2026-10-02 17:53:00,768 - INFO - Prompt processing progress: 25192/25192
2026-10-02 17:53:01,830 - INFO - Prompt Cache: 1 sequences, 0.19 GB
2026-10-02 17:53:01,830 - INFO - - assistant: 0 sequences, 0.00 GB
2026-10-02 17:53:01,831 - INFO - - user: 0 sequences, 0.00 GB
2026-10-02 17:53:01,831 - INFO - - system: 1 sequences, 0.19 GB
127.0.0.1 - - [02/Oct/2026 17:53:01] "POST /v1/chat/completions HTTP/1.1" 200 -
2026-10-02 17:53:02,171 - INFO - Prompt processing progress: 2048/26846
2026-10-02 17:53:02,416 - INFO - Prompt processing progress: 4096/26846
2026-10-02 17:53:02,670 - INFO - Prompt processing progress: 6144/26846
2026-10-02 17:53:02,932 - INFO - Prompt processing progress: 8192/26846
2026-10-02 17:53:03,203 - INFO - Prompt processing progress: 10240/26846
2026-10-02 17:53:03,483 - INFO - Prompt processing progress: 12288/26846
2026-10-02 17:53:03,770 - INFO - Prompt processing progress: 14336/26846
2026-10-02 17:53:04,067 - INFO - Prompt processing progress: 16384/26846
2026-10-02 17:53:04,375 - INFO - Prompt processing progress: 18432/26846
2026-10-02 17:53:04,688 - INFO - Prompt processing progress: 20480/26846
2026-10-02 17:53:05,012 - INFO - Prompt processing progress: 22528/26846
2026-10-02 17:53:05,343 - INFO - Prompt processing progress: 24576/26846
2026-10-02 17:53:05,686 - INFO - Prompt processing progress: 26624/26846
2026-10-02 17:53:05,782 - INFO - Prompt processing progress: 26845/26846
2026-10-02 17:53:05,835 - INFO - Prompt processing progress: 26846/26846
2026-10-02 17:53:07,101 - WARNING - Failed to parse tool call (ValueError: No function provided.) — tool text was likely truncated mid-generation.
2026-10-02 17:53:07,122 - INFO - Prompt Cache: 1 sequences, 0.19 GB
2026-10-02 17:53:07,123 - INFO - - assistant: 0 sequences, 0.00 GB
2026-10-02 17:53:07,123 - INFO - - user: 0 sequences, 0.00 GB
2026-10-02 17:53:07,123 - INFO - - system: 1 sequences, 0.19 GB
127.0.0.1 - - [02/Oct/2026 17:53:07] "POST /v1/chat/completions HTTP/1.1" 200 -
2026-10-02 17:53:07,467 - INFO - Prompt processing progress: 2048/29558
2026-10-02 17:53:07,711 - INFO - Prompt processing progress: 4096/29558
2026-10-02 17:53:07,964 - INFO - Prompt processing progress: 6144/29558
2026-10-02 17:53:08,225 - INFO - Prompt processing progress: 8192/29558
2026-10-02 17:53:08,495 - INFO - Prompt processing progress: 10240/29558
2026-10-02 17:53:08,774 - INFO - Prompt processing progress: 12288/29558
2026-10-02 17:53:09,062 - INFO - Prompt processing progress: 14336/29558
2026-10-02 17:53:09,358 - INFO - Prompt processing progress: 16384/29558
2026-10-02 17:53:09,663 - INFO - Prompt processing progress: 18432/29558
2026-10-02 17:53:09,976 - INFO - Prompt processing progress: 20480/29558
2026-10-02 17:53:10,300 - INFO - Prompt processing progress: 22528/29558
2026-10-02 17:53:10,633 - INFO - Prompt processing progress: 24576/29558
2026-10-02 17:53:10,975 - INFO - Prompt processing progress: 26624/29558
2026-10-02 17:53:11,327 - INFO - Prompt processing progress: 28672/29558
2026-10-02 17:53:11,559 - INFO - Prompt processing progress: 29557/29558
2026-10-02 17:53:11,601 - INFO - Prompt processing progress: 29558/29558
2026-10-02 17:53:12,731 - WARNING - Failed to parse tool call (ValueError: No function provided.) — tool text was likely truncated mid-generation.
2026-10-02 17:53:12,756 - INFO - Prompt Cache: 1 sequences, 0.19 GB
2026-10-02 17:53:12,756 - INFO - - assistant: 0 sequences, 0.00 GB
2026-10-02 17:53:12,756 - INFO - - user: 0 sequences, 0.00 GB
2026-10-02 17:53:12,756 - INFO - - system: 1 sequences, 0.19 GB
127.0.0.1 - - [02/Oct/2026 17:53:12] "POST /v1/chat/completions HTTP/1.1" 200 -
2026-10-02 17:53:13,097 - INFO - Prompt processing progress: 2048/31367
2026-10-02 17:53:13,343 - INFO - Prompt processing progress: 4096/31367
2026-10-02 17:53:13,595 - INFO - Prompt processing progress: 6144/31367
2026-10-02 17:53:13,858 - INFO - Prompt processing progress: 8192/31367
2026-10-02 17:53:14,128 - INFO - Prompt processing progress: 10240/31367
2026-10-02 17:53:14,407 - INFO - Prompt processing progress: 12288/31367
2026-10-02 17:53:14,695 - INFO - Prompt processing progress: 14336/31367
2026-10-02 17:53:14,992 - INFO - Prompt processing progress: 16384/31367
2026-10-02 17:53:15,296 - INFO - Prompt processing progress: 18432/31367
2026-10-02 17:53:15,612 - INFO - Prompt processing progress: 20480/31367
2026-10-02 17:53:15,937 - INFO - Prompt processing progress: 22528/31367
2026-10-02 17:53:16,271 - INFO - Prompt processing progress: 24576/31367
2026-10-02 17:53:16,615 - INFO - Prompt processing progress: 26624/31367
2026-10-02 17:53:16,967 - INFO - Prompt processing progress: 28672/31367
2026-10-02 17:53:17,328 - INFO - Prompt processing progress: 30720/31367
2026-10-02 17:53:17,519 - INFO - Prompt processing progress: 31366/31367
2026-10-02 17:53:17,562 - INFO - Prompt processing progress: 31367/31367
2026-10-02 17:53:18,336 - INFO - Prompt Cache: 1 sequences, 0.19 GB
2026-10-02 17:53:18,336 - INFO - - assistant: 0 sequences, 0.00 GB
2026-10-02 17:53:18,336 - INFO - - user: 0 sequences, 0.00 GB
2026-10-02 17:53:18,336 - INFO - - system: 1 sequences, 0.19 GB
127.0.0.1 - - [02/Oct/2026 17:53:18] "POST /v1/chat/completions HTTP/1.1" 200 -
2026-10-02 17:53:18,672 - INFO - Prompt processing progress: 2048/34172
2026-10-02 17:53:18,919 - INFO - Prompt processing progress: 4096/34172
2026-10-02 17:53:19,173 - INFO - Prompt processing progress: 6144/34172
2026-10-02 17:53:19,435 - INFO - Prompt processing progress: 8192/34172
2026-10-02 17:53:19,708 - INFO - Prompt processing progress: 10240/34172
2026-10-02 17:53:19,986 - INFO - Prompt processing progress: 12288/34172
2026-10-02 17:53:20,274 - INFO - Prompt processing progress: 14336/34172
2026-10-02 17:53:20,571 - INFO - Prompt processing progress: 16384/34172
2026-10-02 17:53:20,877 - INFO - Prompt processing progress: 18432/34172
2026-10-02 17:53:21,191 - INFO - Prompt processing progress: 20480/34172
2026-10-02 17:53:21,515 - INFO - Prompt processing progress: 22528/34172
2026-10-02 17:53:21,849 - INFO - Prompt processing progress: 24576/34172
2026-10-02 17:53:22,192 - INFO - Prompt processing progress: 26624/34172
2026-10-02 17:53:22,544 - INFO - Prompt processing progress: 28672/34172
2026-10-02 17:53:22,904 - INFO - Prompt processing progress: 30720/34172
2026-10-02 17:53:23,276 - INFO - Prompt processing progress: 32768/34172
2026-10-02 17:53:23,573 - INFO - Prompt processing progress: 34171/34172
2026-10-02 17:53:23,632 - INFO - Prompt processing progress: 34172/34172
2026-10-02 17:54:20,571 - WARNING - Failed to parse tool call (ValueError: No function provided.) — tool text was likely truncated mid-generation.
2026-10-02 17:54:20,597 - INFO - Prompt Cache: 1 sequences, 0.19 GB
2026-10-02 17:54:20,598 - INFO - - assistant: 0 sequences, 0.00 GB
2026-10-02 17:54:20,598 - INFO - - user: 0 sequences, 0.00 GB
2026-10-02 17:54:20,598 - INFO - - system: 1 sequences, 0.19 GB
127.0.0.1 - - [02/Oct/2026 17:54:20] "POST /v1/chat/completions HTTP/1.1" 200 -
2026-10-02 17:54:20,941 - INFO - Prompt processing progress: 2048/37788
2026-10-02 17:54:21,186 - INFO - Prompt processing progress: 4096/37788
2026-10-02 17:54:21,440 - INFO - Prompt processing progress: 6144/37788
2026-10-02 17:54:21,700 - INFO - Prompt processing progress: 8192/37788
2026-10-02 17:54:21,970 - INFO - Prompt processing progress: 10240/37788
2026-10-02 17:54:22,251 - INFO - Prompt processing progress: 12288/37788
2026-10-02 17:54:22,539 - INFO - Prompt processing progress: 14336/37788
2026-10-02 17:54:22,835 - INFO - Prompt processing progress: 16384/37788
2026-10-02 17:54:23,139 - INFO - Prompt processing progress: 18432/37788
2026-10-02 17:54:23,452 - INFO - Prompt processing progress: 20480/37788
2026-10-02 17:54:23,776 - INFO - Prompt processing progress: 22528/37788
2026-10-02 17:54:24,109 - INFO - Prompt processing progress: 24576/37788
2026-10-02 17:54:24,451 - INFO - Prompt processing progress: 26624/37788
2026-10-02 17:54:24,802 - INFO - Prompt processing progress: 28672/37788
2026-10-02 17:54:25,162 - INFO - Prompt processing progress: 30720/37788
2026-10-02 17:54:25,532 - INFO - Prompt processing progress: 32768/37788
2026-10-02 17:54:25,911 - INFO - Prompt processing progress: 34816/37788
2026-10-02 17:54:26,298 - INFO - Prompt processing progress: 36864/37788
2026-10-02 17:54:26,575 - INFO - Prompt processing progress: 37787/37788
2026-10-02 17:54:26,621 - INFO - Prompt processing progress: 37788/37788
2026-10-02 17:54:27,596 - WARNING - Failed to parse tool call (ValueError: No function provided.) — tool text was likely truncated mid-generation.
2026-10-02 17:54:27,621 - INFO - Prompt Cache: 1 sequences, 0.19 GB
2026-10-02 17:54:27,621 - INFO - - assistant: 0 sequences, 0.00 GB
2026-10-02 17:54:27,621 - INFO - - user: 0 sequences, 0.00 GB
2026-10-02 17:54:27,621 - INFO - - system: 1 sequences, 0.19 GB
127.0.0.1 - - [02/Oct/2026 17:54:27] "POST /v1/chat/completions HTTP/1.1" 200 -
2026-10-02 17:54:27,961 - INFO - Prompt processing progress: 2048/37965
2026-10-02 17:54:28,207 - INFO - Prompt processing progress: 4096/37965
2026-10-02 17:54:28,461 - INFO - Prompt processing progress: 6144/37965
2026-10-02 17:54:28,723 - INFO - Prompt processing progress: 8192/37965
2026-10-02 17:54:28,994 - INFO - Prompt processing progress: 10240/37965
2026-10-02 17:54:29,273 - INFO - Prompt processing progress: 12288/37965
2026-10-02 17:54:29,561 - INFO - Prompt processing progress: 14336/37965
2026-10-02 17:54:29,856 - INFO - Prompt processing progress: 16384/37965
2026-10-02 17:54:30,161 - INFO - Prompt processing progress: 18432/37965
2026-10-02 17:54:30,473 - INFO - Prompt processing progress: 20480/37965
2026-10-02 17:54:30,797 - INFO - Prompt processing progress: 22528/37965
2026-10-02 17:54:31,128 - INFO - Prompt processing progress: 24576/37965
2026-10-02 17:54:31,470 - INFO - Prompt processing progress: 26624/37965
2026-10-02 17:54:31,822 - INFO - Prompt processing progress: 28672/37965
2026-10-02 17:54:32,182 - INFO - Prompt processing progress: 30720/37965
2026-10-02 17:54:32,553 - INFO - Prompt processing progress: 32768/37965
2026-10-02 17:54:32,932 - INFO - Prompt processing progress: 34816/37965
2026-10-02 17:54:33,321 - INFO - Prompt processing progress: 36864/37965
2026-10-02 17:54:33,573 - INFO - Prompt processing progress: 37964/37965
2026-10-02 17:54:33,617 - INFO - Prompt processing progress: 37965/37965
2026-10-02 17:54:34,283 - INFO - Prompt Cache: 1 sequences, 0.19 GB
2026-10-02 17:54:34,283 - INFO - - assistant: 0 sequences, 0.00 GB
2026-10-02 17:54:34,283 - INFO - - user: 0 sequences, 0.00 GB
2026-10-02 17:54:34,283 - INFO - - system: 1 sequences, 0.19 GB
127.0.0.1 - - [02/Oct/2026 17:54:34] "POST /v1/chat/completions HTTP/1.1" 200 -
2026-10-02 17:54:34,451 - INFO - Prompt processing progress: 246/248
2026-10-02 17:54:34,466 - INFO - Prompt processing progress: 247/248
2026-10-02 17:54:34,484 - INFO - Prompt processing progress: 248/248
2026-10-02 17:54:35,176 - INFO - Prompt Cache: 1 sequences, 0.19 GB
2026-10-02 17:54:35,176 - INFO - - assistant: 0 sequences, 0.00 GB
2026-10-02 17:54:35,176 - INFO - - user: 0 sequences, 0.00 GB
2026-10-02 17:54:35,176 - INFO - - system: 1 sequences, 0.19 GB
127.0.0.1 - - [02/Oct/2026 17:54:35] "POST /v1/chat/completions HTTP/1.1" 200 -
2026-10-02 17:54:35,507 - INFO - Prompt processing progress: 2048/4840
2026-10-02 17:54:35,751 - INFO - Prompt processing progress: 4096/4840
2026-10-02 17:54:35,886 - INFO - Prompt processing progress: 4839/4840
2026-10-02 17:54:35,911 - INFO - Prompt processing progress: 4840/4840
2026-10-02 17:54:37,309 - WARNING - Failed to parse tool call (ValueError: No function provided.) — tool text was likely truncated mid-generation.
2026-10-02 17:54:37,320 - INFO - Prompt Cache: 1 sequences, 0.19 GB
2026-10-02 17:54:37,320 - INFO - - assistant: 0 sequences, 0.00 GB
2026-10-02 17:54:37,320 - INFO - - user: 0 sequences, 0.00 GB
2026-10-02 17:54:37,320 - INFO - - system: 1 sequences, 0.19 GB
127.0.0.1 - - [02/Oct/2026 17:54:37] "POST /v1/chat/completions HTTP/1.1" 200 -
2026-10-02 17:54:37,657 - INFO - Prompt processing progress: 2048/8132
2026-10-02 17:54:37,900 - INFO - Prompt processing progress: 4096/8132
2026-10-02 17:54:38,153 - INFO - Prompt processing progress: 6144/8132
2026-10-02 17:54:38,420 - INFO - Prompt processing progress: 8131/8132
2026-10-02 17:54:38,449 - INFO - Prompt processing progress: 8132/8132
2026-10-02 17:54:39,245 - INFO - Prompt Cache: 1 sequences, 0.19 GB
2026-10-02 17:54:39,245 - INFO - - assistant: 0 sequences, 0.00 GB
2026-10-02 17:54:39,245 - INFO - - user: 0 sequences, 0.00 GB
2026-10-02 17:54:39,245 - INFO - - system: 1 sequences, 0.19 GB
127.0.0.1 - - [02/Oct/2026 17:54:39] "POST /v1/chat/completions HTTP/1.1" 200 -
2026-10-02 17:54:39,578 - INFO - Prompt processing progress: 2048/11435
2026-10-02 17:54:39,822 - INFO - Prompt processing progress: 4096/11435
2026-10-02 17:54:40,075 - INFO - Prompt processing progress: 6144/11435
2026-10-02 17:54:40,336 - INFO - Prompt processing progress: 8192/11435
2026-10-02 17:54:40,608 - INFO - Prompt processing progress: 10240/11435
2026-10-02 17:54:40,789 - INFO - Prompt processing progress: 11434/11435
2026-10-02 17:54:40,818 - INFO - Prompt processing progress: 11435/11435
2026-10-02 17:54:41,964 - INFO - Prompt Cache: 1 sequences, 0.19 GB
2026-10-02 17:54:41,964 - INFO - - assistant: 0 sequences, 0.00 GB
2026-10-02 17:54:41,964 - INFO - - user: 0 sequences, 0.00 GB
2026-10-02 17:54:41,964 - INFO - - system: 1 sequences, 0.19 GB
127.0.0.1 - - [02/Oct/2026 17:54:41] "POST /v1/chat/completions HTTP/1.1" 200 -
2026-10-02 17:54:42,297 - INFO - Prompt processing progress: 2048/12010
2026-10-02 17:54:42,542 - INFO - Prompt processing progress: 4096/12010
2026-10-02 17:54:42,796 - INFO - Prompt processing progress: 6144/12010
2026-10-02 17:54:43,057 - INFO - Prompt processing progress: 8192/12010
2026-10-02 17:54:43,327 - INFO - Prompt processing progress: 10240/12010
2026-10-02 17:54:43,579 - INFO - Prompt processing progress: 12009/12010
2026-10-02 17:54:43,611 - INFO - Prompt processing progress: 12010/12010
2026-10-02 17:54:44,200 - WARNING - Failed to parse tool call (ValueError: No function provided.) — tool text was likely truncated mid-generation.
2026-10-02 17:54:44,213 - INFO - Prompt Cache: 1 sequences, 0.19 GB
2026-10-02 17:54:44,213 - INFO - - assistant: 0 sequences, 0.00 GB
2026-10-02 17:54:44,213 - INFO - - user: 0 sequences, 0.00 GB
2026-10-02 17:54:44,213 - INFO - - system: 1 sequences, 0.19 GB
127.0.0.1 - - [02/Oct/2026 17:54:44] "POST /v1/chat/completions HTTP/1.1" 200 -
2026-10-02 17:54:44,546 - INFO - Prompt processing progress: 2048/13571
2026-10-02 17:54:44,791 - INFO - Prompt processing progress: 4096/13571
2026-10-02 17:54:45,045 - INFO - Prompt processing progress: 6144/13571
2026-10-02 17:54:45,306 - INFO - Prompt processing progress: 8192/13571
2026-10-02 17:54:45,576 - INFO - Prompt processing progress: 10240/13571
2026-10-02 17:54:45,856 - INFO - Prompt processing progress: 12288/13571
2026-10-02 17:54:46,069 - INFO - Prompt processing progress: 13570/13571
2026-10-02 17:54:46,102 - INFO - Prompt processing progress: 13571/13571
2026-10-02 17:54:46,712 - WARNING - Failed to parse tool call (ValueError: No function provided.) — tool text was likely truncated mid-generation.
2026-10-02 17:54:46,726 - INFO - Prompt Cache: 1 sequences, 0.19 GB
2026-10-02 17:54:46,726 - INFO - - assistant: 0 sequences, 0.00 GB
2026-10-02 17:54:46,726 - INFO - - user: 0 sequences, 0.00 GB
2026-10-02 17:54:46,726 - INFO - - system: 1 sequences, 0.19 GB
127.0.0.1 - - [02/Oct/2026 17:54:46] "POST /v1/chat/completions HTTP/1.1" 200 -
2026-10-02 17:54:47,063 - INFO - Prompt processing progress: 2048/15221
2026-10-02 17:54:47,305 - INFO - Prompt processing progress: 4096/15221
2026-10-02 17:54:47,557 - INFO - Prompt processing progress: 6144/15221
2026-10-02 17:54:47,817 - INFO - Prompt processing progress: 8192/15221
2026-10-02 17:54:48,088 - INFO - Prompt processing progress: 10240/15221
2026-10-02 17:54:48,367 - INFO - Prompt processing progress: 12288/15221
2026-10-02 17:54:48,655 - INFO - Prompt processing progress: 14336/15221
2026-10-02 17:54:48,839 - INFO - Prompt processing progress: 15220/15221
2026-10-02 17:54:48,874 - INFO - Prompt processing progress: 15221/15221
2026-10-02 17:54:49,860 - INFO - Prompt Cache: 1 sequences, 0.19 GB
2026-10-02 17:54:49,860 - INFO - - assistant: 0 sequences, 0.00 GB
2026-10-02 17:54:49,860 - INFO - - user: 0 sequences, 0.00 GB
2026-10-02 17:54:49,860 - INFO - - system: 1 sequences, 0.19 GB
127.0.0.1 - - [02/Oct/2026 17:54:49] "POST /v1/chat/completions HTTP/1.1" 200 -
2026-10-02 17:54:50,200 - INFO - Prompt processing progress: 2048/17471
2026-10-02 17:54:50,445 - INFO - Prompt processing progress: 4096/17471
2026-10-02 17:54:50,697 - INFO - Prompt processing progress: 6144/17471
2026-10-02 17:54:50,958 - INFO - Prompt processing progress: 8192/17471
2026-10-02 17:54:51,228 - INFO - Prompt processing progress: 10240/17471
2026-10-02 17:54:51,509 - INFO - Prompt processing progress: 12288/17471
2026-10-02 17:54:51,796 - INFO - Prompt processing progress: 14336/17471
2026-10-02 17:54:52,092 - INFO - Prompt processing progress: 16384/17471
2026-10-02 17:54:52,277 - INFO - Prompt processing progress: 17470/17471
2026-10-02 17:54:52,313 - INFO - Prompt processing progress: 17471/17471
2026-10-02 17:54:53,364 - WARNING - Failed to parse tool call (ValueError: No function provided.) — tool text was likely truncated mid-generation.
2026-10-02 17:54:53,379 - INFO - Prompt Cache: 1 sequences, 0.19 GB
2026-10-02 17:54:53,379 - INFO - - assistant: 0 sequences, 0.00 GB
2026-10-02 17:54:53,379 - INFO - - user: 0 sequences, 0.00 GB
2026-10-02 17:54:53,379 - INFO - - system: 1 sequences, 0.19 GB
127.0.0.1 - - [02/Oct/2026 17:54:53] "POST /v1/chat/completions HTTP/1.1" 200 -
2026-10-02 17:54:53,717 - INFO - Prompt processing progress: 2048/19497
2026-10-02 17:54:53,962 - INFO - Prompt processing progress: 4096/19497
2026-10-02 17:54:54,217 - INFO - Prompt processing progress: 6144/19497
2026-10-02 17:54:54,479 - INFO - Prompt processing progress: 8192/19497
2026-10-02 17:54:54,751 - INFO - Prompt processing progress: 10240/19497
2026-10-02 17:54:55,030 - INFO - Prompt processing progress: 12288/19497
2026-10-02 17:54:55,317 - INFO - Prompt processing progress: 14336/19497
2026-10-02 17:54:55,614 - INFO - Prompt processing progress: 16384/19497
2026-10-02 17:54:55,919 - INFO - Prompt processing progress: 18432/19497
2026-10-02 17:54:56,108 - INFO - Prompt processing progress: 19496/19497
2026-10-02 17:54:56,160 - INFO - Prompt processing progress: 19497/19497
2026-10-02 17:54:57,124 - INFO - Prompt Cache: 1 sequences, 0.19 GB
2026-10-02 17:54:57,124 - INFO - - assistant: 0 sequences, 0.00 GB
2026-10-02 17:54:57,124 - INFO - - user: 0 sequences, 0.00 GB
2026-10-02 17:54:57,124 - INFO - - system: 1 sequences, 0.19 GB
127.0.0.1 - - [02/Oct/2026 17:54:57] "POST /v1/chat/completions HTTP/1.1" 200 -
2026-10-02 17:54:57,464 - INFO - Prompt processing progress: 2048/22998
2026-10-02 17:54:57,710 - INFO - Prompt processing progress: 4096/22998
2026-10-02 17:54:57,963 - INFO - Prompt processing progress: 6144/22998
2026-10-02 17:54:58,224 - INFO - Prompt processing progress: 8192/22998
2026-10-02 17:54:58,495 - INFO - Prompt processing progress: 10240/22998
2026-10-02 17:54:58,774 - INFO - Prompt processing progress: 12288/22998
2026-10-02 17:54:59,061 - INFO - Prompt processing progress: 14336/22998
2026-10-02 17:54:59,358 - INFO - Prompt processing progress: 16384/22998
2026-10-02 17:54:59,663 - INFO - Prompt processing progress: 18432/22998
2026-10-02 17:54:59,978 - INFO - Prompt processing progress: 20480/22998
2026-10-02 17:55:00,301 - INFO - Prompt processing progress: 22528/22998
2026-10-02 17:55:00,441 - INFO - Prompt processing progress: 22997/22998
2026-10-02 17:55:00,479 - INFO - Prompt processing progress: 22998/22998
2026-10-02 17:55:01,395 - INFO - Prompt Cache: 1 sequences, 0.19 GB
2026-10-02 17:55:01,395 - INFO - - assistant: 0 sequences, 0.00 GB
2026-10-02 17:55:01,395 - INFO - - user: 0 sequences, 0.00 GB
2026-10-02 17:55:01,395 - INFO - - system: 1 sequences, 0.19 GB
127.0.0.1 - - [02/Oct/2026 17:55:01] "POST /v1/chat/completions HTTP/1.1" 200 -
2026-10-02 17:55:01,732 - INFO - Prompt processing progress: 2048/25035
2026-10-02 17:55:01,977 - INFO - Prompt processing progress: 4096/25035
2026-10-02 17:55:02,229 - INFO - Prompt processing progress: 6144/25035
2026-10-02 17:55:02,490 - INFO - Prompt processing progress: 8192/25035
2026-10-02 17:55:02,760 - INFO - Prompt processing progress: 10240/25035
2026-10-02 17:55:03,039 - INFO - Prompt processing progress: 12288/25035
2026-10-02 17:55:03,326 - INFO - Prompt processing progress: 14336/25035
2026-10-02 17:55:03,623 - INFO - Prompt processing progress: 16384/25035
2026-10-02 17:55:03,928 - INFO - Prompt processing progress: 18432/25035
2026-10-02 17:55:04,243 - INFO - Prompt processing progress: 20480/25035
2026-10-02 17:55:04,568 - INFO - Prompt processing progress: 22528/25035
2026-10-02 17:55:04,901 - INFO - Prompt processing progress: 24576/25035
2026-10-02 17:55:05,038 - INFO - Prompt processing progress: 25034/25035
2026-10-02 17:55:05,076 - INFO - Prompt processing progress: 25035/25035
2026-10-02 17:55:06,126 - INFO - Prompt Cache: 1 sequences, 0.19 GB
2026-10-02 17:55:06,126 - INFO - - assistant: 0 sequences, 0.00 GB
2026-10-02 17:55:06,126 - INFO - - user: 0 sequences, 0.00 GB
2026-10-02 17:55:06,126 - INFO - - system: 1 sequences, 0.19 GB
127.0.0.1 - - [02/Oct/2026 17:55:06] "POST /v1/chat/completions HTTP/1.1" 200 -
2026-10-02 17:55:06,467 - INFO - Prompt processing progress: 2048/28506
2026-10-02 17:55:06,713 - INFO - Prompt processing progress: 4096/28506
2026-10-02 17:55:06,969 - INFO - Prompt processing progress: 6144/28506
2026-10-02 17:55:07,232 - INFO - Prompt processing progress: 8192/28506
2026-10-02 17:55:07,501 - INFO - Prompt processing progress: 10240/28506
2026-10-02 17:55:07,780 - INFO - Prompt processing progress: 12288/28506
2026-10-02 17:55:08,067 - INFO - Prompt processing progress: 14336/28506
2026-10-02 17:55:08,364 - INFO - Prompt processing progress: 16384/28506
2026-10-02 17:55:08,669 - INFO - Prompt processing progress: 18432/28506
2026-10-02 17:55:08,982 - INFO - Prompt processing progress: 20480/28506
2026-10-02 17:55:09,306 - INFO - Prompt processing progress: 22528/28506
2026-10-02 17:55:09,639 - INFO - Prompt processing progress: 24576/28506
2026-10-02 17:55:09,983 - INFO - Prompt processing progress: 26624/28506
2026-10-02 17:55:10,307 - INFO - Prompt processing progress: 28505/28506
2026-10-02 17:55:10,348 - INFO - Prompt processing progress: 28506/28506
2026-10-02 17:55:11,087 - WARNING - Failed to parse tool call (ValueError: No function provided.) — tool text was likely truncated mid-generation.
2026-10-02 17:55:11,107 - INFO - Prompt Cache: 1 sequences, 0.19 GB
2026-10-02 17:55:11,108 - INFO - - assistant: 0 sequences, 0.00 GB
2026-10-02 17:55:11,108 - INFO - - user: 0 sequences, 0.00 GB
2026-10-02 17:55:11,108 - INFO - - system: 1 sequences, 0.19 GB
127.0.0.1 - - [02/Oct/2026 17:55:11] "POST /v1/chat/completions HTTP/1.1" 200 -
2026-10-02 17:55:11,442 - INFO - Prompt processing progress: 2048/30751
2026-10-02 17:55:11,686 - INFO - Prompt processing progress: 4096/30751
2026-10-02 17:55:11,938 - INFO - Prompt processing progress: 6144/30751
2026-10-02 17:55:12,199 - INFO - Prompt processing progress: 8192/30751
2026-10-02 17:55:12,469 - INFO - Prompt processing progress: 10240/30751
2026-10-02 17:55:12,749 - INFO - Prompt processing progress: 12288/30751
2026-10-02 17:55:13,037 - INFO - Prompt processing progress: 14336/30751
2026-10-02 17:55:13,334 - INFO - Prompt processing progress: 16384/30751
2026-10-02 17:55:13,639 - INFO - Prompt processing progress: 18432/30751
2026-10-02 17:55:13,952 - INFO - Prompt processing progress: 20480/30751
2026-10-02 17:55:14,276 - INFO - Prompt processing progress: 22528/30751
2026-10-02 17:55:14,610 - INFO - Prompt processing progress: 24576/30751
2026-10-02 17:55:14,952 - INFO - Prompt processing progress: 26624/30751
2026-10-02 17:55:15,304 - INFO - Prompt processing progress: 28672/30751
2026-10-02 17:55:15,666 - INFO - Prompt processing progress: 30720/30751
2026-10-02 17:55:15,710 - INFO - Prompt processing progress: 30750/30751
2026-10-02 17:55:15,762 - INFO - Prompt processing progress: 30751/30751
2026-10-02 17:55:16,708 - INFO - Prompt Cache: 1 sequences, 0.19 GB
2026-10-02 17:55:16,708 - INFO - - assistant: 0 sequences, 0.00 GB
2026-10-02 17:55:16,708 - INFO - - user: 0 sequences, 0.00 GB
2026-10-02 17:55:16,708 - INFO - - system: 1 sequences, 0.19 GB
127.0.0.1 - - [02/Oct/2026 17:55:16] "POST /v1/chat/completions HTTP/1.1" 200 -
2026-10-02 17:55:17,047 - INFO - Prompt processing progress: 2048/33620
2026-10-02 17:55:17,291 - INFO - Prompt processing progress: 4096/33620
2026-10-02 17:55:17,545 - INFO - Prompt processing progress: 6144/33620
2026-10-02 17:55:17,808 - INFO - Prompt processing progress: 8192/33620
2026-10-02 17:55:18,080 - INFO - Prompt processing progress: 10240/33620
2026-10-02 17:55:18,359 - INFO - Prompt processing progress: 12288/33620
2026-10-02 17:55:18,647 - INFO - Prompt processing progress: 14336/33620
2026-10-02 17:55:18,944 - INFO - Prompt processing progress: 16384/33620
2026-10-02 17:55:19,248 - INFO - Prompt processing progress: 18432/33620
2026-10-02 17:55:19,562 - INFO - Prompt processing progress: 20480/33620
2026-10-02 17:55:19,885 - INFO - Prompt processing progress: 22528/33620
2026-10-02 17:55:20,218 - INFO - Prompt processing progress: 24576/33620
2026-10-02 17:55:20,561 - INFO - Prompt processing progress: 26624/33620
2026-10-02 17:55:20,912 - INFO - Prompt processing progress: 28672/33620
2026-10-02 17:55:21,273 - INFO - Prompt processing progress: 30720/33620
2026-10-02 17:55:21,643 - INFO - Prompt processing progress: 32768/33620
2026-10-02 17:55:21,883 - INFO - Prompt processing progress: 33619/33620
2026-10-02 17:55:21,927 - INFO - Prompt processing progress: 33620/33620
2026-10-02 17:55:22,997 - WARNING - Failed to parse tool call (ValueError: No function provided.) — tool text was likely truncated mid-generation.
2026-10-02 17:55:23,026 - INFO - Prompt Cache: 1 sequences, 0.19 GB
2026-10-02 17:55:23,026 - INFO - - assistant: 0 sequences, 0.00 GB
2026-10-02 17:55:23,026 - INFO - - user: 0 sequences, 0.00 GB
2026-10-02 17:55:23,026 - INFO - - system: 1 sequences, 0.19 GB
127.0.0.1 - - [02/Oct/2026 17:55:23] "POST /v1/chat/completions HTTP/1.1" 200 -
2026-10-02 17:55:23,366 - INFO - Prompt processing progress: 2048/36098
2026-10-02 17:55:23,613 - INFO - Prompt processing progress: 4096/36098
2026-10-02 17:55:23,868 - INFO - Prompt processing progress: 6144/36098
2026-10-02 17:55:24,129 - INFO - Prompt processing progress: 8192/36098
2026-10-02 17:55:24,400 - INFO - Prompt processing progress: 10240/36098
2026-10-02 17:55:24,680 - INFO - Prompt processing progress: 12288/36098
2026-10-02 17:55:24,968 - INFO - Prompt processing progress: 14336/36098
2026-10-02 17:55:25,264 - INFO - Prompt processing progress: 16384/36098
2026-10-02 17:55:25,569 - INFO - Prompt processing progress: 18432/36098
2026-10-02 17:55:25,883 - INFO - Prompt processing progress: 20480/36098
2026-10-02 17:55:26,206 - INFO - Prompt processing progress: 22528/36098
2026-10-02 17:55:26,539 - INFO - Prompt processing progress: 24576/36098
2026-10-02 17:55:26,882 - INFO - Prompt processing progress: 26624/36098
2026-10-02 17:55:27,234 - INFO - Prompt processing progress: 28672/36098
2026-10-02 17:55:27,595 - INFO - Prompt processing progress: 30720/36098
2026-10-02 17:55:27,967 - INFO - Prompt processing progress: 32768/36098
2026-10-02 17:55:28,347 - INFO - Prompt processing progress: 34816/36098
2026-10-02 17:55:28,643 - INFO - Prompt processing progress: 36097/36098
2026-10-02 17:55:28,687 - INFO - Prompt processing progress: 36098/36098
2026-10-02 17:55:29,471 - WARNING - Failed to parse tool call (ValueError: No function provided.) — tool text was likely truncated mid-generation.
2026-10-02 17:55:29,496 - INFO - Prompt Cache: 1 sequences, 0.19 GB
2026-10-02 17:55:29,496 - INFO - - assistant: 0 sequences, 0.00 GB
2026-10-02 17:55:29,496 - INFO - - user: 0 sequences, 0.00 GB
2026-10-02 17:55:29,496 - INFO - - system: 1 sequences, 0.19 GB
127.0.0.1 - - [02/Oct/2026 17:55:29] "POST /v1/chat/completions HTTP/1.1" 200 -
2026-10-02 17:55:29,835 - INFO - Prompt processing progress: 2048/38010
2026-10-02 17:55:30,078 - INFO - Prompt processing progress: 4096/38010
2026-10-02 17:55:30,332 - INFO - Prompt processing progress: 6144/38010
2026-10-02 17:55:30,593 - INFO - Prompt processing progress: 8192/38010
2026-10-02 17:55:30,863 - INFO - Prompt processing progress: 10240/38010
2026-10-02 17:55:31,143 - INFO - Prompt processing progress: 12288/38010
2026-10-02 17:55:31,431 - INFO - Prompt processing progress: 14336/38010
2026-10-02 17:55:31,728 - INFO - Prompt processing progress: 16384/38010
2026-10-02 17:55:32,032 - INFO - Prompt processing progress: 18432/38010
2026-10-02 17:55:32,345 - INFO - Prompt processing progress: 20480/38010
2026-10-02 17:55:32,669 - INFO - Prompt processing progress: 22528/38010
2026-10-02 17:55:33,000 - INFO - Prompt processing progress: 24576/38010
2026-10-02 17:55:33,343 - INFO - Prompt processing progress: 26624/38010
2026-10-02 17:55:33,695 - INFO - Prompt processing progress: 28672/38010
2026-10-02 17:55:34,057 - INFO - Prompt processing progress: 30720/38010
2026-10-02 17:55:34,426 - INFO - Prompt processing progress: 32768/38010
2026-10-02 17:55:34,805 - INFO - Prompt processing progress: 34816/38010
2026-10-02 17:55:35,192 - INFO - Prompt processing progress: 36864/38010
2026-10-02 17:55:35,435 - INFO - Prompt processing progress: 38009/38010
2026-10-02 17:55:35,493 - INFO - Prompt processing progress: 38010/38010
2026-10-02 17:55:36,292 - WARNING - Failed to parse tool call (ValueError: No function provided.) — tool text was likely truncated mid-generation.
2026-10-02 17:55:36,318 - INFO - Prompt Cache: 1 sequences, 0.19 GB
2026-10-02 17:55:36,318 - INFO - - assistant: 0 sequences, 0.00 GB
2026-10-02 17:55:36,318 - INFO - - user: 0 sequences, 0.00 GB
2026-10-02 17:55:36,318 - INFO - - system: 1 sequences, 0.19 GB
127.0.0.1 - - [02/Oct/2026 17:55:36] "POST /v1/chat/completions HTTP/1.1" 200 -
2026-10-02 17:55:36,656 - INFO - Prompt processing progress: 2048/42392
2026-10-02 17:55:36,901 - INFO - Prompt processing progress: 4096/42392
2026-10-02 17:55:37,156 - INFO - Prompt processing progress: 6144/42392
2026-10-02 17:55:37,417 - INFO - Prompt processing progress: 8192/42392
2026-10-02 17:55:37,688 - INFO - Prompt processing progress: 10240/42392
2026-10-02 17:55:37,967 - INFO - Prompt processing progress: 12288/42392
2026-10-02 17:55:38,255 - INFO - Prompt processing progress: 14336/42392
2026-10-02 17:55:38,551 - INFO - Prompt processing progress: 16384/42392
2026-10-02 17:55:38,856 - INFO - Prompt processing progress: 18432/42392
2026-10-02 17:55:39,170 - INFO - Prompt processing progress: 20480/42392
2026-10-02 17:55:39,493 - INFO - Prompt processing progress: 22528/42392
2026-10-02 17:55:39,825 - INFO - Prompt processing progress: 24576/42392
2026-10-02 17:55:40,169 - INFO - Prompt processing progress: 26624/42392
2026-10-02 17:55:40,522 - INFO - Prompt processing progress: 28672/42392
2026-10-02 17:55:40,882 - INFO - Prompt processing progress: 30720/42392
2026-10-02 17:55:41,255 - INFO - Prompt processing progress: 32768/42392
2026-10-02 17:55:41,635 - INFO - Prompt processing progress: 34816/42392
2026-10-02 17:55:42,025 - INFO - Prompt processing progress: 36864/42392
2026-10-02 17:55:42,422 - INFO - Prompt processing progress: 38912/42392
2026-10-02 17:55:42,826 - INFO - Prompt processing progress: 40960/42392
2026-10-02 17:55:43,157 - INFO - Prompt processing progress: 42391/42392
2026-10-02 17:55:43,220 - INFO - Prompt processing progress: 42392/42392
2026-10-02 17:55:44,302 - WARNING - Failed to parse tool call (ValueError: No function provided.) — tool text was likely truncated mid-generation.
2026-10-02 17:55:44,331 - INFO - Prompt Cache: 1 sequences, 0.19 GB
2026-10-02 17:55:44,331 - INFO - - assistant: 0 sequences, 0.00 GB
2026-10-02 17:55:44,331 - INFO - - user: 0 sequences, 0.00 GB
2026-10-02 17:55:44,331 - INFO - - system: 1 sequences, 0.19 GB
127.0.0.1 - - [02/Oct/2026 17:55:44] "POST /v1/chat/completions HTTP/1.1" 200 -
2026-10-02 17:55:44,674 - INFO - Prompt processing progress: 2048/44952
2026-10-02 17:55:44,919 - INFO - Prompt processing progress: 4096/44952
2026-10-02 17:55:45,175 - INFO - Prompt processing progress: 6144/44952
2026-10-02 17:55:45,436 - INFO - Prompt processing progress: 8192/44952
2026-10-02 17:55:45,708 - INFO - Prompt processing progress: 10240/44952
2026-10-02 17:55:45,987 - INFO - Prompt processing progress: 12288/44952
2026-10-02 17:55:46,275 - INFO - Prompt processing progress: 14336/44952
2026-10-02 17:55:46,572 - INFO - Prompt processing progress: 16384/44952
2026-10-02 17:55:46,877 - INFO - Prompt processing progress: 18432/44952
2026-10-02 17:55:47,190 - INFO - Prompt processing progress: 20480/44952
2026-10-02 17:55:47,515 - INFO - Prompt processing progress: 22528/44952
2026-10-02 17:55:47,848 - INFO - Prompt processing progress: 24576/44952
2026-10-02 17:55:48,192 - INFO - Prompt processing progress: 26624/44952
2026-10-02 17:55:48,543 - INFO - Prompt processing progress: 28672/44952
2026-10-02 17:55:48,904 - INFO - Prompt processing progress: 30720/44952
2026-10-02 17:55:49,274 - INFO - Prompt processing progress: 32768/44952
2026-10-02 17:55:49,653 - INFO - Prompt processing progress: 34816/44952
2026-10-02 17:55:50,040 - INFO - Prompt processing progress: 36864/44952
2026-10-02 17:55:50,440 - INFO - Prompt processing progress: 38912/44952
2026-10-02 17:55:50,849 - INFO - Prompt processing progress: 40960/44952
2026-10-02 17:55:51,265 - INFO - Prompt processing progress: 43008/44952
2026-10-02 17:55:51,705 - INFO - Prompt processing progress: 44951/44952
2026-10-02 17:55:51,771 - INFO - Prompt processing progress: 44952/44952
2026-10-02 17:55:53,651 - INFO - Prompt Cache: 1 sequences, 0.19 GB
2026-10-02 17:55:53,651 - INFO - - assistant: 0 sequences, 0.00 GB
2026-10-02 17:55:53,651 - INFO - - user: 0 sequences, 0.00 GB
2026-10-02 17:55:53,651 - INFO - - system: 1 sequences, 0.19 GB
127.0.0.1 - - [02/Oct/2026 17:55:53] "POST /v1/chat/completions HTTP/1.1" 200 -
2026-10-02 17:55:54,008 - INFO - Prompt processing progress: 2048/45093
2026-10-02 17:55:54,253 - INFO - Prompt processing progress: 4096/45093
2026-10-02 17:55:54,508 - INFO - Prompt processing progress: 6144/45093
2026-10-02 17:55:54,769 - INFO - Prompt processing progress: 8192/45093
2026-10-02 17:55:55,038 - INFO - Prompt processing progress: 10240/45093
2026-10-02 17:55:55,318 - INFO - Prompt processing progress: 12288/45093
2026-10-02 17:55:55,607 - INFO - Prompt processing progress: 14336/45093
2026-10-02 17:55:55,904 - INFO - Prompt processing progress: 16384/45093
2026-10-02 17:55:56,210 - INFO - Prompt processing progress: 18432/45093
2026-10-02 17:55:56,524 - INFO - Prompt processing progress: 20480/45093
2026-10-02 17:55:56,848 - INFO - Prompt processing progress: 22528/45093
2026-10-02 17:55:57,182 - INFO - Prompt processing progress: 24576/45093
2026-10-02 17:55:57,524 - INFO - Prompt processing progress: 26624/45093
2026-10-02 17:55:57,877 - INFO - Prompt processing progress: 28672/45093
2026-10-02 17:55:58,237 - INFO - Prompt processing progress: 30720/45093
2026-10-02 17:55:58,607 - INFO - Prompt processing progress: 32768/45093
2026-10-02 17:55:58,985 - INFO - Prompt processing progress: 34816/45093
2026-10-02 17:55:59,373 - INFO - Prompt processing progress: 36864/45093
2026-10-02 17:55:59,771 - INFO - Prompt processing progress: 38912/45093
2026-10-02 17:56:00,177 - INFO - Prompt processing progress: 40960/45093
2026-10-02 17:56:00,595 - INFO - Prompt processing progress: 43008/45093
2026-10-02 17:56:01,022 - INFO - Prompt processing progress: 45056/45093
2026-10-02 17:56:01,078 - INFO - Prompt processing progress: 45092/45093
2026-10-02 17:56:01,141 - INFO - Prompt processing progress: 45093/45093
2026-10-02 17:57:52,115 - WARNING - Failed to parse tool call (ValueError: No function provided.) — tool text was likely truncated mid-generation.
2026-10-02 17:57:52,155 - INFO - Prompt Cache: 1 sequences, 0.19 GB
2026-10-02 17:57:52,155 - INFO - - assistant: 0 sequences, 0.00 GB
2026-10-02 17:57:52,155 - INFO - - user: 0 sequences, 0.00 GB
2026-10-02 17:57:52,155 - INFO - - system: 1 sequences, 0.19 GB
127.0.0.1 - - [02/Oct/2026 17:57:52] "POST /v1/chat/completions HTTP/1.1" 200 -
2026-10-02 17:57:52,519 - INFO - Prompt processing progress: 2048/49782
2026-10-02 17:57:52,773 - INFO - Prompt processing progress: 4096/49782
2026-10-02 17:57:53,027 - INFO - Prompt processing progress: 6144/49782
2026-10-02 17:57:53,288 - INFO - Prompt processing progress: 8192/49782
2026-10-02 17:57:53,558 - INFO - Prompt processing progress: 10240/49782
2026-10-02 17:57:53,838 - INFO - Prompt processing progress: 12288/49782
2026-10-02 17:57:54,125 - INFO - Prompt processing progress: 14336/49782
2026-10-02 17:57:54,422 - INFO - Prompt processing progress: 16384/49782
2026-10-02 17:57:54,727 - INFO - Prompt processing progress: 18432/49782
2026-10-02 17:57:55,042 - INFO - Prompt processing progress: 20480/49782
2026-10-02 17:57:55,365 - INFO - Prompt processing progress: 22528/49782
2026-10-02 17:57:55,698 - INFO - Prompt processing progress: 24576/49782
2026-10-02 17:57:56,042 - INFO - Prompt processing progress: 26624/49782
2026-10-02 17:57:56,393 - INFO - Prompt processing progress: 28672/49782
2026-10-02 17:57:56,753 - INFO - Prompt processing progress: 30720/49782
2026-10-02 17:57:57,123 - INFO - Prompt processing progress: 32768/49782
2026-10-02 17:57:57,502 - INFO - Prompt processing progress: 34816/49782
2026-10-02 17:57:57,890 - INFO - Prompt processing progress: 36864/49782
2026-10-02 17:57:58,289 - INFO - Prompt processing progress: 38912/49782
2026-10-02 17:57:58,697 - INFO - Prompt processing progress: 40960/49782
2026-10-02 17:57:59,114 - INFO - Prompt processing progress: 43008/49782
2026-10-02 17:57:59,539 - INFO - Prompt processing progress: 45056/49782
2026-10-02 17:57:59,972 - INFO - Prompt processing progress: 47104/49782
2026-10-02 17:58:00,416 - INFO - Prompt processing progress: 49152/49782
2026-10-02 17:58:00,642 - INFO - Prompt processing progress: 49781/49782
2026-10-02 17:58:00,708 - INFO - Prompt processing progress: 49782/49782
2026-10-02 17:58:01,564 - WARNING - Failed to parse tool call (ValueError: No function provided.) — tool text was likely truncated mid-generation.
2026-10-02 17:58:01,594 - INFO - Prompt Cache: 1 sequences, 0.19 GB
2026-10-02 17:58:01,594 - INFO - - assistant: 0 sequences, 0.00 GB
2026-10-02 17:58:01,594 - INFO - - user: 0 sequences, 0.00 GB
2026-10-02 17:58:01,594 - INFO - - system: 1 sequences, 0.19 GB
127.0.0.1 - - [02/Oct/2026 17:58:01] "POST /v1/chat/completions HTTP/1.1" 200 -
2026-10-02 17:58:01,932 - INFO - Prompt processing progress: 2048/49914
2026-10-02 17:58:02,179 - INFO - Prompt processing progress: 4096/49914
2026-10-02 17:58:02,432 - INFO - Prompt processing progress: 6144/49914
2026-10-02 17:58:02,693 - INFO - Prompt processing progress: 8192/49914
2026-10-02 17:58:02,962 - INFO - Prompt processing progress: 10240/49914
2026-10-02 17:58:03,242 - INFO - Prompt processing progress: 12288/49914
2026-10-02 17:58:03,530 - INFO - Prompt processing progress: 14336/49914
2026-10-02 17:58:03,826 - INFO - Prompt processing progress: 16384/49914
2026-10-02 17:58:04,131 - INFO - Prompt processing progress: 18432/49914
2026-10-02 17:58:04,445 - INFO - Prompt processing progress: 20480/49914
2026-10-02 17:58:04,770 - INFO - Prompt processing progress: 22528/49914
2026-10-02 17:58:05,103 - INFO - Prompt processing progress: 24576/49914
2026-10-02 17:58:05,446 - INFO - Prompt processing progress: 26624/49914
2026-10-02 17:58:05,800 - INFO - Prompt processing progress: 28672/49914
2026-10-02 17:58:06,161 - INFO - Prompt processing progress: 30720/49914
2026-10-02 17:58:06,530 - INFO - Prompt processing progress: 32768/49914
2026-10-02 17:58:06,910 - INFO - Prompt processing progress: 34816/49914
2026-10-02 17:58:07,299 - INFO - Prompt processing progress: 36864/49914
2026-10-02 17:58:07,697 - INFO - Prompt processing progress: 38912/49914
2026-10-02 17:58:08,104 - INFO - Prompt processing progress: 40960/49914
2026-10-02 17:58:08,519 - INFO - Prompt processing progress: 43008/49914
2026-10-02 17:58:08,949 - INFO - Prompt processing progress: 45056/49914
2026-10-02 17:58:09,382 - INFO - Prompt processing progress: 47104/49914
2026-10-02 17:58:09,825 - INFO - Prompt processing progress: 49152/49914
2026-10-02 17:58:10,097 - INFO - Prompt processing progress: 49913/49914
2026-10-02 17:58:10,162 - INFO - Prompt processing progress: 49914/49914
2026-10-02 17:58:12,665 - INFO - Prompt Cache: 1 sequences, 0.19 GB
2026-10-02 17:58:12,665 - INFO - - assistant: 0 sequences, 0.00 GB
2026-10-02 17:58:12,665 - INFO - - user: 0 sequences, 0.00 GB
2026-10-02 17:58:12,665 - INFO - - system: 1 sequences, 0.19 GB
127.0.0.1 - - [02/Oct/2026 17:58:12] "POST /v1/chat/completions HTTP/1.1" 200 -
2026-10-02 17:58:12,988 - INFO - Prompt processing progress: 2048/6963
2026-10-02 17:58:13,210 - INFO - Prompt processing progress: 4096/6963
2026-10-02 17:58:13,436 - INFO - Prompt processing progress: 6144/6963
2026-10-02 17:58:13,533 - INFO - Prompt processing progress: 6680/6963
2026-10-02 17:58:13,607 - INFO - Prompt processing progress: 6961/6963
2026-10-02 17:58:13,624 - INFO - Prompt processing progress: 6962/6963
2026-10-02 17:58:13,640 - INFO - Prompt processing progress: 6963/6963
2026-10-02 17:58:14,210 - WARNING - Failed to parse tool call (ValueError: No function provided.) — tool text was likely truncated mid-generation.
2026-10-02 17:58:14,217 - INFO - Prompt Cache: 1 sequences, 0.20 GB
2026-10-02 17:58:14,217 - INFO - - assistant: 0 sequences, 0.00 GB
2026-10-02 17:58:14,217 - INFO - - user: 0 sequences, 0.00 GB
2026-10-02 17:58:14,217 - INFO - - system: 1 sequences, 0.20 GB
127.0.0.1 - - [02/Oct/2026 17:58:14] "POST /v1/chat/completions HTTP/1.1" 200 -
2026-10-02 17:58:14,433 - INFO - Prompt processing progress: 747/748
2026-10-02 17:58:14,454 - INFO - Prompt processing progress: 748/748
2026-10-02 17:58:21,782 - INFO - Prompt Cache: 1 sequences, 0.20 GB
2026-10-02 17:58:21,782 - INFO - - assistant: 0 sequences, 0.00 GB
2026-10-02 17:58:21,782 - INFO - - user: 0 sequences, 0.00 GB
2026-10-02 17:58:21,782 - INFO - - system: 1 sequences, 0.20 GB
127.0.0.1 - - [02/Oct/2026 17:58:21] "POST /v1/chat/completions HTTP/1.1" 200 -
2026-10-02 17:58:22,059 - INFO - Prompt processing progress: 1345/1346
2026-10-02 17:58:22,080 - INFO - Prompt processing progress: 1346/1346
2026-10-02 17:58:22,561 - INFO - Prompt Cache: 1 sequences, 0.20 GB
2026-10-02 17:58:22,561 - INFO - - assistant: 0 sequences, 0.00 GB
2026-10-02 17:58:22,561 - INFO - - user: 0 sequences, 0.00 GB
2026-10-02 17:58:22,561 - INFO - - system: 1 sequences, 0.20 GB
127.0.0.1 - - [02/Oct/2026 17:58:22] "POST /v1/chat/completions HTTP/1.1" 200 -
2026-10-02 17:58:22,875 - INFO - Prompt processing progress: 1820/1821
2026-10-02 17:58:22,897 - INFO - Prompt processing progress: 1821/1821
2026-10-02 17:58:23,691 - INFO - Prompt Cache: 1 sequences, 0.20 GB
2026-10-02 17:58:23,691 - INFO - - assistant: 0 sequences, 0.00 GB
2026-10-02 17:58:23,691 - INFO - - user: 0 sequences, 0.00 GB
2026-10-02 17:58:23,691 - INFO - - system: 1 sequences, 0.20 GB
127.0.0.1 - - [02/Oct/2026 17:58:23] "POST /v1/chat/completions HTTP/1.1" 200 -
2026-10-02 17:58:24,024 - INFO - Prompt processing progress: 1923/1924
2026-10-02 17:58:24,046 - INFO - Prompt processing progress: 1924/1924
2026-10-02 17:58:26,386 - INFO - Prompt Cache: 1 sequences, 0.20 GB
2026-10-02 17:58:26,386 - INFO - - assistant: 0 sequences, 0.00 GB
2026-10-02 17:58:26,386 - INFO - - user: 0 sequences, 0.00 GB
2026-10-02 17:58:26,386 - INFO - - system: 1 sequences, 0.20 GB
127.0.0.1 - - [02/Oct/2026 17:58:26] "POST /v1/chat/completions HTTP/1.1" 200 -
2026-10-02 17:58:26,693 - INFO - Prompt processing progress: 2048/6462
2026-10-02 17:58:26,911 - INFO - Prompt processing progress: 4096/6462
2026-10-02 17:58:27,135 - INFO - Prompt processing progress: 6144/6462
2026-10-02 17:58:27,161 - INFO - Prompt processing progress: 6162/6462
2026-10-02 17:58:27,231 - INFO - Prompt processing progress: 6460/6462
2026-10-02 17:58:27,247 - INFO - Prompt processing progress: 6461/6462
2026-10-02 17:58:27,263 - INFO - Prompt processing progress: 6462/6462
2026-10-02 17:58:27,902 - WARNING - Failed to parse tool call (ValueError: No function provided.) — tool text was likely truncated mid-generation.
2026-10-02 17:58:27,911 - INFO - Prompt Cache: 1 sequences, 0.19 GB
2026-10-02 17:58:27,911 - INFO - - assistant: 0 sequences, 0.00 GB
2026-10-02 17:58:27,911 - INFO - - user: 0 sequences, 0.00 GB
2026-10-02 17:58:27,911 - INFO - - system: 1 sequences, 0.19 GB
127.0.0.1 - - [02/Oct/2026 17:58:27] "POST /v1/chat/completions HTTP/1.1" 200 -
2026-10-02 17:58:28,241 - INFO - Prompt processing progress: 2048/3409
2026-10-02 17:58:28,431 - INFO - Prompt processing progress: 3408/3409
2026-10-02 17:58:28,454 - INFO - Prompt processing progress: 3409/3409
2026-10-02 17:58:29,140 - INFO - Prompt Cache: 1 sequences, 0.19 GB
2026-10-02 17:58:29,140 - INFO - - assistant: 0 sequences, 0.00 GB
2026-10-02 17:58:29,140 - INFO - - user: 0 sequences, 0.00 GB
2026-10-02 17:58:29,140 - INFO - - system: 1 sequences, 0.19 GB
127.0.0.1 - - [02/Oct/2026 17:58:29] "POST /v1/chat/completions HTTP/1.1" 200 -
2026-10-02 17:58:29,468 - INFO - Prompt processing progress: 2048/6557
2026-10-02 17:58:29,714 - INFO - Prompt processing progress: 4096/6557
2026-10-02 17:58:29,965 - INFO - Prompt processing progress: 6144/6557
2026-10-02 17:58:30,062 - INFO - Prompt processing progress: 6556/6557
2026-10-02 17:58:30,091 - INFO - Prompt processing progress: 6557/6557
2026-10-02 17:58:30,640 - WARNING - Failed to parse tool call (ValueError: No function provided.) — tool text was likely truncated mid-generation.
2026-10-02 17:58:30,652 - INFO - Prompt Cache: 1 sequences, 0.19 GB
2026-10-02 17:58:30,652 - INFO - - assistant: 0 sequences, 0.00 GB
2026-10-02 17:58:30,652 - INFO - - user: 0 sequences, 0.00 GB
2026-10-02 17:58:30,652 - INFO - - system: 1 sequences, 0.19 GB
127.0.0.1 - - [02/Oct/2026 17:58:30] "POST /v1/chat/completions HTTP/1.1" 200 -
2026-10-02 17:58:30,982 - INFO - Prompt processing progress: 2048/9666
2026-10-02 17:58:31,229 - INFO - Prompt processing progress: 4096/9666
2026-10-02 17:58:31,481 - INFO - Prompt processing progress: 6144/9666
2026-10-02 17:58:31,744 - INFO - Prompt processing progress: 8192/9666
2026-10-02 17:58:31,956 - INFO - Prompt processing progress: 9665/9666
2026-10-02 17:58:31,986 - INFO - Prompt processing progress: 9666/9666
2026-10-02 17:58:32,895 - WARNING - Failed to parse tool call (ValueError: No function provided.) — tool text was likely truncated mid-generation.
2026-10-02 17:58:32,909 - INFO - Prompt Cache: 1 sequences, 0.19 GB
2026-10-02 17:58:32,909 - INFO - - assistant: 0 sequences, 0.00 GB
2026-10-02 17:58:32,909 - INFO - - user: 0 sequences, 0.00 GB
2026-10-02 17:58:32,909 - INFO - - system: 1 sequences, 0.19 GB
127.0.0.1 - - [02/Oct/2026 17:58:32] "POST /v1/chat/completions HTTP/1.1" 200 -
2026-10-02 17:58:33,242 - INFO - Prompt processing progress: 2048/12759
2026-10-02 17:58:33,489 - INFO - Prompt processing progress: 4096/12759
2026-10-02 17:58:33,742 - INFO - Prompt processing progress: 6144/12759
2026-10-02 17:58:34,004 - INFO - Prompt processing progress: 8192/12759
2026-10-02 17:58:34,274 - INFO - Prompt processing progress: 10240/12759
2026-10-02 17:58:34,554 - INFO - Prompt processing progress: 12288/12759
2026-10-02 17:58:34,672 - INFO - Prompt processing progress: 12758/12759
2026-10-02 17:58:34,704 - INFO - Prompt processing progress: 12759/12759
2026-10-02 17:58:35,524 - INFO - Prompt Cache: 1 sequences, 0.19 GB
2026-10-02 17:58:35,524 - INFO - - assistant: 0 sequences, 0.00 GB
2026-10-02 17:58:35,524 - INFO - - user: 0 sequences, 0.00 GB
2026-10-02 17:58:35,524 - INFO - - system: 1 sequences, 0.19 GB
127.0.0.1 - - [02/Oct/2026 17:58:35] "POST /v1/chat/completions HTTP/1.1" 200 -
2026-10-02 17:58:35,859 - INFO - Prompt processing progress: 2048/19109
2026-10-02 17:58:36,104 - INFO - Prompt processing progress: 4096/19109
2026-10-02 17:58:36,355 - INFO - Prompt processing progress: 6144/19109
2026-10-02 17:58:36,618 - INFO - Prompt processing progress: 8192/19109
2026-10-02 17:58:36,890 - INFO - Prompt processing progress: 10240/19109
2026-10-02 17:58:37,170 - INFO - Prompt processing progress: 12288/19109
2026-10-02 17:58:37,458 - INFO - Prompt processing progress: 14336/19109
2026-10-02 17:58:37,754 - INFO - Prompt processing progress: 16384/19109
2026-10-02 17:58:38,060 - INFO - Prompt processing progress: 18432/19109
2026-10-02 17:58:38,227 - INFO - Prompt processing progress: 19108/19109
2026-10-02 17:58:38,263 - INFO - Prompt processing progress: 19109/19109
2026-10-02 17:59:20,126 - WARNING - Failed to parse tool call (ValueError: No function provided.) — tool text was likely truncated mid-generation.
2026-10-02 17:59:20,148 - INFO - Prompt Cache: 1 sequences, 0.19 GB
2026-10-02 17:59:20,148 - INFO - - assistant: 0 sequences, 0.00 GB
2026-10-02 17:59:20,148 - INFO - - user: 0 sequences, 0.00 GB
2026-10-02 17:59:20,148 - INFO - - system: 1 sequences, 0.19 GB
127.0.0.1 - - [02/Oct/2026 17:59:20] "POST /v1/chat/completions HTTP/1.1" 200 -
2026-10-02 17:59:20,492 - INFO - Prompt processing progress: 2048/22043
2026-10-02 17:59:20,741 - INFO - Prompt processing progress: 4096/22043
2026-10-02 17:59:20,993 - INFO - Prompt processing progress: 6144/22043
2026-10-02 17:59:21,254 - INFO - Prompt processing progress: 8192/22043
2026-10-02 17:59:21,525 - INFO - Prompt processing progress: 10240/22043
2026-10-02 17:59:21,805 - INFO - Prompt processing progress: 12288/22043
2026-10-02 17:59:22,093 - INFO - Prompt processing progress: 14336/22043
2026-10-02 17:59:22,389 - INFO - Prompt processing progress: 16384/22043
2026-10-02 17:59:22,695 - INFO - Prompt processing progress: 18432/22043
2026-10-02 17:59:23,009 - INFO - Prompt processing progress: 20480/22043
2026-10-02 17:59:23,277 - INFO - Prompt processing progress: 22042/22043
2026-10-02 17:59:23,315 - INFO - Prompt processing progress: 22043/22043
2026-10-02 17:59:24,108 - WARNING - Failed to parse tool call (ValueError: No function provided.) — tool text was likely truncated mid-generation.
2026-10-02 17:59:24,127 - INFO - Prompt Cache: 1 sequences, 0.19 GB
2026-10-02 17:59:24,127 - INFO - - assistant: 0 sequences, 0.00 GB
2026-10-02 17:59:24,127 - INFO - - user: 0 sequences, 0.00 GB
2026-10-02 17:59:24,127 - INFO - - system: 1 sequences, 0.19 GB
127.0.0.1 - - [02/Oct/2026 17:59:24] "POST /v1/chat/completions HTTP/1.1" 200 -
2026-10-02 17:59:24,466 - INFO - Prompt processing progress: 2048/22452
2026-10-02 17:59:24,712 - INFO - Prompt processing progress: 4096/22452
2026-10-02 17:59:24,966 - INFO - Prompt processing progress: 6144/22452
2026-10-02 17:59:25,230 - INFO - Prompt processing progress: 8192/22452
2026-10-02 17:59:25,501 - INFO - Prompt processing progress: 10240/22452
2026-10-02 17:59:25,781 - INFO - Prompt processing progress: 12288/22452
2026-10-02 17:59:26,069 - INFO - Prompt processing progress: 14336/22452
2026-10-02 17:59:26,365 - INFO - Prompt processing progress: 16384/22452
2026-10-02 17:59:26,671 - INFO - Prompt processing progress: 18432/22452
2026-10-02 17:59:26,985 - INFO - Prompt processing progress: 20480/22452
2026-10-02 17:59:27,318 - INFO - Prompt processing progress: 22451/22452
2026-10-02 17:59:27,354 - INFO - Prompt processing progress: 22452/22452
2026-10-02 17:59:28,785 - WARNING - Failed to parse tool call (ValueError: No function provided.) — tool text was likely truncated mid-generation.
2026-10-02 17:59:28,806 - INFO - Prompt Cache: 1 sequences, 0.19 GB
2026-10-02 17:59:28,806 - INFO - - assistant: 0 sequences, 0.00 GB
2026-10-02 17:59:28,806 - INFO - - user: 0 sequences, 0.00 GB
2026-10-02 17:59:28,806 - INFO - - system: 1 sequences, 0.19 GB
127.0.0.1 - - [02/Oct/2026 17:59:28] "POST /v1/chat/completions HTTP/1.1" 200 -
2026-10-02 17:59:29,147 - INFO - Prompt processing progress: 2048/22574
2026-10-02 17:59:29,392 - INFO - Prompt processing progress: 4096/22574
2026-10-02 17:59:29,646 - INFO - Prompt processing progress: 6144/22574
2026-10-02 17:59:29,909 - INFO - Prompt processing progress: 8192/22574
2026-10-02 17:59:30,180 - INFO - Prompt processing progress: 10240/22574
2026-10-02 17:59:30,458 - INFO - Prompt processing progress: 12288/22574
2026-10-02 17:59:30,746 - INFO - Prompt processing progress: 14336/22574
2026-10-02 17:59:31,042 - INFO - Prompt processing progress: 16384/22574
2026-10-02 17:59:31,346 - INFO - Prompt processing progress: 18432/22574
2026-10-02 17:59:31,661 - INFO - Prompt processing progress: 20480/22574
2026-10-02 17:59:31,984 - INFO - Prompt processing progress: 22528/22574
2026-10-02 17:59:32,032 - INFO - Prompt processing progress: 22573/22574
2026-10-02 17:59:32,066 - INFO - Prompt processing progress: 22574/22574
2026-10-02 17:59:33,492 - INFO - Prompt Cache: 1 sequences, 0.19 GB
2026-10-02 17:59:33,492 - INFO - - assistant: 0 sequences, 0.00 GB
2026-10-02 17:59:33,492 - INFO - - user: 0 sequences, 0.00 GB
2026-10-02 17:59:33,492 - INFO - - system: 1 sequences, 0.19 GB
127.0.0.1 - - [02/Oct/2026 17:59:33] "POST /v1/chat/completions HTTP/1.1" 200 -
2026-10-02 17:59:33,810 - INFO - Prompt processing progress: 2048/6420
2026-10-02 17:59:34,027 - INFO - Prompt processing progress: 4096/6420
2026-10-02 17:59:34,254 - INFO - Prompt processing progress: 6144/6420
2026-10-02 17:59:34,304 - INFO - Prompt processing progress: 6223/6420
2026-10-02 17:59:34,364 - INFO - Prompt processing progress: 6418/6420
2026-10-02 17:59:34,380 - INFO - Prompt processing progress: 6419/6420
2026-10-02 17:59:34,396 - INFO - Prompt processing progress: 6420/6420
2026-10-02 17:59:35,179 - WARNING - Failed to parse tool call (ValueError: No function provided.) — tool text was likely truncated mid-generation.
2026-10-02 17:59:35,186 - INFO - Prompt Cache: 1 sequences, 0.19 GB
2026-10-02 17:59:35,186 - INFO - - assistant: 0 sequences, 0.00 GB
2026-10-02 17:59:35,186 - INFO - - user: 0 sequences, 0.00 GB
2026-10-02 17:59:35,186 - INFO - - system: 1 sequences, 0.19 GB
127.0.0.1 - - [02/Oct/2026 17:59:35] "POST /v1/chat/completions HTTP/1.1" 200 -
2026-10-02 17:59:35,354 - INFO - Prompt processing progress: 287/288
2026-10-02 17:59:35,372 - INFO - Prompt processing progress: 288/288
2026-10-02 17:59:36,190 - INFO - Prompt Cache: 1 sequences, 0.19 GB
2026-10-02 17:59:36,190 - INFO - - assistant: 0 sequences, 0.00 GB
2026-10-02 17:59:36,190 - INFO - - user: 0 sequences, 0.00 GB
2026-10-02 17:59:36,190 - INFO - - system: 1 sequences, 0.19 GB
127.0.0.1 - - [02/Oct/2026 17:59:36] "POST /v1/chat/completions HTTP/1.1" 200 -
2026-10-02 17:59:36,392 - INFO - Prompt processing progress: 631/632
2026-10-02 17:59:36,411 - INFO - Prompt processing progress: 632/632
2026-10-02 17:59:41,541 - WARNING - Failed to parse tool call (ValueError: No function provided.) — tool text was likely truncated mid-generation.
2026-10-02 17:59:41,550 - INFO - Prompt Cache: 1 sequences, 0.19 GB
2026-10-02 17:59:41,550 - INFO - - assistant: 0 sequences, 0.00 GB
2026-10-02 17:59:41,550 - INFO - - user: 0 sequences, 0.00 GB
2026-10-02 17:59:41,550 - INFO - - system: 1 sequences, 0.19 GB
127.0.0.1 - - [02/Oct/2026 17:59:41] "POST /v1/chat/completions HTTP/1.1" 200 -
2026-10-02 17:59:41,788 - INFO - Prompt processing progress: 1001/1002
2026-10-02 17:59:41,808 - INFO - Prompt processing progress: 1002/1002
2026-10-02 17:59:42,391 - INFO - Prompt Cache: 1 sequences, 0.19 GB
2026-10-02 17:59:42,391 - INFO - - assistant: 0 sequences, 0.00 GB
2026-10-02 17:59:42,391 - INFO - - user: 0 sequences, 0.00 GB
2026-10-02 17:59:42,391 - INFO - - system: 1 sequences, 0.19 GB
127.0.0.1 - - [02/Oct/2026 17:59:42] "POST /v1/chat/completions HTTP/1.1" 200 -
2026-10-02 17:59:42,659 - INFO - Prompt processing progress: 1320/1321
2026-10-02 17:59:42,681 - INFO - Prompt processing progress: 1321/1321
2026-10-02 17:59:44,791 - INFO - Prompt Cache: 1 sequences, 0.19 GB
2026-10-02 17:59:44,791 - INFO - - assistant: 0 sequences, 0.00 GB
2026-10-02 17:59:44,791 - INFO - - user: 0 sequences, 0.00 GB
2026-10-02 17:59:44,791 - INFO - - system: 1 sequences, 0.19 GB
127.0.0.1 - - [02/Oct/2026 17:59:44] "POST /v1/chat/completions HTTP/1.1" 200 -
2026-10-02 17:59:45,001 - INFO - Prompt processing progress: 478/1680
2026-10-02 17:59:45,147 - INFO - Prompt processing progress: 1678/1680
2026-10-02 17:59:45,165 - INFO - Prompt processing progress: 1679/1680
2026-10-02 17:59:45,180 - INFO - Prompt processing progress: 1680/1680
2026-10-02 17:59:46,558 - INFO - Prompt Cache: 1 sequences, 0.07 GB
2026-10-02 17:59:46,558 - INFO - - assistant: 0 sequences, 0.00 GB
2026-10-02 17:59:46,558 - INFO - - user: 0 sequences, 0.00 GB
2026-10-02 17:59:46,558 - INFO - - system: 1 sequences, 0.07 GB
127.0.0.1 - - [02/Oct/2026 17:59:46] "POST /v1/chat/completions HTTP/1.1" 200 -
2026-10-02 17:59:46,810 - INFO - Prompt processing progress: 1398/1400
2026-10-02 17:59:46,828 - INFO - Prompt processing progress: 1399/1400
2026-10-02 17:59:46,843 - INFO - Prompt processing progress: 1400/1400
2026-10-02 17:59:47,571 - WARNING - Failed to parse tool call (ValueError: No function provided.) — tool text was likely truncated mid-generation.
2026-10-02 17:59:47,575 - INFO - Prompt Cache: 1 sequences, 0.07 GB
2026-10-02 17:59:47,575 - INFO - - assistant: 0 sequences, 0.00 GB
2026-10-02 17:59:47,575 - INFO - - user: 0 sequences, 0.00 GB
2026-10-02 17:59:47,575 - INFO - - system: 1 sequences, 0.07 GB
127.0.0.1 - - [02/Oct/2026 17:59:47] "POST /v1/chat/completions HTTP/1.1" 200 -
2026-10-02 17:59:47,839 - INFO - Prompt processing progress: 1515/1517
2026-10-02 17:59:47,857 - INFO - Prompt processing progress: 1516/1517
2026-10-02 17:59:47,874 - INFO - Prompt processing progress: 1517/1517
2026-10-02 17:59:48,498 - WARNING - Failed to parse tool call (ValueError: No function provided.) — tool text was likely truncated mid-generation.
2026-10-02 17:59:48,502 - INFO - Prompt Cache: 1 sequences, 0.07 GB
2026-10-02 17:59:48,502 - INFO - - assistant: 0 sequences, 0.00 GB
2026-10-02 17:59:48,502 - INFO - - user: 0 sequences, 0.00 GB
2026-10-02 17:59:48,502 - INFO - - system: 1 sequences, 0.07 GB
127.0.0.1 - - [02/Oct/2026 17:59:48] "POST /v1/chat/completions HTTP/1.1" 200 -
2026-10-02 17:59:48,774 - INFO - Prompt processing progress: 1612/1614
2026-10-02 17:59:48,793 - INFO - Prompt processing progress: 1613/1614
2026-10-02 17:59:48,807 - INFO - Prompt processing progress: 1614/1614
2026-10-02 17:59:49,210 - WARNING - Failed to parse tool call (ValueError: No function provided.) — tool text was likely truncated mid-generation.
2026-10-02 17:59:49,214 - INFO - Prompt Cache: 1 sequences, 0.07 GB
2026-10-02 17:59:49,215 - INFO - - assistant: 0 sequences, 0.00 GB
2026-10-02 17:59:49,215 - INFO - - user: 0 sequences, 0.00 GB
2026-10-02 17:59:49,215 - INFO - - system: 1 sequences, 0.07 GB
127.0.0.1 - - [02/Oct/2026 17:59:49] "POST /v1/chat/completions HTTP/1.1" 200 -
2026-10-02 17:59:49,519 - INFO - Prompt processing progress: 2048/2694
2026-10-02 17:59:49,624 - INFO - Prompt processing progress: 2692/2694
2026-10-02 17:59:49,641 - INFO - Prompt processing progress: 2693/2694
2026-10-02 17:59:49,659 - INFO - Prompt processing progress: 2694/2694
2026-10-02 17:59:50,239 - WARNING - Failed to parse tool call (ValueError: No function provided.) — tool text was likely truncated mid-generation.
2026-10-02 17:59:50,244 - INFO - Prompt Cache: 1 sequences, 0.07 GB
2026-10-02 17:59:50,244 - INFO - - assistant: 0 sequences, 0.00 GB
2026-10-02 17:59:50,244 - INFO - - user: 0 sequences, 0.00 GB
2026-10-02 17:59:50,244 - INFO - - system: 1 sequences, 0.07 GB
127.0.0.1 - - [02/Oct/2026 17:59:50] "POST /v1/chat/completions HTTP/1.1" 200 -
2026-10-02 17:59:50,549 - INFO - Prompt processing progress: 2048/2786
2026-10-02 17:59:50,661 - INFO - Prompt processing progress: 2784/2786
2026-10-02 17:59:50,679 - INFO - Prompt processing progress: 2785/2786
2026-10-02 17:59:50,697 - INFO - Prompt processing progress: 2786/2786
2026-10-02 17:59:51,110 - INFO - Prompt Cache: 1 sequences, 0.07 GB
2026-10-02 17:59:51,110 - INFO - - assistant: 0 sequences, 0.00 GB
2026-10-02 17:59:51,110 - INFO - - user: 0 sequences, 0.00 GB
2026-10-02 17:59:51,110 - INFO - - system: 1 sequences, 0.07 GB
127.0.0.1 - - [02/Oct/2026 17:59:51] "POST /v1/chat/completions HTTP/1.1" 200 -
2026-10-02 17:59:51,416 - INFO - Prompt processing progress: 2048/2893
2026-10-02 17:59:51,538 - INFO - Prompt processing progress: 2891/2893
2026-10-02 17:59:51,555 - INFO - Prompt processing progress: 2892/2893
2026-10-02 17:59:51,571 - INFO - Prompt processing progress: 2893/2893
2026-10-02 17:59:51,871 - WARNING - Failed to parse tool call (ValueError: No function provided.) — tool text was likely truncated mid-generation.
2026-10-02 17:59:51,877 - INFO - Prompt Cache: 1 sequences, 0.07 GB
2026-10-02 17:59:51,877 - INFO - - assistant: 0 sequences, 0.00 GB
2026-10-02 17:59:51,877 - INFO - - user: 0 sequences, 0.00 GB
2026-10-02 17:59:51,877 - INFO - - system: 1 sequences, 0.07 GB
127.0.0.1 - - [02/Oct/2026 17:59:51] "POST /v1/chat/completions HTTP/1.1" 200 -
2026-10-02 17:59:52,183 - INFO - Prompt processing progress: 2048/5473
2026-10-02 17:59:52,405 - INFO - Prompt processing progress: 4096/5473
2026-10-02 17:59:52,582 - INFO - Prompt processing progress: 5471/5473
2026-10-02 17:59:52,601 - INFO - Prompt processing progress: 5472/5473
2026-10-02 17:59:52,636 - INFO - Prompt processing progress: 5473/5473
2026-10-02 17:59:54,054 - INFO - Prompt Cache: 1 sequences, 0.07 GB
2026-10-02 17:59:54,054 - INFO - - assistant: 0 sequences, 0.00 GB
2026-10-02 17:59:54,054 - INFO - - user: 0 sequences, 0.00 GB
2026-10-02 17:59:54,054 - INFO - - system: 1 sequences, 0.07 GB
127.0.0.1 - - [02/Oct/2026 17:59:54] "POST /v1/chat/completions HTTP/1.1" 200 -
2026-10-02 17:59:54,366 - INFO - Prompt processing progress: 2048/5695
2026-10-02 17:59:54,589 - INFO - Prompt processing progress: 4096/5695
2026-10-02 17:59:54,782 - INFO - Prompt processing progress: 5693/5695
2026-10-02 17:59:54,802 - INFO - Prompt processing progress: 5694/5695
2026-10-02 17:59:54,822 - INFO - Prompt processing progress: 5695/5695
2026-10-02 17:59:55,236 - WARNING - Failed to parse tool call (ValueError: No function provided.) — tool text was likely truncated mid-generation.
2026-10-02 17:59:55,243 - INFO - Prompt Cache: 1 sequences, 0.07 GB
2026-10-02 17:59:55,243 - INFO - - assistant: 0 sequences, 0.00 GB
2026-10-02 17:59:55,243 - INFO - - user: 0 sequences, 0.00 GB
2026-10-02 17:59:55,243 - INFO - - system: 1 sequences, 0.07 GB
127.0.0.1 - - [02/Oct/2026 17:59:55] "POST /v1/chat/completions HTTP/1.1" 200 -
2026-10-02 17:59:55,551 - INFO - Prompt processing progress: 2048/6465
2026-10-02 17:59:55,772 - INFO - Prompt processing progress: 4096/6465
2026-10-02 17:59:56,000 - INFO - Prompt processing progress: 6144/6465
2026-10-02 17:59:56,077 - INFO - Prompt processing progress: 6463/6465
2026-10-02 17:59:56,096 - INFO - Prompt processing progress: 6464/6465
2026-10-02 17:59:56,116 - INFO - Prompt processing progress: 6465/6465
2026-10-02 17:59:57,854 - INFO - Prompt Cache: 1 sequences, 0.07 GB
2026-10-02 17:59:57,854 - INFO - - assistant: 0 sequences, 0.00 GB
2026-10-02 17:59:57,854 - INFO - - user: 0 sequences, 0.00 GB
2026-10-02 17:59:57,854 - INFO - - system: 1 sequences, 0.07 GB
127.0.0.1 - - [02/Oct/2026 17:59:57] "POST /v1/chat/completions HTTP/1.1" 200 -
2026-10-02 17:59:58,159 - INFO - Prompt processing progress: 2048/6912
2026-10-02 17:59:58,381 - INFO - Prompt processing progress: 4096/6912
2026-10-02 17:59:58,609 - INFO - Prompt processing progress: 6144/6912
2026-10-02 17:59:58,734 - INFO - Prompt processing progress: 6910/6912
2026-10-02 17:59:58,757 - INFO - Prompt processing progress: 6911/6912
2026-10-02 17:59:58,775 - INFO - Prompt processing progress: 6912/6912
2026-10-02 17:59:59,833 - INFO - Prompt Cache: 1 sequences, 0.07 GB
2026-10-02 17:59:59,833 - INFO - - assistant: 0 sequences, 0.00 GB
2026-10-02 17:59:59,833 - INFO - - user: 0 sequences, 0.00 GB
2026-10-02 17:59:59,833 - INFO - - system: 1 sequences, 0.07 GB
127.0.0.1 - - [02/Oct/2026 17:59:59] "POST /v1/chat/completions HTTP/1.1" 200 -
2026-10-02 18:00:00,143 - INFO - Prompt processing progress: 2048/7265
2026-10-02 18:00:00,367 - INFO - Prompt processing progress: 4096/7265
2026-10-02 18:00:00,597 - INFO - Prompt processing progress: 6144/7265
2026-10-02 18:00:00,749 - INFO - Prompt processing progress: 7263/7265
2026-10-02 18:00:00,772 - INFO - Prompt processing progress: 7264/7265
2026-10-02 18:00:00,791 - INFO - Prompt processing progress: 7265/7265
2026-10-02 18:00:01,430 - INFO - Prompt Cache: 1 sequences, 0.07 GB
2026-10-02 18:00:01,430 - INFO - - assistant: 0 sequences, 0.00 GB
2026-10-02 18:00:01,430 - INFO - - user: 0 sequences, 0.00 GB
2026-10-02 18:00:01,431 - INFO - - system: 1 sequences, 0.07 GB
127.0.0.1 - - [02/Oct/2026 18:00:01] "POST /v1/chat/completions HTTP/1.1" 200 -
2026-10-02 18:00:01,750 - INFO - Prompt processing progress: 2048/7687
2026-10-02 18:00:01,973 - INFO - Prompt processing progress: 4096/7687
2026-10-02 18:00:02,203 - INFO - Prompt processing progress: 6144/7687
2026-10-02 18:00:02,400 - INFO - Prompt processing progress: 7685/7687
2026-10-02 18:00:02,419 - INFO - Prompt processing progress: 7686/7687
2026-10-02 18:00:02,455 - INFO - Prompt processing progress: 7687/7687
2026-10-02 18:00:03,506 - INFO - Prompt Cache: 1 sequences, 0.07 GB
2026-10-02 18:00:03,506 - INFO - - assistant: 0 sequences, 0.00 GB
2026-10-02 18:00:03,506 - INFO - - user: 0 sequences, 0.00 GB
2026-10-02 18:00:03,506 - INFO - - system: 1 sequences, 0.07 GB
127.0.0.1 - - [02/Oct/2026 18:00:03] "POST /v1/chat/completions HTTP/1.1" 200 -
2026-10-02 18:00:03,817 - INFO - Prompt processing progress: 2048/7817
2026-10-02 18:00:04,039 - INFO - Prompt processing progress: 4096/7817
2026-10-02 18:00:04,267 - INFO - Prompt processing progress: 6144/7817
2026-10-02 18:00:04,477 - INFO - Prompt processing progress: 7815/7817
2026-10-02 18:00:04,500 - INFO - Prompt processing progress: 7816/7817
2026-10-02 18:00:04,519 - INFO - Prompt processing progress: 7817/7817
2026-10-02 18:00:05,438 - INFO - Prompt Cache: 1 sequences, 0.07 GB
2026-10-02 18:00:05,438 - INFO - - assistant: 0 sequences, 0.00 GB
2026-10-02 18:00:05,438 - INFO - - user: 0 sequences, 0.00 GB
2026-10-02 18:00:05,438 - INFO - - system: 1 sequences, 0.07 GB
127.0.0.1 - - [02/Oct/2026 18:00:05] "POST /v1/chat/completions HTTP/1.1" 200 -
2026-10-02 18:00:05,745 - INFO - Prompt processing progress: 2048/7935
2026-10-02 18:00:05,968 - INFO - Prompt processing progress: 4096/7935
2026-10-02 18:00:06,196 - INFO - Prompt processing progress: 6144/7935
2026-10-02 18:00:06,416 - INFO - Prompt processing progress: 7933/7935
2026-10-02 18:00:06,440 - INFO - Prompt processing progress: 7934/7935
2026-10-02 18:00:06,459 - INFO - Prompt processing progress: 7935/7935
2026-10-02 18:00:07,369 - INFO - Prompt Cache: 1 sequences, 0.07 GB
2026-10-02 18:00:07,369 - INFO - - assistant: 0 sequences, 0.00 GB
2026-10-02 18:00:07,369 - INFO - - user: 0 sequences, 0.00 GB
2026-10-02 18:00:07,369 - INFO - - system: 1 sequences, 0.07 GB
127.0.0.1 - - [02/Oct/2026 18:00:07] "POST /v1/chat/completions HTTP/1.1" 200 -
2026-10-02 18:00:07,680 - INFO - Prompt processing progress: 2048/8747
2026-10-02 18:00:07,903 - INFO - Prompt processing progress: 4096/8747
2026-10-02 18:00:08,132 - INFO - Prompt processing progress: 6144/8747
2026-10-02 18:00:08,369 - INFO - Prompt processing progress: 8192/8747
2026-10-02 18:00:08,476 - INFO - Prompt processing progress: 8745/8747
2026-10-02 18:00:08,501 - INFO - Prompt processing progress: 8746/8747
2026-10-02 18:00:08,519 - INFO - Prompt processing progress: 8747/8747
2026-10-02 18:00:09,499 - INFO - Prompt Cache: 1 sequences, 0.07 GB
2026-10-02 18:00:09,499 - INFO - - assistant: 0 sequences, 0.00 GB
2026-10-02 18:00:09,499 - INFO - - user: 0 sequences, 0.00 GB
2026-10-02 18:00:09,499 - INFO - - system: 1 sequences, 0.07 GB
127.0.0.1 - - [02/Oct/2026 18:00:09] "POST /v1/chat/completions HTTP/1.1" 200 -
2026-10-02 18:00:09,804 - INFO - Prompt processing progress: 2048/8869
2026-10-02 18:00:10,027 - INFO - Prompt processing progress: 4096/8869
2026-10-02 18:00:10,257 - INFO - Prompt processing progress: 6144/8869
2026-10-02 18:00:10,497 - INFO - Prompt processing progress: 8192/8869
2026-10-02 18:00:10,621 - INFO - Prompt processing progress: 8867/8869
2026-10-02 18:00:10,659 - INFO - Prompt processing progress: 8868/8869
2026-10-02 18:00:10,679 - INFO - Prompt processing progress: 8869/8869
2026-10-02 18:00:11,144 - INFO - Prompt Cache: 1 sequences, 0.07 GB
2026-10-02 18:00:11,144 - INFO - - assistant: 0 sequences, 0.00 GB
2026-10-02 18:00:11,144 - INFO - - user: 0 sequences, 0.00 GB
2026-10-02 18:00:11,144 - INFO - - system: 1 sequences, 0.07 GB
127.0.0.1 - - [02/Oct/2026 18:00:11] "POST /v1/chat/completions HTTP/1.1" 200 -
2026-10-02 18:00:11,454 - INFO - Prompt processing progress: 2048/9282
2026-10-02 18:00:11,675 - INFO - Prompt processing progress: 4096/9282
2026-10-02 18:00:11,904 - INFO - Prompt processing progress: 6144/9282
2026-10-02 18:00:12,142 - INFO - Prompt processing progress: 8192/9282
2026-10-02 18:00:12,295 - INFO - Prompt processing progress: 9280/9282
2026-10-02 18:00:12,320 - INFO - Prompt processing progress: 9281/9282
2026-10-02 18:00:12,340 - INFO - Prompt processing progress: 9282/9282
2026-10-02 18:00:13,638 - INFO - Prompt Cache: 1 sequences, 0.07 GB
2026-10-02 18:00:13,638 - INFO - - assistant: 0 sequences, 0.00 GB
2026-10-02 18:00:13,638 - INFO - - user: 0 sequences, 0.00 GB
2026-10-02 18:00:13,638 - INFO - - system: 1 sequences, 0.07 GB
127.0.0.1 - - [02/Oct/2026 18:00:13] "POST /v1/chat/completions HTTP/1.1" 200 -
2026-10-02 18:00:13,948 - INFO - Prompt processing progress: 2048/9896
2026-10-02 18:00:14,168 - INFO - Prompt processing progress: 4096/9896
2026-10-02 18:00:14,397 - INFO - Prompt processing progress: 6144/9896
2026-10-02 18:00:14,636 - INFO - Prompt processing progress: 8192/9896
2026-10-02 18:00:14,854 - INFO - Prompt processing progress: 9894/9896
2026-10-02 18:00:14,881 - INFO - Prompt processing progress: 9895/9896
2026-10-02 18:00:14,900 - INFO - Prompt processing progress: 9896/9896
2026-10-02 18:00:15,331 - WARNING - Failed to parse tool call (ValueError: No function provided.) — tool text was likely truncated mid-generation.
2026-10-02 18:00:15,340 - INFO - Prompt Cache: 1 sequences, 0.07 GB
2026-10-02 18:00:15,340 - INFO - - assistant: 0 sequences, 0.00 GB
2026-10-02 18:00:15,340 - INFO - - user: 0 sequences, 0.00 GB
2026-10-02 18:00:15,340 - INFO - - system: 1 sequences, 0.07 GB
127.0.0.1 - - [02/Oct/2026 18:00:15] "POST /v1/chat/completions HTTP/1.1" 200 -
2026-10-02 18:00:15,649 - INFO - Prompt processing progress: 2048/9968
2026-10-02 18:00:15,872 - INFO - Prompt processing progress: 4096/9968
2026-10-02 18:00:16,104 - INFO - Prompt processing progress: 6144/9968
2026-10-02 18:00:16,342 - INFO - Prompt processing progress: 8192/9968
2026-10-02 18:00:16,569 - INFO - Prompt processing progress: 9966/9968
2026-10-02 18:00:16,595 - INFO - Prompt processing progress: 9967/9968
2026-10-02 18:00:16,630 - INFO - Prompt processing progress: 9968/9968
2026-10-02 18:00:17,784 - INFO - Prompt Cache: 1 sequences, 0.07 GB
2026-10-02 18:00:17,785 - INFO - - assistant: 0 sequences, 0.00 GB
2026-10-02 18:00:17,785 - INFO - - user: 0 sequences, 0.00 GB
2026-10-02 18:00:17,785 - INFO - - system: 1 sequences, 0.07 GB
127.0.0.1 - - [02/Oct/2026 18:00:17] "POST /v1/chat/completions HTTP/1.1" 200 -
2026-10-02 18:00:18,095 - INFO - Prompt processing progress: 2048/10105
2026-10-02 18:00:18,319 - INFO - Prompt processing progress: 4096/10105
2026-10-02 18:00:18,548 - INFO - Prompt processing progress: 6144/10105
2026-10-02 18:00:18,786 - INFO - Prompt processing progress: 8192/10105
2026-10-02 18:00:19,024 - INFO - Prompt processing progress: 10103/10105
2026-10-02 18:00:19,051 - INFO - Prompt processing progress: 10104/10105
2026-10-02 18:00:19,070 - INFO - Prompt processing progress: 10105/10105
2026-10-02 18:00:19,640 - INFO - Prompt Cache: 1 sequences, 0.07 GB
2026-10-02 18:00:19,640 - INFO - - assistant: 0 sequences, 0.00 GB
2026-10-02 18:00:19,640 - INFO - - user: 0 sequences, 0.00 GB
2026-10-02 18:00:19,640 - INFO - - system: 1 sequences, 0.07 GB
127.0.0.1 - - [02/Oct/2026 18:00:19] "POST /v1/chat/completions HTTP/1.1" 200 -
2026-10-02 18:00:19,950 - INFO - Prompt processing progress: 2048/10891
2026-10-02 18:00:20,172 - INFO - Prompt processing progress: 4096/10891
2026-10-02 18:00:20,401 - INFO - Prompt processing progress: 6144/10891
2026-10-02 18:00:20,639 - INFO - Prompt processing progress: 8192/10891
2026-10-02 18:00:20,886 - INFO - Prompt processing progress: 10240/10891
2026-10-02 18:00:21,013 - INFO - Prompt processing progress: 10889/10891
2026-10-02 18:00:21,038 - INFO - Prompt processing progress: 10890/10891
2026-10-02 18:00:21,058 - INFO - Prompt processing progress: 10891/10891
2026-10-02 18:00:21,724 - INFO - Prompt Cache: 1 sequences, 0.07 GB
2026-10-02 18:00:21,724 - INFO - - assistant: 0 sequences, 0.00 GB
2026-10-02 18:00:21,724 - INFO - - user: 0 sequences, 0.00 GB
2026-10-02 18:00:21,724 - INFO - - system: 1 sequences, 0.07 GB
127.0.0.1 - - [02/Oct/2026 18:00:21] "POST /v1/chat/completions HTTP/1.1" 200 -
2026-10-02 18:00:22,032 - INFO - Prompt processing progress: 2048/11169
2026-10-02 18:00:22,254 - INFO - Prompt processing progress: 4096/11169
2026-10-02 18:00:22,485 - INFO - Prompt processing progress: 6144/11169
2026-10-02 18:00:22,725 - INFO - Prompt processing progress: 8192/11169
2026-10-02 18:00:22,972 - INFO - Prompt processing progress: 10240/11169
2026-10-02 18:00:23,132 - INFO - Prompt processing progress: 11167/11169
2026-10-02 18:00:23,159 - INFO - Prompt processing progress: 11168/11169
2026-10-02 18:00:23,179 - INFO - Prompt processing progress: 11169/11169
2026-10-02 18:00:24,484 - WARNING - Failed to parse tool call (ValueError: No function provided.) — tool text was likely truncated mid-generation.
2026-10-02 18:00:24,496 - INFO - Prompt Cache: 1 sequences, 0.07 GB
2026-10-02 18:00:24,496 - INFO - - assistant: 0 sequences, 0.00 GB
2026-10-02 18:00:24,496 - INFO - - user: 0 sequences, 0.00 GB
2026-10-02 18:00:24,496 - INFO - - system: 1 sequences, 0.07 GB
127.0.0.1 - - [02/Oct/2026 18:00:24] "POST /v1/chat/completions HTTP/1.1" 200 -
2026-10-02 18:00:24,807 - INFO - Prompt processing progress: 2048/11330
2026-10-02 18:00:25,030 - INFO - Prompt processing progress: 4096/11330
2026-10-02 18:00:25,260 - INFO - Prompt processing progress: 6144/11330
2026-10-02 18:00:25,500 - INFO - Prompt processing progress: 8192/11330
2026-10-02 18:00:25,748 - INFO - Prompt processing progress: 10240/11330
2026-10-02 18:00:25,906 - INFO - Prompt processing progress: 11328/11330
2026-10-02 18:00:25,930 - INFO - Prompt processing progress: 11329/11330
2026-10-02 18:00:25,951 - INFO - Prompt processing progress: 11330/11330
2026-10-02 18:00:26,516 - WARNING - Failed to parse tool call (ValueError: No function provided.) — tool text was likely truncated mid-generation.
2026-10-02 18:00:26,527 - INFO - Prompt Cache: 1 sequences, 0.07 GB
2026-10-02 18:00:26,527 - INFO - - assistant: 0 sequences, 0.00 GB
2026-10-02 18:00:26,527 - INFO - - user: 0 sequences, 0.00 GB
2026-10-02 18:00:26,527 - INFO - - system: 1 sequences, 0.07 GB
127.0.0.1 - - [02/Oct/2026 18:00:26] "POST /v1/chat/completions HTTP/1.1" 200 -
2026-10-02 18:00:26,835 - INFO - Prompt processing progress: 2048/11844
2026-10-02 18:00:27,057 - INFO - Prompt processing progress: 4096/11844
2026-10-02 18:00:27,286 - INFO - Prompt processing progress: 6144/11844
2026-10-02 18:00:27,523 - INFO - Prompt processing progress: 8192/11844
2026-10-02 18:00:27,768 - INFO - Prompt processing progress: 10240/11844
2026-10-02 18:00:27,986 - INFO - Prompt processing progress: 11842/11844
2026-10-02 18:00:28,013 - INFO - Prompt processing progress: 11843/11844
2026-10-02 18:00:28,035 - INFO - Prompt processing progress: 11844/11844
2026-10-02 18:00:30,427 - INFO - Prompt Cache: 1 sequences, 0.07 GB
2026-10-02 18:00:30,427 - INFO - - assistant: 0 sequences, 0.00 GB
2026-10-02 18:00:30,427 - INFO - - user: 0 sequences, 0.00 GB
2026-10-02 18:00:30,427 - INFO - - system: 1 sequences, 0.07 GB
127.0.0.1 - - [02/Oct/2026 18:00:30] "POST /v1/chat/completions HTTP/1.1" 200 -
2026-10-02 18:00:30,742 - INFO - Prompt processing progress: 2048/12109
2026-10-02 18:00:30,964 - INFO - Prompt processing progress: 4096/12109
2026-10-02 18:00:31,194 - INFO - Prompt processing progress: 6144/12109
2026-10-02 18:00:31,432 - INFO - Prompt processing progress: 8192/12109
2026-10-02 18:00:31,678 - INFO - Prompt processing progress: 10240/12109
2026-10-02 18:00:31,919 - INFO - Prompt processing progress: 12107/12109
2026-10-02 18:00:31,947 - INFO - Prompt processing progress: 12108/12109
2026-10-02 18:00:31,983 - INFO - Prompt processing progress: 12109/12109
2026-10-02 18:00:32,346 - WARNING - Failed to parse tool call (ValueError: No function provided.) — tool text was likely truncated mid-generation.
2026-10-02 18:00:32,356 - INFO - Prompt Cache: 1 sequences, 0.07 GB
2026-10-02 18:00:32,356 - INFO - - assistant: 0 sequences, 0.00 GB
2026-10-02 18:00:32,356 - INFO - - user: 0 sequences, 0.00 GB
2026-10-02 18:00:32,356 - INFO - - system: 1 sequences, 0.07 GB
127.0.0.1 - - [02/Oct/2026 18:00:32] "POST /v1/chat/completions HTTP/1.1" 200 -
2026-10-02 18:00:32,663 - INFO - Prompt processing progress: 2048/12174
2026-10-02 18:00:32,886 - INFO - Prompt processing progress: 4096/12174
2026-10-02 18:00:33,114 - INFO - Prompt processing progress: 6144/12174
2026-10-02 18:00:33,351 - INFO - Prompt processing progress: 8192/12174
2026-10-02 18:00:33,600 - INFO - Prompt processing progress: 10240/12174
2026-10-02 18:00:33,856 - INFO - Prompt processing progress: 12172/12174
2026-10-02 18:00:33,883 - INFO - Prompt processing progress: 12173/12174
2026-10-02 18:00:33,904 - INFO - Prompt processing progress: 12174/12174
2026-10-02 18:00:34,198 - INFO - Prompt Cache: 1 sequences, 0.07 GB
2026-10-02 18:00:34,198 - INFO - - assistant: 0 sequences, 0.00 GB
2026-10-02 18:00:34,198 - INFO - - user: 0 sequences, 0.00 GB
2026-10-02 18:00:34,198 - INFO - - system: 1 sequences, 0.07 GB
127.0.0.1 - - [02/Oct/2026 18:00:34] "POST /v1/chat/completions HTTP/1.1" 200 -
2026-10-02 18:00:34,506 - INFO - Prompt processing progress: 2048/12662
2026-10-02 18:00:34,729 - INFO - Prompt processing progress: 4096/12662
2026-10-02 18:00:34,959 - INFO - Prompt processing progress: 6144/12662
2026-10-02 18:00:35,196 - INFO - Prompt processing progress: 8192/12662
2026-10-02 18:00:35,444 - INFO - Prompt processing progress: 10240/12662
2026-10-02 18:00:35,700 - INFO - Prompt processing progress: 12288/12662
2026-10-02 18:00:35,791 - INFO - Prompt processing progress: 12660/12662
2026-10-02 18:00:35,819 - INFO - Prompt processing progress: 12661/12662
2026-10-02 18:00:35,839 - INFO - Prompt processing progress: 12662/12662
2026-10-02 18:00:36,247 - INFO - Prompt Cache: 1 sequences, 0.07 GB
2026-10-02 18:00:36,247 - INFO - - assistant: 0 sequences, 0.00 GB
2026-10-02 18:00:36,247 - INFO - - user: 0 sequences, 0.00 GB
2026-10-02 18:00:36,247 - INFO - - system: 1 sequences, 0.07 GB
127.0.0.1 - - [02/Oct/2026 18:00:36] "POST /v1/chat/completions HTTP/1.1" 200 -
2026-10-02 18:00:36,481 - INFO - Prompt processing progress: 1109/1111
2026-10-02 18:00:36,499 - INFO - Prompt processing progress: 1110/1111
2026-10-02 18:00:36,514 - INFO - Prompt processing progress: 1111/1111
2026-10-02 18:00:37,528 - INFO - Prompt Cache: 1 sequences, 0.07 GB
2026-10-02 18:00:37,528 - INFO - - assistant: 0 sequences, 0.00 GB
2026-10-02 18:00:37,528 - INFO - - user: 0 sequences, 0.00 GB
2026-10-02 18:00:37,528 - INFO - - system: 1 sequences, 0.07 GB
127.0.0.1 - - [02/Oct/2026 18:00:37] "POST /v1/chat/completions HTTP/1.1" 200 -
2026-10-02 18:00:37,796 - INFO - Prompt processing progress: 1524/1526
2026-10-02 18:00:37,814 - INFO - Prompt processing progress: 1525/1526
2026-10-02 18:00:37,829 - INFO - Prompt processing progress: 1526/1526
2026-10-02 18:00:38,414 - WARNING - Failed to parse tool call (ValueError: No function provided.) — tool text was likely truncated mid-generation.
2026-10-02 18:00:38,418 - INFO - Prompt Cache: 1 sequences, 0.07 GB
2026-10-02 18:00:38,418 - INFO - - assistant: 0 sequences, 0.00 GB
2026-10-02 18:00:38,418 - INFO - - user: 0 sequences, 0.00 GB
2026-10-02 18:00:38,418 - INFO - - system: 1 sequences, 0.07 GB
127.0.0.1 - - [02/Oct/2026 18:00:38] "POST /v1/chat/completions HTTP/1.1" 200 -
2026-10-02 18:00:38,727 - INFO - Prompt processing progress: 2009/2011
2026-10-02 18:00:38,746 - INFO - Prompt processing progress: 2010/2011
2026-10-02 18:00:38,761 - INFO - Prompt processing progress: 2011/2011
2026-10-02 18:00:39,226 - WARNING - Failed to parse tool call (ValueError: No function provided.) — tool text was likely truncated mid-generation.
2026-10-02 18:00:39,230 - INFO - Prompt Cache: 1 sequences, 0.07 GB
2026-10-02 18:00:39,230 - INFO - - assistant: 0 sequences, 0.00 GB
2026-10-02 18:00:39,230 - INFO - - user: 0 sequences, 0.00 GB
2026-10-02 18:00:39,230 - INFO - - system: 1 sequences, 0.07 GB
127.0.0.1 - - [02/Oct/2026 18:00:39] "POST /v1/chat/completions HTTP/1.1" 200 -
2026-10-02 18:00:39,538 - INFO - Prompt processing progress: 2048/2275
2026-10-02 18:00:39,600 - INFO - Prompt processing progress: 2273/2275
2026-10-02 18:00:39,618 - INFO - Prompt processing progress: 2274/2275
2026-10-02 18:00:39,635 - INFO - Prompt processing progress: 2275/2275
2026-10-02 18:00:40,172 - WARNING - Failed to parse tool call (ValueError: No function provided.) — tool text was likely truncated mid-generation.
2026-10-02 18:00:40,176 - INFO - Prompt Cache: 1 sequences, 0.07 GB
2026-10-02 18:00:40,176 - INFO - - assistant: 0 sequences, 0.00 GB
2026-10-02 18:00:40,176 - INFO - - user: 0 sequences, 0.00 GB
2026-10-02 18:00:40,176 - INFO - - system: 1 sequences, 0.07 GB
127.0.0.1 - - [02/Oct/2026 18:00:40] "POST /v1/chat/completions HTTP/1.1" 200 -
2026-10-02 18:00:40,485 - INFO - Prompt processing progress: 2048/2481
2026-10-02 18:00:40,569 - INFO - Prompt processing progress: 2479/2481
2026-10-02 18:00:40,588 - INFO - Prompt processing progress: 2480/2481
2026-10-02 18:00:40,604 - INFO - Prompt processing progress: 2481/2481
2026-10-02 18:00:41,151 - INFO - Prompt Cache: 1 sequences, 0.07 GB
2026-10-02 18:00:41,151 - INFO - - assistant: 0 sequences, 0.00 GB
2026-10-02 18:00:41,151 - INFO - - user: 0 sequences, 0.00 GB
2026-10-02 18:00:41,151 - INFO - - system: 1 sequences, 0.07 GB
127.0.0.1 - - [02/Oct/2026 18:00:41] "POST /v1/chat/completions HTTP/1.1" 200 -
2026-10-02 18:00:41,457 - INFO - Prompt processing progress: 2048/3069
2026-10-02 18:00:41,593 - INFO - Prompt processing progress: 3067/3069
2026-10-02 18:00:41,611 - INFO - Prompt processing progress: 3068/3069
2026-10-02 18:00:41,626 - INFO - Prompt processing progress: 3069/3069
2026-10-02 18:00:42,355 - WARNING - Failed to parse tool call (ValueError: No function provided.) — tool text was likely truncated mid-generation.
2026-10-02 18:00:42,360 - INFO - Prompt Cache: 1 sequences, 0.07 GB
2026-10-02 18:00:42,360 - INFO - - assistant: 0 sequences, 0.00 GB
2026-10-02 18:00:42,360 - INFO - - user: 0 sequences, 0.00 GB
2026-10-02 18:00:42,360 - INFO - - system: 1 sequences, 0.07 GB
127.0.0.1 - - [02/Oct/2026 18:00:42] "POST /v1/chat/completions HTTP/1.1" 200 -
2026-10-02 18:00:42,667 - INFO - Prompt processing progress: 2048/3526
2026-10-02 18:00:42,843 - INFO - Prompt processing progress: 3524/3526
2026-10-02 18:00:42,862 - INFO - Prompt processing progress: 3525/3526
2026-10-02 18:00:42,878 - INFO - Prompt processing progress: 3526/3526
2026-10-02 18:00:43,557 - INFO - Prompt Cache: 1 sequences, 0.07 GB
2026-10-02 18:00:43,557 - INFO - - assistant: 0 sequences, 0.00 GB
2026-10-02 18:00:43,557 - INFO - - user: 0 sequences, 0.00 GB
2026-10-02 18:00:43,557 - INFO - - system: 1 sequences, 0.07 GB
127.0.0.1 - - [02/Oct/2026 18:00:43] "POST /v1/chat/completions HTTP/1.1" 200 -
2026-10-02 18:00:43,866 - INFO - Prompt processing progress: 2048/3884
2026-10-02 18:00:44,076 - INFO - Prompt processing progress: 3882/3884
2026-10-02 18:00:44,094 - INFO - Prompt processing progress: 3883/3884
2026-10-02 18:00:44,114 - INFO - Prompt processing progress: 3884/3884
2026-10-02 18:00:45,655 - INFO - Prompt Cache: 1 sequences, 0.07 GB
2026-10-02 18:00:45,656 - INFO - - assistant: 0 sequences, 0.00 GB
2026-10-02 18:00:45,656 - INFO - - user: 0 sequences, 0.00 GB
2026-10-02 18:00:45,656 - INFO - - system: 1 sequences, 0.07 GB
127.0.0.1 - - [02/Oct/2026 18:00:45] "POST /v1/chat/completions HTTP/1.1" 200 -
2026-10-02 18:00:45,966 - INFO - Prompt processing progress: 2048/4459
2026-10-02 18:00:46,187 - INFO - Prompt processing progress: 4096/4459
2026-10-02 18:00:46,266 - INFO - Prompt processing progress: 4457/4459
2026-10-02 18:00:46,288 - INFO - Prompt processing progress: 4458/4459
2026-10-02 18:00:46,304 - INFO - Prompt processing progress: 4459/4459
2026-10-02 18:00:47,006 - INFO - Prompt Cache: 1 sequences, 0.07 GB
2026-10-02 18:00:47,006 - INFO - - assistant: 0 sequences, 0.00 GB
2026-10-02 18:00:47,006 - INFO - - user: 0 sequences, 0.00 GB
2026-10-02 18:00:47,006 - INFO - - system: 1 sequences, 0.07 GB
127.0.0.1 - - [02/Oct/2026 18:00:47] "POST /v1/chat/completions HTTP/1.1" 200 -
2026-10-02 18:00:47,312 - INFO - Prompt processing progress: 2048/5257
2026-10-02 18:00:47,534 - INFO - Prompt processing progress: 4096/5257
2026-10-02 18:00:47,684 - INFO - Prompt processing progress: 5255/5257
2026-10-02 18:00:47,704 - INFO - Prompt processing progress: 5256/5257
2026-10-02 18:00:47,724 - INFO - Prompt processing progress: 5257/5257
2026-10-02 18:00:48,526 - INFO - Prompt Cache: 1 sequences, 0.07 GB
2026-10-02 18:00:48,526 - INFO - - assistant: 0 sequences, 0.00 GB
2026-10-02 18:00:48,526 - INFO - - user: 0 sequences, 0.00 GB
2026-10-02 18:00:48,526 - INFO - - system: 1 sequences, 0.07 GB
127.0.0.1 - - [02/Oct/2026 18:00:48] "POST /v1/chat/completions HTTP/1.1" 200 -
2026-10-02 18:00:48,836 - INFO - Prompt processing progress: 2048/5583
2026-10-02 18:00:49,057 - INFO - Prompt processing progress: 4096/5583
2026-10-02 18:00:49,239 - INFO - Prompt processing progress: 5581/5583
2026-10-02 18:00:49,262 - INFO - Prompt processing progress: 5582/5583
2026-10-02 18:00:49,280 - INFO - Prompt processing progress: 5583/5583
2026-10-02 18:00:51,260 - INFO - Prompt Cache: 1 sequences, 0.07 GB
2026-10-02 18:00:51,260 - INFO - - assistant: 0 sequences, 0.00 GB
2026-10-02 18:00:51,260 - INFO - - user: 0 sequences, 0.00 GB
2026-10-02 18:00:51,260 - INFO - - system: 1 sequences, 0.07 GB
127.0.0.1 - - [02/Oct/2026 18:00:51] "POST /v1/chat/completions HTTP/1.1" 200 -
2026-10-02 18:00:51,573 - INFO - Prompt processing progress: 2048/6089
2026-10-02 18:00:51,794 - INFO - Prompt processing progress: 4096/6089
2026-10-02 18:00:52,029 - INFO - Prompt processing progress: 6087/6089
2026-10-02 18:00:52,052 - INFO - Prompt processing progress: 6088/6089
2026-10-02 18:00:52,070 - INFO - Prompt processing progress: 6089/6089
2026-10-02 18:00:52,555 - WARNING - Failed to parse tool call (ValueError: No function provided.) — tool text was likely truncated mid-generation.
2026-10-02 18:00:52,561 - INFO - Prompt Cache: 1 sequences, 0.07 GB
2026-10-02 18:00:52,561 - INFO - - assistant: 0 sequences, 0.00 GB
2026-10-02 18:00:52,561 - INFO - - user: 0 sequences, 0.00 GB
2026-10-02 18:00:52,561 - INFO - - system: 1 sequences, 0.07 GB
127.0.0.1 - - [02/Oct/2026 18:00:52] "POST /v1/chat/completions HTTP/1.1" 200 -
2026-10-02 18:00:52,867 - INFO - Prompt processing progress: 2048/6532
2026-10-02 18:00:53,089 - INFO - Prompt processing progress: 4096/6532
2026-10-02 18:00:53,317 - INFO - Prompt processing progress: 6144/6532
2026-10-02 18:00:53,403 - INFO - Prompt processing progress: 6530/6532
2026-10-02 18:00:53,426 - INFO - Prompt processing progress: 6531/6532
2026-10-02 18:00:53,443 - INFO - Prompt processing progress: 6532/6532
2026-10-02 18:00:53,936 - INFO - Prompt Cache: 1 sequences, 0.07 GB
2026-10-02 18:00:53,937 - INFO - - assistant: 0 sequences, 0.00 GB
2026-10-02 18:00:53,937 - INFO - - user: 0 sequences, 0.00 GB
2026-10-02 18:00:53,937 - INFO - - system: 1 sequences, 0.07 GB
127.0.0.1 - - [02/Oct/2026 18:00:53] "POST /v1/chat/completions HTTP/1.1" 200 -
2026-10-02 18:00:54,242 - INFO - Prompt processing progress: 2048/6862
2026-10-02 18:00:54,463 - INFO - Prompt processing progress: 4096/6862
2026-10-02 18:00:54,693 - INFO - Prompt processing progress: 6144/6862
2026-10-02 18:00:54,814 - INFO - Prompt processing progress: 6860/6862
2026-10-02 18:00:54,838 - INFO - Prompt processing progress: 6861/6862
2026-10-02 18:00:54,856 - INFO - Prompt processing progress: 6862/6862
2026-10-02 18:00:57,289 - INFO - Prompt Cache: 1 sequences, 0.07 GB
2026-10-02 18:00:57,289 - INFO - - assistant: 0 sequences, 0.00 GB
2026-10-02 18:00:57,289 - INFO - - user: 0 sequences, 0.00 GB
2026-10-02 18:00:57,289 - INFO - - system: 1 sequences, 0.07 GB
127.0.0.1 - - [02/Oct/2026 18:00:57] "POST /v1/chat/completions HTTP/1.1" 200 -
2026-10-02 18:00:57,595 - INFO - Prompt processing progress: 2048/7123
2026-10-02 18:00:57,817 - INFO - Prompt processing progress: 4096/7123
2026-10-02 18:00:58,046 - INFO - Prompt processing progress: 6144/7123
2026-10-02 18:00:58,195 - INFO - Prompt processing progress: 7121/7123
2026-10-02 18:00:58,219 - INFO - Prompt processing progress: 7122/7123
2026-10-02 18:00:58,238 - INFO - Prompt processing progress: 7123/7123
2026-10-02 18:00:59,093 - INFO - Prompt Cache: 1 sequences, 0.07 GB
2026-10-02 18:00:59,093 - INFO - - assistant: 0 sequences, 0.00 GB
2026-10-02 18:00:59,093 - INFO - - user: 0 sequences, 0.00 GB
2026-10-02 18:00:59,093 - INFO - - system: 1 sequences, 0.07 GB
127.0.0.1 - - [02/Oct/2026 18:00:59] "POST /v1/chat/completions HTTP/1.1" 200 -
2026-10-02 18:00:59,401 - INFO - Prompt processing progress: 2048/7934
2026-10-02 18:00:59,620 - INFO - Prompt processing progress: 4096/7934
2026-10-02 18:00:59,848 - INFO - Prompt processing progress: 6144/7934
2026-10-02 18:01:00,068 - INFO - Prompt processing progress: 7932/7934
2026-10-02 18:01:00,091 - INFO - Prompt processing progress: 7933/7934
2026-10-02 18:01:00,125 - INFO - Prompt processing progress: 7934/7934
2026-10-02 18:01:01,158 - INFO - Prompt Cache: 1 sequences, 0.07 GB
2026-10-02 18:01:01,158 - INFO - - assistant: 0 sequences, 0.00 GB
2026-10-02 18:01:01,158 - INFO - - user: 0 sequences, 0.00 GB
2026-10-02 18:01:01,158 - INFO - - system: 1 sequences, 0.07 GB
127.0.0.1 - - [02/Oct/2026 18:01:01] "POST /v1/chat/completions HTTP/1.1" 200 -
2026-10-02 18:01:01,466 - INFO - Prompt processing progress: 2048/9856
2026-10-02 18:01:01,690 - INFO - Prompt processing progress: 4096/9856
2026-10-02 18:01:01,917 - INFO - Prompt processing progress: 6144/9856
2026-10-02 18:01:02,155 - INFO - Prompt processing progress: 8192/9856
2026-10-02 18:01:02,368 - INFO - Prompt processing progress: 9854/9856
2026-10-02 18:01:02,393 - INFO - Prompt processing progress: 9855/9856
2026-10-02 18:01:02,413 - INFO - Prompt processing progress: 9856/9856
2026-10-02 18:01:03,885 - INFO - Prompt Cache: 1 sequences, 0.07 GB
2026-10-02 18:01:03,885 - INFO - - assistant: 0 sequences, 0.00 GB
2026-10-02 18:01:03,885 - INFO - - user: 0 sequences, 0.00 GB
2026-10-02 18:01:03,885 - INFO - - system: 1 sequences, 0.07 GB
127.0.0.1 - - [02/Oct/2026 18:01:03] "POST /v1/chat/completions HTTP/1.1" 200 -
2026-10-02 18:01:04,193 - INFO - Prompt processing progress: 2048/10354
2026-10-02 18:01:04,415 - INFO - Prompt processing progress: 4096/10354
2026-10-02 18:01:04,645 - INFO - Prompt processing progress: 6144/10354
2026-10-02 18:01:04,884 - INFO - Prompt processing progress: 8192/10354
2026-10-02 18:01:05,129 - INFO - Prompt processing progress: 10240/10354
2026-10-02 18:01:05,194 - INFO - Prompt processing progress: 10352/10354
2026-10-02 18:01:05,218 - INFO - Prompt processing progress: 10353/10354
2026-10-02 18:01:05,238 - INFO - Prompt processing progress: 10354/10354
2026-10-02 18:01:06,843 - INFO - Prompt Cache: 1 sequences, 0.07 GB
2026-10-02 18:01:06,843 - INFO - - assistant: 0 sequences, 0.00 GB
2026-10-02 18:01:06,843 - INFO - - user: 0 sequences, 0.00 GB
2026-10-02 18:01:06,843 - INFO - - system: 1 sequences, 0.07 GB
127.0.0.1 - - [02/Oct/2026 18:01:06] "POST /v1/chat/completions HTTP/1.1" 200 -
2026-10-02 18:01:07,151 - INFO - Prompt processing progress: 2048/10530
2026-10-02 18:01:07,373 - INFO - Prompt processing progress: 4096/10530
2026-10-02 18:01:07,603 - INFO - Prompt processing progress: 6144/10530
2026-10-02 18:01:07,846 - INFO - Prompt processing progress: 8192/10530
2026-10-02 18:01:08,092 - INFO - Prompt processing progress: 10240/10530
2026-10-02 18:01:08,170 - INFO - Prompt processing progress: 10528/10530
2026-10-02 18:01:08,195 - INFO - Prompt processing progress: 10529/10530
2026-10-02 18:01:08,214 - INFO - Prompt processing progress: 10530/10530
2026-10-02 18:01:08,763 - INFO - Prompt Cache: 1 sequences, 0.07 GB
2026-10-02 18:01:08,763 - INFO - - assistant: 0 sequences, 0.00 GB
2026-10-02 18:01:08,763 - INFO - - user: 0 sequences, 0.00 GB
2026-10-02 18:01:08,763 - INFO - - system: 1 sequences, 0.07 GB
127.0.0.1 - - [02/Oct/2026 18:01:08] "POST /v1/chat/completions HTTP/1.1" 200 -
2026-10-02 18:01:09,074 - INFO - Prompt processing progress: 2048/10610
2026-10-02 18:01:09,297 - INFO - Prompt processing progress: 4096/10610
2026-10-02 18:01:09,527 - INFO - Prompt processing progress: 6144/10610
2026-10-02 18:01:09,766 - INFO - Prompt processing progress: 8192/10610
2026-10-02 18:01:10,012 - INFO - Prompt processing progress: 10240/10610
2026-10-02 18:01:10,101 - INFO - Prompt processing progress: 10608/10610
2026-10-02 18:01:10,126 - INFO - Prompt processing progress: 10609/10610
2026-10-02 18:01:10,145 - INFO - Prompt processing progress: 10610/10610
2026-10-02 18:01:12,207 - INFO - Prompt Cache: 1 sequences, 0.07 GB
2026-10-02 18:01:12,207 - INFO - - assistant: 0 sequences, 0.00 GB
2026-10-02 18:01:12,207 - INFO - - user: 0 sequences, 0.00 GB
2026-10-02 18:01:12,207 - INFO - - system: 1 sequences, 0.07 GB
127.0.0.1 - - [02/Oct/2026 18:01:12] "POST /v1/chat/completions HTTP/1.1" 200 -
2026-10-02 18:01:12,521 - INFO - Prompt processing progress: 2048/10837
2026-10-02 18:01:12,744 - INFO - Prompt processing progress: 4096/10837
2026-10-02 18:01:12,973 - INFO - Prompt processing progress: 6144/10837
2026-10-02 18:01:13,211 - INFO - Prompt processing progress: 8192/10837
2026-10-02 18:01:13,457 - INFO - Prompt processing progress: 10240/10837
2026-10-02 18:01:13,577 - INFO - Prompt processing progress: 10835/10837
2026-10-02 18:01:13,602 - INFO - Prompt processing progress: 10836/10837
2026-10-02 18:01:13,623 - INFO - Prompt processing progress: 10837/10837
2026-10-02 18:01:14,318 - INFO - Prompt Cache: 1 sequences, 0.07 GB
2026-10-02 18:01:14,318 - INFO - - assistant: 0 sequences, 0.00 GB
2026-10-02 18:01:14,318 - INFO - - user: 0 sequences, 0.00 GB
2026-10-02 18:01:14,318 - INFO - - system: 1 sequences, 0.07 GB
127.0.0.1 - - [02/Oct/2026 18:01:14] "POST /v1/chat/completions HTTP/1.1" 200 -
2026-10-02 18:01:14,626 - INFO - Prompt processing progress: 2048/11257
2026-10-02 18:01:14,847 - INFO - Prompt processing progress: 4096/11257
2026-10-02 18:01:15,076 - INFO - Prompt processing progress: 6144/11257
2026-10-02 18:01:15,314 - INFO - Prompt processing progress: 8192/11257
2026-10-02 18:01:15,561 - INFO - Prompt processing progress: 10240/11257
2026-10-02 18:01:15,731 - INFO - Prompt processing progress: 11255/11257
2026-10-02 18:01:15,757 - INFO - Prompt processing progress: 11256/11257
2026-10-02 18:01:15,792 - INFO - Prompt processing progress: 11257/11257
2026-10-02 18:01:17,399 - INFO - Prompt Cache: 1 sequences, 0.07 GB
2026-10-02 18:01:17,399 - INFO - - assistant: 0 sequences, 0.00 GB
2026-10-02 18:01:17,399 - INFO - - user: 0 sequences, 0.00 GB
2026-10-02 18:01:17,399 - INFO - - system: 1 sequences, 0.07 GB
127.0.0.1 - - [02/Oct/2026 18:01:17] "POST /v1/chat/completions HTTP/1.1" 200 -
2026-10-02 18:01:17,711 - INFO - Prompt processing progress: 2048/11626
2026-10-02 18:01:17,934 - INFO - Prompt processing progress: 4096/11626
2026-10-02 18:01:18,163 - INFO - Prompt processing progress: 6144/11626
2026-10-02 18:01:18,400 - INFO - Prompt processing progress: 8192/11626
2026-10-02 18:01:18,646 - INFO - Prompt processing progress: 10240/11626
2026-10-02 18:01:18,845 - INFO - Prompt processing progress: 11624/11626
2026-10-02 18:01:18,871 - INFO - Prompt processing progress: 11625/11626
2026-10-02 18:01:18,892 - INFO - Prompt processing progress: 11626/11626
2026-10-02 18:01:21,948 - WARNING - Failed to parse tool call (ValueError: No function provided.) — tool text was likely truncated mid-generation.
2026-10-02 18:01:21,960 - INFO - Prompt Cache: 1 sequences, 0.07 GB
2026-10-02 18:01:21,960 - INFO - - assistant: 0 sequences, 0.00 GB
2026-10-02 18:01:21,960 - INFO - - user: 0 sequences, 0.00 GB
2026-10-02 18:01:21,960 - INFO - - system: 1 sequences, 0.07 GB
127.0.0.1 - - [02/Oct/2026 18:01:21] "POST /v1/chat/completions HTTP/1.1" 200 -
2026-10-02 18:01:22,274 - INFO - Prompt processing progress: 2048/12083
2026-10-02 18:01:22,494 - INFO - Prompt processing progress: 4096/12083
2026-10-02 18:01:22,723 - INFO - Prompt processing progress: 6144/12083
2026-10-02 18:01:22,961 - INFO - Prompt processing progress: 8192/12083
2026-10-02 18:01:23,207 - INFO - Prompt processing progress: 10240/12083
2026-10-02 18:01:23,444 - INFO - Prompt processing progress: 12081/12083
2026-10-02 18:01:23,472 - INFO - Prompt processing progress: 12082/12083
2026-10-02 18:01:23,494 - INFO - Prompt processing progress: 12083/12083
2026-10-02 18:01:24,111 - INFO - Prompt Cache: 1 sequences, 0.07 GB
2026-10-02 18:01:24,111 - INFO - - assistant: 0 sequences, 0.00 GB
2026-10-02 18:01:24,111 - INFO - - user: 0 sequences, 0.00 GB
2026-10-02 18:01:24,111 - INFO - - system: 1 sequences, 0.07 GB
127.0.0.1 - - [02/Oct/2026 18:01:24] "POST /v1/chat/completions HTTP/1.1" 200 -
2026-10-02 18:01:24,420 - INFO - Prompt processing progress: 2048/12573
2026-10-02 18:01:24,644 - INFO - Prompt processing progress: 4096/12573
2026-10-02 18:01:24,873 - INFO - Prompt processing progress: 6144/12573
2026-10-02 18:01:25,113 - INFO - Prompt processing progress: 8192/12573
2026-10-02 18:01:25,358 - INFO - Prompt processing progress: 10240/12573
2026-10-02 18:01:25,613 - INFO - Prompt processing progress: 12288/12573
2026-10-02 18:01:25,694 - INFO - Prompt processing progress: 12571/12573
2026-10-02 18:01:25,733 - INFO - Prompt processing progress: 12572/12573
2026-10-02 18:01:25,753 - INFO - Prompt processing progress: 12573/12573
2026-10-02 18:01:26,687 - INFO - Prompt Cache: 1 sequences, 0.07 GB
2026-10-02 18:01:26,687 - INFO - - assistant: 0 sequences, 0.00 GB
2026-10-02 18:01:26,687 - INFO - - user: 0 sequences, 0.00 GB
2026-10-02 18:01:26,687 - INFO - - system: 1 sequences, 0.07 GB
127.0.0.1 - - [02/Oct/2026 18:01:26] "POST /v1/chat/completions HTTP/1.1" 200 -
2026-10-02 18:01:26,997 - INFO - Prompt processing progress: 2048/13419
2026-10-02 18:01:27,219 - INFO - Prompt processing progress: 4096/13419
2026-10-02 18:01:27,450 - INFO - Prompt processing progress: 6144/13419
2026-10-02 18:01:27,688 - INFO - Prompt processing progress: 8192/13419
2026-10-02 18:01:27,933 - INFO - Prompt processing progress: 10240/13419
2026-10-02 18:01:28,189 - INFO - Prompt processing progress: 12288/13419
2026-10-02 18:01:28,357 - INFO - Prompt processing progress: 13417/13419
2026-10-02 18:01:28,384 - INFO - Prompt processing progress: 13418/13419
2026-10-02 18:01:28,407 - INFO - Prompt processing progress: 13419/13419
2026-10-02 18:01:29,551 - INFO - Prompt Cache: 1 sequences, 0.07 GB
2026-10-02 18:01:29,551 - INFO - - assistant: 0 sequences, 0.00 GB
2026-10-02 18:01:29,551 - INFO - - user: 0 sequences, 0.00 GB
2026-10-02 18:01:29,552 - INFO - - system: 1 sequences, 0.07 GB
127.0.0.1 - - [02/Oct/2026 18:01:29] "POST /v1/chat/completions HTTP/1.1" 200 -
2026-10-02 18:01:29,866 - INFO - Prompt processing progress: 2048/13638
2026-10-02 18:01:30,088 - INFO - Prompt processing progress: 4096/13638
2026-10-02 18:01:30,318 - INFO - Prompt processing progress: 6144/13638
2026-10-02 18:01:30,557 - INFO - Prompt processing progress: 8192/13638
2026-10-02 18:01:30,805 - INFO - Prompt processing progress: 10240/13638
2026-10-02 18:01:31,061 - INFO - Prompt processing progress: 12288/13638
2026-10-02 18:01:31,264 - INFO - Prompt processing progress: 13636/13638
2026-10-02 18:01:31,292 - INFO - Prompt processing progress: 13637/13638
2026-10-02 18:01:31,315 - INFO - Prompt processing progress: 13638/13638
2026-10-02 18:01:31,948 - INFO - Prompt Cache: 1 sequences, 0.07 GB
2026-10-02 18:01:31,948 - INFO - - assistant: 0 sequences, 0.00 GB
2026-10-02 18:01:31,948 - INFO - - user: 0 sequences, 0.00 GB
2026-10-02 18:01:31,948 - INFO - - system: 1 sequences, 0.07 GB
127.0.0.1 - - [02/Oct/2026 18:01:31] "POST /v1/chat/completions HTTP/1.1" 200 -
2026-10-02 18:01:32,258 - INFO - Prompt processing progress: 2048/14349
2026-10-02 18:01:32,481 - INFO - Prompt processing progress: 4096/14349
2026-10-02 18:01:32,711 - INFO - Prompt processing progress: 6144/14349
2026-10-02 18:01:32,948 - INFO - Prompt processing progress: 8192/14349
2026-10-02 18:01:33,194 - INFO - Prompt processing progress: 10240/14349
2026-10-02 18:01:33,451 - INFO - Prompt processing progress: 12288/14349
2026-10-02 18:01:33,716 - INFO - Prompt processing progress: 14336/14349
2026-10-02 18:01:33,742 - INFO - Prompt processing progress: 14347/14349
2026-10-02 18:01:33,768 - INFO - Prompt processing progress: 14348/14349
2026-10-02 18:01:33,788 - INFO - Prompt processing progress: 14349/14349
2026-10-02 18:01:34,412 - INFO - Prompt Cache: 1 sequences, 0.07 GB
2026-10-02 18:01:34,412 - INFO - - assistant: 0 sequences, 0.00 GB
2026-10-02 18:01:34,412 - INFO - - user: 0 sequences, 0.00 GB
2026-10-02 18:01:34,412 - INFO - - system: 1 sequences, 0.07 GB
127.0.0.1 - - [02/Oct/2026 18:01:34] "POST /v1/chat/completions HTTP/1.1" 200 -
2026-10-02 18:01:34,722 - INFO - Prompt processing progress: 2048/14435
2026-10-02 18:01:34,945 - INFO - Prompt processing progress: 4096/14435
2026-10-02 18:01:35,174 - INFO - Prompt processing progress: 6144/14435
2026-10-02 18:01:35,412 - INFO - Prompt processing progress: 8192/14435
2026-10-02 18:01:35,659 - INFO - Prompt processing progress: 10240/14435
2026-10-02 18:01:35,915 - INFO - Prompt processing progress: 12288/14435
2026-10-02 18:01:36,180 - INFO - Prompt processing progress: 14336/14435
2026-10-02 18:01:36,243 - INFO - Prompt processing progress: 14433/14435
2026-10-02 18:01:36,269 - INFO - Prompt processing progress: 14434/14435
2026-10-02 18:01:36,290 - INFO - Prompt processing progress: 14435/14435
2026-10-02 18:01:37,537 - INFO - Prompt Cache: 1 sequences, 0.07 GB
2026-10-02 18:01:37,538 - INFO - - assistant: 0 sequences, 0.00 GB
2026-10-02 18:01:37,538 - INFO - - user: 0 sequences, 0.00 GB
2026-10-02 18:01:37,538 - INFO - - system: 1 sequences, 0.07 GB
127.0.0.1 - - [02/Oct/2026 18:01:37] "POST /v1/chat/completions HTTP/1.1" 200 -
2026-10-02 18:01:37,851 - INFO - Prompt processing progress: 2048/14571
2026-10-02 18:01:38,072 - INFO - Prompt processing progress: 4096/14571
2026-10-02 18:01:38,303 - INFO - Prompt processing progress: 6144/14571
2026-10-02 18:01:38,543 - INFO - Prompt processing progress: 8192/14571
2026-10-02 18:01:38,788 - INFO - Prompt processing progress: 10240/14571
2026-10-02 18:01:39,043 - INFO - Prompt processing progress: 12288/14571
2026-10-02 18:01:39,307 - INFO - Prompt processing progress: 14336/14571
2026-10-02 18:01:39,383 - INFO - Prompt processing progress: 14569/14571
2026-10-02 18:01:39,410 - INFO - Prompt processing progress: 14570/14571
2026-10-02 18:01:39,431 - INFO - Prompt processing progress: 14571/14571
2026-10-02 18:01:40,256 - WARNING - Failed to parse tool call (ValueError: No function provided.) — tool text was likely truncated mid-generation.
2026-10-02 18:01:40,270 - INFO - Prompt Cache: 1 sequences, 0.07 GB
2026-10-02 18:01:40,270 - INFO - - assistant: 0 sequences, 0.00 GB
2026-10-02 18:01:40,270 - INFO - - user: 0 sequences, 0.00 GB
2026-10-02 18:01:40,270 - INFO - - system: 1 sequences, 0.07 GB
127.0.0.1 - - [02/Oct/2026 18:01:40] "POST /v1/chat/completions HTTP/1.1" 200 -
2026-10-02 18:01:40,580 - INFO - Prompt processing progress: 2048/14961
2026-10-02 18:01:40,801 - INFO - Prompt processing progress: 4096/14961
2026-10-02 18:01:41,030 - INFO - Prompt processing progress: 6144/14961
2026-10-02 18:01:41,267 - INFO - Prompt processing progress: 8192/14961
2026-10-02 18:01:41,514 - INFO - Prompt processing progress: 10240/14961
2026-10-02 18:01:41,770 - INFO - Prompt processing progress: 12288/14961
2026-10-02 18:01:42,037 - INFO - Prompt processing progress: 14336/14961
2026-10-02 18:01:42,166 - INFO - Prompt processing progress: 14959/14961
2026-10-02 18:01:42,194 - INFO - Prompt processing progress: 14960/14961
2026-10-02 18:01:42,217 - INFO - Prompt processing progress: 14961/14961
2026-10-02 18:01:42,881 - WARNING - Failed to parse tool call (ValueError: No function provided.) — tool text was likely truncated mid-generation.
2026-10-02 18:01:42,895 - INFO - Prompt Cache: 1 sequences, 0.07 GB
2026-10-02 18:01:42,895 - INFO - - assistant: 0 sequences, 0.00 GB
2026-10-02 18:01:42,895 - INFO - - user: 0 sequences, 0.00 GB
2026-10-02 18:01:42,895 - INFO - - system: 1 sequences, 0.07 GB
127.0.0.1 - - [02/Oct/2026 18:01:42] "POST /v1/chat/completions HTTP/1.1" 200 -
2026-10-02 18:01:43,206 - INFO - Prompt processing progress: 2048/15051
2026-10-02 18:01:43,428 - INFO - Prompt processing progress: 4096/15051
2026-10-02 18:01:43,656 - INFO - Prompt processing progress: 6144/15051
2026-10-02 18:01:43,896 - INFO - Prompt processing progress: 8192/15051
2026-10-02 18:01:44,144 - INFO - Prompt processing progress: 10240/15051
2026-10-02 18:01:44,400 - INFO - Prompt processing progress: 12288/15051
2026-10-02 18:01:44,663 - INFO - Prompt processing progress: 14336/15051
2026-10-02 18:01:44,809 - INFO - Prompt processing progress: 15049/15051
2026-10-02 18:01:44,851 - INFO - Prompt processing progress: 15050/15051
2026-10-02 18:01:44,873 - INFO - Prompt processing progress: 15051/15051
2026-10-02 18:01:46,218 - WARNING - Failed to parse tool call (ValueError: No function provided.) — tool text was likely truncated mid-generation.
2026-10-02 18:01:46,231 - INFO - Prompt Cache: 1 sequences, 0.07 GB
2026-10-02 18:01:46,231 - INFO - - assistant: 0 sequences, 0.00 GB
2026-10-02 18:01:46,231 - INFO - - user: 0 sequences, 0.00 GB
2026-10-02 18:01:46,231 - INFO - - system: 1 sequences, 0.07 GB
127.0.0.1 - - [02/Oct/2026 18:01:46] "POST /v1/chat/completions HTTP/1.1" 200 -
2026-10-02 18:01:46,547 - INFO - Prompt processing progress: 2048/15197
2026-10-02 18:01:46,769 - INFO - Prompt processing progress: 4096/15197
2026-10-02 18:01:46,999 - INFO - Prompt processing progress: 6144/15197
2026-10-02 18:01:47,237 - INFO - Prompt processing progress: 8192/15197
2026-10-02 18:01:47,482 - INFO - Prompt processing progress: 10240/15197
2026-10-02 18:01:47,737 - INFO - Prompt processing progress: 12288/15197
2026-10-02 18:01:48,004 - INFO - Prompt processing progress: 14336/15197
2026-10-02 18:01:48,166 - INFO - Prompt processing progress: 15195/15197
2026-10-02 18:01:48,193 - INFO - Prompt processing progress: 15196/15197
2026-10-02 18:01:48,215 - INFO - Prompt processing progress: 15197/15197
2026-10-02 18:01:48,850 - INFO - Prompt Cache: 1 sequences, 0.07 GB
2026-10-02 18:01:48,850 - INFO - - assistant: 0 sequences, 0.00 GB
2026-10-02 18:01:48,850 - INFO - - user: 0 sequences, 0.00 GB
2026-10-02 18:01:48,850 - INFO - - system: 1 sequences, 0.07 GB
127.0.0.1 - - [02/Oct/2026 18:01:48] "POST /v1/chat/completions HTTP/1.1" 200 -
2026-10-02 18:01:49,160 - INFO - Prompt processing progress: 2048/15293
2026-10-02 18:01:49,381 - INFO - Prompt processing progress: 4096/15293
2026-10-02 18:01:49,610 - INFO - Prompt processing progress: 6144/15293
2026-10-02 18:01:49,848 - INFO - Prompt processing progress: 8192/15293
2026-10-02 18:01:50,095 - INFO - Prompt processing progress: 10240/15293
2026-10-02 18:01:50,349 - INFO - Prompt processing progress: 12288/15293
2026-10-02 18:01:50,616 - INFO - Prompt processing progress: 14336/15293
2026-10-02 18:01:50,793 - INFO - Prompt processing progress: 15291/15293
2026-10-02 18:01:50,838 - INFO - Prompt processing progress: 15292/15293
2026-10-02 18:01:50,861 - INFO - Prompt processing progress: 15293/15293
2026-10-02 18:01:51,731 - INFO - Prompt Cache: 1 sequences, 0.07 GB
2026-10-02 18:01:51,731 - INFO - - assistant: 0 sequences, 0.00 GB
2026-10-02 18:01:51,731 - INFO - - user: 0 sequences, 0.00 GB
2026-10-02 18:01:51,731 - INFO - - system: 1 sequences, 0.07 GB
127.0.0.1 - - [02/Oct/2026 18:01:51] "POST /v1/chat/completions HTTP/1.1" 200 -
2026-10-02 18:01:52,042 - INFO - Prompt processing progress: 2048/15587
2026-10-02 18:01:52,265 - INFO - Prompt processing progress: 4096/15587
2026-10-02 18:01:52,493 - INFO - Prompt processing progress: 6144/15587
2026-10-02 18:01:52,731 - INFO - Prompt processing progress: 8192/15587
2026-10-02 18:01:52,979 - INFO - Prompt processing progress: 10240/15587
2026-10-02 18:01:53,234 - INFO - Prompt processing progress: 12288/15587
2026-10-02 18:01:53,498 - INFO - Prompt processing progress: 14336/15587
2026-10-02 18:01:53,682 - INFO - Prompt processing progress: 15585/15587
2026-10-02 18:01:53,711 - INFO - Prompt processing progress: 15586/15587
2026-10-02 18:01:53,733 - INFO - Prompt processing progress: 15587/15587
2026-10-02 18:01:54,401 - WARNING - Failed to parse tool call (ValueError: No function provided.) — tool text was likely truncated mid-generation.
2026-10-02 18:01:54,415 - INFO - Prompt Cache: 1 sequences, 0.07 GB
2026-10-02 18:01:54,415 - INFO - - assistant: 0 sequences, 0.00 GB
2026-10-02 18:01:54,415 - INFO - - user: 0 sequences, 0.00 GB
2026-10-02 18:01:54,415 - INFO - - system: 1 sequences, 0.07 GB
127.0.0.1 - - [02/Oct/2026 18:01:54] "POST /v1/chat/completions HTTP/1.1" 200 -
2026-10-02 18:01:54,726 - INFO - Prompt processing progress: 2048/15696
2026-10-02 18:01:54,947 - INFO - Prompt processing progress: 4096/15696
2026-10-02 18:01:55,175 - INFO - Prompt processing progress: 6144/15696
2026-10-02 18:01:55,413 - INFO - Prompt processing progress: 8192/15696
2026-10-02 18:01:55,659 - INFO - Prompt processing progress: 10240/15696
2026-10-02 18:01:55,914 - INFO - Prompt processing progress: 12288/15696
2026-10-02 18:01:56,178 - INFO - Prompt processing progress: 14336/15696
2026-10-02 18:01:56,390 - INFO - Prompt processing progress: 15694/15696
2026-10-02 18:01:56,433 - INFO - Prompt processing progress: 15695/15696
2026-10-02 18:01:56,456 - INFO - Prompt processing progress: 15696/15696
2026-10-02 18:01:57,037 - WARNING - Failed to parse tool call (ValueError: No function provided.) — tool text was likely truncated mid-generation.
2026-10-02 18:01:57,051 - INFO - Prompt Cache: 1 sequences, 0.07 GB
2026-10-02 18:01:57,051 - INFO - - assistant: 0 sequences, 0.00 GB
2026-10-02 18:01:57,051 - INFO - - user: 0 sequences, 0.00 GB
2026-10-02 18:01:57,051 - INFO - - system: 1 sequences, 0.07 GB
127.0.0.1 - - [02/Oct/2026 18:01:57] "POST /v1/chat/completions HTTP/1.1" 200 -
2026-10-02 18:01:57,357 - INFO - Prompt processing progress: 2048/15962
2026-10-02 18:01:57,579 - INFO - Prompt processing progress: 4096/15962
2026-10-02 18:01:57,808 - INFO - Prompt processing progress: 6144/15962
2026-10-02 18:01:58,046 - INFO - Prompt processing progress: 8192/15962
2026-10-02 18:01:58,292 - INFO - Prompt processing progress: 10240/15962
2026-10-02 18:01:58,547 - INFO - Prompt processing progress: 12288/15962
2026-10-02 18:01:58,810 - INFO - Prompt processing progress: 14336/15962
2026-10-02 18:01:59,045 - INFO - Prompt processing progress: 15960/15962
2026-10-02 18:01:59,074 - INFO - Prompt processing progress: 15961/15962
2026-10-02 18:01:59,097 - INFO - Prompt processing progress: 15962/15962
2026-10-02 18:02:00,306 - INFO - Prompt Cache: 1 sequences, 0.07 GB
2026-10-02 18:02:00,307 - INFO - - assistant: 0 sequences, 0.00 GB
2026-10-02 18:02:00,307 - INFO - - user: 0 sequences, 0.00 GB
2026-10-02 18:02:00,307 - INFO - - system: 1 sequences, 0.07 GB
127.0.0.1 - - [02/Oct/2026 18:02:00] "POST /v1/chat/completions HTTP/1.1" 200 -
2026-10-02 18:02:00,618 - INFO - Prompt processing progress: 2048/16281
2026-10-02 18:02:00,843 - INFO - Prompt processing progress: 4096/16281
2026-10-02 18:02:01,073 - INFO - Prompt processing progress: 6144/16281
2026-10-02 18:02:01,312 - INFO - Prompt processing progress: 8192/16281
2026-10-02 18:02:01,560 - INFO - Prompt processing progress: 10240/16281
2026-10-02 18:02:01,816 - INFO - Prompt processing progress: 12288/16281
2026-10-02 18:02:02,083 - INFO - Prompt processing progress: 14336/16281
2026-10-02 18:02:02,359 - INFO - Prompt processing progress: 16279/16281
2026-10-02 18:02:02,404 - INFO - Prompt processing progress: 16280/16281
2026-10-02 18:02:02,427 - INFO - Prompt processing progress: 16281/16281
2026-10-02 18:02:03,506 - WARNING - Failed to parse tool call (ValueError: No function provided.) — tool text was likely truncated mid-generation.
2026-10-02 18:02:03,522 - INFO - Prompt Cache: 1 sequences, 0.07 GB
2026-10-02 18:02:03,522 - INFO - - assistant: 0 sequences, 0.00 GB
2026-10-02 18:02:03,522 - INFO - - user: 0 sequences, 0.00 GB
2026-10-02 18:02:03,522 - INFO - - system: 1 sequences, 0.07 GB
127.0.0.1 - - [02/Oct/2026 18:02:03] "POST /v1/chat/completions HTTP/1.1" 200 -
2026-10-02 18:02:03,839 - INFO - Prompt processing progress: 2048/16416
2026-10-02 18:02:04,061 - INFO - Prompt processing progress: 4096/16416
2026-10-02 18:02:04,289 - INFO - Prompt processing progress: 6144/16416
2026-10-02 18:02:04,527 - INFO - Prompt processing progress: 8192/16416
2026-10-02 18:02:04,773 - INFO - Prompt processing progress: 10240/16416
2026-10-02 18:02:05,028 - INFO - Prompt processing progress: 12288/16416
2026-10-02 18:02:05,292 - INFO - Prompt processing progress: 14336/16416
2026-10-02 18:02:05,564 - INFO - Prompt processing progress: 16384/16416
2026-10-02 18:02:05,600 - INFO - Prompt processing progress: 16414/16416
2026-10-02 18:02:05,626 - INFO - Prompt processing progress: 16415/16416
2026-10-02 18:02:05,647 - INFO - Prompt processing progress: 16416/16416
2026-10-02 18:02:06,584 - INFO - Prompt Cache: 1 sequences, 0.07 GB
2026-10-02 18:02:06,584 - INFO - - assistant: 0 sequences, 0.00 GB
2026-10-02 18:02:06,584 - INFO - - user: 0 sequences, 0.00 GB
2026-10-02 18:02:06,584 - INFO - - system: 1 sequences, 0.07 GB
127.0.0.1 - - [02/Oct/2026 18:02:06] "POST /v1/chat/completions HTTP/1.1" 200 -
2026-10-02 18:02:06,898 - INFO - Prompt processing progress: 2048/16970
2026-10-02 18:02:07,121 - INFO - Prompt processing progress: 4096/16970
2026-10-02 18:02:07,351 - INFO - Prompt processing progress: 6144/16970
2026-10-02 18:02:07,590 - INFO - Prompt processing progress: 8192/16970
2026-10-02 18:02:07,837 - INFO - Prompt processing progress: 10240/16970
2026-10-02 18:02:08,090 - INFO - Prompt processing progress: 12288/16970
2026-10-02 18:02:08,355 - INFO - Prompt processing progress: 14336/16970
2026-10-02 18:02:08,629 - INFO - Prompt processing progress: 16384/16970
2026-10-02 18:02:08,758 - INFO - Prompt processing progress: 16968/16970
2026-10-02 18:02:08,804 - INFO - Prompt processing progress: 16969/16970
2026-10-02 18:02:08,826 - INFO - Prompt processing progress: 16970/16970
2026-10-02 18:02:11,098 - INFO - Prompt Cache: 1 sequences, 0.07 GB
2026-10-02 18:02:11,098 - INFO - - assistant: 0 sequences, 0.00 GB
2026-10-02 18:02:11,098 - INFO - - user: 0 sequences, 0.00 GB
2026-10-02 18:02:11,098 - INFO - - system: 1 sequences, 0.07 GB
127.0.0.1 - - [02/Oct/2026 18:02:11] "POST /v1/chat/completions HTTP/1.1" 200 -
2026-10-02 18:02:11,410 - INFO - Prompt processing progress: 1894/1896
2026-10-02 18:02:11,430 - INFO - Prompt processing progress: 1895/1896
2026-10-02 18:02:11,446 - INFO - Prompt processing progress: 1896/1896
2026-10-02 18:02:12,207 - INFO - Prompt Cache: 1 sequences, 0.07 GB
2026-10-02 18:02:12,207 - INFO - - assistant: 0 sequences, 0.00 GB
2026-10-02 18:02:12,207 - INFO - - user: 0 sequences, 0.00 GB
2026-10-02 18:02:12,207 - INFO - - system: 1 sequences, 0.07 GB
127.0.0.1 - - [02/Oct/2026 18:02:12] "POST /v1/chat/completions HTTP/1.1" 200 -
2026-10-02 18:02:12,517 - INFO - Prompt processing progress: 2048/2159
2026-10-02 18:02:12,576 - INFO - Prompt processing progress: 2157/2159
2026-10-02 18:02:12,596 - INFO - Prompt processing progress: 2158/2159
2026-10-02 18:02:12,611 - INFO - Prompt processing progress: 2159/2159
2026-10-02 18:02:13,073 - INFO - Prompt Cache: 1 sequences, 0.07 GB
2026-10-02 18:02:13,074 - INFO - - assistant: 0 sequences, 0.00 GB
2026-10-02 18:02:13,074 - INFO - - user: 0 sequences, 0.00 GB
2026-10-02 18:02:13,074 - INFO - - system: 1 sequences, 0.07 GB
127.0.0.1 - - [02/Oct/2026 18:02:13] "POST /v1/chat/completions HTTP/1.1" 200 -
2026-10-02 18:02:13,382 - INFO - Prompt processing progress: 2048/5469
2026-10-02 18:02:13,604 - INFO - Prompt processing progress: 4096/5469
2026-10-02 18:02:13,779 - INFO - Prompt processing progress: 5467/5469
2026-10-02 18:02:13,802 - INFO - Prompt processing progress: 5468/5469
2026-10-02 18:02:13,820 - INFO - Prompt processing progress: 5469/5469
2026-10-02 18:02:14,655 - INFO - Prompt Cache: 1 sequences, 0.07 GB
2026-10-02 18:02:14,655 - INFO - - assistant: 0 sequences, 0.00 GB
2026-10-02 18:02:14,655 - INFO - - user: 0 sequences, 0.00 GB
2026-10-02 18:02:14,655 - INFO - - system: 1 sequences, 0.07 GB
127.0.0.1 - - [02/Oct/2026 18:02:14] "POST /v1/chat/completions HTTP/1.1" 200 -
2026-10-02 18:02:14,966 - INFO - Prompt processing progress: 2048/6216
2026-10-02 18:02:15,186 - INFO - Prompt processing progress: 4096/6216
2026-10-02 18:02:15,415 - INFO - Prompt processing progress: 6144/6216
2026-10-02 18:02:15,462 - INFO - Prompt processing progress: 6214/6216
2026-10-02 18:02:15,485 - INFO - Prompt processing progress: 6215/6216
2026-10-02 18:02:15,502 - INFO - Prompt processing progress: 6216/6216
2026-10-02 18:02:17,650 - INFO - Prompt Cache: 1 sequences, 0.07 GB
2026-10-02 18:02:17,650 - INFO - - assistant: 0 sequences, 0.00 GB
2026-10-02 18:02:17,650 - INFO - - user: 0 sequences, 0.00 GB
2026-10-02 18:02:17,650 - INFO - - system: 1 sequences, 0.07 GB
127.0.0.1 - - [02/Oct/2026 18:02:17] "POST /v1/chat/completions HTTP/1.1" 200 -
2026-10-02 18:02:17,962 - INFO - Prompt processing progress: 2048/6452
2026-10-02 18:02:18,182 - INFO - Prompt processing progress: 4096/6452
2026-10-02 18:02:18,411 - INFO - Prompt processing progress: 6144/6452
2026-10-02 18:02:18,486 - INFO - Prompt processing progress: 6450/6452
2026-10-02 18:02:18,522 - INFO - Prompt processing progress: 6451/6452
2026-10-02 18:02:18,540 - INFO - Prompt processing progress: 6452/6452
2026-10-02 18:02:18,952 - WARNING - Failed to parse tool call (ValueError: No function provided.) — tool text was likely truncated mid-generation.
2026-10-02 18:02:18,959 - INFO - Prompt Cache: 1 sequences, 0.07 GB
2026-10-02 18:02:18,959 - INFO - - assistant: 0 sequences, 0.00 GB
2026-10-02 18:02:18,959 - INFO - - user: 0 sequences, 0.00 GB
2026-10-02 18:02:18,959 - INFO - - system: 1 sequences, 0.07 GB
127.0.0.1 - - [02/Oct/2026 18:02:18] "POST /v1/chat/completions HTTP/1.1" 200 -
2026-10-02 18:02:19,269 - INFO - Prompt processing progress: 2048/6581
2026-10-02 18:02:19,491 - INFO - Prompt processing progress: 4096/6581
2026-10-02 18:02:19,720 - INFO - Prompt processing progress: 6144/6581
2026-10-02 18:02:19,811 - INFO - Prompt processing progress: 6579/6581
2026-10-02 18:02:19,833 - INFO - Prompt processing progress: 6580/6581
2026-10-02 18:02:19,851 - INFO - Prompt processing progress: 6581/6581
2026-10-02 18:02:20,392 - INFO - Prompt Cache: 1 sequences, 0.07 GB
2026-10-02 18:02:20,392 - INFO - - assistant: 0 sequences, 0.00 GB
2026-10-02 18:02:20,392 - INFO - - user: 0 sequences, 0.00 GB
2026-10-02 18:02:20,392 - INFO - - system: 1 sequences, 0.07 GB
127.0.0.1 - - [02/Oct/2026 18:02:20] "POST /v1/chat/completions HTTP/1.1" 200 -
2026-10-02 18:02:20,699 - INFO - Prompt processing progress: 2048/6847
2026-10-02 18:02:20,921 - INFO - Prompt processing progress: 4096/6847
2026-10-02 18:02:21,151 - INFO - Prompt processing progress: 6144/6847
2026-10-02 18:02:21,273 - INFO - Prompt processing progress: 6845/6847
2026-10-02 18:02:21,296 - INFO - Prompt processing progress: 6846/6847
2026-10-02 18:02:21,313 - INFO - Prompt processing progress: 6847/6847
2026-10-02 18:02:21,891 - WARNING - Failed to parse tool call (ValueError: No function provided.) — tool text was likely truncated mid-generation.
2026-10-02 18:02:21,899 - INFO - Prompt Cache: 1 sequences, 0.07 GB
2026-10-02 18:02:21,899 - INFO - - assistant: 0 sequences, 0.00 GB
2026-10-02 18:02:21,899 - INFO - - user: 0 sequences, 0.00 GB
2026-10-02 18:02:21,899 - INFO - - system: 1 sequences, 0.07 GB
127.0.0.1 - - [02/Oct/2026 18:02:21] "POST /v1/chat/completions HTTP/1.1" 200 -
2026-10-02 18:02:22,208 - INFO - Prompt processing progress: 2048/6980
2026-10-02 18:02:22,432 - INFO - Prompt processing progress: 4096/6980
2026-10-02 18:02:22,660 - INFO - Prompt processing progress: 6144/6980
2026-10-02 18:02:22,795 - INFO - Prompt processing progress: 6978/6980
2026-10-02 18:02:22,815 - INFO - Prompt processing progress: 6979/6980
2026-10-02 18:02:22,835 - INFO - Prompt processing progress: 6980/6980
2026-10-02 18:02:23,245 - INFO - Prompt Cache: 1 sequences, 0.07 GB
2026-10-02 18:02:23,245 - INFO - - assistant: 0 sequences, 0.00 GB
2026-10-02 18:02:23,245 - INFO - - user: 0 sequences, 0.00 GB
2026-10-02 18:02:23,245 - INFO - - system: 1 sequences, 0.07 GB
127.0.0.1 - - [02/Oct/2026 18:02:23] "POST /v1/chat/completions HTTP/1.1" 200 -
2026-10-02 18:02:23,559 - INFO - Prompt processing progress: 2048/7099
2026-10-02 18:02:23,780 - INFO - Prompt processing progress: 4096/7099
2026-10-02 18:02:24,009 - INFO - Prompt processing progress: 6144/7099
2026-10-02 18:02:24,157 - INFO - Prompt processing progress: 7097/7099
2026-10-02 18:02:24,181 - INFO - Prompt processing progress: 7098/7099
2026-10-02 18:02:24,199 - INFO - Prompt processing progress: 7099/7099
2026-10-02 18:02:24,796 - INFO - Prompt Cache: 1 sequences, 0.07 GB
2026-10-02 18:02:24,796 - INFO - - assistant: 0 sequences, 0.00 GB
2026-10-02 18:02:24,796 - INFO - - user: 0 sequences, 0.00 GB
2026-10-02 18:02:24,796 - INFO - - system: 1 sequences, 0.07 GB
127.0.0.1 - - [02/Oct/2026 18:02:24] "POST /v1/chat/completions HTTP/1.1" 200 -
2026-10-02 18:02:25,103 - INFO - Prompt processing progress: 2048/7224
2026-10-02 18:02:25,325 - INFO - Prompt processing progress: 4096/7224
2026-10-02 18:02:25,553 - INFO - Prompt processing progress: 6144/7224
2026-10-02 18:02:25,702 - INFO - Prompt processing progress: 7222/7224
2026-10-02 18:02:25,738 - INFO - Prompt processing progress: 7223/7224
2026-10-02 18:02:25,756 - INFO - Prompt processing progress: 7224/7224
2026-10-02 18:02:26,503 - INFO - Prompt Cache: 1 sequences, 0.07 GB
2026-10-02 18:02:26,503 - INFO - - assistant: 0 sequences, 0.00 GB
2026-10-02 18:02:26,503 - INFO - - user: 0 sequences, 0.00 GB
2026-10-02 18:02:26,503 - INFO - - system: 1 sequences, 0.07 GB
127.0.0.1 - - [02/Oct/2026 18:02:26] "POST /v1/chat/completions HTTP/1.1" 200 -
2026-10-02 18:02:26,811 - INFO - Prompt processing progress: 2048/7367
2026-10-02 18:02:27,032 - INFO - Prompt processing progress: 4096/7367
2026-10-02 18:02:27,261 - INFO - Prompt processing progress: 6144/7367
2026-10-02 18:02:27,425 - INFO - Prompt processing progress: 7365/7367
2026-10-02 18:02:27,449 - INFO - Prompt processing progress: 7366/7367
2026-10-02 18:02:27,468 - INFO - Prompt processing progress: 7367/7367
2026-10-02 18:02:29,776 - INFO - Prompt Cache: 1 sequences, 0.07 GB
2026-10-02 18:02:29,776 - INFO - - assistant: 0 sequences, 0.00 GB
2026-10-02 18:02:29,776 - INFO - - user: 0 sequences, 0.00 GB
2026-10-02 18:02:29,776 - INFO - - system: 1 sequences, 0.07 GB
127.0.0.1 - - [02/Oct/2026 18:02:29] "POST /v1/chat/completions HTTP/1.1" 200 -
2026-10-02 18:02:30,090 - INFO - Prompt processing progress: 2048/8723
2026-10-02 18:02:30,312 - INFO - Prompt processing progress: 4096/8723
2026-10-02 18:02:30,542 - INFO - Prompt processing progress: 6144/8723
2026-10-02 18:02:30,780 - INFO - Prompt processing progress: 8192/8723
2026-10-02 18:02:30,884 - INFO - Prompt processing progress: 8721/8723
2026-10-02 18:02:30,909 - INFO - Prompt processing progress: 8722/8723
2026-10-02 18:02:30,928 - INFO - Prompt processing progress: 8723/8723
2026-10-02 18:02:31,673 - INFO - Prompt Cache: 1 sequences, 0.07 GB
2026-10-02 18:02:31,673 - INFO - - assistant: 0 sequences, 0.00 GB
2026-10-02 18:02:31,673 - INFO - - user: 0 sequences, 0.00 GB
2026-10-02 18:02:31,673 - INFO - - system: 1 sequences, 0.07 GB
127.0.0.1 - - [02/Oct/2026 18:02:31] "POST /v1/chat/completions HTTP/1.1" 200 -
2026-10-02 18:02:31,983 - INFO - Prompt processing progress: 2048/9549
2026-10-02 18:02:32,205 - INFO - Prompt processing progress: 4096/9549
2026-10-02 18:02:32,434 - INFO - Prompt processing progress: 6144/9549
2026-10-02 18:02:32,672 - INFO - Prompt processing progress: 8192/9549
2026-10-02 18:02:32,863 - INFO - Prompt processing progress: 9547/9549
2026-10-02 18:02:32,889 - INFO - Prompt processing progress: 9548/9549
2026-10-02 18:02:32,910 - INFO - Prompt processing progress: 9549/9549
2026-10-02 18:02:33,820 - INFO - Prompt Cache: 1 sequences, 0.07 GB
2026-10-02 18:02:33,820 - INFO - - assistant: 0 sequences, 0.00 GB
2026-10-02 18:02:33,820 - INFO - - user: 0 sequences, 0.00 GB
2026-10-02 18:02:33,820 - INFO - - system: 1 sequences, 0.07 GB
127.0.0.1 - - [02/Oct/2026 18:02:33] "POST /v1/chat/completions HTTP/1.1" 200 -
2026-10-02 18:02:34,126 - INFO - Prompt processing progress: 2048/9892
2026-10-02 18:02:34,348 - INFO - Prompt processing progress: 4096/9892
2026-10-02 18:02:34,577 - INFO - Prompt processing progress: 6144/9892
2026-10-02 18:02:34,816 - INFO - Prompt processing progress: 8192/9892
2026-10-02 18:02:35,034 - INFO - Prompt processing progress: 9890/9892
2026-10-02 18:02:35,060 - INFO - Prompt processing progress: 9891/9892
2026-10-02 18:02:35,082 - INFO - Prompt processing progress: 9892/9892
2026-10-02 18:02:36,390 - INFO - Prompt Cache: 1 sequences, 0.07 GB
2026-10-02 18:02:36,390 - INFO - - assistant: 0 sequences, 0.00 GB
2026-10-02 18:02:36,391 - INFO - - user: 0 sequences, 0.00 GB
2026-10-02 18:02:36,391 - INFO - - system: 1 sequences, 0.07 GB
127.0.0.1 - - [02/Oct/2026 18:02:36] "POST /v1/chat/completions HTTP/1.1" 200 -
2026-10-02 18:02:36,701 - INFO - Prompt processing progress: 2048/10043
2026-10-02 18:02:36,925 - INFO - Prompt processing progress: 4096/10043
2026-10-02 18:02:37,154 - INFO - Prompt processing progress: 6144/10043
2026-10-02 18:02:37,390 - INFO - Prompt processing progress: 8192/10043
2026-10-02 18:02:37,621 - INFO - Prompt processing progress: 10041/10043
2026-10-02 18:02:37,647 - INFO - Prompt processing progress: 10042/10043
2026-10-02 18:02:37,667 - INFO - Prompt processing progress: 10043/10043
2026-10-02 18:02:38,610 - INFO - Prompt Cache: 1 sequences, 0.07 GB
2026-10-02 18:02:38,610 - INFO - - assistant: 0 sequences, 0.00 GB
2026-10-02 18:02:38,610 - INFO - - user: 0 sequences, 0.00 GB
2026-10-02 18:02:38,610 - INFO - - system: 1 sequences, 0.07 GB
127.0.0.1 - - [02/Oct/2026 18:02:38] "POST /v1/chat/completions HTTP/1.1" 200 -
2026-10-02 18:02:38,920 - INFO - Prompt processing progress: 2048/10256
2026-10-02 18:02:39,143 - INFO - Prompt processing progress: 4096/10256
2026-10-02 18:02:39,372 - INFO - Prompt processing progress: 6144/10256
2026-10-02 18:02:39,610 - INFO - Prompt processing progress: 8192/10256
2026-10-02 18:02:39,857 - INFO - Prompt processing progress: 10240/10256
2026-10-02 18:02:39,883 - INFO - Prompt processing progress: 10254/10256
2026-10-02 18:02:39,908 - INFO - Prompt processing progress: 10255/10256
2026-10-02 18:02:39,926 - INFO - Prompt processing progress: 10256/10256
2026-10-02 18:02:42,103 - INFO - Prompt Cache: 1 sequences, 0.07 GB
2026-10-02 18:02:42,103 - INFO - - assistant: 0 sequences, 0.00 GB
2026-10-02 18:02:42,103 - INFO - - user: 0 sequences, 0.00 GB
2026-10-02 18:02:42,103 - INFO - - system: 1 sequences, 0.07 GB
127.0.0.1 - - [02/Oct/2026 18:02:42] "POST /v1/chat/completions HTTP/1.1" 200 -
2026-10-02 18:02:42,418 - INFO - Prompt processing progress: 2048/10832
2026-10-02 18:02:42,639 - INFO - Prompt processing progress: 4096/10832
2026-10-02 18:02:42,870 - INFO - Prompt processing progress: 6144/10832
2026-10-02 18:02:43,107 - INFO - Prompt processing progress: 8192/10832
2026-10-02 18:02:43,353 - INFO - Prompt processing progress: 10240/10832
2026-10-02 18:02:43,469 - INFO - Prompt processing progress: 10830/10832
2026-10-02 18:02:43,507 - INFO - Prompt processing progress: 10831/10832
2026-10-02 18:02:43,527 - INFO - Prompt processing progress: 10832/10832
2026-10-02 18:02:44,135 - INFO - Prompt Cache: 1 sequences, 0.07 GB
2026-10-02 18:02:44,135 - INFO - - assistant: 0 sequences, 0.00 GB
2026-10-02 18:02:44,135 - INFO - - user: 0 sequences, 0.00 GB
2026-10-02 18:02:44,135 - INFO - - system: 1 sequences, 0.07 GB
127.0.0.1 - - [02/Oct/2026 18:02:44] "POST /v1/chat/completions HTTP/1.1" 200 -
2026-10-02 18:02:44,444 - INFO - Prompt processing progress: 2048/11311
2026-10-02 18:02:44,667 - INFO - Prompt processing progress: 4096/11311
2026-10-02 18:02:44,895 - INFO - Prompt processing progress: 6144/11311
2026-10-02 18:02:45,134 - INFO - Prompt processing progress: 8192/11311
2026-10-02 18:02:45,379 - INFO - Prompt processing progress: 10240/11311
2026-10-02 18:02:45,538 - INFO - Prompt processing progress: 11309/11311
2026-10-02 18:02:45,565 - INFO - Prompt processing progress: 11310/11311
2026-10-02 18:02:45,585 - INFO - Prompt processing progress: 11311/11311
2026-10-02 18:02:46,196 - INFO - Prompt Cache: 1 sequences, 0.07 GB
2026-10-02 18:02:46,196 - INFO - - assistant: 0 sequences, 0.00 GB
2026-10-02 18:02:46,196 - INFO - - user: 0 sequences, 0.00 GB
2026-10-02 18:02:46,196 - INFO - - system: 1 sequences, 0.07 GB
127.0.0.1 - - [02/Oct/2026 18:02:46] "POST /v1/chat/completions HTTP/1.1" 200 -
2026-10-02 18:02:46,505 - INFO - Prompt processing progress: 2048/12053
2026-10-02 18:02:46,729 - INFO - Prompt processing progress: 4096/12053
2026-10-02 18:02:46,957 - INFO - Prompt processing progress: 6144/12053
2026-10-02 18:02:47,195 - INFO - Prompt processing progress: 8192/12053
2026-10-02 18:02:47,442 - INFO - Prompt processing progress: 10240/12053
2026-10-02 18:02:47,678 - INFO - Prompt processing progress: 12051/12053
2026-10-02 18:02:47,705 - INFO - Prompt processing progress: 12052/12053
2026-10-02 18:02:47,726 - INFO - Prompt processing progress: 12053/12053
2026-10-02 18:02:50,765 - INFO - Prompt Cache: 1 sequences, 0.07 GB
2026-10-02 18:02:50,765 - INFO - - assistant: 0 sequences, 0.00 GB
2026-10-02 18:02:50,765 - INFO - - user: 0 sequences, 0.00 GB
2026-10-02 18:02:50,765 - INFO - - system: 1 sequences, 0.07 GB
127.0.0.1 - - [02/Oct/2026 18:02:50] "POST /v1/chat/completions HTTP/1.1" 200 -
2026-10-02 18:02:51,084 - INFO - Prompt processing progress: 2048/12352
2026-10-02 18:02:51,306 - INFO - Prompt processing progress: 4096/12352
2026-10-02 18:02:51,536 - INFO - Prompt processing progress: 6144/12352
2026-10-02 18:02:51,775 - INFO - Prompt processing progress: 8192/12352
2026-10-02 18:02:52,021 - INFO - Prompt processing progress: 10240/12352
2026-10-02 18:02:52,277 - INFO - Prompt processing progress: 12288/12352
2026-10-02 18:02:52,322 - INFO - Prompt processing progress: 12350/12352
2026-10-02 18:02:52,346 - INFO - Prompt processing progress: 12351/12352
2026-10-02 18:02:52,366 - INFO - Prompt processing progress: 12352/12352
2026-10-02 18:02:53,461 - INFO - Prompt Cache: 1 sequences, 0.07 GB
2026-10-02 18:02:53,461 - INFO - - assistant: 0 sequences, 0.00 GB
2026-10-02 18:02:53,461 - INFO - - user: 0 sequences, 0.00 GB
2026-10-02 18:02:53,461 - INFO - - system: 1 sequences, 0.07 GB
127.0.0.1 - - [02/Oct/2026 18:02:53] "POST /v1/chat/completions HTTP/1.1" 200 -
2026-10-02 18:02:53,772 - INFO - Prompt processing progress: 2048/12630
2026-10-02 18:02:53,995 - INFO - Prompt processing progress: 4096/12630
2026-10-02 18:02:54,225 - INFO - Prompt processing progress: 6144/12630
2026-10-02 18:02:54,467 - INFO - Prompt processing progress: 8192/12630
2026-10-02 18:02:54,714 - INFO - Prompt processing progress: 10240/12630
2026-10-02 18:02:54,969 - INFO - Prompt processing progress: 12288/12630
2026-10-02 18:02:55,057 - INFO - Prompt processing progress: 12628/12630
2026-10-02 18:02:55,083 - INFO - Prompt processing progress: 12629/12630
2026-10-02 18:02:55,103 - INFO - Prompt processing progress: 12630/12630
2026-10-02 18:02:56,181 - WARNING - Failed to parse tool call (ValueError: No function provided.) — tool text was likely truncated mid-generation.
2026-10-02 18:02:56,192 - INFO - Prompt Cache: 1 sequences, 0.07 GB
2026-10-02 18:02:56,192 - INFO - - assistant: 0 sequences, 0.00 GB
2026-10-02 18:02:56,192 - INFO - - user: 0 sequences, 0.00 GB
2026-10-02 18:02:56,192 - INFO - - system: 1 sequences, 0.07 GB
127.0.0.1 - - [02/Oct/2026 18:02:56] "POST /v1/chat/completions HTTP/1.1" 200 -
2026-10-02 18:02:56,504 - INFO - Prompt processing progress: 2048/12908
2026-10-02 18:02:56,727 - INFO - Prompt processing progress: 4096/12908
2026-10-02 18:02:56,955 - INFO - Prompt processing progress: 6144/12908
2026-10-02 18:02:57,194 - INFO - Prompt processing progress: 8192/12908
2026-10-02 18:02:57,441 - INFO - Prompt processing progress: 10240/12908
2026-10-02 18:02:57,695 - INFO - Prompt processing progress: 12288/12908
2026-10-02 18:02:57,818 - INFO - Prompt processing progress: 12906/12908
2026-10-02 18:02:57,845 - INFO - Prompt processing progress: 12907/12908
2026-10-02 18:02:57,882 - INFO - Prompt processing progress: 12908/12908
2026-10-02 18:02:59,645 - INFO - Prompt Cache: 1 sequences, 0.07 GB
2026-10-02 18:02:59,645 - INFO - - assistant: 0 sequences, 0.00 GB
2026-10-02 18:02:59,645 - INFO - - user: 0 sequences, 0.00 GB
2026-10-02 18:02:59,645 - INFO - - system: 1 sequences, 0.07 GB
127.0.0.1 - - [02/Oct/2026 18:02:59] "POST /v1/chat/completions HTTP/1.1" 200 -
2026-10-02 18:02:59,955 - INFO - Prompt processing progress: 2048/13353
2026-10-02 18:03:00,177 - INFO - Prompt processing progress: 4096/13353
2026-10-02 18:03:00,407 - INFO - Prompt processing progress: 6144/13353
2026-10-02 18:03:00,646 - INFO - Prompt processing progress: 8192/13353
2026-10-02 18:03:00,894 - INFO - Prompt processing progress: 10240/13353
2026-10-02 18:03:01,148 - INFO - Prompt processing progress: 12288/13353
2026-10-02 18:03:01,311 - INFO - Prompt processing progress: 13351/13353
2026-10-02 18:03:01,338 - INFO - Prompt processing progress: 13352/13353
2026-10-02 18:03:01,359 - INFO - Prompt processing progress: 13353/13353
2026-10-02 18:03:02,130 - WARNING - Failed to parse tool call (ValueError: No function provided.) — tool text was likely truncated mid-generation.
2026-10-02 18:03:02,141 - INFO - Prompt Cache: 1 sequences, 0.07 GB
2026-10-02 18:03:02,141 - INFO - - assistant: 0 sequences, 0.00 GB
2026-10-02 18:03:02,141 - INFO - - user: 0 sequences, 0.00 GB
2026-10-02 18:03:02,141 - INFO - - system: 1 sequences, 0.07 GB
127.0.0.1 - - [02/Oct/2026 18:03:02] "POST /v1/chat/completions HTTP/1.1" 200 -
2026-10-02 18:03:02,451 - INFO - Prompt processing progress: 2048/13783
2026-10-02 18:03:02,673 - INFO - Prompt processing progress: 4096/13783
2026-10-02 18:03:02,903 - INFO - Prompt processing progress: 6144/13783
2026-10-02 18:03:03,139 - INFO - Prompt processing progress: 8192/13783
2026-10-02 18:03:03,386 - INFO - Prompt processing progress: 10240/13783
2026-10-02 18:03:03,641 - INFO - Prompt processing progress: 12288/13783
2026-10-02 18:03:03,851 - INFO - Prompt processing progress: 13781/13783
2026-10-02 18:03:03,879 - INFO - Prompt processing progress: 13782/13783
2026-10-02 18:03:03,901 - INFO - Prompt processing progress: 13783/13783
2026-10-02 18:03:04,606 - WARNING - Failed to parse tool call (ValueError: No function provided.) — tool text was likely truncated mid-generation.
2026-10-02 18:03:04,618 - INFO - Prompt Cache: 1 sequences, 0.07 GB
2026-10-02 18:03:04,618 - INFO - - assistant: 0 sequences, 0.00 GB
2026-10-02 18:03:04,618 - INFO - - user: 0 sequences, 0.00 GB
2026-10-02 18:03:04,618 - INFO - - system: 1 sequences, 0.07 GB
127.0.0.1 - - [02/Oct/2026 18:03:04] "POST /v1/chat/completions HTTP/1.1" 200 -
2026-10-02 18:03:04,928 - INFO - Prompt processing progress: 2048/13884
2026-10-02 18:03:05,151 - INFO - Prompt processing progress: 4096/13884
2026-10-02 18:03:05,380 - INFO - Prompt processing progress: 6144/13884
2026-10-02 18:03:05,619 - INFO - Prompt processing progress: 8192/13884
2026-10-02 18:03:05,866 - INFO - Prompt processing progress: 10240/13884
2026-10-02 18:03:06,123 - INFO - Prompt processing progress: 12288/13884
2026-10-02 18:03:06,344 - INFO - Prompt processing progress: 13882/13884
2026-10-02 18:03:06,370 - INFO - Prompt processing progress: 13883/13884
2026-10-02 18:03:06,391 - INFO - Prompt processing progress: 13884/13884
2026-10-02 18:03:07,560 - INFO - Prompt Cache: 1 sequences, 0.07 GB
2026-10-02 18:03:07,560 - INFO - - assistant: 0 sequences, 0.00 GB
2026-10-02 18:03:07,560 - INFO - - user: 0 sequences, 0.00 GB
2026-10-02 18:03:07,560 - INFO - - system: 1 sequences, 0.07 GB
127.0.0.1 - - [02/Oct/2026 18:03:07] "POST /v1/chat/completions HTTP/1.1" 200 -
2026-10-02 18:03:07,872 - INFO - Prompt processing progress: 2048/14170
2026-10-02 18:03:08,095 - INFO - Prompt processing progress: 4096/14170
2026-10-02 18:03:08,325 - INFO - Prompt processing progress: 6144/14170
2026-10-02 18:03:08,564 - INFO - Prompt processing progress: 8192/14170
2026-10-02 18:03:08,810 - INFO - Prompt processing progress: 10240/14170
2026-10-02 18:03:09,064 - INFO - Prompt processing progress: 12288/14170
2026-10-02 18:03:09,314 - INFO - Prompt processing progress: 14168/14170
2026-10-02 18:03:09,342 - INFO - Prompt processing progress: 14169/14170
2026-10-02 18:03:09,365 - INFO - Prompt processing progress: 14170/14170
2026-10-02 18:03:10,063 - WARNING - Failed to parse tool call (ValueError: No function provided.) — tool text was likely truncated mid-generation.
2026-10-02 18:03:10,075 - INFO - Prompt Cache: 1 sequences, 0.07 GB
2026-10-02 18:03:10,075 - INFO - - assistant: 0 sequences, 0.00 GB
2026-10-02 18:03:10,075 - INFO - - user: 0 sequences, 0.00 GB
2026-10-02 18:03:10,075 - INFO - - system: 1 sequences, 0.07 GB
127.0.0.1 - - [02/Oct/2026 18:03:10] "POST /v1/chat/completions HTTP/1.1" 200 -
2026-10-02 18:03:10,386 - INFO - Prompt processing progress: 2048/14628
2026-10-02 18:03:10,609 - INFO - Prompt processing progress: 4096/14628
2026-10-02 18:03:10,840 - INFO - Prompt processing progress: 6144/14628
2026-10-02 18:03:11,078 - INFO - Prompt processing progress: 8192/14628
2026-10-02 18:03:11,325 - INFO - Prompt processing progress: 10240/14628
2026-10-02 18:03:11,580 - INFO - Prompt processing progress: 12288/14628
2026-10-02 18:03:11,844 - INFO - Prompt processing progress: 14336/14628
2026-10-02 18:03:11,928 - INFO - Prompt processing progress: 14626/14628
2026-10-02 18:03:11,971 - INFO - Prompt processing progress: 14627/14628
2026-10-02 18:03:11,992 - INFO - Prompt processing progress: 14628/14628
2026-10-02 18:03:12,894 - INFO - Prompt Cache: 1 sequences, 0.07 GB
2026-10-02 18:03:12,894 - INFO - - assistant: 0 sequences, 0.00 GB
2026-10-02 18:03:12,894 - INFO - - user: 0 sequences, 0.00 GB
2026-10-02 18:03:12,894 - INFO - - system: 1 sequences, 0.07 GB
127.0.0.1 - - [02/Oct/2026 18:03:12] "POST /v1/chat/completions HTTP/1.1" 200 -
2026-10-02 18:03:13,206 - INFO - Prompt processing progress: 2048/14737
2026-10-02 18:03:13,428 - INFO - Prompt processing progress: 4096/14737
2026-10-02 18:03:13,659 - INFO - Prompt processing progress: 6144/14737
2026-10-02 18:03:13,898 - INFO - Prompt processing progress: 8192/14737
2026-10-02 18:03:14,146 - INFO - Prompt processing progress: 10240/14737
2026-10-02 18:03:14,400 - INFO - Prompt processing progress: 12288/14737
2026-10-02 18:03:14,664 - INFO - Prompt processing progress: 14336/14737
2026-10-02 18:03:14,767 - INFO - Prompt processing progress: 14735/14737
2026-10-02 18:03:14,795 - INFO - Prompt processing progress: 14736/14737
2026-10-02 18:03:14,817 - INFO - Prompt processing progress: 14737/14737
2026-10-02 18:03:18,915 - INFO - Prompt Cache: 1 sequences, 0.07 GB
2026-10-02 18:03:18,915 - INFO - - assistant: 0 sequences, 0.00 GB
2026-10-02 18:03:18,915 - INFO - - user: 0 sequences, 0.00 GB
2026-10-02 18:03:18,915 - INFO - - system: 1 sequences, 0.07 GB
127.0.0.1 - - [02/Oct/2026 18:03:18] "POST /v1/chat/completions HTTP/1.1" 200 -
2026-10-02 18:03:19,235 - INFO - Prompt processing progress: 2048/15128
2026-10-02 18:03:19,458 - INFO - Prompt processing progress: 4096/15128
2026-10-02 18:03:19,686 - INFO - Prompt processing progress: 6144/15128
2026-10-02 18:03:19,924 - INFO - Prompt processing progress: 8192/15128
2026-10-02 18:03:20,169 - INFO - Prompt processing progress: 10240/15128
2026-10-02 18:03:20,425 - INFO - Prompt processing progress: 12288/15128
2026-10-02 18:03:20,688 - INFO - Prompt processing progress: 14336/15128
2026-10-02 18:03:20,844 - INFO - Prompt processing progress: 15126/15128
2026-10-02 18:03:20,887 - INFO - Prompt processing progress: 15127/15128
2026-10-02 18:03:20,910 - INFO - Prompt processing progress: 15128/15128
2026-10-02 18:03:21,494 - WARNING - Failed to parse tool call (ValueError: No function provided.) — tool text was likely truncated mid-generation.
2026-10-02 18:03:21,506 - INFO - Prompt Cache: 1 sequences, 0.07 GB
2026-10-02 18:03:21,506 - INFO - - assistant: 0 sequences, 0.00 GB
2026-10-02 18:03:21,506 - INFO - - user: 0 sequences, 0.00 GB
2026-10-02 18:03:21,506 - INFO - - system: 1 sequences, 0.07 GB
127.0.0.1 - - [02/Oct/2026 18:03:21] "POST /v1/chat/completions HTTP/1.1" 200 -
2026-10-02 18:03:21,816 - INFO - Prompt processing progress: 2048/15494
2026-10-02 18:03:22,039 - INFO - Prompt processing progress: 4096/15494
2026-10-02 18:03:22,269 - INFO - Prompt processing progress: 6144/15494
2026-10-02 18:03:22,507 - INFO - Prompt processing progress: 8192/15494
2026-10-02 18:03:22,754 - INFO - Prompt processing progress: 10240/15494
2026-10-02 18:03:23,009 - INFO - Prompt processing progress: 12288/15494
2026-10-02 18:03:23,275 - INFO - Prompt processing progress: 14336/15494
2026-10-02 18:03:23,449 - INFO - Prompt processing progress: 15492/15494
2026-10-02 18:03:23,478 - INFO - Prompt processing progress: 15493/15494
2026-10-02 18:03:23,501 - INFO - Prompt processing progress: 15494/15494
2026-10-02 18:03:24,774 - INFO - Prompt Cache: 1 sequences, 0.07 GB
2026-10-02 18:03:24,775 - INFO - - assistant: 0 sequences, 0.00 GB
2026-10-02 18:03:24,775 - INFO - - user: 0 sequences, 0.00 GB
2026-10-02 18:03:24,775 - INFO - - system: 1 sequences, 0.07 GB
127.0.0.1 - - [02/Oct/2026 18:03:24] "POST /v1/chat/completions HTTP/1.1" 200 -
2026-10-02 18:03:25,089 - INFO - Prompt processing progress: 2048/15936
2026-10-02 18:03:25,313 - INFO - Prompt processing progress: 4096/15936
2026-10-02 18:03:25,542 - INFO - Prompt processing progress: 6144/15936
2026-10-02 18:03:25,779 - INFO - Prompt processing progress: 8192/15936
2026-10-02 18:03:26,025 - INFO - Prompt processing progress: 10240/15936
2026-10-02 18:03:26,280 - INFO - Prompt processing progress: 12288/15936
2026-10-02 18:03:26,545 - INFO - Prompt processing progress: 14336/15936
2026-10-02 18:03:26,773 - INFO - Prompt processing progress: 15934/15936
2026-10-02 18:03:26,817 - INFO - Prompt processing progress: 15935/15936
2026-10-02 18:03:26,839 - INFO - Prompt processing progress: 15936/15936
2026-10-02 18:03:27,430 - WARNING - Failed to parse tool call (ValueError: No function provided.) — tool text was likely truncated mid-generation.
2026-10-02 18:03:27,443 - INFO - Prompt Cache: 1 sequences, 0.07 GB
2026-10-02 18:03:27,443 - INFO - - assistant: 0 sequences, 0.00 GB
2026-10-02 18:03:27,443 - INFO - - user: 0 sequences, 0.00 GB
2026-10-02 18:03:27,443 - INFO - - system: 1 sequences, 0.07 GB
127.0.0.1 - - [02/Oct/2026 18:03:27] "POST /v1/chat/completions HTTP/1.1" 200 -
2026-10-02 18:03:27,756 - INFO - Prompt processing progress: 2048/16302
2026-10-02 18:03:27,979 - INFO - Prompt processing progress: 4096/16302
2026-10-02 18:03:28,208 - INFO - Prompt processing progress: 6144/16302
2026-10-02 18:03:28,447 - INFO - Prompt processing progress: 8192/16302
2026-10-02 18:03:28,695 - INFO - Prompt processing progress: 10240/16302
2026-10-02 18:03:28,951 - INFO - Prompt processing progress: 12288/16302
2026-10-02 18:03:29,215 - INFO - Prompt processing progress: 14336/16302
2026-10-02 18:03:29,493 - INFO - Prompt processing progress: 16300/16302
2026-10-02 18:03:29,523 - INFO - Prompt processing progress: 16301/16302
2026-10-02 18:03:29,548 - INFO - Prompt processing progress: 16302/16302
2026-10-02 18:03:30,584 - WARNING - Failed to parse tool call (ValueError: No function provided.) — tool text was likely truncated mid-generation.
2026-10-02 18:03:30,598 - INFO - Prompt Cache: 1 sequences, 0.07 GB
2026-10-02 18:03:30,598 - INFO - - assistant: 0 sequences, 0.00 GB
2026-10-02 18:03:30,598 - INFO - - user: 0 sequences, 0.00 GB
2026-10-02 18:03:30,598 - INFO - - system: 1 sequences, 0.07 GB
127.0.0.1 - - [02/Oct/2026 18:03:30] "POST /v1/chat/completions HTTP/1.1" 200 -
2026-10-02 18:03:30,904 - INFO - Prompt processing progress: 2048/16698
2026-10-02 18:03:31,126 - INFO - Prompt processing progress: 4096/16698
2026-10-02 18:03:31,357 - INFO - Prompt processing progress: 6144/16698
2026-10-02 18:03:31,596 - INFO - Prompt processing progress: 8192/16698
2026-10-02 18:03:31,843 - INFO - Prompt processing progress: 10240/16698
2026-10-02 18:03:32,098 - INFO - Prompt processing progress: 12288/16698
2026-10-02 18:03:32,362 - INFO - Prompt processing progress: 14336/16698
2026-10-02 18:03:32,634 - INFO - Prompt processing progress: 16384/16698
2026-10-02 18:03:32,722 - INFO - Prompt processing progress: 16696/16698
2026-10-02 18:03:32,763 - INFO - Prompt processing progress: 16697/16698
2026-10-02 18:03:32,785 - INFO - Prompt processing progress: 16698/16698
2026-10-02 18:03:33,615 - INFO - Prompt Cache: 1 sequences, 0.07 GB
2026-10-02 18:03:33,615 - INFO - - assistant: 0 sequences, 0.00 GB
2026-10-02 18:03:33,615 - INFO - - user: 0 sequences, 0.00 GB
2026-10-02 18:03:33,615 - INFO - - system: 1 sequences, 0.07 GB
127.0.0.1 - - [02/Oct/2026 18:03:33] "POST /v1/chat/completions HTTP/1.1" 200 -
2026-10-02 18:03:33,929 - INFO - Prompt processing progress: 2048/16799
2026-10-02 18:03:34,150 - INFO - Prompt processing progress: 4096/16799
2026-10-02 18:03:34,379 - INFO - Prompt processing progress: 6144/16799
2026-10-02 18:03:34,617 - INFO - Prompt processing progress: 8192/16799
2026-10-02 18:03:34,863 - INFO - Prompt processing progress: 10240/16799
2026-10-02 18:03:35,117 - INFO - Prompt processing progress: 12288/16799
2026-10-02 18:03:35,380 - INFO - Prompt processing progress: 14336/16799
2026-10-02 18:03:35,652 - INFO - Prompt processing progress: 16384/16799
2026-10-02 18:03:35,758 - INFO - Prompt processing progress: 16797/16799
2026-10-02 18:03:35,788 - INFO - Prompt processing progress: 16798/16799
2026-10-02 18:03:35,810 - INFO - Prompt processing progress: 16799/16799
2026-10-02 18:03:40,699 - WARNING - Failed to parse tool call (ValueError: No function provided.) — tool text was likely truncated mid-generation.
2026-10-02 18:03:40,714 - INFO - Prompt Cache: 1 sequences, 0.07 GB
2026-10-02 18:03:40,714 - INFO - - assistant: 0 sequences, 0.00 GB
2026-10-02 18:03:40,714 - INFO - - user: 0 sequences, 0.00 GB
2026-10-02 18:03:40,714 - INFO - - system: 1 sequences, 0.07 GB
127.0.0.1 - - [02/Oct/2026 18:03:40] "POST /v1/chat/completions HTTP/1.1" 200 -
2026-10-02 18:03:41,045 - INFO - Prompt processing progress: 2048/17239
2026-10-02 18:03:41,267 - INFO - Prompt processing progress: 4096/17239
2026-10-02 18:03:41,497 - INFO - Prompt processing progress: 6144/17239
2026-10-02 18:03:41,734 - INFO - Prompt processing progress: 8192/17239
2026-10-02 18:03:41,981 - INFO - Prompt processing progress: 10240/17239
2026-10-02 18:03:42,237 - INFO - Prompt processing progress: 12288/17239
2026-10-02 18:03:42,501 - INFO - Prompt processing progress: 14336/17239
2026-10-02 18:03:42,774 - INFO - Prompt processing progress: 16384/17239
2026-10-02 18:03:42,945 - INFO - Prompt processing progress: 17237/17239
2026-10-02 18:03:42,991 - INFO - Prompt processing progress: 17238/17239
2026-10-02 18:03:43,014 - INFO - Prompt processing progress: 17239/17239
2026-10-02 18:03:43,712 - WARNING - Failed to parse tool call (ValueError: No function provided.) — tool text was likely truncated mid-generation.
2026-10-02 18:03:43,726 - INFO - Prompt Cache: 1 sequences, 0.07 GB
2026-10-02 18:03:43,727 - INFO - - assistant: 0 sequences, 0.00 GB
2026-10-02 18:03:43,727 - INFO - - user: 0 sequences, 0.00 GB
2026-10-02 18:03:43,727 - INFO - - system: 1 sequences, 0.07 GB
127.0.0.1 - - [02/Oct/2026 18:03:43] "POST /v1/chat/completions HTTP/1.1" 200 -
2026-10-02 18:03:44,034 - INFO - Prompt processing progress: 2048/17729
2026-10-02 18:03:44,259 - INFO - Prompt processing progress: 4096/17729
2026-10-02 18:03:44,488 - INFO - Prompt processing progress: 6144/17729
2026-10-02 18:03:44,725 - INFO - Prompt processing progress: 8192/17729
2026-10-02 18:03:44,970 - INFO - Prompt processing progress: 10240/17729
2026-10-02 18:03:45,225 - INFO - Prompt processing progress: 12288/17729
2026-10-02 18:03:45,489 - INFO - Prompt processing progress: 14336/17729
2026-10-02 18:03:45,761 - INFO - Prompt processing progress: 16384/17729
2026-10-02 18:03:45,977 - INFO - Prompt processing progress: 17727/17729
2026-10-02 18:03:46,008 - INFO - Prompt processing progress: 17728/17729
2026-10-02 18:03:46,031 - INFO - Prompt processing progress: 17729/17729
2026-10-02 18:03:48,543 - INFO - Prompt Cache: 1 sequences, 0.07 GB
2026-10-02 18:03:48,543 - INFO - - assistant: 0 sequences, 0.00 GB
2026-10-02 18:03:48,543 - INFO - - user: 0 sequences, 0.00 GB
2026-10-02 18:03:48,543 - INFO - - system: 1 sequences, 0.07 GB
127.0.0.1 - - [02/Oct/2026 18:03:48] "POST /v1/chat/completions HTTP/1.1" 200 -
2026-10-02 18:03:48,865 - INFO - Prompt processing progress: 2048/18510
2026-10-02 18:03:49,087 - INFO - Prompt processing progress: 4096/18510
2026-10-02 18:03:49,317 - INFO - Prompt processing progress: 6144/18510
2026-10-02 18:03:49,556 - INFO - Prompt processing progress: 8192/18510
2026-10-02 18:03:49,803 - INFO - Prompt processing progress: 10240/18510
2026-10-02 18:03:50,059 - INFO - Prompt processing progress: 12288/18510
2026-10-02 18:03:50,322 - INFO - Prompt processing progress: 14336/18510
2026-10-02 18:03:50,596 - INFO - Prompt processing progress: 16384/18510
2026-10-02 18:03:50,877 - INFO - Prompt processing progress: 18432/18510
2026-10-02 18:03:50,934 - INFO - Prompt processing progress: 18508/18510
2026-10-02 18:03:50,962 - INFO - Prompt processing progress: 18509/18510
2026-10-02 18:03:50,984 - INFO - Prompt processing progress: 18510/18510
2026-10-02 18:03:51,465 - INFO - Prompt Cache: 1 sequences, 0.07 GB
2026-10-02 18:03:51,465 - INFO - - assistant: 0 sequences, 0.00 GB
2026-10-02 18:03:51,465 - INFO - - user: 0 sequences, 0.00 GB
2026-10-02 18:03:51,465 - INFO - - system: 1 sequences, 0.07 GB
127.0.0.1 - - [02/Oct/2026 18:03:51] "POST /v1/chat/completions HTTP/1.1" 200 -
2026-10-02 18:03:51,775 - INFO - Prompt processing progress: 2048/18604
2026-10-02 18:03:51,996 - INFO - Prompt processing progress: 4096/18604
2026-10-02 18:03:52,226 - INFO - Prompt processing progress: 6144/18604
2026-10-02 18:03:52,465 - INFO - Prompt processing progress: 8192/18604
2026-10-02 18:03:52,711 - INFO - Prompt processing progress: 10240/18604
2026-10-02 18:03:52,966 - INFO - Prompt processing progress: 12288/18604
2026-10-02 18:03:53,230 - INFO - Prompt processing progress: 14336/18604
2026-10-02 18:03:53,504 - INFO - Prompt processing progress: 16384/18604
2026-10-02 18:03:53,787 - INFO - Prompt processing progress: 18432/18604
2026-10-02 18:03:53,858 - INFO - Prompt processing progress: 18602/18604
2026-10-02 18:03:53,887 - INFO - Prompt processing progress: 18603/18604
2026-10-02 18:03:53,926 - INFO - Prompt processing progress: 18604/18604
2026-10-02 18:03:54,335 - INFO - Prompt Cache: 1 sequences, 0.07 GB
2026-10-02 18:03:54,335 - INFO - - assistant: 0 sequences, 0.00 GB
2026-10-02 18:03:54,335 - INFO - - user: 0 sequences, 0.00 GB
2026-10-02 18:03:54,335 - INFO - - system: 1 sequences, 0.07 GB
127.0.0.1 - - [02/Oct/2026 18:03:54] "POST /v1/chat/completions HTTP/1.1" 200 -
2026-10-02 18:03:54,649 - INFO - Prompt processing progress: 2048/18669
2026-10-02 18:03:54,871 - INFO - Prompt processing progress: 4096/18669
2026-10-02 18:03:55,099 - INFO - Prompt processing progress: 6144/18669
2026-10-02 18:03:55,338 - INFO - Prompt processing progress: 8192/18669
2026-10-02 18:03:55,586 - INFO - Prompt processing progress: 10240/18669
2026-10-02 18:03:55,841 - INFO - Prompt processing progress: 12288/18669
2026-10-02 18:03:56,105 - INFO - Prompt processing progress: 14336/18669
2026-10-02 18:03:56,379 - INFO - Prompt processing progress: 16384/18669
2026-10-02 18:03:56,661 - INFO - Prompt processing progress: 18432/18669
2026-10-02 18:03:56,743 - INFO - Prompt processing progress: 18667/18669
2026-10-02 18:03:56,772 - INFO - Prompt processing progress: 18668/18669
2026-10-02 18:03:56,794 - INFO - Prompt processing progress: 18669/18669
2026-10-02 18:03:57,116 - INFO - Prompt Cache: 1 sequences, 0.07 GB
2026-10-02 18:03:57,116 - INFO - - assistant: 0 sequences, 0.00 GB
2026-10-02 18:03:57,117 - INFO - - user: 0 sequences, 0.00 GB
2026-10-02 18:03:57,117 - INFO - - system: 1 sequences, 0.07 GB
127.0.0.1 - - [02/Oct/2026 18:03:57] "POST /v1/chat/completions HTTP/1.1" 200 -
2026-10-02 18:03:57,427 - INFO - Prompt processing progress: 2048/19177
2026-10-02 18:03:57,649 - INFO - Prompt processing progress: 4096/19177
2026-10-02 18:03:57,880 - INFO - Prompt processing progress: 6144/19177
2026-10-02 18:03:58,118 - INFO - Prompt processing progress: 8192/19177
2026-10-02 18:03:58,365 - INFO - Prompt processing progress: 10240/19177
2026-10-02 18:03:58,620 - INFO - Prompt processing progress: 12288/19177
2026-10-02 18:03:58,885 - INFO - Prompt processing progress: 14336/19177
2026-10-02 18:03:59,158 - INFO - Prompt processing progress: 16384/19177
2026-10-02 18:03:59,439 - INFO - Prompt processing progress: 18432/19177
2026-10-02 18:03:59,600 - INFO - Prompt processing progress: 19175/19177
2026-10-02 18:03:59,647 - INFO - Prompt processing progress: 19176/19177
2026-10-02 18:03:59,669 - INFO - Prompt processing progress: 19177/19177
