<M5_REPO>/.venv/lib/python3.12/site-packages/mlx_lm/server.py:1723: UserWarning: mlx_lm.server is not recommended for production as it only implements basic security checks.
  warnings.warn(
2026-10-02 09:07:12,792 - INFO - Starting httpd at 127.0.0.1 on port 18184...
127.0.0.1 - - [02/Oct/2026 09:07:13] "GET /v1/models HTTP/1.1" 200 -
127.0.0.1 - - [02/Oct/2026 09:07:14] "GET /v1/models HTTP/1.1" 200 -
2026-10-02 09:07:14,507 - INFO - Prompt Cache: 0 sequences, 0.00 GB
2026-10-02 09:07:14,507 - INFO - - assistant: 0 sequences, 0.00 GB
2026-10-02 09:07:14,507 - INFO - - user: 0 sequences, 0.00 GB
2026-10-02 09:07:14,507 - INFO - - system: 0 sequences, 0.00 GB
127.0.0.1 - - [02/Oct/2026 09:07:14] "POST /v1/chat/completions HTTP/1.1" 200 -
2026-10-02 09:07:16,196 - INFO - Prompt processing progress: 2048/6112
2026-10-02 09:07:17,762 - INFO - Prompt processing progress: 4096/6112
2026-10-02 09:07:19,258 - INFO - Prompt processing progress: 5979/6112
2026-10-02 09:07:19,466 - INFO - Prompt processing progress: 6111/6112
2026-10-02 09:07:19,540 - INFO - Prompt processing progress: 6112/6112
2026-10-02 09:07:22,026 - INFO - Prompt Cache: 1 sequences, 2.87 GB
2026-10-02 09:07:22,026 - INFO - - assistant: 0 sequences, 0.00 GB
2026-10-02 09:07:22,026 - INFO - - user: 0 sequences, 0.00 GB
2026-10-02 09:07:22,026 - INFO - - system: 1 sequences, 2.87 GB
127.0.0.1 - - [02/Oct/2026 09:07:22] "POST /v1/chat/completions HTTP/1.1" 200 -
2026-10-02 09:07:23,833 - INFO - Prompt processing progress: 2048/4517
2026-10-02 09:07:25,474 - INFO - Prompt processing progress: 4096/4517
2026-10-02 09:07:25,895 - INFO - Prompt processing progress: 4516/4517
2026-10-02 09:07:25,954 - INFO - Prompt processing progress: 4517/4517
2026-10-02 09:07:30,151 - INFO - Prompt Cache: 1 sequences, 2.87 GB
2026-10-02 09:07:30,151 - INFO - - assistant: 0 sequences, 0.00 GB
2026-10-02 09:07:30,151 - INFO - - user: 0 sequences, 0.00 GB
2026-10-02 09:07:30,151 - INFO - - system: 1 sequences, 2.87 GB
127.0.0.1 - - [02/Oct/2026 09:07:30] "POST /v1/chat/completions HTTP/1.1" 200 -
2026-10-02 09:07:31,864 - INFO - Prompt processing progress: 2048/6433
2026-10-02 09:07:33,508 - INFO - Prompt processing progress: 4096/6433
2026-10-02 09:07:35,202 - INFO - Prompt processing progress: 6144/6433
2026-10-02 09:07:35,522 - INFO - Prompt processing progress: 6432/6433
2026-10-02 09:07:35,582 - INFO - Prompt processing progress: 6433/6433
2026-10-02 09:07:38,139 - INFO - Prompt Cache: 1 sequences, 2.87 GB
2026-10-02 09:07:38,139 - INFO - - assistant: 0 sequences, 0.00 GB
2026-10-02 09:07:38,139 - INFO - - user: 0 sequences, 0.00 GB
2026-10-02 09:07:38,139 - INFO - - system: 1 sequences, 2.87 GB
127.0.0.1 - - [02/Oct/2026 09:07:38] "POST /v1/chat/completions HTTP/1.1" 200 -
2026-10-02 09:07:39,880 - INFO - Prompt processing progress: 2048/6491
2026-10-02 09:07:41,560 - INFO - Prompt processing progress: 4096/6491
2026-10-02 09:07:43,273 - INFO - Prompt processing progress: 6144/6491
2026-10-02 09:07:43,649 - INFO - Prompt processing progress: 6490/6491
2026-10-02 09:07:43,710 - INFO - Prompt processing progress: 6491/6491
2026-10-02 09:07:47,743 - INFO - Prompt Cache: 1 sequences, 2.87 GB
2026-10-02 09:07:47,743 - INFO - - assistant: 0 sequences, 0.00 GB
2026-10-02 09:07:47,743 - INFO - - user: 0 sequences, 0.00 GB
2026-10-02 09:07:47,743 - INFO - - system: 1 sequences, 2.87 GB
127.0.0.1 - - [02/Oct/2026 09:07:47] "POST /v1/chat/completions HTTP/1.1" 200 -
2026-10-02 09:07:49,456 - INFO - Prompt processing progress: 2048/8855
2026-10-02 09:07:51,126 - INFO - Prompt processing progress: 4096/8855
2026-10-02 09:07:52,850 - INFO - Prompt processing progress: 6144/8855
2026-10-02 09:07:54,612 - INFO - Prompt processing progress: 8192/8855
2026-10-02 09:07:55,295 - INFO - Prompt processing progress: 8854/8855
2026-10-02 09:07:55,361 - INFO - Prompt processing progress: 8855/8855
2026-10-02 09:07:57,432 - INFO - Prompt Cache: 1 sequences, 2.87 GB
2026-10-02 09:07:57,432 - INFO - - assistant: 0 sequences, 0.00 GB
2026-10-02 09:07:57,432 - INFO - - user: 0 sequences, 0.00 GB
2026-10-02 09:07:57,432 - INFO - - system: 1 sequences, 2.87 GB
127.0.0.1 - - [02/Oct/2026 09:07:57] "POST /v1/chat/completions HTTP/1.1" 200 -
2026-10-02 09:07:59,197 - INFO - Prompt processing progress: 2048/10710
2026-10-02 09:08:00,882 - INFO - Prompt processing progress: 4096/10710
2026-10-02 09:08:02,604 - INFO - Prompt processing progress: 6144/10710
2026-10-02 09:08:04,363 - INFO - Prompt processing progress: 8192/10710
2026-10-02 09:08:06,170 - INFO - Prompt processing progress: 10240/10710
2026-10-02 09:08:06,669 - INFO - Prompt processing progress: 10709/10710
2026-10-02 09:08:06,739 - INFO - Prompt processing progress: 10710/10710
2026-10-02 09:08:08,899 - INFO - Prompt Cache: 1 sequences, 2.87 GB
2026-10-02 09:08:08,899 - INFO - - assistant: 0 sequences, 0.00 GB
2026-10-02 09:08:08,899 - INFO - - user: 0 sequences, 0.00 GB
2026-10-02 09:08:08,899 - INFO - - system: 1 sequences, 2.87 GB
127.0.0.1 - - [02/Oct/2026 09:08:08] "POST /v1/chat/completions HTTP/1.1" 200 -
2026-10-02 09:08:10,645 - INFO - Prompt processing progress: 2048/11678
2026-10-02 09:08:12,318 - INFO - Prompt processing progress: 4096/11678
2026-10-02 09:08:14,047 - INFO - Prompt processing progress: 6144/11678
2026-10-02 09:08:15,817 - INFO - Prompt processing progress: 8192/11678
2026-10-02 09:08:17,630 - INFO - Prompt processing progress: 10240/11678
2026-10-02 09:08:18,970 - INFO - Prompt processing progress: 11677/11678
2026-10-02 09:08:19,045 - INFO - Prompt processing progress: 11678/11678
2026-10-02 09:08:21,280 - INFO - Prompt Cache: 1 sequences, 2.87 GB
2026-10-02 09:08:21,280 - INFO - - assistant: 0 sequences, 0.00 GB
2026-10-02 09:08:21,280 - INFO - - user: 0 sequences, 0.00 GB
2026-10-02 09:08:21,280 - INFO - - system: 1 sequences, 2.87 GB
127.0.0.1 - - [02/Oct/2026 09:08:21] "POST /v1/chat/completions HTTP/1.1" 200 -
2026-10-02 09:08:23,037 - INFO - Prompt processing progress: 2048/12723
2026-10-02 09:08:24,720 - INFO - Prompt processing progress: 4096/12723
2026-10-02 09:08:26,439 - INFO - Prompt processing progress: 6144/12723
2026-10-02 09:08:28,205 - INFO - Prompt processing progress: 8192/12723
2026-10-02 09:08:30,017 - INFO - Prompt processing progress: 10240/12723
2026-10-02 09:08:31,871 - INFO - Prompt processing progress: 12288/12723
2026-10-02 09:08:32,340 - INFO - Prompt processing progress: 12722/12723
2026-10-02 09:08:32,415 - INFO - Prompt processing progress: 12723/12723
2026-10-02 09:08:35,789 - INFO - Prompt Cache: 1 sequences, 2.87 GB
2026-10-02 09:08:35,789 - INFO - - assistant: 0 sequences, 0.00 GB
2026-10-02 09:08:35,789 - INFO - - user: 0 sequences, 0.00 GB
2026-10-02 09:08:35,789 - INFO - - system: 1 sequences, 2.87 GB
127.0.0.1 - - [02/Oct/2026 09:08:35] "POST /v1/chat/completions HTTP/1.1" 200 -
2026-10-02 09:08:37,531 - INFO - Prompt processing progress: 2048/14310
2026-10-02 09:08:39,202 - INFO - Prompt processing progress: 4096/14310
2026-10-02 09:08:40,913 - INFO - Prompt processing progress: 6144/14310
2026-10-02 09:08:42,659 - INFO - Prompt processing progress: 8192/14310
2026-10-02 09:08:44,457 - INFO - Prompt processing progress: 10240/14310
2026-10-02 09:08:46,312 - INFO - Prompt processing progress: 12288/14310
2026-10-02 09:08:48,308 - INFO - Prompt processing progress: 14309/14310
2026-10-02 09:08:48,391 - INFO - Prompt processing progress: 14310/14310
2026-10-02 09:08:50,597 - INFO - Prompt Cache: 1 sequences, 2.87 GB
2026-10-02 09:08:50,597 - INFO - - assistant: 0 sequences, 0.00 GB
2026-10-02 09:08:50,597 - INFO - - user: 0 sequences, 0.00 GB
2026-10-02 09:08:50,597 - INFO - - system: 1 sequences, 2.87 GB
127.0.0.1 - - [02/Oct/2026 09:08:50] "POST /v1/chat/completions HTTP/1.1" 200 -
2026-10-02 09:08:52,360 - INFO - Prompt processing progress: 2048/15429
2026-10-02 09:08:54,040 - INFO - Prompt processing progress: 4096/15429
2026-10-02 09:08:55,750 - INFO - Prompt processing progress: 6144/15429
2026-10-02 09:08:57,519 - INFO - Prompt processing progress: 8192/15429
2026-10-02 09:08:59,324 - INFO - Prompt processing progress: 10240/15429
2026-10-02 09:09:01,152 - INFO - Prompt processing progress: 12288/15429
2026-10-02 09:09:03,022 - INFO - Prompt processing progress: 14336/15429
2026-10-02 09:09:04,131 - INFO - Prompt processing progress: 15428/15429
2026-10-02 09:09:04,213 - INFO - Prompt processing progress: 15429/15429
2026-10-02 09:09:07,720 - INFO - Prompt Cache: 1 sequences, 2.87 GB
2026-10-02 09:09:07,720 - INFO - - assistant: 0 sequences, 0.00 GB
2026-10-02 09:09:07,720 - INFO - - user: 0 sequences, 0.00 GB
2026-10-02 09:09:07,720 - INFO - - system: 1 sequences, 2.87 GB
127.0.0.1 - - [02/Oct/2026 09:09:07] "POST /v1/chat/completions HTTP/1.1" 200 -
2026-10-02 09:09:09,462 - INFO - Prompt processing progress: 2048/16554
2026-10-02 09:09:11,150 - INFO - Prompt processing progress: 4096/16554
2026-10-02 09:09:12,874 - INFO - Prompt processing progress: 6144/16554
2026-10-02 09:09:14,671 - INFO - Prompt processing progress: 8192/16554
2026-10-02 09:09:16,494 - INFO - Prompt processing progress: 10240/16554
2026-10-02 09:09:18,360 - INFO - Prompt processing progress: 12288/16554
2026-10-02 09:09:20,261 - INFO - Prompt processing progress: 14336/16554
2026-10-02 09:09:22,205 - INFO - Prompt processing progress: 16384/16554
2026-10-02 09:09:22,469 - INFO - Prompt processing progress: 16553/16554
2026-10-02 09:09:22,545 - INFO - Prompt processing progress: 16554/16554
2026-10-02 09:09:24,734 - INFO - Prompt Cache: 1 sequences, 2.87 GB
2026-10-02 09:09:24,734 - INFO - - assistant: 0 sequences, 0.00 GB
2026-10-02 09:09:24,734 - INFO - - user: 0 sequences, 0.00 GB
2026-10-02 09:09:24,734 - INFO - - system: 1 sequences, 2.87 GB
127.0.0.1 - - [02/Oct/2026 09:09:24] "POST /v1/chat/completions HTTP/1.1" 200 -
2026-10-02 09:09:26,474 - INFO - Prompt processing progress: 2048/19638
2026-10-02 09:09:28,149 - INFO - Prompt processing progress: 4096/19638
2026-10-02 09:09:29,868 - INFO - Prompt processing progress: 6144/19638
2026-10-02 09:09:31,631 - INFO - Prompt processing progress: 8192/19638
2026-10-02 09:09:33,438 - INFO - Prompt processing progress: 10240/19638
2026-10-02 09:09:35,336 - INFO - Prompt processing progress: 12288/19638
2026-10-02 09:09:37,254 - INFO - Prompt processing progress: 14336/19638
2026-10-02 09:09:39,199 - INFO - Prompt processing progress: 16384/19638
2026-10-02 09:09:41,189 - INFO - Prompt processing progress: 18432/19638
2026-10-02 09:09:42,430 - INFO - Prompt processing progress: 19637/19638
2026-10-02 09:09:42,520 - INFO - Prompt processing progress: 19638/19638
2026-10-02 09:09:45,620 - INFO - Prompt Cache: 1 sequences, 2.87 GB
2026-10-02 09:09:45,620 - INFO - - assistant: 0 sequences, 0.00 GB
2026-10-02 09:09:45,620 - INFO - - user: 0 sequences, 0.00 GB
2026-10-02 09:09:45,620 - INFO - - system: 1 sequences, 2.87 GB
127.0.0.1 - - [02/Oct/2026 09:09:45] "POST /v1/chat/completions HTTP/1.1" 200 -
2026-10-02 09:09:47,364 - INFO - Prompt processing progress: 2048/22960
2026-10-02 09:09:49,047 - INFO - Prompt processing progress: 4096/22960
2026-10-02 09:09:50,783 - INFO - Prompt processing progress: 6144/22960
2026-10-02 09:09:52,563 - INFO - Prompt processing progress: 8192/22960
2026-10-02 09:09:54,378 - INFO - Prompt processing progress: 10240/22960
2026-10-02 09:09:56,232 - INFO - Prompt processing progress: 12288/22960
2026-10-02 09:09:58,125 - INFO - Prompt processing progress: 14336/22960
2026-10-02 09:10:00,081 - INFO - Prompt processing progress: 16384/22960
2026-10-02 09:10:02,078 - INFO - Prompt processing progress: 18432/22960
2026-10-02 09:10:04,108 - INFO - Prompt processing progress: 20480/22960
2026-10-02 09:10:06,224 - INFO - Prompt processing progress: 22528/22960
2026-10-02 09:10:06,755 - INFO - Prompt processing progress: 22959/22960
2026-10-02 09:10:06,850 - INFO - Prompt processing progress: 22960/22960
2026-10-02 09:10:10,387 - INFO - Prompt Cache: 1 sequences, 2.87 GB
2026-10-02 09:10:10,387 - INFO - - assistant: 0 sequences, 0.00 GB
2026-10-02 09:10:10,387 - INFO - - user: 0 sequences, 0.00 GB
2026-10-02 09:10:10,387 - INFO - - system: 1 sequences, 2.87 GB
127.0.0.1 - - [02/Oct/2026 09:10:10] "POST /v1/chat/completions HTTP/1.1" 200 -
2026-10-02 09:10:12,125 - INFO - Prompt processing progress: 2048/24207
2026-10-02 09:10:13,786 - INFO - Prompt processing progress: 4096/24207
2026-10-02 09:10:15,503 - INFO - Prompt processing progress: 6144/24207
2026-10-02 09:10:17,264 - INFO - Prompt processing progress: 8192/24207
2026-10-02 09:10:19,067 - INFO - Prompt processing progress: 10240/24207
2026-10-02 09:10:20,916 - INFO - Prompt processing progress: 12288/24207
2026-10-02 09:10:22,803 - INFO - Prompt processing progress: 14336/24207
2026-10-02 09:10:24,747 - INFO - Prompt processing progress: 16384/24207
2026-10-02 09:10:26,711 - INFO - Prompt processing progress: 18432/24207
2026-10-02 09:10:28,727 - INFO - Prompt processing progress: 20480/24207
2026-10-02 09:10:30,804 - INFO - Prompt processing progress: 22528/24207
2026-10-02 09:10:32,616 - INFO - Prompt processing progress: 24206/24207
2026-10-02 09:10:32,718 - INFO - Prompt processing progress: 24207/24207
2026-10-02 09:10:36,759 - INFO - Prompt Cache: 1 sequences, 2.87 GB
2026-10-02 09:10:36,759 - INFO - - assistant: 0 sequences, 0.00 GB
2026-10-02 09:10:36,759 - INFO - - user: 0 sequences, 0.00 GB
2026-10-02 09:10:36,759 - INFO - - system: 1 sequences, 2.87 GB
127.0.0.1 - - [02/Oct/2026 09:10:36] "POST /v1/chat/completions HTTP/1.1" 200 -
2026-10-02 09:10:38,518 - INFO - Prompt processing progress: 2048/25756
2026-10-02 09:10:40,208 - INFO - Prompt processing progress: 4096/25756
2026-10-02 09:10:41,946 - INFO - Prompt processing progress: 6144/25756
2026-10-02 09:10:43,719 - INFO - Prompt processing progress: 8192/25756
2026-10-02 09:10:45,527 - INFO - Prompt processing progress: 10240/25756
2026-10-02 09:10:47,344 - INFO - Prompt processing progress: 12288/25756
2026-10-02 09:10:49,205 - INFO - Prompt processing progress: 14336/25756
2026-10-02 09:10:51,108 - INFO - Prompt processing progress: 16384/25756
2026-10-02 09:10:53,058 - INFO - Prompt processing progress: 18432/25756
2026-10-02 09:10:55,051 - INFO - Prompt processing progress: 20480/25756
2026-10-02 09:10:57,103 - INFO - Prompt processing progress: 22528/25756
2026-10-02 09:10:59,202 - INFO - Prompt processing progress: 24576/25756
2026-10-02 09:11:00,510 - INFO - Prompt processing progress: 25755/25756
2026-10-02 09:11:00,613 - INFO - Prompt processing progress: 25756/25756
2026-10-02 09:11:04,678 - INFO - Prompt Cache: 1 sequences, 2.87 GB
2026-10-02 09:11:04,678 - INFO - - assistant: 0 sequences, 0.00 GB
2026-10-02 09:11:04,678 - INFO - - user: 0 sequences, 0.00 GB
2026-10-02 09:11:04,678 - INFO - - system: 1 sequences, 2.87 GB
127.0.0.1 - - [02/Oct/2026 09:11:04] "POST /v1/chat/completions HTTP/1.1" 200 -
2026-10-02 09:11:06,397 - INFO - Prompt processing progress: 2048/28343
2026-10-02 09:11:08,042 - INFO - Prompt processing progress: 4096/28343
2026-10-02 09:11:09,732 - INFO - Prompt processing progress: 6144/28343
2026-10-02 09:11:11,473 - INFO - Prompt processing progress: 8192/28343
2026-10-02 09:11:13,257 - INFO - Prompt processing progress: 10240/28343
2026-10-02 09:11:15,072 - INFO - Prompt processing progress: 12288/28343
2026-10-02 09:11:16,937 - INFO - Prompt processing progress: 14336/28343
2026-10-02 09:11:18,840 - INFO - Prompt processing progress: 16384/28343
2026-10-02 09:11:20,786 - INFO - Prompt processing progress: 18432/28343
2026-10-02 09:11:22,792 - INFO - Prompt processing progress: 20480/28343
2026-10-02 09:11:24,850 - INFO - Prompt processing progress: 22528/28343
2026-10-02 09:11:26,957 - INFO - Prompt processing progress: 24576/28343
2026-10-02 09:11:29,098 - INFO - Prompt processing progress: 26624/28343
2026-10-02 09:11:30,981 - INFO - Prompt processing progress: 28342/28343
2026-10-02 09:11:31,094 - INFO - Prompt processing progress: 28343/28343
2026-10-02 09:11:34,628 - INFO - Prompt Cache: 1 sequences, 2.87 GB
2026-10-02 09:11:34,628 - INFO - - assistant: 0 sequences, 0.00 GB
2026-10-02 09:11:34,628 - INFO - - user: 0 sequences, 0.00 GB
2026-10-02 09:11:34,628 - INFO - - system: 1 sequences, 2.87 GB
127.0.0.1 - - [02/Oct/2026 09:11:34] "POST /v1/chat/completions HTTP/1.1" 200 -
2026-10-02 09:11:36,356 - INFO - Prompt processing progress: 2048/30069
2026-10-02 09:11:38,004 - INFO - Prompt processing progress: 4096/30069
2026-10-02 09:11:39,696 - INFO - Prompt processing progress: 6144/30069
2026-10-02 09:11:41,434 - INFO - Prompt processing progress: 8192/30069
2026-10-02 09:11:43,217 - INFO - Prompt processing progress: 10240/30069
2026-10-02 09:11:45,040 - INFO - Prompt processing progress: 12288/30069
2026-10-02 09:11:46,904 - INFO - Prompt processing progress: 14336/30069
2026-10-02 09:11:48,807 - INFO - Prompt processing progress: 16384/30069
2026-10-02 09:11:50,762 - INFO - Prompt processing progress: 18432/30069
2026-10-02 09:11:52,758 - INFO - Prompt processing progress: 20480/30069
2026-10-02 09:11:54,814 - INFO - Prompt processing progress: 22528/30069
2026-10-02 09:11:56,906 - INFO - Prompt processing progress: 24576/30069
2026-10-02 09:11:59,055 - INFO - Prompt processing progress: 26624/30069
2026-10-02 09:12:01,241 - INFO - Prompt processing progress: 28672/30069
2026-10-02 09:12:02,798 - INFO - Prompt processing progress: 30068/30069
2026-10-02 09:12:02,914 - INFO - Prompt processing progress: 30069/30069
2026-10-02 09:12:05,297 - INFO - Prompt Cache: 1 sequences, 2.87 GB
2026-10-02 09:12:05,297 - INFO - - assistant: 0 sequences, 0.00 GB
2026-10-02 09:12:05,297 - INFO - - user: 0 sequences, 0.00 GB
2026-10-02 09:12:05,297 - INFO - - system: 1 sequences, 2.87 GB
127.0.0.1 - - [02/Oct/2026 09:12:05] "POST /v1/chat/completions HTTP/1.1" 200 -
2026-10-02 09:12:07,019 - INFO - Prompt processing progress: 2048/32735
2026-10-02 09:12:08,670 - INFO - Prompt processing progress: 4096/32735
2026-10-02 09:12:10,361 - INFO - Prompt processing progress: 6144/32735
2026-10-02 09:12:12,098 - INFO - Prompt processing progress: 8192/32735
2026-10-02 09:12:13,877 - INFO - Prompt processing progress: 10240/32735
2026-10-02 09:12:15,700 - INFO - Prompt processing progress: 12288/32735
2026-10-02 09:12:17,563 - INFO - Prompt processing progress: 14336/32735
2026-10-02 09:12:19,472 - INFO - Prompt processing progress: 16384/32735
2026-10-02 09:12:21,425 - INFO - Prompt processing progress: 18432/32735
2026-10-02 09:12:23,435 - INFO - Prompt processing progress: 20480/32735
2026-10-02 09:12:25,486 - INFO - Prompt processing progress: 22528/32735
2026-10-02 09:12:27,579 - INFO - Prompt processing progress: 24576/32735
2026-10-02 09:12:29,728 - INFO - Prompt processing progress: 26624/32735
2026-10-02 09:12:31,918 - INFO - Prompt processing progress: 28672/32735
2026-10-02 09:12:34,163 - INFO - Prompt processing progress: 30720/32735
2026-10-02 09:12:36,457 - INFO - Prompt processing progress: 32734/32735
2026-10-02 09:12:36,581 - INFO - Prompt processing progress: 32735/32735
2026-10-02 09:14:25,236 - INFO - Prompt Cache: 1 sequences, 2.87 GB
2026-10-02 09:14:25,236 - INFO - - assistant: 0 sequences, 0.00 GB
2026-10-02 09:14:25,236 - INFO - - user: 0 sequences, 0.00 GB
2026-10-02 09:14:25,236 - INFO - - system: 1 sequences, 2.87 GB
127.0.0.1 - - [02/Oct/2026 09:14:25] "POST /v1/chat/completions HTTP/1.1" 200 -
2026-10-02 09:14:27,004 - INFO - Prompt processing progress: 2048/36293
2026-10-02 09:14:28,674 - INFO - Prompt processing progress: 4096/36293
2026-10-02 09:14:30,391 - INFO - Prompt processing progress: 6144/36293
2026-10-02 09:14:32,151 - INFO - Prompt processing progress: 8192/36293
2026-10-02 09:14:33,959 - INFO - Prompt processing progress: 10240/36293
2026-10-02 09:14:35,817 - INFO - Prompt processing progress: 12288/36293
2026-10-02 09:14:37,733 - INFO - Prompt processing progress: 14336/36293
2026-10-02 09:14:39,684 - INFO - Prompt processing progress: 16384/36293
2026-10-02 09:14:41,673 - INFO - Prompt processing progress: 18432/36293
2026-10-02 09:14:43,720 - INFO - Prompt processing progress: 20480/36293
2026-10-02 09:14:45,826 - INFO - Prompt processing progress: 22528/36293
2026-10-02 09:14:47,948 - INFO - Prompt processing progress: 24576/36293
2026-10-02 09:14:50,142 - INFO - Prompt processing progress: 26624/36293
2026-10-02 09:14:52,401 - INFO - Prompt processing progress: 28672/36293
2026-10-02 09:14:54,687 - INFO - Prompt processing progress: 30720/36293
2026-10-02 09:14:57,006 - INFO - Prompt processing progress: 32768/36293
2026-10-02 09:14:59,408 - INFO - Prompt processing progress: 34816/36293
2026-10-02 09:15:01,222 - INFO - Prompt processing progress: 36292/36293
2026-10-02 09:15:01,359 - INFO - Prompt processing progress: 36293/36293
2026-10-02 09:15:04,355 - INFO - Prompt Cache: 1 sequences, 2.87 GB
2026-10-02 09:15:04,356 - INFO - - assistant: 0 sequences, 0.00 GB
2026-10-02 09:15:04,356 - INFO - - user: 0 sequences, 0.00 GB
2026-10-02 09:15:04,356 - INFO - - system: 1 sequences, 2.87 GB
127.0.0.1 - - [02/Oct/2026 09:15:04] "POST /v1/chat/completions HTTP/1.1" 200 -
2026-10-02 09:15:06,114 - INFO - Prompt processing progress: 2048/36462
2026-10-02 09:15:07,815 - INFO - Prompt processing progress: 4096/36462
2026-10-02 09:15:09,568 - INFO - Prompt processing progress: 6144/36462
2026-10-02 09:15:11,350 - INFO - Prompt processing progress: 8192/36462
2026-10-02 09:15:13,173 - INFO - Prompt processing progress: 10240/36462
2026-10-02 09:15:15,031 - INFO - Prompt processing progress: 12288/36462
2026-10-02 09:15:16,920 - INFO - Prompt processing progress: 14336/36462
2026-10-02 09:15:18,868 - INFO - Prompt processing progress: 16384/36462
2026-10-02 09:15:20,854 - INFO - Prompt processing progress: 18432/36462
2026-10-02 09:15:22,905 - INFO - Prompt processing progress: 20480/36462
2026-10-02 09:15:25,024 - INFO - Prompt processing progress: 22528/36462
2026-10-02 09:15:27,197 - INFO - Prompt processing progress: 24576/36462
2026-10-02 09:15:29,383 - INFO - Prompt processing progress: 26624/36462
2026-10-02 09:15:31,610 - INFO - Prompt processing progress: 28672/36462
2026-10-02 09:15:33,892 - INFO - Prompt processing progress: 30720/36462
2026-10-02 09:15:36,226 - INFO - Prompt processing progress: 32768/36462
2026-10-02 09:15:38,629 - INFO - Prompt processing progress: 34816/36462
2026-10-02 09:15:40,621 - INFO - Prompt processing progress: 36461/36462
2026-10-02 09:15:40,766 - INFO - Prompt processing progress: 36462/36462
2026-10-02 09:15:53,654 - INFO - Prompt Cache: 1 sequences, 2.87 GB
2026-10-02 09:15:53,654 - INFO - - assistant: 0 sequences, 0.00 GB
2026-10-02 09:15:53,654 - INFO - - user: 0 sequences, 0.00 GB
2026-10-02 09:15:53,654 - INFO - - system: 1 sequences, 2.87 GB
127.0.0.1 - - [02/Oct/2026 09:15:53] "POST /v1/chat/completions HTTP/1.1" 200 -
2026-10-02 09:15:54,038 - INFO - Prompt processing progress: 250/251
2026-10-02 09:15:54,093 - INFO - Prompt processing progress: 251/251
2026-10-02 09:15:56,714 - INFO - Prompt Cache: 1 sequences, 2.87 GB
2026-10-02 09:15:56,714 - INFO - - assistant: 0 sequences, 0.00 GB
2026-10-02 09:15:56,714 - INFO - - user: 0 sequences, 0.00 GB
2026-10-02 09:15:56,714 - INFO - - system: 1 sequences, 2.87 GB
127.0.0.1 - - [02/Oct/2026 09:15:56] "POST /v1/chat/completions HTTP/1.1" 200 -
2026-10-02 09:15:58,467 - INFO - Prompt processing progress: 2048/4635
2026-10-02 09:16:00,154 - INFO - Prompt processing progress: 4096/4635
2026-10-02 09:16:00,688 - INFO - Prompt processing progress: 4634/4635
2026-10-02 09:16:00,749 - INFO - Prompt processing progress: 4635/4635
2026-10-02 09:16:05,832 - INFO - Prompt Cache: 1 sequences, 2.87 GB
2026-10-02 09:16:05,833 - INFO - - assistant: 0 sequences, 0.00 GB
2026-10-02 09:16:05,833 - INFO - - user: 0 sequences, 0.00 GB
2026-10-02 09:16:05,833 - INFO - - system: 1 sequences, 2.87 GB
127.0.0.1 - - [02/Oct/2026 09:16:05] "POST /v1/chat/completions HTTP/1.1" 200 -
2026-10-02 09:16:07,576 - INFO - Prompt processing progress: 2048/7704
2026-10-02 09:16:09,254 - INFO - Prompt processing progress: 4096/7704
2026-10-02 09:16:10,980 - INFO - Prompt processing progress: 6144/7704
2026-10-02 09:16:12,352 - INFO - Prompt processing progress: 7703/7704
2026-10-02 09:16:12,418 - INFO - Prompt processing progress: 7704/7704
2026-10-02 09:16:16,714 - INFO - Prompt Cache: 1 sequences, 2.87 GB
2026-10-02 09:16:16,714 - INFO - - assistant: 0 sequences, 0.00 GB
2026-10-02 09:16:16,714 - INFO - - user: 0 sequences, 0.00 GB
2026-10-02 09:16:16,714 - INFO - - system: 1 sequences, 2.87 GB
127.0.0.1 - - [02/Oct/2026 09:16:16] "POST /v1/chat/completions HTTP/1.1" 200 -
2026-10-02 09:16:18,469 - INFO - Prompt processing progress: 2048/10764
2026-10-02 09:16:20,153 - INFO - Prompt processing progress: 4096/10764
2026-10-02 09:16:21,881 - INFO - Prompt processing progress: 6144/10764
2026-10-02 09:16:23,640 - INFO - Prompt processing progress: 8192/10764
2026-10-02 09:16:25,449 - INFO - Prompt processing progress: 10240/10764
2026-10-02 09:16:26,005 - INFO - Prompt processing progress: 10763/10764
2026-10-02 09:16:26,076 - INFO - Prompt processing progress: 10764/10764
2026-10-02 09:16:31,655 - INFO - Prompt Cache: 1 sequences, 2.87 GB
2026-10-02 09:16:31,655 - INFO - - assistant: 0 sequences, 0.00 GB
2026-10-02 09:16:31,655 - INFO - - user: 0 sequences, 0.00 GB
2026-10-02 09:16:31,655 - INFO - - system: 1 sequences, 2.87 GB
127.0.0.1 - - [02/Oct/2026 09:16:31] "POST /v1/chat/completions HTTP/1.1" 200 -
2026-10-02 09:16:33,397 - INFO - Prompt processing progress: 2048/11289
2026-10-02 09:16:35,062 - INFO - Prompt processing progress: 4096/11289
2026-10-02 09:16:36,774 - INFO - Prompt processing progress: 6144/11289
2026-10-02 09:16:38,555 - INFO - Prompt processing progress: 8192/11289
2026-10-02 09:16:40,368 - INFO - Prompt processing progress: 10240/11289
2026-10-02 09:16:41,405 - INFO - Prompt processing progress: 11288/11289
2026-10-02 09:16:41,490 - INFO - Prompt processing progress: 11289/11289
2026-10-02 09:16:43,559 - INFO - Prompt Cache: 1 sequences, 2.87 GB
2026-10-02 09:16:43,559 - INFO - - assistant: 0 sequences, 0.00 GB
2026-10-02 09:16:43,559 - INFO - - user: 0 sequences, 0.00 GB
2026-10-02 09:16:43,559 - INFO - - system: 1 sequences, 2.87 GB
127.0.0.1 - - [02/Oct/2026 09:16:43] "POST /v1/chat/completions HTTP/1.1" 200 -
2026-10-02 09:16:45,315 - INFO - Prompt processing progress: 2048/12769
2026-10-02 09:16:46,976 - INFO - Prompt processing progress: 4096/12769
2026-10-02 09:16:48,694 - INFO - Prompt processing progress: 6144/12769
2026-10-02 09:16:50,449 - INFO - Prompt processing progress: 8192/12769
2026-10-02 09:16:52,260 - INFO - Prompt processing progress: 10240/12769
2026-10-02 09:16:54,109 - INFO - Prompt processing progress: 12288/12769
2026-10-02 09:16:54,622 - INFO - Prompt processing progress: 12768/12769
2026-10-02 09:16:54,698 - INFO - Prompt processing progress: 12769/12769
2026-10-02 09:16:56,789 - INFO - Prompt Cache: 1 sequences, 2.87 GB
2026-10-02 09:16:56,789 - INFO - - assistant: 0 sequences, 0.00 GB
2026-10-02 09:16:56,789 - INFO - - user: 0 sequences, 0.00 GB
2026-10-02 09:16:56,789 - INFO - - system: 1 sequences, 2.87 GB
127.0.0.1 - - [02/Oct/2026 09:16:56] "POST /v1/chat/completions HTTP/1.1" 200 -
2026-10-02 09:16:58,561 - INFO - Prompt processing progress: 2048/14320
2026-10-02 09:17:00,246 - INFO - Prompt processing progress: 4096/14320
2026-10-02 09:17:01,975 - INFO - Prompt processing progress: 6144/14320
2026-10-02 09:17:03,751 - INFO - Prompt processing progress: 8192/14320
2026-10-02 09:17:05,558 - INFO - Prompt processing progress: 10240/14320
2026-10-02 09:17:07,411 - INFO - Prompt processing progress: 12288/14320
2026-10-02 09:17:09,326 - INFO - Prompt processing progress: 14319/14320
2026-10-02 09:17:09,412 - INFO - Prompt processing progress: 14320/14320
2026-10-02 09:17:13,015 - INFO - Prompt Cache: 1 sequences, 2.87 GB
2026-10-02 09:17:13,015 - INFO - - assistant: 0 sequences, 0.00 GB
2026-10-02 09:17:13,015 - INFO - - user: 0 sequences, 0.00 GB
2026-10-02 09:17:13,015 - INFO - - system: 1 sequences, 2.87 GB
127.0.0.1 - - [02/Oct/2026 09:17:13] "POST /v1/chat/completions HTTP/1.1" 200 -
2026-10-02 09:17:14,769 - INFO - Prompt processing progress: 2048/16442
2026-10-02 09:17:16,449 - INFO - Prompt processing progress: 4096/16442
2026-10-02 09:17:18,183 - INFO - Prompt processing progress: 6144/16442
2026-10-02 09:17:19,956 - INFO - Prompt processing progress: 8192/16442
2026-10-02 09:17:21,759 - INFO - Prompt processing progress: 10240/16442
2026-10-02 09:17:23,613 - INFO - Prompt processing progress: 12288/16442
2026-10-02 09:17:25,515 - INFO - Prompt processing progress: 14336/16442
2026-10-02 09:17:27,446 - INFO - Prompt processing progress: 16384/16442
2026-10-02 09:17:27,611 - INFO - Prompt processing progress: 16441/16442
2026-10-02 09:17:27,696 - INFO - Prompt processing progress: 16442/16442
2026-10-02 09:17:31,324 - INFO - Prompt Cache: 1 sequences, 2.87 GB
2026-10-02 09:17:31,324 - INFO - - assistant: 0 sequences, 0.00 GB
2026-10-02 09:17:31,324 - INFO - - user: 0 sequences, 0.00 GB
2026-10-02 09:17:31,324 - INFO - - system: 1 sequences, 2.87 GB
127.0.0.1 - - [02/Oct/2026 09:17:31] "POST /v1/chat/completions HTTP/1.1" 200 -
2026-10-02 09:17:33,070 - INFO - Prompt processing progress: 2048/18355
2026-10-02 09:17:34,759 - INFO - Prompt processing progress: 4096/18355
2026-10-02 09:17:36,493 - INFO - Prompt processing progress: 6144/18355
2026-10-02 09:17:38,241 - INFO - Prompt processing progress: 8192/18355
2026-10-02 09:17:40,044 - INFO - Prompt processing progress: 10240/18355
2026-10-02 09:17:41,896 - INFO - Prompt processing progress: 12288/18355
2026-10-02 09:17:43,800 - INFO - Prompt processing progress: 14336/18355
2026-10-02 09:17:45,743 - INFO - Prompt processing progress: 16384/18355
2026-10-02 09:17:47,723 - INFO - Prompt processing progress: 18354/18355
2026-10-02 09:17:47,814 - INFO - Prompt processing progress: 18355/18355
2026-10-02 09:17:51,078 - INFO - Prompt Cache: 1 sequences, 2.87 GB
2026-10-02 09:17:51,078 - INFO - - assistant: 0 sequences, 0.00 GB
2026-10-02 09:17:51,078 - INFO - - user: 0 sequences, 0.00 GB
2026-10-02 09:17:51,078 - INFO - - system: 1 sequences, 2.87 GB
127.0.0.1 - - [02/Oct/2026 09:17:51] "POST /v1/chat/completions HTTP/1.1" 200 -
2026-10-02 09:17:52,826 - INFO - Prompt processing progress: 2048/21661
2026-10-02 09:17:54,496 - INFO - Prompt processing progress: 4096/21661
2026-10-02 09:17:56,210 - INFO - Prompt processing progress: 6144/21661
2026-10-02 09:17:57,983 - INFO - Prompt processing progress: 8192/21661
2026-10-02 09:17:59,796 - INFO - Prompt processing progress: 10240/21661
2026-10-02 09:18:01,657 - INFO - Prompt processing progress: 12288/21661
2026-10-02 09:18:03,559 - INFO - Prompt processing progress: 14336/21661
2026-10-02 09:18:05,508 - INFO - Prompt processing progress: 16384/21661
2026-10-02 09:18:07,544 - INFO - Prompt processing progress: 18432/21661
2026-10-02 09:18:09,586 - INFO - Prompt processing progress: 20480/21661
2026-10-02 09:18:10,863 - INFO - Prompt processing progress: 21660/21661
2026-10-02 09:18:10,960 - INFO - Prompt processing progress: 21661/21661
2026-10-02 09:18:14,346 - INFO - Prompt Cache: 1 sequences, 2.87 GB
2026-10-02 09:18:14,346 - INFO - - assistant: 0 sequences, 0.00 GB
2026-10-02 09:18:14,346 - INFO - - user: 0 sequences, 0.00 GB
2026-10-02 09:18:14,346 - INFO - - system: 1 sequences, 2.87 GB
127.0.0.1 - - [02/Oct/2026 09:18:14] "POST /v1/chat/completions HTTP/1.1" 200 -
2026-10-02 09:18:16,092 - INFO - Prompt processing progress: 2048/23616
2026-10-02 09:18:17,774 - INFO - Prompt processing progress: 4096/23616
2026-10-02 09:18:19,487 - INFO - Prompt processing progress: 6144/23616
2026-10-02 09:18:21,267 - INFO - Prompt processing progress: 8192/23616
2026-10-02 09:18:23,064 - INFO - Prompt processing progress: 10240/23616
2026-10-02 09:18:24,944 - INFO - Prompt processing progress: 12288/23616
2026-10-02 09:18:26,849 - INFO - Prompt processing progress: 14336/23616
2026-10-02 09:18:28,781 - INFO - Prompt processing progress: 16384/23616
2026-10-02 09:18:30,758 - INFO - Prompt processing progress: 18432/23616
2026-10-02 09:18:32,809 - INFO - Prompt processing progress: 20480/23616
2026-10-02 09:18:34,900 - INFO - Prompt processing progress: 22528/23616
2026-10-02 09:18:36,114 - INFO - Prompt processing progress: 23615/23616
2026-10-02 09:18:36,226 - INFO - Prompt processing progress: 23616/23616
2026-10-02 09:18:39,962 - INFO - Prompt Cache: 1 sequences, 2.87 GB
2026-10-02 09:18:39,962 - INFO - - assistant: 0 sequences, 0.00 GB
2026-10-02 09:18:39,962 - INFO - - user: 0 sequences, 0.00 GB
2026-10-02 09:18:39,962 - INFO - - system: 1 sequences, 2.87 GB
127.0.0.1 - - [02/Oct/2026 09:18:39] "POST /v1/chat/completions HTTP/1.1" 200 -
2026-10-02 09:18:41,704 - INFO - Prompt processing progress: 2048/26978
2026-10-02 09:18:43,375 - INFO - Prompt processing progress: 4096/26978
2026-10-02 09:18:45,075 - INFO - Prompt processing progress: 6144/26978
2026-10-02 09:18:46,851 - INFO - Prompt processing progress: 8192/26978
2026-10-02 09:18:48,656 - INFO - Prompt processing progress: 10240/26978
2026-10-02 09:18:50,514 - INFO - Prompt processing progress: 12288/26978
2026-10-02 09:18:52,395 - INFO - Prompt processing progress: 14336/26978
2026-10-02 09:18:54,348 - INFO - Prompt processing progress: 16384/26978
2026-10-02 09:18:56,349 - INFO - Prompt processing progress: 18432/26978
2026-10-02 09:18:58,413 - INFO - Prompt processing progress: 20480/26978
2026-10-02 09:19:00,514 - INFO - Prompt processing progress: 22528/26978
2026-10-02 09:19:02,658 - INFO - Prompt processing progress: 24576/26978
2026-10-02 09:19:04,842 - INFO - Prompt processing progress: 26624/26978
2026-10-02 09:19:05,296 - INFO - Prompt processing progress: 26977/26978
2026-10-02 09:19:05,396 - INFO - Prompt processing progress: 26978/26978
2026-10-02 09:19:07,781 - INFO - Prompt Cache: 1 sequences, 2.87 GB
2026-10-02 09:19:07,782 - INFO - - assistant: 0 sequences, 0.00 GB
2026-10-02 09:19:07,782 - INFO - - user: 0 sequences, 0.00 GB
2026-10-02 09:19:07,782 - INFO - - system: 1 sequences, 2.87 GB
127.0.0.1 - - [02/Oct/2026 09:19:07] "POST /v1/chat/completions HTTP/1.1" 200 -
2026-10-02 09:19:09,518 - INFO - Prompt processing progress: 2048/29121
2026-10-02 09:19:11,192 - INFO - Prompt processing progress: 4096/29121
2026-10-02 09:19:12,914 - INFO - Prompt processing progress: 6144/29121
2026-10-02 09:19:14,714 - INFO - Prompt processing progress: 8192/29121
2026-10-02 09:19:16,527 - INFO - Prompt processing progress: 10240/29121
2026-10-02 09:19:18,383 - INFO - Prompt processing progress: 12288/29121
2026-10-02 09:19:20,285 - INFO - Prompt processing progress: 14336/29121
2026-10-02 09:19:22,210 - INFO - Prompt processing progress: 16384/29121
2026-10-02 09:19:24,209 - INFO - Prompt processing progress: 18432/29121
2026-10-02 09:19:26,245 - INFO - Prompt processing progress: 20480/29121
2026-10-02 09:19:28,321 - INFO - Prompt processing progress: 22528/29121
2026-10-02 09:19:30,425 - INFO - Prompt processing progress: 24576/29121
2026-10-02 09:19:32,568 - INFO - Prompt processing progress: 26624/29121
2026-10-02 09:19:34,752 - INFO - Prompt processing progress: 28672/29121
2026-10-02 09:19:35,301 - INFO - Prompt processing progress: 29120/29121
2026-10-02 09:19:35,411 - INFO - Prompt processing progress: 29121/29121
2026-10-02 09:19:38,784 - INFO - Prompt Cache: 1 sequences, 2.87 GB
2026-10-02 09:19:38,784 - INFO - - assistant: 0 sequences, 0.00 GB
2026-10-02 09:19:38,784 - INFO - - user: 0 sequences, 0.00 GB
2026-10-02 09:19:38,784 - INFO - - system: 1 sequences, 2.87 GB
127.0.0.1 - - [02/Oct/2026 09:19:38] "POST /v1/chat/completions HTTP/1.1" 200 -
2026-10-02 09:19:40,509 - INFO - Prompt processing progress: 2048/31850
2026-10-02 09:19:42,159 - INFO - Prompt processing progress: 4096/31850
2026-10-02 09:19:43,857 - INFO - Prompt processing progress: 6144/31850
2026-10-02 09:19:45,595 - INFO - Prompt processing progress: 8192/31850
2026-10-02 09:19:47,378 - INFO - Prompt processing progress: 10240/31850
2026-10-02 09:19:49,196 - INFO - Prompt processing progress: 12288/31850
2026-10-02 09:19:51,060 - INFO - Prompt processing progress: 14336/31850
2026-10-02 09:19:52,964 - INFO - Prompt processing progress: 16384/31850
2026-10-02 09:19:54,914 - INFO - Prompt processing progress: 18432/31850
2026-10-02 09:19:56,907 - INFO - Prompt processing progress: 20480/31850
2026-10-02 09:19:58,954 - INFO - Prompt processing progress: 22528/31850
2026-10-02 09:20:01,051 - INFO - Prompt processing progress: 24576/31850
2026-10-02 09:20:03,202 - INFO - Prompt processing progress: 26624/31850
2026-10-02 09:20:05,385 - INFO - Prompt processing progress: 28672/31850
2026-10-02 09:20:07,631 - INFO - Prompt processing progress: 30720/31850
2026-10-02 09:20:08,959 - INFO - Prompt processing progress: 31849/31850
2026-10-02 09:20:09,074 - INFO - Prompt processing progress: 31850/31850
2026-10-02 09:20:12,380 - INFO - Prompt Cache: 1 sequences, 2.87 GB
2026-10-02 09:20:12,380 - INFO - - assistant: 0 sequences, 0.00 GB
2026-10-02 09:20:12,380 - INFO - - user: 0 sequences, 0.00 GB
2026-10-02 09:20:12,380 - INFO - - system: 1 sequences, 2.87 GB
127.0.0.1 - - [02/Oct/2026 09:20:12] "POST /v1/chat/completions HTTP/1.1" 200 -
2026-10-02 09:20:14,096 - INFO - Prompt processing progress: 2048/34233
2026-10-02 09:20:15,747 - INFO - Prompt processing progress: 4096/34233
2026-10-02 09:20:17,440 - INFO - Prompt processing progress: 6144/34233
2026-10-02 09:20:19,181 - INFO - Prompt processing progress: 8192/34233
2026-10-02 09:20:20,962 - INFO - Prompt processing progress: 10240/34233
2026-10-02 09:20:22,782 - INFO - Prompt processing progress: 12288/34233
2026-10-02 09:20:24,660 - INFO - Prompt processing progress: 14336/34233
2026-10-02 09:20:26,568 - INFO - Prompt processing progress: 16384/34233
2026-10-02 09:20:28,520 - INFO - Prompt processing progress: 18432/34233
2026-10-02 09:20:30,516 - INFO - Prompt processing progress: 20480/34233
2026-10-02 09:20:32,566 - INFO - Prompt processing progress: 22528/34233
2026-10-02 09:20:34,672 - INFO - Prompt processing progress: 24576/34233
2026-10-02 09:20:36,816 - INFO - Prompt processing progress: 26624/34233
2026-10-02 09:20:38,998 - INFO - Prompt processing progress: 28672/34233
2026-10-02 09:20:41,240 - INFO - Prompt processing progress: 30720/34233
2026-10-02 09:20:43,523 - INFO - Prompt processing progress: 32768/34233
2026-10-02 09:20:45,228 - INFO - Prompt processing progress: 34232/34233
2026-10-02 09:20:45,350 - INFO - Prompt processing progress: 34233/34233
2026-10-02 09:20:47,780 - INFO - Prompt Cache: 1 sequences, 2.87 GB
2026-10-02 09:20:47,780 - INFO - - assistant: 0 sequences, 0.00 GB
2026-10-02 09:20:47,780 - INFO - - user: 0 sequences, 0.00 GB
2026-10-02 09:20:47,780 - INFO - - system: 1 sequences, 2.87 GB
127.0.0.1 - - [02/Oct/2026 09:20:47] "POST /v1/chat/completions HTTP/1.1" 200 -
2026-10-02 09:20:49,500 - INFO - Prompt processing progress: 2048/36073
2026-10-02 09:20:51,150 - INFO - Prompt processing progress: 4096/36073
2026-10-02 09:20:52,843 - INFO - Prompt processing progress: 6144/36073
2026-10-02 09:20:54,585 - INFO - Prompt processing progress: 8192/36073
2026-10-02 09:20:56,365 - INFO - Prompt processing progress: 10240/36073
2026-10-02 09:20:58,186 - INFO - Prompt processing progress: 12288/36073
2026-10-02 09:21:00,052 - INFO - Prompt processing progress: 14336/36073
2026-10-02 09:21:01,959 - INFO - Prompt processing progress: 16384/36073
2026-10-02 09:21:03,909 - INFO - Prompt processing progress: 18432/36073
2026-10-02 09:21:05,908 - INFO - Prompt processing progress: 20480/36073
2026-10-02 09:21:07,959 - INFO - Prompt processing progress: 22528/36073
2026-10-02 09:21:10,055 - INFO - Prompt processing progress: 24576/36073
2026-10-02 09:21:12,205 - INFO - Prompt processing progress: 26624/36073
2026-10-02 09:21:14,389 - INFO - Prompt processing progress: 28672/36073
2026-10-02 09:21:16,631 - INFO - Prompt processing progress: 30720/36073
2026-10-02 09:21:18,914 - INFO - Prompt processing progress: 32768/36073
2026-10-02 09:21:21,263 - INFO - Prompt processing progress: 34816/36073
2026-10-02 09:21:22,787 - INFO - Prompt processing progress: 36072/36073
2026-10-02 09:21:22,914 - INFO - Prompt processing progress: 36073/36073
2026-10-02 09:21:25,386 - INFO - Prompt Cache: 1 sequences, 2.87 GB
2026-10-02 09:21:25,387 - INFO - - assistant: 0 sequences, 0.00 GB
2026-10-02 09:21:25,387 - INFO - - user: 0 sequences, 0.00 GB
2026-10-02 09:21:25,387 - INFO - - system: 1 sequences, 2.87 GB
127.0.0.1 - - [02/Oct/2026 09:21:25] "POST /v1/chat/completions HTTP/1.1" 200 -
2026-10-02 09:21:27,108 - INFO - Prompt processing progress: 2048/40245
2026-10-02 09:21:28,757 - INFO - Prompt processing progress: 4096/40245
2026-10-02 09:21:30,450 - INFO - Prompt processing progress: 6144/40245
2026-10-02 09:21:32,185 - INFO - Prompt processing progress: 8192/40245
2026-10-02 09:21:33,964 - INFO - Prompt processing progress: 10240/40245
2026-10-02 09:21:35,782 - INFO - Prompt processing progress: 12288/40245
2026-10-02 09:21:37,644 - INFO - Prompt processing progress: 14336/40245
2026-10-02 09:21:39,550 - INFO - Prompt processing progress: 16384/40245
2026-10-02 09:21:41,500 - INFO - Prompt processing progress: 18432/40245
2026-10-02 09:21:43,504 - INFO - Prompt processing progress: 20480/40245
2026-10-02 09:21:45,560 - INFO - Prompt processing progress: 22528/40245
2026-10-02 09:21:47,661 - INFO - Prompt processing progress: 24576/40245
2026-10-02 09:21:49,816 - INFO - Prompt processing progress: 26624/40245
2026-10-02 09:21:52,000 - INFO - Prompt processing progress: 28672/40245
2026-10-02 09:21:54,242 - INFO - Prompt processing progress: 30720/40245
2026-10-02 09:21:56,516 - INFO - Prompt processing progress: 32768/40245
2026-10-02 09:21:58,861 - INFO - Prompt processing progress: 34816/40245
2026-10-02 09:22:01,251 - INFO - Prompt processing progress: 36864/40245
2026-10-02 09:22:03,699 - INFO - Prompt processing progress: 38912/40245
2026-10-02 09:22:05,357 - INFO - Prompt processing progress: 40244/40245
2026-10-02 09:22:05,506 - INFO - Prompt processing progress: 40245/40245
2026-10-02 09:22:08,745 - INFO - Prompt Cache: 1 sequences, 2.87 GB
2026-10-02 09:22:08,745 - INFO - - assistant: 0 sequences, 0.00 GB
2026-10-02 09:22:08,745 - INFO - - user: 0 sequences, 0.00 GB
2026-10-02 09:22:08,745 - INFO - - system: 1 sequences, 2.87 GB
127.0.0.1 - - [02/Oct/2026 09:22:08] "POST /v1/chat/completions HTTP/1.1" 200 -
2026-10-02 09:22:10,461 - INFO - Prompt processing progress: 2048/42661
2026-10-02 09:22:12,112 - INFO - Prompt processing progress: 4096/42661
2026-10-02 09:22:13,804 - INFO - Prompt processing progress: 6144/42661
2026-10-02 09:22:15,539 - INFO - Prompt processing progress: 8192/42661
2026-10-02 09:22:17,317 - INFO - Prompt processing progress: 10240/42661
2026-10-02 09:22:19,138 - INFO - Prompt processing progress: 12288/42661
2026-10-02 09:22:20,998 - INFO - Prompt processing progress: 14336/42661
2026-10-02 09:22:22,914 - INFO - Prompt processing progress: 16384/42661
2026-10-02 09:22:24,865 - INFO - Prompt processing progress: 18432/42661
2026-10-02 09:22:26,860 - INFO - Prompt processing progress: 20480/42661
2026-10-02 09:22:28,915 - INFO - Prompt processing progress: 22528/42661
2026-10-02 09:22:31,007 - INFO - Prompt processing progress: 24576/42661
2026-10-02 09:22:33,147 - INFO - Prompt processing progress: 26624/42661
2026-10-02 09:22:35,335 - INFO - Prompt processing progress: 28672/42661
2026-10-02 09:22:37,582 - INFO - Prompt processing progress: 30720/42661
2026-10-02 09:22:39,869 - INFO - Prompt processing progress: 32768/42661
2026-10-02 09:22:42,215 - INFO - Prompt processing progress: 34816/42661
2026-10-02 09:22:44,605 - INFO - Prompt processing progress: 36864/42661
2026-10-02 09:22:47,050 - INFO - Prompt processing progress: 38912/42661
2026-10-02 09:22:49,545 - INFO - Prompt processing progress: 40960/42661
2026-10-02 09:22:51,728 - INFO - Prompt processing progress: 42660/42661
2026-10-02 09:22:51,884 - INFO - Prompt processing progress: 42661/42661
2026-10-02 09:23:00,690 - INFO - Prompt Cache: 1 sequences, 2.87 GB
2026-10-02 09:23:00,690 - INFO - - assistant: 0 sequences, 0.00 GB
2026-10-02 09:23:00,690 - INFO - - user: 0 sequences, 0.00 GB
2026-10-02 09:23:00,691 - INFO - - system: 1 sequences, 2.87 GB
127.0.0.1 - - [02/Oct/2026 09:23:00] "POST /v1/chat/completions HTTP/1.1" 200 -
2026-10-02 09:23:02,418 - INFO - Prompt processing progress: 2048/42775
2026-10-02 09:23:04,067 - INFO - Prompt processing progress: 4096/42775
2026-10-02 09:23:05,758 - INFO - Prompt processing progress: 6144/42775
2026-10-02 09:23:07,493 - INFO - Prompt processing progress: 8192/42775
2026-10-02 09:23:09,270 - INFO - Prompt processing progress: 10240/42775
2026-10-02 09:23:11,091 - INFO - Prompt processing progress: 12288/42775
2026-10-02 09:23:12,954 - INFO - Prompt processing progress: 14336/42775
2026-10-02 09:23:14,857 - INFO - Prompt processing progress: 16384/42775
2026-10-02 09:23:16,809 - INFO - Prompt processing progress: 18432/42775
2026-10-02 09:23:18,820 - INFO - Prompt processing progress: 20480/42775
2026-10-02 09:23:20,875 - INFO - Prompt processing progress: 22528/42775
2026-10-02 09:23:22,972 - INFO - Prompt processing progress: 24576/42775
2026-10-02 09:23:25,112 - INFO - Prompt processing progress: 26624/42775
2026-10-02 09:23:27,298 - INFO - Prompt processing progress: 28672/42775
2026-10-02 09:23:29,547 - INFO - Prompt processing progress: 30720/42775
2026-10-02 09:23:31,827 - INFO - Prompt processing progress: 32768/42775
2026-10-02 09:23:34,175 - INFO - Prompt processing progress: 34816/42775
2026-10-02 09:23:36,578 - INFO - Prompt processing progress: 36864/42775
2026-10-02 09:23:39,023 - INFO - Prompt processing progress: 38912/42775
2026-10-02 09:23:41,531 - INFO - Prompt processing progress: 40960/42775
2026-10-02 09:23:43,863 - INFO - Prompt processing progress: 42774/42775
2026-10-02 09:23:44,023 - INFO - Prompt processing progress: 42775/42775
2026-10-02 09:25:33,619 - INFO - Prompt Cache: 1 sequences, 2.87 GB
2026-10-02 09:25:33,619 - INFO - - assistant: 0 sequences, 0.00 GB
2026-10-02 09:25:33,619 - INFO - - user: 0 sequences, 0.00 GB
2026-10-02 09:25:33,619 - INFO - - system: 1 sequences, 2.87 GB
127.0.0.1 - - [02/Oct/2026 09:25:33] "POST /v1/chat/completions HTTP/1.1" 200 -
2026-10-02 09:25:35,342 - INFO - Prompt processing progress: 2048/47383
2026-10-02 09:25:36,991 - INFO - Prompt processing progress: 4096/47383
2026-10-02 09:25:38,685 - INFO - Prompt processing progress: 6144/47383
2026-10-02 09:25:40,422 - INFO - Prompt processing progress: 8192/47383
2026-10-02 09:25:42,204 - INFO - Prompt processing progress: 10240/47383
2026-10-02 09:25:44,025 - INFO - Prompt processing progress: 12288/47383
2026-10-02 09:25:45,883 - INFO - Prompt processing progress: 14336/47383
2026-10-02 09:25:47,791 - INFO - Prompt processing progress: 16384/47383
2026-10-02 09:25:49,746 - INFO - Prompt processing progress: 18432/47383
2026-10-02 09:25:51,746 - INFO - Prompt processing progress: 20480/47383
2026-10-02 09:25:53,800 - INFO - Prompt processing progress: 22528/47383
2026-10-02 09:25:55,892 - INFO - Prompt processing progress: 24576/47383
2026-10-02 09:25:58,036 - INFO - Prompt processing progress: 26624/47383
2026-10-02 09:26:00,228 - INFO - Prompt processing progress: 28672/47383
2026-10-02 09:26:02,475 - INFO - Prompt processing progress: 30720/47383
2026-10-02 09:26:04,761 - INFO - Prompt processing progress: 32768/47383
2026-10-02 09:26:07,108 - INFO - Prompt processing progress: 34816/47383
2026-10-02 09:26:09,519 - INFO - Prompt processing progress: 36864/47383
2026-10-02 09:26:11,977 - INFO - Prompt processing progress: 38912/47383
2026-10-02 09:26:14,498 - INFO - Prompt processing progress: 40960/47383
2026-10-02 09:26:17,115 - INFO - Prompt processing progress: 43008/47383
2026-10-02 09:26:19,761 - INFO - Prompt processing progress: 45056/47383
2026-10-02 09:26:22,520 - INFO - Prompt processing progress: 47104/47383
2026-10-02 09:26:23,021 - INFO - Prompt processing progress: 47382/47383
2026-10-02 09:26:23,173 - INFO - Prompt processing progress: 47383/47383
2026-10-02 09:26:25,759 - INFO - Prompt Cache: 1 sequences, 2.87 GB
2026-10-02 09:26:25,759 - INFO - - assistant: 0 sequences, 0.00 GB
2026-10-02 09:26:25,759 - INFO - - user: 0 sequences, 0.00 GB
2026-10-02 09:26:25,759 - INFO - - system: 1 sequences, 2.87 GB
127.0.0.1 - - [02/Oct/2026 09:26:25] "POST /v1/chat/completions HTTP/1.1" 200 -
2026-10-02 09:26:27,482 - INFO - Prompt processing progress: 2048/47504
2026-10-02 09:26:29,135 - INFO - Prompt processing progress: 4096/47504
2026-10-02 09:26:30,832 - INFO - Prompt processing progress: 6144/47504
2026-10-02 09:26:32,571 - INFO - Prompt processing progress: 8192/47504
2026-10-02 09:26:34,350 - INFO - Prompt processing progress: 10240/47504
2026-10-02 09:26:36,173 - INFO - Prompt processing progress: 12288/47504
2026-10-02 09:26:38,048 - INFO - Prompt processing progress: 14336/47504
2026-10-02 09:26:39,953 - INFO - Prompt processing progress: 16384/47504
2026-10-02 09:26:41,905 - INFO - Prompt processing progress: 18432/47504
2026-10-02 09:26:43,917 - INFO - Prompt processing progress: 20480/47504
2026-10-02 09:26:45,978 - INFO - Prompt processing progress: 22528/47504
2026-10-02 09:26:48,074 - INFO - Prompt processing progress: 24576/47504
2026-10-02 09:26:50,220 - INFO - Prompt processing progress: 26624/47504
2026-10-02 09:26:52,406 - INFO - Prompt processing progress: 28672/47504
2026-10-02 09:26:54,657 - INFO - Prompt processing progress: 30720/47504
2026-10-02 09:26:56,936 - INFO - Prompt processing progress: 32768/47504
2026-10-02 09:26:59,294 - INFO - Prompt processing progress: 34816/47504
2026-10-02 09:27:01,691 - INFO - Prompt processing progress: 36864/47504
2026-10-02 09:27:04,150 - INFO - Prompt processing progress: 38912/47504
2026-10-02 09:27:06,697 - INFO - Prompt processing progress: 40960/47504
2026-10-02 09:27:09,321 - INFO - Prompt processing progress: 43008/47504
2026-10-02 09:27:12,005 - INFO - Prompt processing progress: 45056/47504
2026-10-02 09:27:14,804 - INFO - Prompt processing progress: 47104/47504
2026-10-02 09:27:15,475 - INFO - Prompt processing progress: 47503/47504
2026-10-02 09:27:15,631 - INFO - Prompt processing progress: 47504/47504
2026-10-02 09:27:23,902 - INFO - Prompt Cache: 1 sequences, 2.87 GB
2026-10-02 09:27:23,902 - INFO - - assistant: 0 sequences, 0.00 GB
2026-10-02 09:27:23,902 - INFO - - user: 0 sequences, 0.00 GB
2026-10-02 09:27:23,902 - INFO - - system: 1 sequences, 2.87 GB
127.0.0.1 - - [02/Oct/2026 09:27:23] "POST /v1/chat/completions HTTP/1.1" 200 -
2026-10-02 09:27:25,475 - INFO - Prompt processing progress: 2048/6796
2026-10-02 09:27:27,038 - INFO - Prompt processing progress: 4096/6796
2026-10-02 09:27:28,634 - INFO - Prompt processing progress: 6144/6796
2026-10-02 09:27:28,987 - INFO - Prompt processing progress: 6499/6796
2026-10-02 09:27:29,300 - INFO - Prompt processing progress: 6795/6796
2026-10-02 09:27:29,352 - INFO - Prompt processing progress: 6796/6796
2026-10-02 09:27:31,531 - INFO - Prompt Cache: 1 sequences, 1.66 GB
2026-10-02 09:27:31,531 - INFO - - assistant: 0 sequences, 0.00 GB
2026-10-02 09:27:31,531 - INFO - - user: 0 sequences, 0.00 GB
2026-10-02 09:27:31,531 - INFO - - system: 1 sequences, 1.66 GB
127.0.0.1 - - [02/Oct/2026 09:27:31] "POST /v1/chat/completions HTTP/1.1" 200 -
2026-10-02 09:27:32,362 - INFO - Prompt processing progress: 794/795
2026-10-02 09:27:32,418 - INFO - Prompt processing progress: 795/795
2026-10-02 09:28:02,503 - INFO - Prompt Cache: 1 sequences, 1.66 GB
2026-10-02 09:28:02,503 - INFO - - assistant: 0 sequences, 0.00 GB
2026-10-02 09:28:02,504 - INFO - - user: 0 sequences, 0.00 GB
2026-10-02 09:28:02,504 - INFO - - system: 1 sequences, 1.66 GB
127.0.0.1 - - [02/Oct/2026 09:28:02] "POST /v1/chat/completions HTTP/1.1" 200 -
2026-10-02 09:28:03,757 - INFO - Prompt processing progress: 1398/1399
2026-10-02 09:28:03,816 - INFO - Prompt processing progress: 1399/1399
2026-10-02 09:28:05,607 - INFO - Prompt Cache: 1 sequences, 1.66 GB
2026-10-02 09:28:05,607 - INFO - - assistant: 0 sequences, 0.00 GB
2026-10-02 09:28:05,607 - INFO - - user: 0 sequences, 0.00 GB
2026-10-02 09:28:05,607 - INFO - - system: 1 sequences, 1.66 GB
127.0.0.1 - - [02/Oct/2026 09:28:05] "POST /v1/chat/completions HTTP/1.1" 200 -
2026-10-02 09:28:07,273 - INFO - Prompt processing progress: 1904/1905
2026-10-02 09:28:07,334 - INFO - Prompt processing progress: 1905/1905
2026-10-02 09:28:10,283 - INFO - Prompt Cache: 1 sequences, 1.66 GB
2026-10-02 09:28:10,283 - INFO - - assistant: 0 sequences, 0.00 GB
2026-10-02 09:28:10,283 - INFO - - user: 0 sequences, 0.00 GB
2026-10-02 09:28:10,283 - INFO - - system: 1 sequences, 1.66 GB
127.0.0.1 - - [02/Oct/2026 09:28:10] "POST /v1/chat/completions HTTP/1.1" 200 -
2026-10-02 09:28:12,055 - INFO - Prompt processing progress: 1993/1994
2026-10-02 09:28:12,115 - INFO - Prompt processing progress: 1994/1994
2026-10-02 09:28:18,093 - INFO - Prompt Cache: 1 sequences, 1.66 GB
2026-10-02 09:28:18,093 - INFO - - assistant: 0 sequences, 0.00 GB
2026-10-02 09:28:18,093 - INFO - - user: 0 sequences, 0.00 GB
2026-10-02 09:28:18,093 - INFO - - system: 1 sequences, 1.66 GB
127.0.0.1 - - [02/Oct/2026 09:28:18] "POST /v1/chat/completions HTTP/1.1" 200 -
2026-10-02 09:28:19,670 - INFO - Prompt processing progress: 2048/6284
2026-10-02 09:28:21,229 - INFO - Prompt processing progress: 4096/6284
2026-10-02 09:28:22,738 - INFO - Prompt processing progress: 5979/6284
2026-10-02 09:28:23,051 - INFO - Prompt processing progress: 6283/6284
2026-10-02 09:28:23,104 - INFO - Prompt processing progress: 6284/6284
2026-10-02 09:28:25,566 - INFO - Prompt Cache: 1 sequences, 2.87 GB
2026-10-02 09:28:25,566 - INFO - - assistant: 0 sequences, 0.00 GB
2026-10-02 09:28:25,566 - INFO - - user: 0 sequences, 0.00 GB
2026-10-02 09:28:25,566 - INFO - - system: 1 sequences, 2.87 GB
127.0.0.1 - - [02/Oct/2026 09:28:25] "POST /v1/chat/completions HTTP/1.1" 200 -
2026-10-02 09:28:27,303 - INFO - Prompt processing progress: 2048/3713
2026-10-02 09:28:28,661 - INFO - Prompt processing progress: 3712/3713
2026-10-02 09:28:28,726 - INFO - Prompt processing progress: 3713/3713
2026-10-02 09:28:32,458 - INFO - Prompt Cache: 1 sequences, 2.87 GB
2026-10-02 09:28:32,459 - INFO - - assistant: 0 sequences, 0.00 GB
2026-10-02 09:28:32,459 - INFO - - user: 0 sequences, 0.00 GB
2026-10-02 09:28:32,459 - INFO - - system: 1 sequences, 2.87 GB
127.0.0.1 - - [02/Oct/2026 09:28:32] "POST /v1/chat/completions HTTP/1.1" 200 -
2026-10-02 09:28:34,201 - INFO - Prompt processing progress: 2048/7153
2026-10-02 09:28:35,882 - INFO - Prompt processing progress: 4096/7153
2026-10-02 09:28:37,613 - INFO - Prompt processing progress: 6144/7153
2026-10-02 09:28:38,562 - INFO - Prompt processing progress: 7152/7153
2026-10-02 09:28:38,628 - INFO - Prompt processing progress: 7153/7153
2026-10-02 09:28:40,644 - INFO - Prompt Cache: 1 sequences, 2.87 GB
2026-10-02 09:28:40,644 - INFO - - assistant: 0 sequences, 0.00 GB
2026-10-02 09:28:40,644 - INFO - - user: 0 sequences, 0.00 GB
2026-10-02 09:28:40,644 - INFO - - system: 1 sequences, 2.87 GB
127.0.0.1 - - [02/Oct/2026 09:28:40] "POST /v1/chat/completions HTTP/1.1" 200 -
2026-10-02 09:28:42,380 - INFO - Prompt processing progress: 2048/10558
2026-10-02 09:28:44,057 - INFO - Prompt processing progress: 4096/10558
2026-10-02 09:28:45,772 - INFO - Prompt processing progress: 6144/10558
2026-10-02 09:28:47,535 - INFO - Prompt processing progress: 8192/10558
2026-10-02 09:28:49,336 - INFO - Prompt processing progress: 10240/10558
2026-10-02 09:28:49,680 - INFO - Prompt processing progress: 10557/10558
2026-10-02 09:28:49,764 - INFO - Prompt processing progress: 10558/10558
2026-10-02 09:28:52,999 - INFO - Prompt Cache: 1 sequences, 2.87 GB
2026-10-02 09:28:52,999 - INFO - - assistant: 0 sequences, 0.00 GB
2026-10-02 09:28:52,999 - INFO - - user: 0 sequences, 0.00 GB
2026-10-02 09:28:52,999 - INFO - - system: 1 sequences, 2.87 GB
127.0.0.1 - - [02/Oct/2026 09:28:53] "POST /v1/chat/completions HTTP/1.1" 200 -
2026-10-02 09:28:54,742 - INFO - Prompt processing progress: 2048/13947
2026-10-02 09:28:56,416 - INFO - Prompt processing progress: 4096/13947
2026-10-02 09:28:58,134 - INFO - Prompt processing progress: 6144/13947
2026-10-02 09:28:59,903 - INFO - Prompt processing progress: 8192/13947
2026-10-02 09:29:01,726 - INFO - Prompt processing progress: 10240/13947
2026-10-02 09:29:03,588 - INFO - Prompt processing progress: 12288/13947
2026-10-02 09:29:05,188 - INFO - Prompt processing progress: 13946/13947
2026-10-02 09:29:05,265 - INFO - Prompt processing progress: 13947/13947
2026-10-02 09:29:10,226 - INFO - Prompt Cache: 1 sequences, 2.87 GB
2026-10-02 09:29:10,226 - INFO - - assistant: 0 sequences, 0.00 GB
2026-10-02 09:29:10,226 - INFO - - user: 0 sequences, 0.00 GB
2026-10-02 09:29:10,226 - INFO - - system: 1 sequences, 2.87 GB
127.0.0.1 - - [02/Oct/2026 09:29:10] "POST /v1/chat/completions HTTP/1.1" 200 -
2026-10-02 09:29:11,970 - INFO - Prompt processing progress: 2048/20960
2026-10-02 09:29:13,652 - INFO - Prompt processing progress: 4096/20960
2026-10-02 09:29:15,392 - INFO - Prompt processing progress: 6144/20960
2026-10-02 09:29:17,174 - INFO - Prompt processing progress: 8192/20960
2026-10-02 09:29:18,992 - INFO - Prompt processing progress: 10240/20960
2026-10-02 09:29:20,853 - INFO - Prompt processing progress: 12288/20960
2026-10-02 09:29:22,792 - INFO - Prompt processing progress: 14336/20960
2026-10-02 09:29:24,743 - INFO - Prompt processing progress: 16384/20960
2026-10-02 09:29:26,732 - INFO - Prompt processing progress: 18432/20960
2026-10-02 09:29:28,770 - INFO - Prompt processing progress: 20480/20960
2026-10-02 09:29:29,340 - INFO - Prompt processing progress: 20959/20960
2026-10-02 09:29:29,435 - INFO - Prompt processing progress: 20960/20960
2026-10-02 09:31:51,191 - WARNING - Failed to parse tool call (ValueError: No function provided.) — tool text was likely truncated mid-generation.
2026-10-02 09:31:51,222 - INFO - Prompt Cache: 1 sequences, 2.87 GB
2026-10-02 09:31:51,222 - INFO - - assistant: 0 sequences, 0.00 GB
2026-10-02 09:31:51,222 - INFO - - user: 0 sequences, 0.00 GB
2026-10-02 09:31:51,222 - INFO - - system: 1 sequences, 2.87 GB
127.0.0.1 - - [02/Oct/2026 09:31:51] "POST /v1/chat/completions HTTP/1.1" 200 -
2026-10-02 09:31:52,944 - INFO - Prompt processing progress: 2048/23879
2026-10-02 09:31:54,590 - INFO - Prompt processing progress: 4096/23879
2026-10-02 09:31:56,279 - INFO - Prompt processing progress: 6144/23879
2026-10-02 09:31:58,015 - INFO - Prompt processing progress: 8192/23879
2026-10-02 09:31:59,806 - INFO - Prompt processing progress: 10240/23879
2026-10-02 09:32:01,627 - INFO - Prompt processing progress: 12288/23879
2026-10-02 09:32:03,492 - INFO - Prompt processing progress: 14336/23879
2026-10-02 09:32:05,401 - INFO - Prompt processing progress: 16384/23879
2026-10-02 09:32:07,354 - INFO - Prompt processing progress: 18432/23879
2026-10-02 09:32:09,368 - INFO - Prompt processing progress: 20480/23879
2026-10-02 09:32:11,432 - INFO - Prompt processing progress: 22528/23879
2026-10-02 09:32:12,865 - INFO - Prompt processing progress: 23878/23879
2026-10-02 09:32:12,976 - INFO - Prompt processing progress: 23879/23879
2026-10-02 09:32:15,628 - INFO - Prompt Cache: 1 sequences, 2.87 GB
2026-10-02 09:32:15,628 - INFO - - assistant: 0 sequences, 0.00 GB
2026-10-02 09:32:15,628 - INFO - - user: 0 sequences, 0.00 GB
2026-10-02 09:32:15,628 - INFO - - system: 1 sequences, 2.87 GB
127.0.0.1 - - [02/Oct/2026 09:32:15] "POST /v1/chat/completions HTTP/1.1" 200 -
2026-10-02 09:32:17,348 - INFO - Prompt processing progress: 2048/24285
2026-10-02 09:32:18,996 - INFO - Prompt processing progress: 4096/24285
2026-10-02 09:32:20,687 - INFO - Prompt processing progress: 6144/24285
2026-10-02 09:32:22,423 - INFO - Prompt processing progress: 8192/24285
2026-10-02 09:32:24,203 - INFO - Prompt processing progress: 10240/24285
2026-10-02 09:32:26,025 - INFO - Prompt processing progress: 12288/24285
2026-10-02 09:32:27,896 - INFO - Prompt processing progress: 14336/24285
2026-10-02 09:32:29,811 - INFO - Prompt processing progress: 16384/24285
2026-10-02 09:32:31,769 - INFO - Prompt processing progress: 18432/24285
2026-10-02 09:32:33,769 - INFO - Prompt processing progress: 20480/24285
2026-10-02 09:32:35,829 - INFO - Prompt processing progress: 22528/24285
2026-10-02 09:32:37,676 - INFO - Prompt processing progress: 24284/24285
2026-10-02 09:32:37,779 - INFO - Prompt processing progress: 24285/24285
2026-10-02 09:32:42,528 - INFO - Prompt Cache: 1 sequences, 2.87 GB
2026-10-02 09:32:42,528 - INFO - - assistant: 0 sequences, 0.00 GB
2026-10-02 09:32:42,528 - INFO - - user: 0 sequences, 0.00 GB
2026-10-02 09:32:42,528 - INFO - - system: 1 sequences, 2.87 GB
127.0.0.1 - - [02/Oct/2026 09:32:42] "POST /v1/chat/completions HTTP/1.1" 200 -
2026-10-02 09:32:44,253 - INFO - Prompt processing progress: 2048/24397
2026-10-02 09:32:45,902 - INFO - Prompt processing progress: 4096/24397
2026-10-02 09:32:47,602 - INFO - Prompt processing progress: 6144/24397
2026-10-02 09:32:49,358 - INFO - Prompt processing progress: 8192/24397
2026-10-02 09:32:51,171 - INFO - Prompt processing progress: 10240/24397
2026-10-02 09:32:53,019 - INFO - Prompt processing progress: 12288/24397
2026-10-02 09:32:54,929 - INFO - Prompt processing progress: 14336/24397
2026-10-02 09:32:56,879 - INFO - Prompt processing progress: 16384/24397
2026-10-02 09:32:58,895 - INFO - Prompt processing progress: 18432/24397
2026-10-02 09:33:00,939 - INFO - Prompt processing progress: 20480/24397
2026-10-02 09:33:03,023 - INFO - Prompt processing progress: 22528/24397
2026-10-02 09:33:05,032 - INFO - Prompt processing progress: 24396/24397
2026-10-02 09:33:05,147 - INFO - Prompt processing progress: 24397/24397
2026-10-02 09:33:14,700 - INFO - Prompt Cache: 1 sequences, 2.87 GB
2026-10-02 09:33:14,701 - INFO - - assistant: 0 sequences, 0.00 GB
2026-10-02 09:33:14,701 - INFO - - user: 0 sequences, 0.00 GB
2026-10-02 09:33:14,701 - INFO - - system: 1 sequences, 2.87 GB
127.0.0.1 - - [02/Oct/2026 09:33:14] "POST /v1/chat/completions HTTP/1.1" 200 -
2026-10-02 09:33:16,302 - INFO - Prompt processing progress: 2048/6244
2026-10-02 09:33:17,876 - INFO - Prompt processing progress: 4096/6244
2026-10-02 09:33:19,442 - INFO - Prompt processing progress: 6038/6244
2026-10-02 09:33:19,716 - INFO - Prompt processing progress: 6243/6244
2026-10-02 09:33:19,768 - INFO - Prompt processing progress: 6244/6244
2026-10-02 09:33:22,784 - INFO - Prompt Cache: 1 sequences, 2.92 GB
2026-10-02 09:33:22,784 - INFO - - assistant: 0 sequences, 0.00 GB
2026-10-02 09:33:22,784 - INFO - - user: 0 sequences, 0.00 GB
2026-10-02 09:33:22,784 - INFO - - system: 1 sequences, 2.92 GB
127.0.0.1 - - [02/Oct/2026 09:33:22] "POST /v1/chat/completions HTTP/1.1" 200 -
2026-10-02 09:33:23,200 - INFO - Prompt processing progress: 290/291
2026-10-02 09:33:23,260 - INFO - Prompt processing progress: 291/291
2026-10-02 09:33:26,375 - INFO - Prompt Cache: 1 sequences, 2.92 GB
2026-10-02 09:33:26,375 - INFO - - assistant: 0 sequences, 0.00 GB
2026-10-02 09:33:26,375 - INFO - - user: 0 sequences, 0.00 GB
2026-10-02 09:33:26,375 - INFO - - system: 1 sequences, 2.92 GB
127.0.0.1 - - [02/Oct/2026 09:33:26] "POST /v1/chat/completions HTTP/1.1" 200 -
2026-10-02 09:33:27,044 - INFO - Prompt processing progress: 635/636
2026-10-02 09:33:27,100 - INFO - Prompt processing progress: 636/636
2026-10-02 09:33:46,596 - INFO - Prompt Cache: 1 sequences, 2.92 GB
2026-10-02 09:33:46,596 - INFO - - assistant: 0 sequences, 0.00 GB
2026-10-02 09:33:46,596 - INFO - - user: 0 sequences, 0.00 GB
2026-10-02 09:33:46,596 - INFO - - system: 1 sequences, 2.92 GB
127.0.0.1 - - [02/Oct/2026 09:33:46] "POST /v1/chat/completions HTTP/1.1" 200 -
2026-10-02 09:33:47,581 - INFO - Prompt processing progress: 1004/1005
2026-10-02 09:33:47,638 - INFO - Prompt processing progress: 1005/1005
2026-10-02 09:33:49,829 - INFO - Prompt Cache: 1 sequences, 2.92 GB
2026-10-02 09:33:49,829 - INFO - - assistant: 0 sequences, 0.00 GB
2026-10-02 09:33:49,829 - INFO - - user: 0 sequences, 0.00 GB
2026-10-02 09:33:49,829 - INFO - - system: 1 sequences, 2.92 GB
127.0.0.1 - - [02/Oct/2026 09:33:49] "POST /v1/chat/completions HTTP/1.1" 200 -
2026-10-02 09:33:51,022 - INFO - Prompt processing progress: 1344/1345
2026-10-02 09:33:51,080 - INFO - Prompt processing progress: 1345/1345
2026-10-02 09:33:59,054 - INFO - Prompt Cache: 1 sequences, 2.92 GB
2026-10-02 09:33:59,054 - INFO - - assistant: 0 sequences, 0.00 GB
2026-10-02 09:33:59,054 - INFO - - user: 0 sequences, 0.00 GB
2026-10-02 09:33:59,054 - INFO - - system: 1 sequences, 2.92 GB
127.0.0.1 - - [02/Oct/2026 09:33:59] "POST /v1/chat/completions HTTP/1.1" 200 -
2026-10-02 09:33:59,471 - INFO - Prompt processing progress: 275/1519
2026-10-02 09:34:00,440 - INFO - Prompt processing progress: 1518/1519
2026-10-02 09:34:00,494 - INFO - Prompt processing progress: 1519/1519
2026-10-02 09:34:05,948 - INFO - Prompt Cache: 1 sequences, 0.25 GB
2026-10-02 09:34:05,948 - INFO - - assistant: 0 sequences, 0.00 GB
2026-10-02 09:34:05,948 - INFO - - user: 0 sequences, 0.00 GB
2026-10-02 09:34:05,948 - INFO - - system: 1 sequences, 0.25 GB
127.0.0.1 - - [02/Oct/2026 09:34:05] "POST /v1/chat/completions HTTP/1.1" 200 -
2026-10-02 09:34:07,124 - INFO - Prompt processing progress: 1445/1446
2026-10-02 09:34:07,176 - INFO - Prompt processing progress: 1446/1446
2026-10-02 09:34:10,057 - INFO - Prompt Cache: 1 sequences, 0.25 GB
2026-10-02 09:34:10,057 - INFO - - assistant: 0 sequences, 0.00 GB
2026-10-02 09:34:10,057 - INFO - - user: 0 sequences, 0.00 GB
2026-10-02 09:34:10,057 - INFO - - system: 1 sequences, 0.25 GB
127.0.0.1 - - [02/Oct/2026 09:34:10] "POST /v1/chat/completions HTTP/1.1" 200 -
2026-10-02 09:34:11,331 - INFO - Prompt processing progress: 1551/1552
2026-10-02 09:34:11,383 - INFO - Prompt processing progress: 1552/1552
2026-10-02 09:34:13,845 - WARNING - Failed to parse tool call (ValueError: No function provided.) — tool text was likely truncated mid-generation.
2026-10-02 09:34:13,849 - INFO - Prompt Cache: 1 sequences, 0.25 GB
2026-10-02 09:34:13,849 - INFO - - assistant: 0 sequences, 0.00 GB
2026-10-02 09:34:13,849 - INFO - - user: 0 sequences, 0.00 GB
2026-10-02 09:34:13,849 - INFO - - system: 1 sequences, 0.25 GB
127.0.0.1 - - [02/Oct/2026 09:34:13] "POST /v1/chat/completions HTTP/1.1" 200 -
2026-10-02 09:34:15,159 - INFO - Prompt processing progress: 1633/1634
2026-10-02 09:34:15,212 - INFO - Prompt processing progress: 1634/1634
2026-10-02 09:34:16,822 - INFO - Prompt Cache: 1 sequences, 0.25 GB
2026-10-02 09:34:16,822 - INFO - - assistant: 0 sequences, 0.00 GB
2026-10-02 09:34:16,822 - INFO - - user: 0 sequences, 0.00 GB
2026-10-02 09:34:16,822 - INFO - - system: 1 sequences, 0.25 GB
127.0.0.1 - - [02/Oct/2026 09:34:16] "POST /v1/chat/completions HTTP/1.1" 200 -
2026-10-02 09:34:18,426 - INFO - Prompt processing progress: 2048/2613
2026-10-02 09:34:18,921 - INFO - Prompt processing progress: 2612/2613
2026-10-02 09:34:18,976 - INFO - Prompt processing progress: 2613/2613
2026-10-02 09:34:21,260 - WARNING - Failed to parse tool call (ValueError: No function provided.) — tool text was likely truncated mid-generation.
2026-10-02 09:34:21,265 - INFO - Prompt Cache: 1 sequences, 0.25 GB
2026-10-02 09:34:21,265 - INFO - - assistant: 0 sequences, 0.00 GB
2026-10-02 09:34:21,265 - INFO - - user: 0 sequences, 0.00 GB
2026-10-02 09:34:21,265 - INFO - - system: 1 sequences, 0.25 GB
127.0.0.1 - - [02/Oct/2026 09:34:21] "POST /v1/chat/completions HTTP/1.1" 200 -
2026-10-02 09:34:22,871 - INFO - Prompt processing progress: 2048/2690
2026-10-02 09:34:23,461 - INFO - Prompt processing progress: 2689/2690
2026-10-02 09:34:23,517 - INFO - Prompt processing progress: 2690/2690
2026-10-02 09:34:25,127 - INFO - Prompt Cache: 1 sequences, 0.25 GB
2026-10-02 09:34:25,127 - INFO - - assistant: 0 sequences, 0.00 GB
2026-10-02 09:34:25,127 - INFO - - user: 0 sequences, 0.00 GB
2026-10-02 09:34:25,127 - INFO - - system: 1 sequences, 0.25 GB
127.0.0.1 - - [02/Oct/2026 09:34:25] "POST /v1/chat/completions HTTP/1.1" 200 -
2026-10-02 09:34:26,725 - INFO - Prompt processing progress: 2048/2791
2026-10-02 09:34:27,365 - INFO - Prompt processing progress: 2790/2791
2026-10-02 09:34:27,420 - INFO - Prompt processing progress: 2791/2791
2026-10-02 09:34:28,594 - INFO - Prompt Cache: 1 sequences, 0.25 GB
2026-10-02 09:34:28,594 - INFO - - assistant: 0 sequences, 0.00 GB
2026-10-02 09:34:28,594 - INFO - - user: 0 sequences, 0.00 GB
2026-10-02 09:34:28,594 - INFO - - system: 1 sequences, 0.25 GB
127.0.0.1 - - [02/Oct/2026 09:34:28] "POST /v1/chat/completions HTTP/1.1" 200 -
2026-10-02 09:34:30,199 - INFO - Prompt processing progress: 2048/5467
2026-10-02 09:34:31,782 - INFO - Prompt processing progress: 4096/5467
2026-10-02 09:34:32,894 - INFO - Prompt processing progress: 5466/5467
2026-10-02 09:34:32,951 - INFO - Prompt processing progress: 5467/5467
2026-10-02 09:34:38,378 - INFO - Prompt Cache: 1 sequences, 0.25 GB
2026-10-02 09:34:38,378 - INFO - - assistant: 0 sequences, 0.00 GB
2026-10-02 09:34:38,378 - INFO - - user: 0 sequences, 0.00 GB
2026-10-02 09:34:38,378 - INFO - - system: 1 sequences, 0.25 GB
127.0.0.1 - - [02/Oct/2026 09:34:38] "POST /v1/chat/completions HTTP/1.1" 200 -
2026-10-02 09:34:39,990 - INFO - Prompt processing progress: 2048/5689
2026-10-02 09:34:41,569 - INFO - Prompt processing progress: 4096/5689
2026-10-02 09:34:42,828 - INFO - Prompt processing progress: 5688/5689
2026-10-02 09:34:42,887 - INFO - Prompt processing progress: 5689/5689
2026-10-02 09:34:44,049 - INFO - Prompt Cache: 1 sequences, 0.25 GB
2026-10-02 09:34:44,049 - INFO - - assistant: 0 sequences, 0.00 GB
2026-10-02 09:34:44,049 - INFO - - user: 0 sequences, 0.00 GB
2026-10-02 09:34:44,049 - INFO - - system: 1 sequences, 0.25 GB
127.0.0.1 - - [02/Oct/2026 09:34:44] "POST /v1/chat/completions HTTP/1.1" 200 -
2026-10-02 09:34:45,664 - INFO - Prompt processing progress: 2048/6496
2026-10-02 09:34:47,227 - INFO - Prompt processing progress: 4096/6496
2026-10-02 09:34:48,861 - INFO - Prompt processing progress: 6144/6496
2026-10-02 09:34:49,223 - INFO - Prompt processing progress: 6495/6496
2026-10-02 09:34:49,282 - INFO - Prompt processing progress: 6496/6496
2026-10-02 09:34:55,844 - INFO - Prompt Cache: 1 sequences, 0.25 GB
2026-10-02 09:34:55,845 - INFO - - assistant: 0 sequences, 0.00 GB
2026-10-02 09:34:55,845 - INFO - - user: 0 sequences, 0.00 GB
2026-10-02 09:34:55,845 - INFO - - system: 1 sequences, 0.25 GB
127.0.0.1 - - [02/Oct/2026 09:34:55] "POST /v1/chat/completions HTTP/1.1" 200 -
2026-10-02 09:34:57,447 - INFO - Prompt processing progress: 2048/6966
2026-10-02 09:34:59,033 - INFO - Prompt processing progress: 4096/6966
2026-10-02 09:35:00,638 - INFO - Prompt processing progress: 6144/6966
2026-10-02 09:35:01,368 - INFO - Prompt processing progress: 6965/6966
2026-10-02 09:35:01,426 - INFO - Prompt processing progress: 6966/6966
2026-10-02 09:35:05,373 - INFO - Prompt Cache: 1 sequences, 0.25 GB
2026-10-02 09:35:05,373 - INFO - - assistant: 0 sequences, 0.00 GB
2026-10-02 09:35:05,373 - INFO - - user: 0 sequences, 0.00 GB
2026-10-02 09:35:05,373 - INFO - - system: 1 sequences, 0.25 GB
127.0.0.1 - - [02/Oct/2026 09:35:05] "POST /v1/chat/completions HTTP/1.1" 200 -
2026-10-02 09:35:06,956 - INFO - Prompt processing progress: 2048/7333
2026-10-02 09:35:08,528 - INFO - Prompt processing progress: 4096/7333
2026-10-02 09:35:10,135 - INFO - Prompt processing progress: 6144/7333
2026-10-02 09:35:11,145 - INFO - Prompt processing progress: 7332/7333
2026-10-02 09:35:11,206 - INFO - Prompt processing progress: 7333/7333
2026-10-02 09:35:16,421 - INFO - Prompt Cache: 1 sequences, 0.25 GB
2026-10-02 09:35:16,421 - INFO - - assistant: 0 sequences, 0.00 GB
2026-10-02 09:35:16,421 - INFO - - user: 0 sequences, 0.00 GB
2026-10-02 09:35:16,421 - INFO - - system: 1 sequences, 0.25 GB
127.0.0.1 - - [02/Oct/2026 09:35:16] "POST /v1/chat/completions HTTP/1.1" 200 -
2026-10-02 09:35:18,023 - INFO - Prompt processing progress: 2048/7780
2026-10-02 09:35:19,597 - INFO - Prompt processing progress: 4096/7780
2026-10-02 09:35:21,188 - INFO - Prompt processing progress: 6144/7780
2026-10-02 09:35:22,505 - INFO - Prompt processing progress: 7779/7780
2026-10-02 09:35:22,568 - INFO - Prompt processing progress: 7780/7780
2026-10-02 09:35:26,477 - INFO - Prompt Cache: 1 sequences, 0.25 GB
2026-10-02 09:35:26,477 - INFO - - assistant: 0 sequences, 0.00 GB
2026-10-02 09:35:26,477 - INFO - - user: 0 sequences, 0.00 GB
2026-10-02 09:35:26,477 - INFO - - system: 1 sequences, 0.25 GB
127.0.0.1 - - [02/Oct/2026 09:35:26] "POST /v1/chat/completions HTTP/1.1" 200 -
2026-10-02 09:35:28,079 - INFO - Prompt processing progress: 2048/7900
2026-10-02 09:35:29,671 - INFO - Prompt processing progress: 4096/7900
2026-10-02 09:35:31,269 - INFO - Prompt processing progress: 6144/7900
2026-10-02 09:35:32,714 - INFO - Prompt processing progress: 7899/7900
2026-10-02 09:35:32,777 - INFO - Prompt processing progress: 7900/7900
2026-10-02 09:35:36,172 - INFO - Prompt Cache: 1 sequences, 0.25 GB
2026-10-02 09:35:36,172 - INFO - - assistant: 0 sequences, 0.00 GB
2026-10-02 09:35:36,172 - INFO - - user: 0 sequences, 0.00 GB
2026-10-02 09:35:36,172 - INFO - - system: 1 sequences, 0.25 GB
127.0.0.1 - - [02/Oct/2026 09:35:36] "POST /v1/chat/completions HTTP/1.1" 200 -
2026-10-02 09:35:37,765 - INFO - Prompt processing progress: 2048/8005
2026-10-02 09:35:39,329 - INFO - Prompt processing progress: 4096/8005
2026-10-02 09:35:40,906 - INFO - Prompt processing progress: 6144/8005
2026-10-02 09:35:42,432 - INFO - Prompt processing progress: 8004/8005
2026-10-02 09:35:42,498 - INFO - Prompt processing progress: 8005/8005
2026-10-02 09:35:45,824 - WARNING - Failed to parse tool call (ValueError: No function provided.) — tool text was likely truncated mid-generation.
2026-10-02 09:35:45,833 - INFO - Prompt Cache: 1 sequences, 0.25 GB
2026-10-02 09:35:45,833 - INFO - - assistant: 0 sequences, 0.00 GB
2026-10-02 09:35:45,833 - INFO - - user: 0 sequences, 0.00 GB
2026-10-02 09:35:45,833 - INFO - - system: 1 sequences, 0.25 GB
127.0.0.1 - - [02/Oct/2026 09:35:45] "POST /v1/chat/completions HTTP/1.1" 200 -
2026-10-02 09:35:47,416 - INFO - Prompt processing progress: 2048/8855
2026-10-02 09:35:48,963 - INFO - Prompt processing progress: 4096/8855
2026-10-02 09:35:50,537 - INFO - Prompt processing progress: 6144/8855
2026-10-02 09:35:52,154 - INFO - Prompt processing progress: 8192/8855
2026-10-02 09:35:52,785 - INFO - Prompt processing progress: 8854/8855
2026-10-02 09:35:52,860 - INFO - Prompt processing progress: 8855/8855
2026-10-02 09:35:56,399 - INFO - Prompt Cache: 1 sequences, 0.25 GB
2026-10-02 09:35:56,400 - INFO - - assistant: 0 sequences, 0.00 GB
2026-10-02 09:35:56,400 - INFO - - user: 0 sequences, 0.00 GB
2026-10-02 09:35:56,400 - INFO - - system: 1 sequences, 0.25 GB
127.0.0.1 - - [02/Oct/2026 09:35:56] "POST /v1/chat/completions HTTP/1.1" 200 -
2026-10-02 09:35:57,977 - INFO - Prompt processing progress: 2048/8965
2026-10-02 09:35:59,527 - INFO - Prompt processing progress: 4096/8965
2026-10-02 09:36:01,106 - INFO - Prompt processing progress: 6144/8965
2026-10-02 09:36:02,724 - INFO - Prompt processing progress: 8192/8965
2026-10-02 09:36:03,440 - INFO - Prompt processing progress: 8964/8965
2026-10-02 09:36:03,499 - INFO - Prompt processing progress: 8965/8965
2026-10-02 09:36:05,176 - INFO - Prompt Cache: 1 sequences, 0.25 GB
2026-10-02 09:36:05,176 - INFO - - assistant: 0 sequences, 0.00 GB
2026-10-02 09:36:05,176 - INFO - - user: 0 sequences, 0.00 GB
2026-10-02 09:36:05,176 - INFO - - system: 1 sequences, 0.25 GB
127.0.0.1 - - [02/Oct/2026 09:36:05] "POST /v1/chat/completions HTTP/1.1" 200 -
2026-10-02 09:36:06,758 - INFO - Prompt processing progress: 2048/9398
2026-10-02 09:36:08,307 - INFO - Prompt processing progress: 4096/9398
2026-10-02 09:36:09,886 - INFO - Prompt processing progress: 6144/9398
2026-10-02 09:36:11,499 - INFO - Prompt processing progress: 8192/9398
2026-10-02 09:36:12,524 - INFO - Prompt processing progress: 9397/9398
2026-10-02 09:36:12,588 - INFO - Prompt processing progress: 9398/9398
2026-10-02 09:36:34,011 - WARNING - Failed to parse tool call (ValueError: No function provided.) — tool text was likely truncated mid-generation.
2026-10-02 09:36:34,022 - INFO - Prompt Cache: 1 sequences, 0.25 GB
2026-10-02 09:36:34,022 - INFO - - assistant: 0 sequences, 0.00 GB
2026-10-02 09:36:34,022 - INFO - - user: 0 sequences, 0.00 GB
2026-10-02 09:36:34,022 - INFO - - system: 1 sequences, 0.25 GB
127.0.0.1 - - [02/Oct/2026 09:36:34] "POST /v1/chat/completions HTTP/1.1" 200 -
2026-10-02 09:36:35,608 - INFO - Prompt processing progress: 2048/10049
2026-10-02 09:36:37,154 - INFO - Prompt processing progress: 4096/10049
2026-10-02 09:36:38,731 - INFO - Prompt processing progress: 6144/10049
2026-10-02 09:36:40,349 - INFO - Prompt processing progress: 8192/10049
2026-10-02 09:36:41,860 - INFO - Prompt processing progress: 10048/10049
2026-10-02 09:36:41,926 - INFO - Prompt processing progress: 10049/10049
2026-10-02 09:36:43,493 - INFO - Prompt Cache: 1 sequences, 0.25 GB
2026-10-02 09:36:43,493 - INFO - - assistant: 0 sequences, 0.00 GB
2026-10-02 09:36:43,493 - INFO - - user: 0 sequences, 0.00 GB
2026-10-02 09:36:43,493 - INFO - - system: 1 sequences, 0.25 GB
127.0.0.1 - - [02/Oct/2026 09:36:43] "POST /v1/chat/completions HTTP/1.1" 200 -
2026-10-02 09:36:45,077 - INFO - Prompt processing progress: 2048/10110
2026-10-02 09:36:46,625 - INFO - Prompt processing progress: 4096/10110
2026-10-02 09:36:48,202 - INFO - Prompt processing progress: 6144/10110
2026-10-02 09:36:49,821 - INFO - Prompt processing progress: 8192/10110
2026-10-02 09:36:51,395 - INFO - Prompt processing progress: 10109/10110
2026-10-02 09:36:51,461 - INFO - Prompt processing progress: 10110/10110
2026-10-02 09:36:55,644 - INFO - Prompt Cache: 1 sequences, 0.25 GB
2026-10-02 09:36:55,644 - INFO - - assistant: 0 sequences, 0.00 GB
2026-10-02 09:36:55,644 - INFO - - user: 0 sequences, 0.00 GB
2026-10-02 09:36:55,644 - INFO - - system: 1 sequences, 0.25 GB
127.0.0.1 - - [02/Oct/2026 09:36:55] "POST /v1/chat/completions HTTP/1.1" 200 -
2026-10-02 09:36:57,231 - INFO - Prompt processing progress: 2048/10236
2026-10-02 09:36:58,784 - INFO - Prompt processing progress: 4096/10236
2026-10-02 09:37:00,370 - INFO - Prompt processing progress: 6144/10236
2026-10-02 09:37:01,993 - INFO - Prompt processing progress: 8192/10236
2026-10-02 09:37:03,677 - INFO - Prompt processing progress: 10235/10236
2026-10-02 09:37:03,753 - INFO - Prompt processing progress: 10236/10236
2026-10-02 09:37:05,766 - WARNING - Failed to parse tool call (ValueError: No function provided.) — tool text was likely truncated mid-generation.
2026-10-02 09:37:05,777 - INFO - Prompt Cache: 1 sequences, 0.25 GB
2026-10-02 09:37:05,777 - INFO - - assistant: 0 sequences, 0.00 GB
2026-10-02 09:37:05,777 - INFO - - user: 0 sequences, 0.00 GB
2026-10-02 09:37:05,778 - INFO - - system: 1 sequences, 0.25 GB
127.0.0.1 - - [02/Oct/2026 09:37:05] "POST /v1/chat/completions HTTP/1.1" 200 -
2026-10-02 09:37:07,360 - INFO - Prompt processing progress: 2048/11060
2026-10-02 09:37:08,906 - INFO - Prompt processing progress: 4096/11060
2026-10-02 09:37:10,481 - INFO - Prompt processing progress: 6144/11060
2026-10-02 09:37:12,099 - INFO - Prompt processing progress: 8192/11060
2026-10-02 09:37:13,758 - INFO - Prompt processing progress: 10240/11060
2026-10-02 09:37:14,507 - INFO - Prompt processing progress: 11059/11060
2026-10-02 09:37:14,571 - INFO - Prompt processing progress: 11060/11060
2026-10-02 09:37:16,927 - INFO - Prompt Cache: 1 sequences, 0.25 GB
2026-10-02 09:37:16,927 - INFO - - assistant: 0 sequences, 0.00 GB
2026-10-02 09:37:16,927 - INFO - - user: 0 sequences, 0.00 GB
2026-10-02 09:37:16,927 - INFO - - system: 1 sequences, 0.25 GB
127.0.0.1 - - [02/Oct/2026 09:37:16] "POST /v1/chat/completions HTTP/1.1" 200 -
2026-10-02 09:37:18,507 - INFO - Prompt processing progress: 2048/11332
2026-10-02 09:37:20,055 - INFO - Prompt processing progress: 4096/11332
2026-10-02 09:37:21,633 - INFO - Prompt processing progress: 6144/11332
2026-10-02 09:37:23,254 - INFO - Prompt processing progress: 8192/11332
2026-10-02 09:37:24,908 - INFO - Prompt processing progress: 10240/11332
2026-10-02 09:37:25,894 - INFO - Prompt processing progress: 11331/11332
2026-10-02 09:37:25,958 - INFO - Prompt processing progress: 11332/11332
2026-10-02 09:37:30,582 - INFO - Prompt Cache: 1 sequences, 0.25 GB
2026-10-02 09:37:30,583 - INFO - - assistant: 0 sequences, 0.00 GB
2026-10-02 09:37:30,583 - INFO - - user: 0 sequences, 0.00 GB
2026-10-02 09:37:30,583 - INFO - - system: 1 sequences, 0.25 GB
127.0.0.1 - - [02/Oct/2026 09:37:30] "POST /v1/chat/completions HTTP/1.1" 200 -
2026-10-02 09:37:32,163 - INFO - Prompt processing progress: 2048/11485
2026-10-02 09:37:33,709 - INFO - Prompt processing progress: 4096/11485
2026-10-02 09:37:35,287 - INFO - Prompt processing progress: 6144/11485
2026-10-02 09:37:36,905 - INFO - Prompt processing progress: 8192/11485
2026-10-02 09:37:38,553 - INFO - Prompt processing progress: 10240/11485
2026-10-02 09:37:39,649 - INFO - Prompt processing progress: 11484/11485
2026-10-02 09:37:39,714 - INFO - Prompt processing progress: 11485/11485
2026-10-02 09:37:41,753 - INFO - Prompt Cache: 1 sequences, 0.25 GB
2026-10-02 09:37:41,753 - INFO - - assistant: 0 sequences, 0.00 GB
2026-10-02 09:37:41,753 - INFO - - user: 0 sequences, 0.00 GB
2026-10-02 09:37:41,753 - INFO - - system: 1 sequences, 0.25 GB
127.0.0.1 - - [02/Oct/2026 09:37:41] "POST /v1/chat/completions HTTP/1.1" 200 -
2026-10-02 09:37:43,336 - INFO - Prompt processing progress: 2048/12034
2026-10-02 09:37:44,878 - INFO - Prompt processing progress: 4096/12034
2026-10-02 09:37:46,456 - INFO - Prompt processing progress: 6144/12034
2026-10-02 09:37:48,073 - INFO - Prompt processing progress: 8192/12034
2026-10-02 09:37:49,745 - INFO - Prompt processing progress: 10240/12034
2026-10-02 09:37:51,477 - INFO - Prompt processing progress: 12033/12034
2026-10-02 09:37:51,553 - INFO - Prompt processing progress: 12034/12034
2026-10-02 09:38:00,210 - INFO - Prompt Cache: 1 sequences, 0.25 GB
2026-10-02 09:38:00,210 - INFO - - assistant: 0 sequences, 0.00 GB
2026-10-02 09:38:00,210 - INFO - - user: 0 sequences, 0.00 GB
2026-10-02 09:38:00,210 - INFO - - system: 1 sequences, 0.25 GB
127.0.0.1 - - [02/Oct/2026 09:38:00] "POST /v1/chat/completions HTTP/1.1" 200 -
2026-10-02 09:38:01,827 - INFO - Prompt processing progress: 2048/12308
2026-10-02 09:38:03,409 - INFO - Prompt processing progress: 4096/12308
2026-10-02 09:38:05,013 - INFO - Prompt processing progress: 6144/12308
2026-10-02 09:38:06,657 - INFO - Prompt processing progress: 8192/12308
2026-10-02 09:38:08,336 - INFO - Prompt processing progress: 10240/12308
2026-10-02 09:38:10,050 - INFO - Prompt processing progress: 12288/12308
2026-10-02 09:38:10,156 - INFO - Prompt processing progress: 12307/12308
2026-10-02 09:38:10,219 - INFO - Prompt processing progress: 12308/12308
2026-10-02 09:38:11,543 - INFO - Prompt Cache: 1 sequences, 0.25 GB
2026-10-02 09:38:11,543 - INFO - - assistant: 0 sequences, 0.00 GB
2026-10-02 09:38:11,543 - INFO - - user: 0 sequences, 0.00 GB
2026-10-02 09:38:11,543 - INFO - - system: 1 sequences, 0.25 GB
127.0.0.1 - - [02/Oct/2026 09:38:11] "POST /v1/chat/completions HTTP/1.1" 200 -
2026-10-02 09:38:13,163 - INFO - Prompt processing progress: 2048/12358
2026-10-02 09:38:14,768 - INFO - Prompt processing progress: 4096/12358
2026-10-02 09:38:16,373 - INFO - Prompt processing progress: 6144/12358
2026-10-02 09:38:18,025 - INFO - Prompt processing progress: 8192/12358
2026-10-02 09:38:19,714 - INFO - Prompt processing progress: 10240/12358
2026-10-02 09:38:21,439 - INFO - Prompt processing progress: 12288/12358
2026-10-02 09:38:21,617 - INFO - Prompt processing progress: 12357/12358
2026-10-02 09:38:21,679 - INFO - Prompt processing progress: 12358/12358
2026-10-02 09:38:22,716 - INFO - Prompt Cache: 1 sequences, 0.25 GB
2026-10-02 09:38:22,716 - INFO - - assistant: 0 sequences, 0.00 GB
2026-10-02 09:38:22,716 - INFO - - user: 0 sequences, 0.00 GB
2026-10-02 09:38:22,716 - INFO - - system: 1 sequences, 0.25 GB
127.0.0.1 - - [02/Oct/2026 09:38:22] "POST /v1/chat/completions HTTP/1.1" 200 -
2026-10-02 09:38:24,319 - INFO - Prompt processing progress: 2048/12883
2026-10-02 09:38:25,897 - INFO - Prompt processing progress: 4096/12883
2026-10-02 09:38:27,512 - INFO - Prompt processing progress: 6144/12883
2026-10-02 09:38:29,154 - INFO - Prompt processing progress: 8192/12883
2026-10-02 09:38:30,835 - INFO - Prompt processing progress: 10240/12883
2026-10-02 09:38:32,561 - INFO - Prompt processing progress: 12288/12883
2026-10-02 09:38:33,149 - INFO - Prompt processing progress: 12882/12883
2026-10-02 09:38:33,214 - INFO - Prompt processing progress: 12883/12883
2026-10-02 09:38:34,603 - INFO - Prompt Cache: 1 sequences, 0.25 GB
2026-10-02 09:38:34,603 - INFO - - assistant: 0 sequences, 0.00 GB
2026-10-02 09:38:34,603 - INFO - - user: 0 sequences, 0.00 GB
2026-10-02 09:38:34,603 - INFO - - system: 1 sequences, 0.25 GB
127.0.0.1 - - [02/Oct/2026 09:38:34] "POST /v1/chat/completions HTTP/1.1" 200 -
2026-10-02 09:38:35,595 - INFO - Prompt processing progress: 1139/1140
2026-10-02 09:38:35,647 - INFO - Prompt processing progress: 1140/1140
2026-10-02 09:38:39,611 - INFO - Prompt Cache: 1 sequences, 0.25 GB
2026-10-02 09:38:39,611 - INFO - - assistant: 0 sequences, 0.00 GB
2026-10-02 09:38:39,611 - INFO - - user: 0 sequences, 0.00 GB
2026-10-02 09:38:39,611 - INFO - - system: 1 sequences, 0.25 GB
127.0.0.1 - - [02/Oct/2026 09:38:39] "POST /v1/chat/completions HTTP/1.1" 200 -
2026-10-02 09:38:40,973 - INFO - Prompt processing progress: 1670/1671
2026-10-02 09:38:41,029 - INFO - Prompt processing progress: 1671/1671
2026-10-02 09:38:43,349 - WARNING - Failed to parse tool call (ValueError: No function provided.) — tool text was likely truncated mid-generation.
2026-10-02 09:38:43,353 - INFO - Prompt Cache: 1 sequences, 0.25 GB
2026-10-02 09:38:43,353 - INFO - - assistant: 0 sequences, 0.00 GB
2026-10-02 09:38:43,353 - INFO - - user: 0 sequences, 0.00 GB
2026-10-02 09:38:43,353 - INFO - - system: 1 sequences, 0.25 GB
127.0.0.1 - - [02/Oct/2026 09:38:43] "POST /v1/chat/completions HTTP/1.1" 200 -
2026-10-02 09:38:44,958 - INFO - Prompt processing progress: 2048/2241
2026-10-02 09:38:45,162 - INFO - Prompt processing progress: 2240/2241
2026-10-02 09:38:45,214 - INFO - Prompt processing progress: 2241/2241
2026-10-02 09:38:47,065 - WARNING - Failed to parse tool call (ValueError: No function provided.) — tool text was likely truncated mid-generation.
2026-10-02 09:38:47,069 - INFO - Prompt Cache: 1 sequences, 0.25 GB
2026-10-02 09:38:47,069 - INFO - - assistant: 0 sequences, 0.00 GB
2026-10-02 09:38:47,069 - INFO - - user: 0 sequences, 0.00 GB
2026-10-02 09:38:47,069 - INFO - - system: 1 sequences, 0.25 GB
127.0.0.1 - - [02/Oct/2026 09:38:47] "POST /v1/chat/completions HTTP/1.1" 200 -
2026-10-02 09:38:48,684 - INFO - Prompt processing progress: 2048/2531
2026-10-02 09:38:49,133 - INFO - Prompt processing progress: 2530/2531
2026-10-02 09:38:49,186 - INFO - Prompt processing progress: 2531/2531
2026-10-02 09:38:51,328 - INFO - Prompt Cache: 1 sequences, 0.25 GB
2026-10-02 09:38:51,328 - INFO - - assistant: 0 sequences, 0.00 GB
2026-10-02 09:38:51,328 - INFO - - user: 0 sequences, 0.00 GB
2026-10-02 09:38:51,328 - INFO - - system: 1 sequences, 0.25 GB
127.0.0.1 - - [02/Oct/2026 09:38:51] "POST /v1/chat/completions HTTP/1.1" 200 -
2026-10-02 09:38:52,929 - INFO - Prompt processing progress: 2048/2753
2026-10-02 09:38:53,531 - INFO - Prompt processing progress: 2752/2753
2026-10-02 09:38:53,585 - INFO - Prompt processing progress: 2753/2753
2026-10-02 09:38:55,718 - INFO - Prompt Cache: 1 sequences, 0.25 GB
2026-10-02 09:38:55,718 - INFO - - assistant: 0 sequences, 0.00 GB
2026-10-02 09:38:55,718 - INFO - - user: 0 sequences, 0.00 GB
2026-10-02 09:38:55,718 - INFO - - system: 1 sequences, 0.25 GB
127.0.0.1 - - [02/Oct/2026 09:38:55] "POST /v1/chat/completions HTTP/1.1" 200 -
2026-10-02 09:38:57,324 - INFO - Prompt processing progress: 2048/3319
2026-10-02 09:38:58,337 - INFO - Prompt processing progress: 3318/3319
2026-10-02 09:38:58,394 - INFO - Prompt processing progress: 3319/3319
2026-10-02 09:39:01,238 - INFO - Prompt Cache: 1 sequences, 0.25 GB
2026-10-02 09:39:01,238 - INFO - - assistant: 0 sequences, 0.00 GB
2026-10-02 09:39:01,238 - INFO - - user: 0 sequences, 0.00 GB
2026-10-02 09:39:01,238 - INFO - - system: 1 sequences, 0.25 GB
127.0.0.1 - - [02/Oct/2026 09:39:01] "POST /v1/chat/completions HTTP/1.1" 200 -
2026-10-02 09:39:02,829 - INFO - Prompt processing progress: 2048/3782
2026-10-02 09:39:04,189 - INFO - Prompt processing progress: 3781/3782
2026-10-02 09:39:04,248 - INFO - Prompt processing progress: 3782/3782
2026-10-02 09:39:07,126 - INFO - Prompt Cache: 1 sequences, 0.25 GB
2026-10-02 09:39:07,126 - INFO - - assistant: 0 sequences, 0.00 GB
2026-10-02 09:39:07,126 - INFO - - user: 0 sequences, 0.00 GB
2026-10-02 09:39:07,126 - INFO - - system: 1 sequences, 0.25 GB
127.0.0.1 - - [02/Oct/2026 09:39:07] "POST /v1/chat/completions HTTP/1.1" 200 -
2026-10-02 09:39:08,739 - INFO - Prompt processing progress: 2048/4150
2026-10-02 09:39:10,316 - INFO - Prompt processing progress: 4096/4150
2026-10-02 09:39:10,451 - INFO - Prompt processing progress: 4149/4150
2026-10-02 09:39:10,505 - INFO - Prompt processing progress: 4150/4150
2026-10-02 09:39:16,472 - INFO - Prompt Cache: 1 sequences, 0.25 GB
2026-10-02 09:39:16,472 - INFO - - assistant: 0 sequences, 0.00 GB
2026-10-02 09:39:16,472 - INFO - - user: 0 sequences, 0.00 GB
2026-10-02 09:39:16,472 - INFO - - system: 1 sequences, 0.25 GB
127.0.0.1 - - [02/Oct/2026 09:39:16] "POST /v1/chat/completions HTTP/1.1" 200 -
2026-10-02 09:39:18,059 - INFO - Prompt processing progress: 2048/4753
2026-10-02 09:39:19,618 - INFO - Prompt processing progress: 4096/4753
2026-10-02 09:39:20,219 - INFO - Prompt processing progress: 4752/4753
2026-10-02 09:39:20,273 - INFO - Prompt processing progress: 4753/4753
2026-10-02 09:39:22,950 - INFO - Prompt Cache: 1 sequences, 0.25 GB
2026-10-02 09:39:22,950 - INFO - - assistant: 0 sequences, 0.00 GB
2026-10-02 09:39:22,950 - INFO - - user: 0 sequences, 0.00 GB
2026-10-02 09:39:22,950 - INFO - - system: 1 sequences, 0.25 GB
127.0.0.1 - - [02/Oct/2026 09:39:22] "POST /v1/chat/completions HTTP/1.1" 200 -
2026-10-02 09:39:24,546 - INFO - Prompt processing progress: 2048/5574
2026-10-02 09:39:26,117 - INFO - Prompt processing progress: 4096/5574
2026-10-02 09:39:27,305 - INFO - Prompt processing progress: 5573/5574
2026-10-02 09:39:27,364 - INFO - Prompt processing progress: 5574/5574
2026-10-02 09:39:30,396 - INFO - Prompt Cache: 1 sequences, 0.25 GB
2026-10-02 09:39:30,396 - INFO - - assistant: 0 sequences, 0.00 GB
2026-10-02 09:39:30,396 - INFO - - user: 0 sequences, 0.00 GB
2026-10-02 09:39:30,397 - INFO - - system: 1 sequences, 0.25 GB
127.0.0.1 - - [02/Oct/2026 09:39:30] "POST /v1/chat/completions HTTP/1.1" 200 -
2026-10-02 09:39:32,002 - INFO - Prompt processing progress: 2048/5902
2026-10-02 09:39:33,559 - INFO - Prompt processing progress: 4096/5902
2026-10-02 09:39:35,005 - INFO - Prompt processing progress: 5901/5902
2026-10-02 09:39:35,067 - INFO - Prompt processing progress: 5902/5902
2026-10-02 09:39:42,510 - INFO - Prompt Cache: 1 sequences, 0.25 GB
2026-10-02 09:39:42,510 - INFO - - assistant: 0 sequences, 0.00 GB
2026-10-02 09:39:42,510 - INFO - - user: 0 sequences, 0.00 GB
2026-10-02 09:39:42,510 - INFO - - system: 1 sequences, 0.25 GB
127.0.0.1 - - [02/Oct/2026 09:39:42] "POST /v1/chat/completions HTTP/1.1" 200 -
2026-10-02 09:39:44,109 - INFO - Prompt processing progress: 2048/6417
2026-10-02 09:39:45,666 - INFO - Prompt processing progress: 4096/6417
2026-10-02 09:39:47,266 - INFO - Prompt processing progress: 6144/6417
2026-10-02 09:39:47,575 - INFO - Prompt processing progress: 6416/6417
2026-10-02 09:39:47,631 - INFO - Prompt processing progress: 6417/6417
2026-10-02 09:39:49,448 - WARNING - Failed to parse tool call (ValueError: No function provided.) — tool text was likely truncated mid-generation.
2026-10-02 09:39:49,456 - INFO - Prompt Cache: 1 sequences, 0.25 GB
2026-10-02 09:39:49,456 - INFO - - assistant: 0 sequences, 0.00 GB
2026-10-02 09:39:49,456 - INFO - - user: 0 sequences, 0.00 GB
2026-10-02 09:39:49,456 - INFO - - system: 1 sequences, 0.25 GB
127.0.0.1 - - [02/Oct/2026 09:39:49] "POST /v1/chat/completions HTTP/1.1" 200 -
2026-10-02 09:39:51,047 - INFO - Prompt processing progress: 2048/6882
2026-10-02 09:39:52,618 - INFO - Prompt processing progress: 4096/6882
2026-10-02 09:39:54,221 - INFO - Prompt processing progress: 6144/6882
2026-10-02 09:39:54,889 - INFO - Prompt processing progress: 6881/6882
2026-10-02 09:39:54,949 - INFO - Prompt processing progress: 6882/6882
2026-10-02 09:39:56,793 - WARNING - Failed to parse tool call (ValueError: No function provided.) — tool text was likely truncated mid-generation.
2026-10-02 09:39:56,801 - INFO - Prompt Cache: 1 sequences, 0.25 GB
2026-10-02 09:39:56,801 - INFO - - assistant: 0 sequences, 0.00 GB
2026-10-02 09:39:56,801 - INFO - - user: 0 sequences, 0.00 GB
2026-10-02 09:39:56,801 - INFO - - system: 1 sequences, 0.25 GB
127.0.0.1 - - [02/Oct/2026 09:39:56] "POST /v1/chat/completions HTTP/1.1" 200 -
2026-10-02 09:39:58,417 - INFO - Prompt processing progress: 2048/7227
2026-10-02 09:39:59,981 - INFO - Prompt processing progress: 4096/7227
2026-10-02 09:40:01,573 - INFO - Prompt processing progress: 6144/7227
2026-10-02 09:40:02,513 - INFO - Prompt processing progress: 7226/7227
2026-10-02 09:40:02,583 - INFO - Prompt processing progress: 7227/7227
2026-10-02 09:40:11,737 - INFO - Prompt Cache: 1 sequences, 0.25 GB
2026-10-02 09:40:11,737 - INFO - - assistant: 0 sequences, 0.00 GB
2026-10-02 09:40:11,737 - INFO - - user: 0 sequences, 0.00 GB
2026-10-02 09:40:11,737 - INFO - - system: 1 sequences, 0.25 GB
127.0.0.1 - - [02/Oct/2026 09:40:11] "POST /v1/chat/completions HTTP/1.1" 200 -
2026-10-02 09:40:13,348 - INFO - Prompt processing progress: 2048/7469
2026-10-02 09:40:14,914 - INFO - Prompt processing progress: 4096/7469
2026-10-02 09:40:16,505 - INFO - Prompt processing progress: 6144/7469
2026-10-02 09:40:17,604 - INFO - Prompt processing progress: 7468/7469
2026-10-02 09:40:17,665 - INFO - Prompt processing progress: 7469/7469
2026-10-02 09:40:46,796 - INFO - Prompt Cache: 1 sequences, 0.25 GB
2026-10-02 09:40:46,797 - INFO - - assistant: 0 sequences, 0.00 GB
2026-10-02 09:40:46,797 - INFO - - user: 0 sequences, 0.00 GB
2026-10-02 09:40:46,797 - INFO - - system: 1 sequences, 0.25 GB
127.0.0.1 - - [02/Oct/2026 09:40:46] "POST /v1/chat/completions HTTP/1.1" 200 -
2026-10-02 09:40:48,385 - INFO - Prompt processing progress: 2048/8344
2026-10-02 09:40:49,945 - INFO - Prompt processing progress: 4096/8344
2026-10-02 09:40:51,546 - INFO - Prompt processing progress: 6144/8344
2026-10-02 09:40:53,196 - INFO - Prompt processing progress: 8192/8344
2026-10-02 09:40:53,426 - INFO - Prompt processing progress: 8343/8344
2026-10-02 09:40:53,484 - INFO - Prompt processing progress: 8344/8344
2026-10-02 09:40:57,266 - INFO - Prompt Cache: 1 sequences, 0.25 GB
2026-10-02 09:40:57,266 - INFO - - assistant: 0 sequences, 0.00 GB
2026-10-02 09:40:57,266 - INFO - - user: 0 sequences, 0.00 GB
2026-10-02 09:40:57,266 - INFO - - system: 1 sequences, 0.25 GB
127.0.0.1 - - [02/Oct/2026 09:40:57] "POST /v1/chat/completions HTTP/1.1" 200 -
2026-10-02 09:40:58,843 - INFO - Prompt processing progress: 2048/10392
2026-10-02 09:41:00,391 - INFO - Prompt processing progress: 4096/10392
2026-10-02 09:41:01,967 - INFO - Prompt processing progress: 6144/10392
2026-10-02 09:41:03,580 - INFO - Prompt processing progress: 8192/10392
2026-10-02 09:41:05,234 - INFO - Prompt processing progress: 10240/10392
2026-10-02 09:41:05,466 - INFO - Prompt processing progress: 10391/10392
2026-10-02 09:41:05,527 - INFO - Prompt processing progress: 10392/10392
2026-10-02 09:41:10,829 - INFO - Prompt Cache: 1 sequences, 0.25 GB
2026-10-02 09:41:10,829 - INFO - - assistant: 0 sequences, 0.00 GB
2026-10-02 09:41:10,829 - INFO - - user: 0 sequences, 0.00 GB
2026-10-02 09:41:10,829 - INFO - - system: 1 sequences, 0.25 GB
127.0.0.1 - - [02/Oct/2026 09:41:10] "POST /v1/chat/completions HTTP/1.1" 200 -
2026-10-02 09:41:12,410 - INFO - Prompt processing progress: 2048/10915
2026-10-02 09:41:13,957 - INFO - Prompt processing progress: 4096/10915
2026-10-02 09:41:15,534 - INFO - Prompt processing progress: 6144/10915
2026-10-02 09:41:17,148 - INFO - Prompt processing progress: 8192/10915
2026-10-02 09:41:18,799 - INFO - Prompt processing progress: 10240/10915
2026-10-02 09:41:19,445 - INFO - Prompt processing progress: 10914/10915
2026-10-02 09:41:19,507 - INFO - Prompt processing progress: 10915/10915
2026-10-02 09:41:25,280 - INFO - Prompt Cache: 1 sequences, 0.25 GB
2026-10-02 09:41:25,280 - INFO - - assistant: 0 sequences, 0.00 GB
2026-10-02 09:41:25,280 - INFO - - user: 0 sequences, 0.00 GB
2026-10-02 09:41:25,280 - INFO - - system: 1 sequences, 0.25 GB
127.0.0.1 - - [02/Oct/2026 09:41:25] "POST /v1/chat/completions HTTP/1.1" 200 -
2026-10-02 09:41:26,869 - INFO - Prompt processing progress: 2048/11078
2026-10-02 09:41:28,421 - INFO - Prompt processing progress: 4096/11078
2026-10-02 09:41:29,999 - INFO - Prompt processing progress: 6144/11078
2026-10-02 09:41:31,614 - INFO - Prompt processing progress: 8192/11078
2026-10-02 09:41:33,269 - INFO - Prompt processing progress: 10240/11078
2026-10-02 09:41:34,052 - INFO - Prompt processing progress: 11077/11078
2026-10-02 09:41:34,128 - INFO - Prompt processing progress: 11078/11078
2026-10-02 09:41:36,036 - INFO - Prompt Cache: 1 sequences, 0.25 GB
2026-10-02 09:41:36,036 - INFO - - assistant: 0 sequences, 0.00 GB
2026-10-02 09:41:36,036 - INFO - - user: 0 sequences, 0.00 GB
2026-10-02 09:41:36,036 - INFO - - system: 1 sequences, 0.25 GB
127.0.0.1 - - [02/Oct/2026 09:41:36] "POST /v1/chat/completions HTTP/1.1" 200 -
2026-10-02 09:41:37,618 - INFO - Prompt processing progress: 2048/11144
2026-10-02 09:41:39,167 - INFO - Prompt processing progress: 4096/11144
2026-10-02 09:41:40,747 - INFO - Prompt processing progress: 6144/11144
2026-10-02 09:41:42,363 - INFO - Prompt processing progress: 8192/11144
2026-10-02 09:41:44,018 - INFO - Prompt processing progress: 10240/11144
2026-10-02 09:41:44,854 - INFO - Prompt processing progress: 11143/11144
2026-10-02 09:41:44,917 - INFO - Prompt processing progress: 11144/11144
2026-10-02 09:41:49,802 - INFO - Prompt Cache: 1 sequences, 0.25 GB
2026-10-02 09:41:49,802 - INFO - - assistant: 0 sequences, 0.00 GB
2026-10-02 09:41:49,802 - INFO - - user: 0 sequences, 0.00 GB
2026-10-02 09:41:49,802 - INFO - - system: 1 sequences, 0.25 GB
127.0.0.1 - - [02/Oct/2026 09:41:49] "POST /v1/chat/completions HTTP/1.1" 200 -
2026-10-02 09:41:51,381 - INFO - Prompt processing progress: 2048/11384
2026-10-02 09:41:52,928 - INFO - Prompt processing progress: 4096/11384
2026-10-02 09:41:54,505 - INFO - Prompt processing progress: 6144/11384
2026-10-02 09:41:56,121 - INFO - Prompt processing progress: 8192/11384
2026-10-02 09:41:57,772 - INFO - Prompt processing progress: 10240/11384
2026-10-02 09:41:58,782 - INFO - Prompt processing progress: 11383/11384
2026-10-02 09:41:58,846 - INFO - Prompt processing progress: 11384/11384
2026-10-02 09:42:01,540 - INFO - Prompt Cache: 1 sequences, 0.25 GB
2026-10-02 09:42:01,540 - INFO - - assistant: 0 sequences, 0.00 GB
2026-10-02 09:42:01,540 - INFO - - user: 0 sequences, 0.00 GB
2026-10-02 09:42:01,540 - INFO - - system: 1 sequences, 0.25 GB
127.0.0.1 - - [02/Oct/2026 09:42:01] "POST /v1/chat/completions HTTP/1.1" 200 -
2026-10-02 09:42:03,120 - INFO - Prompt processing progress: 2048/11825
2026-10-02 09:42:04,664 - INFO - Prompt processing progress: 4096/11825
2026-10-02 09:42:06,241 - INFO - Prompt processing progress: 6144/11825
2026-10-02 09:42:07,859 - INFO - Prompt processing progress: 8192/11825
2026-10-02 09:42:09,513 - INFO - Prompt processing progress: 10240/11825
2026-10-02 09:42:10,843 - INFO - Prompt processing progress: 11824/11825
2026-10-02 09:42:10,909 - INFO - Prompt processing progress: 11825/11825
2026-10-02 09:42:16,042 - INFO - Prompt Cache: 1 sequences, 0.25 GB
2026-10-02 09:42:16,042 - INFO - - assistant: 0 sequences, 0.00 GB
2026-10-02 09:42:16,042 - INFO - - user: 0 sequences, 0.00 GB
2026-10-02 09:42:16,042 - INFO - - system: 1 sequences, 0.25 GB
127.0.0.1 - - [02/Oct/2026 09:42:16] "POST /v1/chat/completions HTTP/1.1" 200 -
2026-10-02 09:42:17,623 - INFO - Prompt processing progress: 2048/12202
2026-10-02 09:42:19,170 - INFO - Prompt processing progress: 4096/12202
2026-10-02 09:42:20,746 - INFO - Prompt processing progress: 6144/12202
2026-10-02 09:42:22,366 - INFO - Prompt processing progress: 8192/12202
2026-10-02 09:42:24,015 - INFO - Prompt processing progress: 10240/12202
2026-10-02 09:42:25,676 - INFO - Prompt processing progress: 12201/12202
2026-10-02 09:42:25,756 - INFO - Prompt processing progress: 12202/12202
2026-10-02 09:42:32,981 - INFO - Prompt Cache: 1 sequences, 0.25 GB
2026-10-02 09:42:32,981 - INFO - - assistant: 0 sequences, 0.00 GB
2026-10-02 09:42:32,981 - INFO - - user: 0 sequences, 0.00 GB
2026-10-02 09:42:32,981 - INFO - - system: 1 sequences, 0.25 GB
127.0.0.1 - - [02/Oct/2026 09:42:32] "POST /v1/chat/completions HTTP/1.1" 200 -
2026-10-02 09:42:34,562 - INFO - Prompt processing progress: 2048/12680
2026-10-02 09:42:36,112 - INFO - Prompt processing progress: 4096/12680
2026-10-02 09:42:37,692 - INFO - Prompt processing progress: 6144/12680
2026-10-02 09:42:39,307 - INFO - Prompt processing progress: 8192/12680
2026-10-02 09:42:40,958 - INFO - Prompt processing progress: 10240/12680
2026-10-02 09:42:42,655 - INFO - Prompt processing progress: 12288/12680
2026-10-02 09:42:43,081 - INFO - Prompt processing progress: 12679/12680
2026-10-02 09:42:43,145 - INFO - Prompt processing progress: 12680/12680
2026-10-02 09:42:45,862 - INFO - Prompt Cache: 1 sequences, 0.25 GB
2026-10-02 09:42:45,862 - INFO - - assistant: 0 sequences, 0.00 GB
2026-10-02 09:42:45,862 - INFO - - user: 0 sequences, 0.00 GB
2026-10-02 09:42:45,862 - INFO - - system: 1 sequences, 0.25 GB
127.0.0.1 - - [02/Oct/2026 09:42:45] "POST /v1/chat/completions HTTP/1.1" 200 -
2026-10-02 09:42:47,444 - INFO - Prompt processing progress: 2048/13186
2026-10-02 09:42:48,989 - INFO - Prompt processing progress: 4096/13186
2026-10-02 09:42:50,566 - INFO - Prompt processing progress: 6144/13186
2026-10-02 09:42:52,182 - INFO - Prompt processing progress: 8192/13186
2026-10-02 09:42:53,841 - INFO - Prompt processing progress: 10240/13186
2026-10-02 09:42:55,534 - INFO - Prompt processing progress: 12288/13186
2026-10-02 09:42:56,382 - INFO - Prompt processing progress: 13185/13186
2026-10-02 09:42:56,449 - INFO - Prompt processing progress: 13186/13186
2026-10-02 09:43:04,100 - INFO - Prompt Cache: 1 sequences, 0.25 GB
2026-10-02 09:43:04,100 - INFO - - assistant: 0 sequences, 0.00 GB
2026-10-02 09:43:04,100 - INFO - - user: 0 sequences, 0.00 GB
2026-10-02 09:43:04,100 - INFO - - system: 1 sequences, 0.25 GB
127.0.0.1 - - [02/Oct/2026 09:43:04] "POST /v1/chat/completions HTTP/1.1" 200 -
2026-10-02 09:43:05,685 - INFO - Prompt processing progress: 2048/14099
2026-10-02 09:43:07,231 - INFO - Prompt processing progress: 4096/14099
2026-10-02 09:43:08,809 - INFO - Prompt processing progress: 6144/14099
2026-10-02 09:43:10,427 - INFO - Prompt processing progress: 8192/14099
2026-10-02 09:43:12,081 - INFO - Prompt processing progress: 10240/14099
2026-10-02 09:43:13,776 - INFO - Prompt processing progress: 12288/14099
2026-10-02 09:43:15,368 - INFO - Prompt processing progress: 14098/14099
2026-10-02 09:43:15,438 - INFO - Prompt processing progress: 14099/14099
2026-10-02 09:43:19,495 - INFO - Prompt Cache: 1 sequences, 0.25 GB
2026-10-02 09:43:19,495 - INFO - - assistant: 0 sequences, 0.00 GB
2026-10-02 09:43:19,495 - INFO - - user: 0 sequences, 0.00 GB
2026-10-02 09:43:19,495 - INFO - - system: 1 sequences, 0.25 GB
127.0.0.1 - - [02/Oct/2026 09:43:19] "POST /v1/chat/completions HTTP/1.1" 200 -
2026-10-02 09:43:21,078 - INFO - Prompt processing progress: 2048/14310
2026-10-02 09:43:22,629 - INFO - Prompt processing progress: 4096/14310
2026-10-02 09:43:24,204 - INFO - Prompt processing progress: 6144/14310
2026-10-02 09:43:25,820 - INFO - Prompt processing progress: 8192/14310
2026-10-02 09:43:27,473 - INFO - Prompt processing progress: 10240/14310
2026-10-02 09:43:29,165 - INFO - Prompt processing progress: 12288/14310
2026-10-02 09:43:30,922 - INFO - Prompt processing progress: 14309/14310
2026-10-02 09:43:30,991 - INFO - Prompt processing progress: 14310/14310
2026-10-02 09:43:33,152 - INFO - Prompt Cache: 1 sequences, 0.25 GB
2026-10-02 09:43:33,152 - INFO - - assistant: 0 sequences, 0.00 GB
2026-10-02 09:43:33,152 - INFO - - user: 0 sequences, 0.00 GB
2026-10-02 09:43:33,152 - INFO - - system: 1 sequences, 0.25 GB
127.0.0.1 - - [02/Oct/2026 09:43:33] "POST /v1/chat/completions HTTP/1.1" 200 -
2026-10-02 09:43:34,736 - INFO - Prompt processing progress: 2048/15088
2026-10-02 09:43:36,282 - INFO - Prompt processing progress: 4096/15088
2026-10-02 09:43:37,859 - INFO - Prompt processing progress: 6144/15088
2026-10-02 09:43:39,476 - INFO - Prompt processing progress: 8192/15088
2026-10-02 09:43:41,127 - INFO - Prompt processing progress: 10240/15088
2026-10-02 09:43:42,824 - INFO - Prompt processing progress: 12288/15088
2026-10-02 09:43:44,568 - INFO - Prompt processing progress: 14336/15088
2026-10-02 09:43:45,290 - INFO - Prompt processing progress: 15087/15088
2026-10-02 09:43:45,358 - INFO - Prompt processing progress: 15088/15088
2026-10-02 09:43:47,529 - INFO - Prompt Cache: 1 sequences, 0.25 GB
2026-10-02 09:43:47,529 - INFO - - assistant: 0 sequences, 0.00 GB
2026-10-02 09:43:47,529 - INFO - - user: 0 sequences, 0.00 GB
2026-10-02 09:43:47,529 - INFO - - system: 1 sequences, 0.25 GB
127.0.0.1 - - [02/Oct/2026 09:43:47] "POST /v1/chat/completions HTTP/1.1" 200 -
2026-10-02 09:43:49,113 - INFO - Prompt processing progress: 2048/15159
2026-10-02 09:43:50,660 - INFO - Prompt processing progress: 4096/15159
2026-10-02 09:43:52,238 - INFO - Prompt processing progress: 6144/15159
2026-10-02 09:43:53,854 - INFO - Prompt processing progress: 8192/15159
2026-10-02 09:43:55,504 - INFO - Prompt processing progress: 10240/15159
2026-10-02 09:43:57,194 - INFO - Prompt processing progress: 12288/15159
2026-10-02 09:43:58,943 - INFO - Prompt processing progress: 14336/15159
2026-10-02 09:43:59,727 - INFO - Prompt processing progress: 15158/15159
2026-10-02 09:43:59,795 - INFO - Prompt processing progress: 15159/15159
2026-10-02 09:44:04,067 - INFO - Prompt Cache: 1 sequences, 0.25 GB
2026-10-02 09:44:04,067 - INFO - - assistant: 0 sequences, 0.00 GB
2026-10-02 09:44:04,067 - INFO - - user: 0 sequences, 0.00 GB
2026-10-02 09:44:04,067 - INFO - - system: 1 sequences, 0.25 GB
127.0.0.1 - - [02/Oct/2026 09:44:04] "POST /v1/chat/completions HTTP/1.1" 200 -
2026-10-02 09:44:05,649 - INFO - Prompt processing progress: 2048/15283
2026-10-02 09:44:07,197 - INFO - Prompt processing progress: 4096/15283
2026-10-02 09:44:08,774 - INFO - Prompt processing progress: 6144/15283
2026-10-02 09:44:10,392 - INFO - Prompt processing progress: 8192/15283
2026-10-02 09:44:12,045 - INFO - Prompt processing progress: 10240/15283
2026-10-02 09:44:13,739 - INFO - Prompt processing progress: 12288/15283
2026-10-02 09:44:15,480 - INFO - Prompt processing progress: 14336/15283
2026-10-02 09:44:16,373 - INFO - Prompt processing progress: 15282/15283
2026-10-02 09:44:16,454 - INFO - Prompt processing progress: 15283/15283
2026-10-02 09:44:19,381 - INFO - Prompt Cache: 1 sequences, 0.25 GB
2026-10-02 09:44:19,381 - INFO - - assistant: 0 sequences, 0.00 GB
2026-10-02 09:44:19,381 - INFO - - user: 0 sequences, 0.00 GB
2026-10-02 09:44:19,381 - INFO - - system: 1 sequences, 0.25 GB
127.0.0.1 - - [02/Oct/2026 09:44:19] "POST /v1/chat/completions HTTP/1.1" 200 -
2026-10-02 09:44:20,963 - INFO - Prompt processing progress: 2048/15671
2026-10-02 09:44:22,511 - INFO - Prompt processing progress: 4096/15671
2026-10-02 09:44:24,091 - INFO - Prompt processing progress: 6144/15671
2026-10-02 09:44:25,708 - INFO - Prompt processing progress: 8192/15671
2026-10-02 09:44:27,360 - INFO - Prompt processing progress: 10240/15671
2026-10-02 09:44:29,058 - INFO - Prompt processing progress: 12288/15671
2026-10-02 09:44:30,800 - INFO - Prompt processing progress: 14336/15671
2026-10-02 09:44:31,990 - INFO - Prompt processing progress: 15670/15671
2026-10-02 09:44:32,059 - INFO - Prompt processing progress: 15671/15671
2026-10-02 09:44:34,386 - WARNING - Failed to parse tool call (ValueError: No function provided.) — tool text was likely truncated mid-generation.
2026-10-02 09:44:34,401 - INFO - Prompt Cache: 1 sequences, 0.25 GB
2026-10-02 09:44:34,401 - INFO - - assistant: 0 sequences, 0.00 GB
2026-10-02 09:44:34,401 - INFO - - user: 0 sequences, 0.00 GB
2026-10-02 09:44:34,401 - INFO - - system: 1 sequences, 0.25 GB
127.0.0.1 - - [02/Oct/2026 09:44:34] "POST /v1/chat/completions HTTP/1.1" 200 -
2026-10-02 09:44:35,978 - INFO - Prompt processing progress: 2048/15749
2026-10-02 09:44:37,530 - INFO - Prompt processing progress: 4096/15749
2026-10-02 09:44:39,104 - INFO - Prompt processing progress: 6144/15749
2026-10-02 09:44:40,718 - INFO - Prompt processing progress: 8192/15749
2026-10-02 09:44:42,370 - INFO - Prompt processing progress: 10240/15749
2026-10-02 09:44:44,068 - INFO - Prompt processing progress: 12288/15749
2026-10-02 09:44:45,812 - INFO - Prompt processing progress: 14336/15749
2026-10-02 09:44:47,084 - INFO - Prompt processing progress: 15748/15749
2026-10-02 09:44:47,154 - INFO - Prompt processing progress: 15749/15749
2026-10-02 09:44:51,902 - INFO - Prompt Cache: 1 sequences, 0.25 GB
2026-10-02 09:44:51,902 - INFO - - assistant: 0 sequences, 0.00 GB
2026-10-02 09:44:51,902 - INFO - - user: 0 sequences, 0.00 GB
2026-10-02 09:44:51,902 - INFO - - system: 1 sequences, 0.25 GB
127.0.0.1 - - [02/Oct/2026 09:44:51] "POST /v1/chat/completions HTTP/1.1" 200 -
2026-10-02 09:44:53,487 - INFO - Prompt processing progress: 2048/15894
2026-10-02 09:44:55,031 - INFO - Prompt processing progress: 4096/15894
2026-10-02 09:44:56,607 - INFO - Prompt processing progress: 6144/15894
2026-10-02 09:44:58,222 - INFO - Prompt processing progress: 8192/15894
2026-10-02 09:44:59,876 - INFO - Prompt processing progress: 10240/15894
2026-10-02 09:45:01,572 - INFO - Prompt processing progress: 12288/15894
2026-10-02 09:45:03,318 - INFO - Prompt processing progress: 14336/15894
2026-10-02 09:45:04,720 - INFO - Prompt processing progress: 15893/15894
2026-10-02 09:45:04,806 - INFO - Prompt processing progress: 15894/15894
2026-10-02 09:45:06,983 - INFO - Prompt Cache: 1 sequences, 0.25 GB
2026-10-02 09:45:06,983 - INFO - - assistant: 0 sequences, 0.00 GB
2026-10-02 09:45:06,983 - INFO - - user: 0 sequences, 0.00 GB
2026-10-02 09:45:06,983 - INFO - - system: 1 sequences, 0.25 GB
127.0.0.1 - - [02/Oct/2026 09:45:06] "POST /v1/chat/completions HTTP/1.1" 200 -
2026-10-02 09:45:08,564 - INFO - Prompt processing progress: 2048/15973
2026-10-02 09:45:10,111 - INFO - Prompt processing progress: 4096/15973
2026-10-02 09:45:11,686 - INFO - Prompt processing progress: 6144/15973
2026-10-02 09:45:13,302 - INFO - Prompt processing progress: 8192/15973
2026-10-02 09:45:14,956 - INFO - Prompt processing progress: 10240/15973
2026-10-02 09:45:16,653 - INFO - Prompt processing progress: 12288/15973
2026-10-02 09:45:18,401 - INFO - Prompt processing progress: 14336/15973
2026-10-02 09:45:19,852 - INFO - Prompt processing progress: 15972/15973
2026-10-02 09:45:19,926 - INFO - Prompt processing progress: 15973/15973
2026-10-02 09:45:22,907 - INFO - Prompt Cache: 1 sequences, 0.25 GB
2026-10-02 09:45:22,907 - INFO - - assistant: 0 sequences, 0.00 GB
2026-10-02 09:45:22,907 - INFO - - user: 0 sequences, 0.00 GB
2026-10-02 09:45:22,907 - INFO - - system: 1 sequences, 0.25 GB
127.0.0.1 - - [02/Oct/2026 09:45:22] "POST /v1/chat/completions HTTP/1.1" 200 -
2026-10-02 09:45:24,491 - INFO - Prompt processing progress: 2048/16258
2026-10-02 09:45:26,038 - INFO - Prompt processing progress: 4096/16258
2026-10-02 09:45:27,618 - INFO - Prompt processing progress: 6144/16258
2026-10-02 09:45:29,236 - INFO - Prompt processing progress: 8192/16258
2026-10-02 09:45:30,890 - INFO - Prompt processing progress: 10240/16258
2026-10-02 09:45:32,602 - INFO - Prompt processing progress: 12288/16258
2026-10-02 09:45:34,372 - INFO - Prompt processing progress: 14336/16258
2026-10-02 09:45:36,107 - INFO - Prompt processing progress: 16257/16258
2026-10-02 09:45:36,182 - INFO - Prompt processing progress: 16258/16258
2026-10-02 09:45:38,546 - INFO - Prompt Cache: 1 sequences, 0.25 GB
2026-10-02 09:45:38,547 - INFO - - assistant: 0 sequences, 0.00 GB
2026-10-02 09:45:38,547 - INFO - - user: 0 sequences, 0.00 GB
2026-10-02 09:45:38,547 - INFO - - system: 1 sequences, 0.25 GB
127.0.0.1 - - [02/Oct/2026 09:45:38] "POST /v1/chat/completions HTTP/1.1" 200 -
2026-10-02 09:45:40,137 - INFO - Prompt processing progress: 2048/16357
2026-10-02 09:45:41,697 - INFO - Prompt processing progress: 4096/16357
2026-10-02 09:45:43,289 - INFO - Prompt processing progress: 6144/16357
2026-10-02 09:45:44,909 - INFO - Prompt processing progress: 8192/16357
2026-10-02 09:45:46,576 - INFO - Prompt processing progress: 10240/16357
2026-10-02 09:45:48,285 - INFO - Prompt processing progress: 12288/16357
2026-10-02 09:45:50,048 - INFO - Prompt processing progress: 14336/16357
2026-10-02 09:45:51,854 - INFO - Prompt processing progress: 16356/16357
2026-10-02 09:45:51,943 - INFO - Prompt processing progress: 16357/16357
2026-10-02 09:45:53,973 - INFO - Prompt Cache: 1 sequences, 0.25 GB
2026-10-02 09:45:53,973 - INFO - - assistant: 0 sequences, 0.00 GB
2026-10-02 09:45:53,973 - INFO - - user: 0 sequences, 0.00 GB
2026-10-02 09:45:53,973 - INFO - - system: 1 sequences, 0.25 GB
127.0.0.1 - - [02/Oct/2026 09:45:53] "POST /v1/chat/completions HTTP/1.1" 200 -
2026-10-02 09:45:55,567 - INFO - Prompt processing progress: 2048/16636
2026-10-02 09:45:57,126 - INFO - Prompt processing progress: 4096/16636
2026-10-02 09:45:58,713 - INFO - Prompt processing progress: 6144/16636
2026-10-02 09:46:00,340 - INFO - Prompt processing progress: 8192/16636
2026-10-02 09:46:02,005 - INFO - Prompt processing progress: 10240/16636
2026-10-02 09:46:03,719 - INFO - Prompt processing progress: 12288/16636
2026-10-02 09:46:05,484 - INFO - Prompt processing progress: 14336/16636
2026-10-02 09:46:07,282 - INFO - Prompt processing progress: 16384/16636
2026-10-02 09:46:07,589 - INFO - Prompt processing progress: 16635/16636
2026-10-02 09:46:07,661 - INFO - Prompt processing progress: 16636/16636
2026-10-02 09:46:11,858 - WARNING - Failed to parse tool call (ValueError: No function provided.) — tool text was likely truncated mid-generation.
2026-10-02 09:46:11,876 - INFO - Prompt Cache: 1 sequences, 0.25 GB
2026-10-02 09:46:11,876 - INFO - - assistant: 0 sequences, 0.00 GB
2026-10-02 09:46:11,876 - INFO - - user: 0 sequences, 0.00 GB
2026-10-02 09:46:11,876 - INFO - - system: 1 sequences, 0.25 GB
127.0.0.1 - - [02/Oct/2026 09:46:11] "POST /v1/chat/completions HTTP/1.1" 200 -
2026-10-02 09:46:13,464 - INFO - Prompt processing progress: 2048/16967
2026-10-02 09:46:15,023 - INFO - Prompt processing progress: 4096/16967
2026-10-02 09:46:16,600 - INFO - Prompt processing progress: 6144/16967
2026-10-02 09:46:18,219 - INFO - Prompt processing progress: 8192/16967
2026-10-02 09:46:19,871 - INFO - Prompt processing progress: 10240/16967
2026-10-02 09:46:21,566 - INFO - Prompt processing progress: 12288/16967
2026-10-02 09:46:23,316 - INFO - Prompt processing progress: 14336/16967
2026-10-02 09:46:25,109 - INFO - Prompt processing progress: 16384/16967
2026-10-02 09:46:25,715 - INFO - Prompt processing progress: 16966/16967
2026-10-02 09:46:25,787 - INFO - Prompt processing progress: 16967/16967
2026-10-02 09:46:29,582 - INFO - Prompt Cache: 1 sequences, 0.25 GB
2026-10-02 09:46:29,582 - INFO - - assistant: 0 sequences, 0.00 GB
2026-10-02 09:46:29,582 - INFO - - user: 0 sequences, 0.00 GB
2026-10-02 09:46:29,582 - INFO - - system: 1 sequences, 0.25 GB
127.0.0.1 - - [02/Oct/2026 09:46:29] "POST /v1/chat/completions HTTP/1.1" 200 -
2026-10-02 09:46:31,170 - INFO - Prompt processing progress: 2048/17086
2026-10-02 09:46:32,715 - INFO - Prompt processing progress: 4096/17086
2026-10-02 09:46:34,298 - INFO - Prompt processing progress: 6144/17086
2026-10-02 09:46:35,921 - INFO - Prompt processing progress: 8192/17086
2026-10-02 09:46:37,574 - INFO - Prompt processing progress: 10240/17086
2026-10-02 09:46:39,270 - INFO - Prompt processing progress: 12288/17086
2026-10-02 09:46:41,016 - INFO - Prompt processing progress: 14336/17086
2026-10-02 09:46:42,805 - INFO - Prompt processing progress: 16384/17086
2026-10-02 09:46:43,507 - INFO - Prompt processing progress: 17085/17086
2026-10-02 09:46:43,578 - INFO - Prompt processing progress: 17086/17086
2026-10-02 09:46:47,447 - INFO - Prompt Cache: 1 sequences, 0.25 GB
2026-10-02 09:46:47,447 - INFO - - assistant: 0 sequences, 0.00 GB
2026-10-02 09:46:47,447 - INFO - - user: 0 sequences, 0.00 GB
2026-10-02 09:46:47,447 - INFO - - system: 1 sequences, 0.25 GB
127.0.0.1 - - [02/Oct/2026 09:46:47] "POST /v1/chat/completions HTTP/1.1" 200 -
2026-10-02 09:46:49,038 - INFO - Prompt processing progress: 2048/17648
2026-10-02 09:46:50,587 - INFO - Prompt processing progress: 4096/17648
2026-10-02 09:46:52,166 - INFO - Prompt processing progress: 6144/17648
2026-10-02 09:46:53,782 - INFO - Prompt processing progress: 8192/17648
2026-10-02 09:46:55,433 - INFO - Prompt processing progress: 10240/17648
2026-10-02 09:46:57,139 - INFO - Prompt processing progress: 12288/17648
2026-10-02 09:46:58,887 - INFO - Prompt processing progress: 14336/17648
2026-10-02 09:47:00,680 - INFO - Prompt processing progress: 16384/17648
2026-10-02 09:47:01,861 - INFO - Prompt processing progress: 17647/17648
2026-10-02 09:47:01,937 - INFO - Prompt processing progress: 17648/17648
2026-10-02 09:47:09,831 - INFO - Prompt Cache: 1 sequences, 0.25 GB
2026-10-02 09:47:09,831 - INFO - - assistant: 0 sequences, 0.00 GB
2026-10-02 09:47:09,831 - INFO - - user: 0 sequences, 0.00 GB
2026-10-02 09:47:09,831 - INFO - - system: 1 sequences, 0.25 GB
127.0.0.1 - - [02/Oct/2026 09:47:09] "POST /v1/chat/completions HTTP/1.1" 200 -
2026-10-02 09:47:11,417 - INFO - Prompt processing progress: 2048/2109
2026-10-02 09:47:11,556 - INFO - Prompt processing progress: 2108/2109
2026-10-02 09:47:11,608 - INFO - Prompt processing progress: 2109/2109
2026-10-02 09:47:14,530 - INFO - Prompt Cache: 1 sequences, 0.25 GB
2026-10-02 09:47:14,530 - INFO - - assistant: 0 sequences, 0.00 GB
2026-10-02 09:47:14,530 - INFO - - user: 0 sequences, 0.00 GB
2026-10-02 09:47:14,530 - INFO - - system: 1 sequences, 0.25 GB
127.0.0.1 - - [02/Oct/2026 09:47:14] "POST /v1/chat/completions HTTP/1.1" 200 -
2026-10-02 09:47:16,111 - INFO - Prompt processing progress: 2048/2413
2026-10-02 09:47:16,450 - INFO - Prompt processing progress: 2412/2413
2026-10-02 09:47:16,504 - INFO - Prompt processing progress: 2413/2413
2026-10-02 09:47:18,263 - INFO - Prompt Cache: 1 sequences, 0.25 GB
2026-10-02 09:47:18,263 - INFO - - assistant: 0 sequences, 0.00 GB
2026-10-02 09:47:18,263 - INFO - - user: 0 sequences, 0.00 GB
2026-10-02 09:47:18,263 - INFO - - system: 1 sequences, 0.25 GB
127.0.0.1 - - [02/Oct/2026 09:47:18] "POST /v1/chat/completions HTTP/1.1" 200 -
2026-10-02 09:47:19,846 - INFO - Prompt processing progress: 2048/5942
2026-10-02 09:47:21,397 - INFO - Prompt processing progress: 4096/5942
2026-10-02 09:47:22,848 - INFO - Prompt processing progress: 5941/5942
2026-10-02 09:47:22,907 - INFO - Prompt processing progress: 5942/5942
2026-10-02 09:47:26,038 - INFO - Prompt Cache: 1 sequences, 0.25 GB
2026-10-02 09:47:26,038 - INFO - - assistant: 0 sequences, 0.00 GB
2026-10-02 09:47:26,038 - INFO - - user: 0 sequences, 0.00 GB
2026-10-02 09:47:26,038 - INFO - - system: 1 sequences, 0.25 GB
127.0.0.1 - - [02/Oct/2026 09:47:26] "POST /v1/chat/completions HTTP/1.1" 200 -
2026-10-02 09:47:27,622 - INFO - Prompt processing progress: 2048/6718
2026-10-02 09:47:29,174 - INFO - Prompt processing progress: 4096/6718
2026-10-02 09:47:30,750 - INFO - Prompt processing progress: 6144/6718
2026-10-02 09:47:31,264 - INFO - Prompt processing progress: 6717/6718
2026-10-02 09:47:31,323 - INFO - Prompt processing progress: 6718/6718
2026-10-02 09:47:39,302 - INFO - Prompt Cache: 1 sequences, 0.25 GB
2026-10-02 09:47:39,302 - INFO - - assistant: 0 sequences, 0.00 GB
2026-10-02 09:47:39,302 - INFO - - user: 0 sequences, 0.00 GB
2026-10-02 09:47:39,302 - INFO - - system: 1 sequences, 0.25 GB
127.0.0.1 - - [02/Oct/2026 09:47:39] "POST /v1/chat/completions HTTP/1.1" 200 -
2026-10-02 09:47:40,886 - INFO - Prompt processing progress: 2048/6943
2026-10-02 09:47:42,434 - INFO - Prompt processing progress: 4096/6943
2026-10-02 09:47:44,015 - INFO - Prompt processing progress: 6144/6943
2026-10-02 09:47:44,729 - INFO - Prompt processing progress: 6942/6943
2026-10-02 09:47:44,790 - INFO - Prompt processing progress: 6943/6943
2026-10-02 09:47:46,322 - INFO - Prompt Cache: 1 sequences, 0.25 GB
2026-10-02 09:47:46,322 - INFO - - assistant: 0 sequences, 0.00 GB
2026-10-02 09:47:46,322 - INFO - - user: 0 sequences, 0.00 GB
2026-10-02 09:47:46,322 - INFO - - system: 1 sequences, 0.25 GB
127.0.0.1 - - [02/Oct/2026 09:47:46] "POST /v1/chat/completions HTTP/1.1" 200 -
2026-10-02 09:47:47,905 - INFO - Prompt processing progress: 2048/7080
2026-10-02 09:47:49,450 - INFO - Prompt processing progress: 4096/7080
2026-10-02 09:47:51,029 - INFO - Prompt processing progress: 6144/7080
2026-10-02 09:47:51,836 - INFO - Prompt processing progress: 7079/7080
2026-10-02 09:47:51,896 - INFO - Prompt processing progress: 7080/7080
2026-10-02 09:47:53,874 - INFO - Prompt Cache: 1 sequences, 0.25 GB
2026-10-02 09:47:53,874 - INFO - - assistant: 0 sequences, 0.00 GB
2026-10-02 09:47:53,874 - INFO - - user: 0 sequences, 0.00 GB
2026-10-02 09:47:53,874 - INFO - - system: 1 sequences, 0.25 GB
127.0.0.1 - - [02/Oct/2026 09:47:53] "POST /v1/chat/completions HTTP/1.1" 200 -
2026-10-02 09:47:55,455 - INFO - Prompt processing progress: 2048/7315
2026-10-02 09:47:57,003 - INFO - Prompt processing progress: 4096/7315
2026-10-02 09:47:58,581 - INFO - Prompt processing progress: 6144/7315
2026-10-02 09:47:59,578 - INFO - Prompt processing progress: 7314/7315
2026-10-02 09:47:59,637 - INFO - Prompt processing progress: 7315/7315
2026-10-02 09:48:01,772 - WARNING - Failed to parse tool call (ValueError: No function provided.) — tool text was likely truncated mid-generation.
2026-10-02 09:48:01,779 - INFO - Prompt Cache: 1 sequences, 0.25 GB
2026-10-02 09:48:01,779 - INFO - - assistant: 0 sequences, 0.00 GB
2026-10-02 09:48:01,779 - INFO - - user: 0 sequences, 0.00 GB
2026-10-02 09:48:01,779 - INFO - - system: 1 sequences, 0.25 GB
127.0.0.1 - - [02/Oct/2026 09:48:01] "POST /v1/chat/completions HTTP/1.1" 200 -
2026-10-02 09:48:03,363 - INFO - Prompt processing progress: 2048/7441
2026-10-02 09:48:04,911 - INFO - Prompt processing progress: 4096/7441
2026-10-02 09:48:06,488 - INFO - Prompt processing progress: 6144/7441
2026-10-02 09:48:07,556 - INFO - Prompt processing progress: 7440/7441
2026-10-02 09:48:07,617 - INFO - Prompt processing progress: 7441/7441
2026-10-02 09:48:09,115 - INFO - Prompt Cache: 1 sequences, 0.25 GB
2026-10-02 09:48:09,115 - INFO - - assistant: 0 sequences, 0.00 GB
2026-10-02 09:48:09,115 - INFO - - user: 0 sequences, 0.00 GB
2026-10-02 09:48:09,115 - INFO - - system: 1 sequences, 0.25 GB
127.0.0.1 - - [02/Oct/2026 09:48:09] "POST /v1/chat/completions HTTP/1.1" 200 -
2026-10-02 09:48:10,697 - INFO - Prompt processing progress: 2048/7549
2026-10-02 09:48:12,247 - INFO - Prompt processing progress: 4096/7549
2026-10-02 09:48:13,824 - INFO - Prompt processing progress: 6144/7549
2026-10-02 09:48:14,955 - INFO - Prompt processing progress: 7548/7549
2026-10-02 09:48:15,018 - INFO - Prompt processing progress: 7549/7549
2026-10-02 09:48:17,203 - INFO - Prompt Cache: 1 sequences, 0.25 GB
2026-10-02 09:48:17,203 - INFO - - assistant: 0 sequences, 0.00 GB
2026-10-02 09:48:17,203 - INFO - - user: 0 sequences, 0.00 GB
2026-10-02 09:48:17,203 - INFO - - system: 1 sequences, 0.25 GB
127.0.0.1 - - [02/Oct/2026 09:48:17] "POST /v1/chat/completions HTTP/1.1" 200 -
2026-10-02 09:48:18,790 - INFO - Prompt processing progress: 2048/7662
2026-10-02 09:48:20,340 - INFO - Prompt processing progress: 4096/7662
2026-10-02 09:48:21,916 - INFO - Prompt processing progress: 6144/7662
2026-10-02 09:48:23,128 - INFO - Prompt processing progress: 7661/7662
2026-10-02 09:48:23,191 - INFO - Prompt processing progress: 7662/7662
2026-10-02 09:48:25,957 - INFO - Prompt Cache: 1 sequences, 0.25 GB
2026-10-02 09:48:25,957 - INFO - - assistant: 0 sequences, 0.00 GB
2026-10-02 09:48:25,957 - INFO - - user: 0 sequences, 0.00 GB
2026-10-02 09:48:25,957 - INFO - - system: 1 sequences, 0.25 GB
127.0.0.1 - - [02/Oct/2026 09:48:25] "POST /v1/chat/completions HTTP/1.1" 200 -
2026-10-02 09:48:27,539 - INFO - Prompt processing progress: 2048/7807
2026-10-02 09:48:29,083 - INFO - Prompt processing progress: 4096/7807
2026-10-02 09:48:30,659 - INFO - Prompt processing progress: 6144/7807
2026-10-02 09:48:31,991 - INFO - Prompt processing progress: 7806/7807
2026-10-02 09:48:32,054 - INFO - Prompt processing progress: 7807/7807
2026-10-02 09:48:40,715 - INFO - Prompt Cache: 1 sequences, 0.25 GB
2026-10-02 09:48:40,715 - INFO - - assistant: 0 sequences, 0.00 GB
2026-10-02 09:48:40,715 - INFO - - user: 0 sequences, 0.00 GB
2026-10-02 09:48:40,715 - INFO - - system: 1 sequences, 0.25 GB
127.0.0.1 - - [02/Oct/2026 09:48:40] "POST /v1/chat/completions HTTP/1.1" 200 -
2026-10-02 09:48:42,306 - INFO - Prompt processing progress: 2048/9215
2026-10-02 09:48:43,884 - INFO - Prompt processing progress: 4096/9215
2026-10-02 09:48:45,482 - INFO - Prompt processing progress: 6144/9215
2026-10-02 09:48:47,107 - INFO - Prompt processing progress: 8192/9215
2026-10-02 09:48:48,010 - INFO - Prompt processing progress: 9214/9215
2026-10-02 09:48:48,073 - INFO - Prompt processing progress: 9215/9215
2026-10-02 09:48:51,529 - INFO - Prompt Cache: 1 sequences, 0.25 GB
2026-10-02 09:48:51,529 - INFO - - assistant: 0 sequences, 0.00 GB
2026-10-02 09:48:51,529 - INFO - - user: 0 sequences, 0.00 GB
2026-10-02 09:48:51,529 - INFO - - system: 1 sequences, 0.25 GB
127.0.0.1 - - [02/Oct/2026 09:48:51] "POST /v1/chat/completions HTTP/1.1" 200 -
2026-10-02 09:48:53,147 - INFO - Prompt processing progress: 2048/10064
2026-10-02 09:48:54,726 - INFO - Prompt processing progress: 4096/10064
2026-10-02 09:48:56,332 - INFO - Prompt processing progress: 6144/10064
2026-10-02 09:48:57,965 - INFO - Prompt processing progress: 8192/10064
2026-10-02 09:48:59,540 - INFO - Prompt processing progress: 10063/10064
2026-10-02 09:48:59,606 - INFO - Prompt processing progress: 10064/10064
2026-10-02 09:49:02,762 - INFO - Prompt Cache: 1 sequences, 0.25 GB
2026-10-02 09:49:02,762 - INFO - - assistant: 0 sequences, 0.00 GB
2026-10-02 09:49:02,762 - INFO - - user: 0 sequences, 0.00 GB
2026-10-02 09:49:02,762 - INFO - - system: 1 sequences, 0.25 GB
127.0.0.1 - - [02/Oct/2026 09:49:02] "POST /v1/chat/completions HTTP/1.1" 200 -
2026-10-02 09:49:04,348 - INFO - Prompt processing progress: 2048/10400
2026-10-02 09:49:05,910 - INFO - Prompt processing progress: 4096/10400
2026-10-02 09:49:07,521 - INFO - Prompt processing progress: 6144/10400
2026-10-02 09:49:09,170 - INFO - Prompt processing progress: 8192/10400
2026-10-02 09:49:10,858 - INFO - Prompt processing progress: 10240/10400
2026-10-02 09:49:11,097 - INFO - Prompt processing progress: 10399/10400
2026-10-02 09:49:11,159 - INFO - Prompt processing progress: 10400/10400
2026-10-02 09:49:15,966 - INFO - Prompt Cache: 1 sequences, 0.25 GB
2026-10-02 09:49:15,966 - INFO - - assistant: 0 sequences, 0.00 GB
2026-10-02 09:49:15,966 - INFO - - user: 0 sequences, 0.00 GB
2026-10-02 09:49:15,966 - INFO - - system: 1 sequences, 0.25 GB
127.0.0.1 - - [02/Oct/2026 09:49:15] "POST /v1/chat/completions HTTP/1.1" 200 -
2026-10-02 09:49:17,551 - INFO - Prompt processing progress: 2048/10536
2026-10-02 09:49:19,104 - INFO - Prompt processing progress: 4096/10536
2026-10-02 09:49:20,697 - INFO - Prompt processing progress: 6144/10536
2026-10-02 09:49:22,347 - INFO - Prompt processing progress: 8192/10536
2026-10-02 09:49:24,040 - INFO - Prompt processing progress: 10240/10536
2026-10-02 09:49:24,360 - INFO - Prompt processing progress: 10535/10536
2026-10-02 09:49:24,424 - INFO - Prompt processing progress: 10536/10536
2026-10-02 09:49:27,883 - INFO - Prompt Cache: 1 sequences, 0.25 GB
2026-10-02 09:49:27,884 - INFO - - assistant: 0 sequences, 0.00 GB
2026-10-02 09:49:27,884 - INFO - - user: 0 sequences, 0.00 GB
2026-10-02 09:49:27,884 - INFO - - system: 1 sequences, 0.25 GB
127.0.0.1 - - [02/Oct/2026 09:49:27] "POST /v1/chat/completions HTTP/1.1" 200 -
2026-10-02 09:49:29,477 - INFO - Prompt processing progress: 2048/10739
2026-10-02 09:49:31,044 - INFO - Prompt processing progress: 4096/10739
2026-10-02 09:49:32,643 - INFO - Prompt processing progress: 6144/10739
2026-10-02 09:49:34,296 - INFO - Prompt processing progress: 8192/10739
2026-10-02 09:49:35,969 - INFO - Prompt processing progress: 10240/10739
2026-10-02 09:49:36,451 - INFO - Prompt processing progress: 10738/10739
2026-10-02 09:49:36,513 - INFO - Prompt processing progress: 10739/10739
2026-10-02 09:49:44,481 - WARNING - Failed to parse tool call (ValueError: No function provided.) — tool text was likely truncated mid-generation.
2026-10-02 09:49:44,492 - INFO - Prompt Cache: 1 sequences, 0.25 GB
2026-10-02 09:49:44,492 - INFO - - assistant: 0 sequences, 0.00 GB
2026-10-02 09:49:44,492 - INFO - - user: 0 sequences, 0.00 GB
2026-10-02 09:49:44,492 - INFO - - system: 1 sequences, 0.25 GB
127.0.0.1 - - [02/Oct/2026 09:49:44] "POST /v1/chat/completions HTTP/1.1" 200 -
2026-10-02 09:49:46,095 - INFO - Prompt processing progress: 2048/11336
2026-10-02 09:49:47,672 - INFO - Prompt processing progress: 4096/11336
2026-10-02 09:49:49,262 - INFO - Prompt processing progress: 6144/11336
2026-10-02 09:49:50,888 - INFO - Prompt processing progress: 8192/11336
2026-10-02 09:49:52,570 - INFO - Prompt processing progress: 10240/11336
2026-10-02 09:49:53,561 - INFO - Prompt processing progress: 11335/11336
2026-10-02 09:49:53,624 - INFO - Prompt processing progress: 11336/11336
2026-10-02 09:49:55,817 - INFO - Prompt Cache: 1 sequences, 0.25 GB
2026-10-02 09:49:55,817 - INFO - - assistant: 0 sequences, 0.00 GB
2026-10-02 09:49:55,817 - INFO - - user: 0 sequences, 0.00 GB
2026-10-02 09:49:55,817 - INFO - - system: 1 sequences, 0.25 GB
127.0.0.1 - - [02/Oct/2026 09:49:55] "POST /v1/chat/completions HTTP/1.1" 200 -
2026-10-02 09:49:57,411 - INFO - Prompt processing progress: 2048/11832
2026-10-02 09:49:58,988 - INFO - Prompt processing progress: 4096/11832
2026-10-02 09:50:00,601 - INFO - Prompt processing progress: 6144/11832
2026-10-02 09:50:02,239 - INFO - Prompt processing progress: 8192/11832
2026-10-02 09:50:03,915 - INFO - Prompt processing progress: 10240/11832
2026-10-02 09:50:05,255 - INFO - Prompt processing progress: 11831/11832
2026-10-02 09:50:05,322 - INFO - Prompt processing progress: 11832/11832
2026-10-02 09:50:07,506 - INFO - Prompt Cache: 1 sequences, 0.25 GB
2026-10-02 09:50:07,506 - INFO - - assistant: 0 sequences, 0.00 GB
2026-10-02 09:50:07,506 - INFO - - user: 0 sequences, 0.00 GB
2026-10-02 09:50:07,506 - INFO - - system: 1 sequences, 0.25 GB
127.0.0.1 - - [02/Oct/2026 09:50:07] "POST /v1/chat/completions HTTP/1.1" 200 -
2026-10-02 09:50:09,110 - INFO - Prompt processing progress: 2048/12604
2026-10-02 09:50:10,671 - INFO - Prompt processing progress: 4096/12604
2026-10-02 09:50:12,264 - INFO - Prompt processing progress: 6144/12604
2026-10-02 09:50:13,901 - INFO - Prompt processing progress: 8192/12604
2026-10-02 09:50:15,576 - INFO - Prompt processing progress: 10240/12604
2026-10-02 09:50:17,302 - INFO - Prompt processing progress: 12288/12604
2026-10-02 09:50:17,631 - INFO - Prompt processing progress: 12603/12604
2026-10-02 09:50:17,696 - INFO - Prompt processing progress: 12604/12604
2026-10-02 09:50:24,365 - INFO - Prompt Cache: 1 sequences, 0.25 GB
2026-10-02 09:50:24,365 - INFO - - assistant: 0 sequences, 0.00 GB
2026-10-02 09:50:24,365 - INFO - - user: 0 sequences, 0.00 GB
2026-10-02 09:50:24,365 - INFO - - system: 1 sequences, 0.25 GB
127.0.0.1 - - [02/Oct/2026 09:50:24] "POST /v1/chat/completions HTTP/1.1" 200 -
2026-10-02 09:50:25,959 - INFO - Prompt processing progress: 2048/12901
2026-10-02 09:50:27,545 - INFO - Prompt processing progress: 4096/12901
2026-10-02 09:50:29,159 - INFO - Prompt processing progress: 6144/12901
2026-10-02 09:50:30,813 - INFO - Prompt processing progress: 8192/12901
2026-10-02 09:50:32,499 - INFO - Prompt processing progress: 10240/12901
2026-10-02 09:50:34,227 - INFO - Prompt processing progress: 12288/12901
2026-10-02 09:50:34,815 - INFO - Prompt processing progress: 12900/12901
2026-10-02 09:50:34,877 - INFO - Prompt processing progress: 12901/12901
2026-10-02 09:50:38,799 - INFO - Prompt Cache: 1 sequences, 0.25 GB
2026-10-02 09:50:38,799 - INFO - - assistant: 0 sequences, 0.00 GB
2026-10-02 09:50:38,799 - INFO - - user: 0 sequences, 0.00 GB
2026-10-02 09:50:38,799 - INFO - - system: 1 sequences, 0.25 GB
127.0.0.1 - - [02/Oct/2026 09:50:38] "POST /v1/chat/completions HTTP/1.1" 200 -
2026-10-02 09:50:40,403 - INFO - Prompt processing progress: 2048/13173
2026-10-02 09:50:41,991 - INFO - Prompt processing progress: 4096/13173
2026-10-02 09:50:43,602 - INFO - Prompt processing progress: 6144/13173
2026-10-02 09:50:45,252 - INFO - Prompt processing progress: 8192/13173
2026-10-02 09:50:46,921 - INFO - Prompt processing progress: 10240/13173
2026-10-02 09:50:48,635 - INFO - Prompt processing progress: 12288/13173
2026-10-02 09:50:49,467 - INFO - Prompt processing progress: 13172/13173
2026-10-02 09:50:49,534 - INFO - Prompt processing progress: 13173/13173
2026-10-02 09:50:53,426 - INFO - Prompt Cache: 1 sequences, 0.25 GB
2026-10-02 09:50:53,426 - INFO - - assistant: 0 sequences, 0.00 GB
2026-10-02 09:50:53,426 - INFO - - user: 0 sequences, 0.00 GB
2026-10-02 09:50:53,426 - INFO - - system: 1 sequences, 0.25 GB
127.0.0.1 - - [02/Oct/2026 09:50:53] "POST /v1/chat/completions HTTP/1.1" 200 -
2026-10-02 09:50:55,028 - INFO - Prompt processing progress: 2048/13443
2026-10-02 09:50:56,587 - INFO - Prompt processing progress: 4096/13443
2026-10-02 09:50:58,172 - INFO - Prompt processing progress: 6144/13443
2026-10-02 09:50:59,802 - INFO - Prompt processing progress: 8192/13443
2026-10-02 09:51:01,478 - INFO - Prompt processing progress: 10240/13443
2026-10-02 09:51:03,194 - INFO - Prompt processing progress: 12288/13443
2026-10-02 09:51:04,255 - INFO - Prompt processing progress: 13442/13443
2026-10-02 09:51:04,322 - INFO - Prompt processing progress: 13443/13443
2026-10-02 09:51:21,644 - INFO - Prompt Cache: 1 sequences, 0.25 GB
2026-10-02 09:51:21,644 - INFO - - assistant: 0 sequences, 0.00 GB
2026-10-02 09:51:21,644 - INFO - - user: 0 sequences, 0.00 GB
2026-10-02 09:51:21,644 - INFO - - system: 1 sequences, 0.25 GB
127.0.0.1 - - [02/Oct/2026 09:51:21] "POST /v1/chat/completions HTTP/1.1" 200 -
2026-10-02 09:51:23,238 - INFO - Prompt processing progress: 2048/13914
2026-10-02 09:51:24,804 - INFO - Prompt processing progress: 4096/13914
2026-10-02 09:51:26,400 - INFO - Prompt processing progress: 6144/13914
2026-10-02 09:51:28,029 - INFO - Prompt processing progress: 8192/13914
2026-10-02 09:51:29,683 - INFO - Prompt processing progress: 10240/13914
2026-10-02 09:51:31,380 - INFO - Prompt processing progress: 12288/13914
2026-10-02 09:51:32,796 - INFO - Prompt processing progress: 13913/13914
2026-10-02 09:51:32,876 - INFO - Prompt processing progress: 13914/13914
2026-10-02 09:51:35,616 - INFO - Prompt Cache: 1 sequences, 0.25 GB
2026-10-02 09:51:35,616 - INFO - - assistant: 0 sequences, 0.00 GB
2026-10-02 09:51:35,616 - INFO - - user: 0 sequences, 0.00 GB
2026-10-02 09:51:35,616 - INFO - - system: 1 sequences, 0.25 GB
127.0.0.1 - - [02/Oct/2026 09:51:35] "POST /v1/chat/completions HTTP/1.1" 200 -
2026-10-02 09:51:37,197 - INFO - Prompt processing progress: 2048/14347
2026-10-02 09:51:38,744 - INFO - Prompt processing progress: 4096/14347
2026-10-02 09:51:40,318 - INFO - Prompt processing progress: 6144/14347
2026-10-02 09:51:41,934 - INFO - Prompt processing progress: 8192/14347
2026-10-02 09:51:43,583 - INFO - Prompt processing progress: 10240/14347
2026-10-02 09:51:45,276 - INFO - Prompt processing progress: 12288/14347
2026-10-02 09:51:47,015 - INFO - Prompt processing progress: 14336/14347
2026-10-02 09:51:47,106 - INFO - Prompt processing progress: 14346/14347
2026-10-02 09:51:47,170 - INFO - Prompt processing progress: 14347/14347
2026-10-02 09:51:49,605 - WARNING - Failed to parse tool call (ValueError: No function provided.) — tool text was likely truncated mid-generation.
2026-10-02 09:51:49,618 - INFO - Prompt Cache: 1 sequences, 0.25 GB
2026-10-02 09:51:49,618 - INFO - - assistant: 0 sequences, 0.00 GB
2026-10-02 09:51:49,618 - INFO - - user: 0 sequences, 0.00 GB
2026-10-02 09:51:49,618 - INFO - - system: 1 sequences, 0.25 GB
127.0.0.1 - - [02/Oct/2026 09:51:49] "POST /v1/chat/completions HTTP/1.1" 200 -
2026-10-02 09:51:51,195 - INFO - Prompt processing progress: 2048/14432
2026-10-02 09:51:52,740 - INFO - Prompt processing progress: 4096/14432
2026-10-02 09:51:54,321 - INFO - Prompt processing progress: 6144/14432
2026-10-02 09:51:55,929 - INFO - Prompt processing progress: 8192/14432
2026-10-02 09:51:57,579 - INFO - Prompt processing progress: 10240/14432
2026-10-02 09:51:59,269 - INFO - Prompt processing progress: 12288/14432
2026-10-02 09:52:01,013 - INFO - Prompt processing progress: 14336/14432
2026-10-02 09:52:01,208 - INFO - Prompt processing progress: 14431/14432
2026-10-02 09:52:01,271 - INFO - Prompt processing progress: 14432/14432
2026-10-02 09:52:05,357 - INFO - Prompt Cache: 1 sequences, 0.25 GB
2026-10-02 09:52:05,357 - INFO - - assistant: 0 sequences, 0.00 GB
2026-10-02 09:52:05,357 - INFO - - user: 0 sequences, 0.00 GB
2026-10-02 09:52:05,357 - INFO - - system: 1 sequences, 0.25 GB
127.0.0.1 - - [02/Oct/2026 09:52:05] "POST /v1/chat/completions HTTP/1.1" 200 -
2026-10-02 09:52:06,937 - INFO - Prompt processing progress: 2048/14708
2026-10-02 09:52:08,480 - INFO - Prompt processing progress: 4096/14708
2026-10-02 09:52:10,057 - INFO - Prompt processing progress: 6144/14708
2026-10-02 09:52:11,669 - INFO - Prompt processing progress: 8192/14708
2026-10-02 09:52:13,319 - INFO - Prompt processing progress: 10240/14708
2026-10-02 09:52:15,012 - INFO - Prompt processing progress: 12288/14708
2026-10-02 09:52:16,752 - INFO - Prompt processing progress: 14336/14708
2026-10-02 09:52:17,140 - INFO - Prompt processing progress: 14707/14708
2026-10-02 09:52:17,207 - INFO - Prompt processing progress: 14708/14708
2026-10-02 09:52:19,672 - INFO - Prompt Cache: 1 sequences, 0.25 GB
2026-10-02 09:52:19,672 - INFO - - assistant: 0 sequences, 0.00 GB
2026-10-02 09:52:19,672 - INFO - - user: 0 sequences, 0.00 GB
2026-10-02 09:52:19,672 - INFO - - system: 1 sequences, 0.25 GB
127.0.0.1 - - [02/Oct/2026 09:52:19] "POST /v1/chat/completions HTTP/1.1" 200 -
2026-10-02 09:52:21,254 - INFO - Prompt processing progress: 2048/15186
2026-10-02 09:52:22,799 - INFO - Prompt processing progress: 4096/15186
2026-10-02 09:52:24,373 - INFO - Prompt processing progress: 6144/15186
2026-10-02 09:52:25,987 - INFO - Prompt processing progress: 8192/15186
2026-10-02 09:52:27,637 - INFO - Prompt processing progress: 10240/15186
2026-10-02 09:52:29,330 - INFO - Prompt processing progress: 12288/15186
2026-10-02 09:52:31,072 - INFO - Prompt processing progress: 14336/15186
2026-10-02 09:52:31,898 - INFO - Prompt processing progress: 15185/15186
2026-10-02 09:52:31,965 - INFO - Prompt processing progress: 15186/15186
2026-10-02 09:52:35,100 - INFO - Prompt Cache: 1 sequences, 0.25 GB
2026-10-02 09:52:35,100 - INFO - - assistant: 0 sequences, 0.00 GB
2026-10-02 09:52:35,100 - INFO - - user: 0 sequences, 0.00 GB
2026-10-02 09:52:35,100 - INFO - - system: 1 sequences, 0.25 GB
127.0.0.1 - - [02/Oct/2026 09:52:35] "POST /v1/chat/completions HTTP/1.1" 200 -
2026-10-02 09:52:36,685 - INFO - Prompt processing progress: 2048/15280
2026-10-02 09:52:38,236 - INFO - Prompt processing progress: 4096/15280
2026-10-02 09:52:39,816 - INFO - Prompt processing progress: 6144/15280
2026-10-02 09:52:41,429 - INFO - Prompt processing progress: 8192/15280
2026-10-02 09:52:43,084 - INFO - Prompt processing progress: 10240/15280
2026-10-02 09:52:44,782 - INFO - Prompt processing progress: 12288/15280
2026-10-02 09:52:46,526 - INFO - Prompt processing progress: 14336/15280
2026-10-02 09:52:47,418 - INFO - Prompt processing progress: 15279/15280
2026-10-02 09:52:47,487 - INFO - Prompt processing progress: 15280/15280
2026-10-02 09:53:02,008 - WARNING - Failed to parse tool call (ValueError: No function provided.) — tool text was likely truncated mid-generation.
2026-10-02 09:53:02,022 - INFO - Prompt Cache: 1 sequences, 0.25 GB
2026-10-02 09:53:02,022 - INFO - - assistant: 0 sequences, 0.00 GB
2026-10-02 09:53:02,022 - INFO - - user: 0 sequences, 0.00 GB
2026-10-02 09:53:02,022 - INFO - - system: 1 sequences, 0.25 GB
127.0.0.1 - - [02/Oct/2026 09:53:02] "POST /v1/chat/completions HTTP/1.1" 200 -
2026-10-02 09:53:03,600 - INFO - Prompt processing progress: 2048/15692
2026-10-02 09:53:05,143 - INFO - Prompt processing progress: 4096/15692
2026-10-02 09:53:06,719 - INFO - Prompt processing progress: 6144/15692
2026-10-02 09:53:08,338 - INFO - Prompt processing progress: 8192/15692
2026-10-02 09:53:09,985 - INFO - Prompt processing progress: 10240/15692
2026-10-02 09:53:11,679 - INFO - Prompt processing progress: 12288/15692
2026-10-02 09:53:13,424 - INFO - Prompt processing progress: 14336/15692
2026-10-02 09:53:14,646 - INFO - Prompt processing progress: 15691/15692
2026-10-02 09:53:14,714 - INFO - Prompt processing progress: 15692/15692
2026-10-02 09:53:16,769 - INFO - Prompt Cache: 1 sequences, 0.25 GB
2026-10-02 09:53:16,769 - INFO - - assistant: 0 sequences, 0.00 GB
2026-10-02 09:53:16,769 - INFO - - user: 0 sequences, 0.00 GB
2026-10-02 09:53:16,769 - INFO - - system: 1 sequences, 0.25 GB
127.0.0.1 - - [02/Oct/2026 09:53:16] "POST /v1/chat/completions HTTP/1.1" 200 -
2026-10-02 09:53:18,349 - INFO - Prompt processing progress: 2048/16054
2026-10-02 09:53:19,895 - INFO - Prompt processing progress: 4096/16054
2026-10-02 09:53:21,470 - INFO - Prompt processing progress: 6144/16054
2026-10-02 09:53:23,085 - INFO - Prompt processing progress: 8192/16054
2026-10-02 09:53:24,740 - INFO - Prompt processing progress: 10240/16054
2026-10-02 09:53:26,438 - INFO - Prompt processing progress: 12288/16054
2026-10-02 09:53:28,179 - INFO - Prompt processing progress: 14336/16054
2026-10-02 09:53:29,710 - INFO - Prompt processing progress: 16053/16054
2026-10-02 09:53:29,783 - INFO - Prompt processing progress: 16054/16054
2026-10-02 09:53:46,523 - INFO - Prompt Cache: 1 sequences, 0.25 GB
2026-10-02 09:53:46,523 - INFO - - assistant: 0 sequences, 0.00 GB
2026-10-02 09:53:46,523 - INFO - - user: 0 sequences, 0.00 GB
2026-10-02 09:53:46,523 - INFO - - system: 1 sequences, 0.25 GB
127.0.0.1 - - [02/Oct/2026 09:53:46] "POST /v1/chat/completions HTTP/1.1" 200 -
2026-10-02 09:53:48,116 - INFO - Prompt processing progress: 2048/16517
2026-10-02 09:53:49,666 - INFO - Prompt processing progress: 4096/16517
2026-10-02 09:53:51,243 - INFO - Prompt processing progress: 6144/16517
2026-10-02 09:53:52,860 - INFO - Prompt processing progress: 8192/16517
2026-10-02 09:53:54,515 - INFO - Prompt processing progress: 10240/16517
2026-10-02 09:53:56,213 - INFO - Prompt processing progress: 12288/16517
2026-10-02 09:53:57,959 - INFO - Prompt processing progress: 14336/16517
2026-10-02 09:53:59,757 - INFO - Prompt processing progress: 16384/16517
2026-10-02 09:53:59,991 - INFO - Prompt processing progress: 16516/16517
2026-10-02 09:54:00,060 - INFO - Prompt processing progress: 16517/16517
2026-10-02 09:54:02,127 - INFO - Prompt Cache: 1 sequences, 0.25 GB
2026-10-02 09:54:02,128 - INFO - - assistant: 0 sequences, 0.00 GB
2026-10-02 09:54:02,128 - INFO - - user: 0 sequences, 0.00 GB
2026-10-02 09:54:02,128 - INFO - - system: 1 sequences, 0.25 GB
127.0.0.1 - - [02/Oct/2026 09:54:02] "POST /v1/chat/completions HTTP/1.1" 200 -
2026-10-02 09:54:03,711 - INFO - Prompt processing progress: 2048/16879
2026-10-02 09:54:05,262 - INFO - Prompt processing progress: 4096/16879
2026-10-02 09:54:06,842 - INFO - Prompt processing progress: 6144/16879
2026-10-02 09:54:08,459 - INFO - Prompt processing progress: 8192/16879
2026-10-02 09:54:10,113 - INFO - Prompt processing progress: 10240/16879
2026-10-02 09:54:11,805 - INFO - Prompt processing progress: 12288/16879
2026-10-02 09:54:13,549 - INFO - Prompt processing progress: 14336/16879
2026-10-02 09:54:15,337 - INFO - Prompt processing progress: 16384/16879
2026-10-02 09:54:15,841 - INFO - Prompt processing progress: 16878/16879
2026-10-02 09:54:15,929 - INFO - Prompt processing progress: 16879/16879
2026-10-02 09:54:19,527 - INFO - Prompt Cache: 1 sequences, 0.25 GB
2026-10-02 09:54:19,528 - INFO - - assistant: 0 sequences, 0.00 GB
2026-10-02 09:54:19,528 - INFO - - user: 0 sequences, 0.00 GB
2026-10-02 09:54:19,528 - INFO - - system: 1 sequences, 0.25 GB
127.0.0.1 - - [02/Oct/2026 09:54:19] "POST /v1/chat/completions HTTP/1.1" 200 -
2026-10-02 09:54:21,107 - INFO - Prompt processing progress: 2048/17277
2026-10-02 09:54:22,660 - INFO - Prompt processing progress: 4096/17277
2026-10-02 09:54:24,235 - INFO - Prompt processing progress: 6144/17277
2026-10-02 09:54:25,854 - INFO - Prompt processing progress: 8192/17277
2026-10-02 09:54:27,507 - INFO - Prompt processing progress: 10240/17277
2026-10-02 09:54:29,199 - INFO - Prompt processing progress: 12288/17277
2026-10-02 09:54:30,940 - INFO - Prompt processing progress: 14336/17277
2026-10-02 09:54:32,725 - INFO - Prompt processing progress: 16384/17277
2026-10-02 09:54:33,594 - INFO - Prompt processing progress: 17276/17277
2026-10-02 09:54:33,668 - INFO - Prompt processing progress: 17277/17277
2026-10-02 09:54:36,504 - INFO - Prompt Cache: 1 sequences, 0.25 GB
2026-10-02 09:54:36,504 - INFO - - assistant: 0 sequences, 0.00 GB
2026-10-02 09:54:36,504 - INFO - - user: 0 sequences, 0.00 GB
2026-10-02 09:54:36,504 - INFO - - system: 1 sequences, 0.25 GB
127.0.0.1 - - [02/Oct/2026 09:54:36] "POST /v1/chat/completions HTTP/1.1" 200 -
2026-10-02 09:54:38,085 - INFO - Prompt processing progress: 2048/17362
2026-10-02 09:54:39,632 - INFO - Prompt processing progress: 4096/17362
2026-10-02 09:54:41,212 - INFO - Prompt processing progress: 6144/17362
2026-10-02 09:54:42,826 - INFO - Prompt processing progress: 8192/17362
2026-10-02 09:54:44,474 - INFO - Prompt processing progress: 10240/17362
2026-10-02 09:54:46,168 - INFO - Prompt processing progress: 12288/17362
2026-10-02 09:54:47,914 - INFO - Prompt processing progress: 14336/17362
2026-10-02 09:54:49,704 - INFO - Prompt processing progress: 16384/17362
2026-10-02 09:54:50,664 - INFO - Prompt processing progress: 17361/17362
2026-10-02 09:54:50,739 - INFO - Prompt processing progress: 17362/17362
2026-10-02 09:55:07,778 - INFO - Prompt Cache: 1 sequences, 0.25 GB
2026-10-02 09:55:07,778 - INFO - - assistant: 0 sequences, 0.00 GB
2026-10-02 09:55:07,778 - INFO - - user: 0 sequences, 0.00 GB
2026-10-02 09:55:07,778 - INFO - - system: 1 sequences, 0.25 GB
127.0.0.1 - - [02/Oct/2026 09:55:07] "POST /v1/chat/completions HTTP/1.1" 200 -
2026-10-02 09:55:09,361 - INFO - Prompt processing progress: 2048/17830
2026-10-02 09:55:10,906 - INFO - Prompt processing progress: 4096/17830
2026-10-02 09:55:12,487 - INFO - Prompt processing progress: 6144/17830
2026-10-02 09:55:14,098 - INFO - Prompt processing progress: 8192/17830
2026-10-02 09:55:15,755 - INFO - Prompt processing progress: 10240/17830
2026-10-02 09:55:17,453 - INFO - Prompt processing progress: 12288/17830
2026-10-02 09:55:19,201 - INFO - Prompt processing progress: 14336/17830
2026-10-02 09:55:20,990 - INFO - Prompt processing progress: 16384/17830
2026-10-02 09:55:22,299 - INFO - Prompt processing progress: 17829/17830
2026-10-02 09:55:22,388 - INFO - Prompt processing progress: 17830/17830
2026-10-02 09:55:24,812 - INFO - Prompt Cache: 1 sequences, 0.25 GB
2026-10-02 09:55:24,812 - INFO - - assistant: 0 sequences, 0.00 GB
2026-10-02 09:55:24,812 - INFO - - user: 0 sequences, 0.00 GB
2026-10-02 09:55:24,812 - INFO - - system: 1 sequences, 0.25 GB
127.0.0.1 - - [02/Oct/2026 09:55:24] "POST /v1/chat/completions HTTP/1.1" 200 -
2026-10-02 09:55:26,391 - INFO - Prompt processing progress: 2048/18326
2026-10-02 09:55:27,942 - INFO - Prompt processing progress: 4096/18326
2026-10-02 09:55:29,520 - INFO - Prompt processing progress: 6144/18326
2026-10-02 09:55:31,134 - INFO - Prompt processing progress: 8192/18326
2026-10-02 09:55:32,788 - INFO - Prompt processing progress: 10240/18326
2026-10-02 09:55:34,488 - INFO - Prompt processing progress: 12288/18326
2026-10-02 09:55:36,236 - INFO - Prompt processing progress: 14336/18326
2026-10-02 09:55:38,029 - INFO - Prompt processing progress: 16384/18326
2026-10-02 09:55:39,808 - INFO - Prompt processing progress: 18325/18326
2026-10-02 09:55:39,889 - INFO - Prompt processing progress: 18326/18326
2026-10-02 09:55:52,411 - INFO - Prompt Cache: 1 sequences, 0.25 GB
2026-10-02 09:55:52,411 - INFO - - assistant: 0 sequences, 0.00 GB
2026-10-02 09:55:52,411 - INFO - - user: 0 sequences, 0.00 GB
2026-10-02 09:55:52,411 - INFO - - system: 1 sequences, 0.25 GB
127.0.0.1 - - [02/Oct/2026 09:55:52] "POST /v1/chat/completions HTTP/1.1" 200 -
2026-10-02 09:55:53,997 - INFO - Prompt processing progress: 2048/19139
2026-10-02 09:55:55,546 - INFO - Prompt processing progress: 4096/19139
2026-10-02 09:55:57,119 - INFO - Prompt processing progress: 6144/19139
2026-10-02 09:55:58,736 - INFO - Prompt processing progress: 8192/19139
2026-10-02 09:56:00,388 - INFO - Prompt processing progress: 10240/19139
2026-10-02 09:56:02,083 - INFO - Prompt processing progress: 12288/19139
2026-10-02 09:56:03,825 - INFO - Prompt processing progress: 14336/19139
2026-10-02 09:56:05,615 - INFO - Prompt processing progress: 16384/19139
2026-10-02 09:56:07,446 - INFO - Prompt processing progress: 18432/19139
2026-10-02 09:56:08,187 - INFO - Prompt processing progress: 19138/19139
2026-10-02 09:56:08,264 - INFO - Prompt processing progress: 19139/19139
2026-10-02 09:56:09,898 - INFO - Prompt Cache: 1 sequences, 0.25 GB
2026-10-02 09:56:09,898 - INFO - - assistant: 0 sequences, 0.00 GB
2026-10-02 09:56:09,898 - INFO - - user: 0 sequences, 0.00 GB
2026-10-02 09:56:09,898 - INFO - - system: 1 sequences, 0.25 GB
127.0.0.1 - - [02/Oct/2026 09:56:09] "POST /v1/chat/completions HTTP/1.1" 200 -
2026-10-02 09:56:11,483 - INFO - Prompt processing progress: 2048/19229
2026-10-02 09:56:13,031 - INFO - Prompt processing progress: 4096/19229
2026-10-02 09:56:14,606 - INFO - Prompt processing progress: 6144/19229
2026-10-02 09:56:16,221 - INFO - Prompt processing progress: 8192/19229
2026-10-02 09:56:17,875 - INFO - Prompt processing progress: 10240/19229
2026-10-02 09:56:19,567 - INFO - Prompt processing progress: 12288/19229
2026-10-02 09:56:21,312 - INFO - Prompt processing progress: 14336/19229
2026-10-02 09:56:23,101 - INFO - Prompt processing progress: 16384/19229
2026-10-02 09:56:24,931 - INFO - Prompt processing progress: 18432/19229
2026-10-02 09:56:25,742 - INFO - Prompt processing progress: 19228/19229
2026-10-02 09:56:25,820 - INFO - Prompt processing progress: 19229/19229
2026-10-02 09:56:27,182 - INFO - Prompt Cache: 1 sequences, 0.25 GB
2026-10-02 09:56:27,182 - INFO - - assistant: 0 sequences, 0.00 GB
2026-10-02 09:56:27,182 - INFO - - user: 0 sequences, 0.00 GB
2026-10-02 09:56:27,182 - INFO - - system: 1 sequences, 0.25 GB
127.0.0.1 - - [02/Oct/2026 09:56:27] "POST /v1/chat/completions HTTP/1.1" 200 -
2026-10-02 09:56:28,762 - INFO - Prompt processing progress: 2048/19279
2026-10-02 09:56:30,310 - INFO - Prompt processing progress: 4096/19279
2026-10-02 09:56:31,883 - INFO - Prompt processing progress: 6144/19279
2026-10-02 09:56:33,498 - INFO - Prompt processing progress: 8192/19279
2026-10-02 09:56:35,151 - INFO - Prompt processing progress: 10240/19279
2026-10-02 09:56:36,863 - INFO - Prompt processing progress: 12288/19279
2026-10-02 09:56:38,613 - INFO - Prompt processing progress: 14336/19279
2026-10-02 09:56:40,400 - INFO - Prompt processing progress: 16384/19279
2026-10-02 09:56:42,232 - INFO - Prompt processing progress: 18432/19279
2026-10-02 09:56:43,100 - INFO - Prompt processing progress: 19278/19279
2026-10-02 09:56:43,178 - INFO - Prompt processing progress: 19279/19279
2026-10-02 09:56:44,239 - INFO - Prompt Cache: 1 sequences, 0.25 GB
2026-10-02 09:56:44,239 - INFO - - assistant: 0 sequences, 0.00 GB
2026-10-02 09:56:44,239 - INFO - - user: 0 sequences, 0.00 GB
2026-10-02 09:56:44,239 - INFO - - system: 1 sequences, 0.25 GB
127.0.0.1 - - [02/Oct/2026 09:56:44] "POST /v1/chat/completions HTTP/1.1" 200 -
2026-10-02 09:56:45,824 - INFO - Prompt processing progress: 2048/19796
2026-10-02 09:56:47,379 - INFO - Prompt processing progress: 4096/19796
2026-10-02 09:56:48,957 - INFO - Prompt processing progress: 6144/19796
2026-10-02 09:56:50,573 - INFO - Prompt processing progress: 8192/19796
2026-10-02 09:56:52,224 - INFO - Prompt processing progress: 10240/19796
2026-10-02 09:56:53,915 - INFO - Prompt processing progress: 12288/19796
2026-10-02 09:56:55,662 - INFO - Prompt processing progress: 14336/19796
2026-10-02 09:56:57,448 - INFO - Prompt processing progress: 16384/19796
2026-10-02 09:56:59,282 - INFO - Prompt processing progress: 18432/19796
2026-10-02 09:57:00,569 - INFO - Prompt processing progress: 19795/19796
2026-10-02 09:57:00,661 - INFO - Prompt processing progress: 19796/19796
