<M5_REPO>/.venv/lib/python3.12/site-packages/mlx_lm/server.py:1723: UserWarning: mlx_lm.server is not recommended for production as it only implements basic security checks.
  warnings.warn(
2026-10-02 16:07:33,549 - INFO - Starting httpd at 127.0.0.1 on port 18184...
127.0.0.1 - - [02/Oct/2026 16:07:34] "GET /v1/models HTTP/1.1" 200 -
127.0.0.1 - - [02/Oct/2026 16:07:34] "GET /v1/models HTTP/1.1" 200 -
2026-10-02 16:07:34,902 - INFO - Prompt Cache: 0 sequences, 0.00 GB
2026-10-02 16:07:34,902 - INFO - - assistant: 0 sequences, 0.00 GB
2026-10-02 16:07:34,902 - INFO - - user: 0 sequences, 0.00 GB
2026-10-02 16:07:34,902 - INFO - - system: 0 sequences, 0.00 GB
127.0.0.1 - - [02/Oct/2026 16:07:34] "POST /v1/chat/completions HTTP/1.1" 200 -
2026-10-02 16:07:36,160 - INFO - Prompt processing progress: 2048/6327
2026-10-02 16:07:37,353 - INFO - Prompt processing progress: 4096/6327
2026-10-02 16:07:38,570 - INFO - Prompt processing progress: 6144/6327
2026-10-02 16:07:38,678 - INFO - Prompt processing progress: 6200/6327
2026-10-02 16:07:38,826 - INFO - Prompt processing progress: 6325/6327
2026-10-02 16:07:38,865 - INFO - Prompt processing progress: 6326/6327
2026-10-02 16:07:38,913 - INFO - Prompt processing progress: 6327/6327
2026-10-02 16:07:40,754 - INFO - Prompt Cache: 1 sequences, 0.56 GB
2026-10-02 16:07:40,754 - INFO - - assistant: 0 sequences, 0.00 GB
2026-10-02 16:07:40,754 - INFO - - user: 0 sequences, 0.00 GB
2026-10-02 16:07:40,754 - INFO - - system: 1 sequences, 0.56 GB
127.0.0.1 - - [02/Oct/2026 16:07:40] "POST /v1/chat/completions HTTP/1.1" 200 -
2026-10-02 16:07:42,087 - INFO - Prompt processing progress: 2048/4719
2026-10-02 16:07:43,344 - INFO - Prompt processing progress: 4096/4719
2026-10-02 16:07:43,822 - INFO - Prompt processing progress: 4718/4719
2026-10-02 16:07:43,869 - INFO - Prompt processing progress: 4719/4719
2026-10-02 16:07:47,360 - WARNING - Failed to parse tool call (ValueError: No function provided.) — tool text was likely truncated mid-generation.
2026-10-02 16:07:47,370 - INFO - Prompt Cache: 1 sequences, 0.56 GB
2026-10-02 16:07:47,370 - INFO - - assistant: 0 sequences, 0.00 GB
2026-10-02 16:07:47,370 - INFO - - user: 0 sequences, 0.00 GB
2026-10-02 16:07:47,370 - INFO - - system: 1 sequences, 0.56 GB
127.0.0.1 - - [02/Oct/2026 16:07:47] "POST /v1/chat/completions HTTP/1.1" 200 -
2026-10-02 16:07:48,700 - INFO - Prompt processing progress: 2048/6703
2026-10-02 16:07:49,959 - INFO - Prompt processing progress: 4096/6703
2026-10-02 16:07:51,239 - INFO - Prompt processing progress: 6144/6703
2026-10-02 16:07:51,688 - INFO - Prompt processing progress: 6702/6703
2026-10-02 16:07:51,741 - INFO - Prompt processing progress: 6703/6703
2026-10-02 16:07:53,806 - INFO - Prompt Cache: 1 sequences, 0.56 GB
2026-10-02 16:07:53,806 - INFO - - assistant: 0 sequences, 0.00 GB
2026-10-02 16:07:53,806 - INFO - - user: 0 sequences, 0.00 GB
2026-10-02 16:07:53,806 - INFO - - system: 1 sequences, 0.56 GB
127.0.0.1 - - [02/Oct/2026 16:07:53] "POST /v1/chat/completions HTTP/1.1" 200 -
2026-10-02 16:07:55,135 - INFO - Prompt processing progress: 2048/6780
2026-10-02 16:07:56,394 - INFO - Prompt processing progress: 4096/6780
2026-10-02 16:07:57,672 - INFO - Prompt processing progress: 6144/6780
2026-10-02 16:07:58,168 - INFO - Prompt processing progress: 6779/6780
2026-10-02 16:07:58,220 - INFO - Prompt processing progress: 6780/6780
2026-10-02 16:08:01,519 - WARNING - Failed to parse tool call (ValueError: No function provided.) — tool text was likely truncated mid-generation.
2026-10-02 16:08:01,530 - INFO - Prompt Cache: 1 sequences, 0.56 GB
2026-10-02 16:08:01,530 - INFO - - assistant: 0 sequences, 0.00 GB
2026-10-02 16:08:01,530 - INFO - - user: 0 sequences, 0.00 GB
2026-10-02 16:08:01,530 - INFO - - system: 1 sequences, 0.56 GB
127.0.0.1 - - [02/Oct/2026 16:08:01] "POST /v1/chat/completions HTTP/1.1" 200 -
2026-10-02 16:08:02,860 - INFO - Prompt processing progress: 2048/9306
2026-10-02 16:08:04,119 - INFO - Prompt processing progress: 4096/9306
2026-10-02 16:08:05,400 - INFO - Prompt processing progress: 6144/9306
2026-10-02 16:08:06,708 - INFO - Prompt processing progress: 8192/9306
2026-10-02 16:08:07,547 - INFO - Prompt processing progress: 9305/9306
2026-10-02 16:08:07,600 - INFO - Prompt processing progress: 9306/9306
2026-10-02 16:08:09,281 - INFO - Prompt Cache: 1 sequences, 0.56 GB
2026-10-02 16:08:09,281 - INFO - - assistant: 0 sequences, 0.00 GB
2026-10-02 16:08:09,281 - INFO - - user: 0 sequences, 0.00 GB
2026-10-02 16:08:09,281 - INFO - - system: 1 sequences, 0.56 GB
127.0.0.1 - - [02/Oct/2026 16:08:09] "POST /v1/chat/completions HTTP/1.1" 200 -
2026-10-02 16:08:10,612 - INFO - Prompt processing progress: 2048/11219
2026-10-02 16:08:11,872 - INFO - Prompt processing progress: 4096/11219
2026-10-02 16:08:13,152 - INFO - Prompt processing progress: 6144/11219
2026-10-02 16:08:14,458 - INFO - Prompt processing progress: 8192/11219
2026-10-02 16:08:15,789 - INFO - Prompt processing progress: 10240/11219
2026-10-02 16:08:16,563 - INFO - Prompt processing progress: 11218/11219
2026-10-02 16:08:16,664 - INFO - Prompt processing progress: 11219/11219
2026-10-02 16:08:18,424 - INFO - Prompt Cache: 1 sequences, 0.56 GB
2026-10-02 16:08:18,424 - INFO - - assistant: 0 sequences, 0.00 GB
2026-10-02 16:08:18,424 - INFO - - user: 0 sequences, 0.00 GB
2026-10-02 16:08:18,424 - INFO - - system: 1 sequences, 0.56 GB
127.0.0.1 - - [02/Oct/2026 16:08:18] "POST /v1/chat/completions HTTP/1.1" 200 -
2026-10-02 16:08:19,758 - INFO - Prompt processing progress: 2048/12224
2026-10-02 16:08:21,017 - INFO - Prompt processing progress: 4096/12224
2026-10-02 16:08:22,298 - INFO - Prompt processing progress: 6144/12224
2026-10-02 16:08:23,605 - INFO - Prompt processing progress: 8192/12224
2026-10-02 16:08:24,934 - INFO - Prompt processing progress: 10240/12224
2026-10-02 16:08:26,284 - INFO - Prompt processing progress: 12223/12224
2026-10-02 16:08:26,338 - INFO - Prompt processing progress: 12224/12224
2026-10-02 16:08:28,098 - INFO - Prompt Cache: 1 sequences, 0.56 GB
2026-10-02 16:08:28,098 - INFO - - assistant: 0 sequences, 0.00 GB
2026-10-02 16:08:28,098 - INFO - - user: 0 sequences, 0.00 GB
2026-10-02 16:08:28,098 - INFO - - system: 1 sequences, 0.56 GB
127.0.0.1 - - [02/Oct/2026 16:08:28] "POST /v1/chat/completions HTTP/1.1" 200 -
2026-10-02 16:08:29,431 - INFO - Prompt processing progress: 2048/13344
2026-10-02 16:08:30,690 - INFO - Prompt processing progress: 4096/13344
2026-10-02 16:08:31,973 - INFO - Prompt processing progress: 6144/13344
2026-10-02 16:08:33,277 - INFO - Prompt processing progress: 8192/13344
2026-10-02 16:08:34,606 - INFO - Prompt processing progress: 10240/13344
2026-10-02 16:08:35,959 - INFO - Prompt processing progress: 12288/13344
2026-10-02 16:08:36,796 - INFO - Prompt processing progress: 13343/13344
2026-10-02 16:08:36,851 - INFO - Prompt processing progress: 13344/13344
2026-10-02 16:08:39,520 - INFO - Prompt Cache: 1 sequences, 0.56 GB
2026-10-02 16:08:39,520 - INFO - - assistant: 0 sequences, 0.00 GB
2026-10-02 16:08:39,520 - INFO - - user: 0 sequences, 0.00 GB
2026-10-02 16:08:39,520 - INFO - - system: 1 sequences, 0.56 GB
127.0.0.1 - - [02/Oct/2026 16:08:39] "POST /v1/chat/completions HTTP/1.1" 200 -
2026-10-02 16:08:40,849 - INFO - Prompt processing progress: 2048/14964
2026-10-02 16:08:42,110 - INFO - Prompt processing progress: 4096/14964
2026-10-02 16:08:43,389 - INFO - Prompt processing progress: 6144/14964
2026-10-02 16:08:44,695 - INFO - Prompt processing progress: 8192/14964
2026-10-02 16:08:46,025 - INFO - Prompt processing progress: 10240/14964
2026-10-02 16:08:47,382 - INFO - Prompt processing progress: 12288/14964
2026-10-02 16:08:48,758 - INFO - Prompt processing progress: 14336/14964
2026-10-02 16:08:49,300 - INFO - Prompt processing progress: 14963/14964
2026-10-02 16:08:49,356 - INFO - Prompt processing progress: 14964/14964
2026-10-02 16:08:51,084 - INFO - Prompt Cache: 1 sequences, 0.56 GB
2026-10-02 16:08:51,084 - INFO - - assistant: 0 sequences, 0.00 GB
2026-10-02 16:08:51,084 - INFO - - user: 0 sequences, 0.00 GB
2026-10-02 16:08:51,084 - INFO - - system: 1 sequences, 0.56 GB
127.0.0.1 - - [02/Oct/2026 16:08:51] "POST /v1/chat/completions HTTP/1.1" 200 -
2026-10-02 16:08:52,416 - INFO - Prompt processing progress: 2048/16118
2026-10-02 16:08:53,676 - INFO - Prompt processing progress: 4096/16118
2026-10-02 16:08:54,957 - INFO - Prompt processing progress: 6144/16118
2026-10-02 16:08:56,262 - INFO - Prompt processing progress: 8192/16118
2026-10-02 16:08:57,589 - INFO - Prompt processing progress: 10240/16118
2026-10-02 16:08:58,942 - INFO - Prompt processing progress: 12288/16118
2026-10-02 16:09:00,319 - INFO - Prompt processing progress: 14336/16118
2026-10-02 16:09:01,610 - INFO - Prompt processing progress: 16117/16118
2026-10-02 16:09:01,666 - INFO - Prompt processing progress: 16118/16118
2026-10-02 16:09:04,404 - WARNING - Failed to parse tool call (ValueError: No function provided.) — tool text was likely truncated mid-generation.
2026-10-02 16:09:04,419 - INFO - Prompt Cache: 1 sequences, 0.56 GB
2026-10-02 16:09:04,419 - INFO - - assistant: 0 sequences, 0.00 GB
2026-10-02 16:09:04,419 - INFO - - user: 0 sequences, 0.00 GB
2026-10-02 16:09:04,419 - INFO - - system: 1 sequences, 0.56 GB
127.0.0.1 - - [02/Oct/2026 16:09:04] "POST /v1/chat/completions HTTP/1.1" 200 -
2026-10-02 16:09:05,758 - INFO - Prompt processing progress: 2048/17302
2026-10-02 16:09:07,017 - INFO - Prompt processing progress: 4096/17302
2026-10-02 16:09:08,299 - INFO - Prompt processing progress: 6144/17302
2026-10-02 16:09:09,603 - INFO - Prompt processing progress: 8192/17302
2026-10-02 16:09:10,932 - INFO - Prompt processing progress: 10240/17302
2026-10-02 16:09:12,286 - INFO - Prompt processing progress: 12288/17302
2026-10-02 16:09:13,661 - INFO - Prompt processing progress: 14336/17302
2026-10-02 16:09:15,065 - INFO - Prompt processing progress: 16384/17302
2026-10-02 16:09:15,850 - INFO - Prompt processing progress: 17301/17302
2026-10-02 16:09:15,910 - INFO - Prompt processing progress: 17302/17302
2026-10-02 16:09:17,618 - INFO - Prompt Cache: 1 sequences, 0.56 GB
2026-10-02 16:09:17,619 - INFO - - assistant: 0 sequences, 0.00 GB
2026-10-02 16:09:17,619 - INFO - - user: 0 sequences, 0.00 GB
2026-10-02 16:09:17,619 - INFO - - system: 1 sequences, 0.56 GB
127.0.0.1 - - [02/Oct/2026 16:09:17] "POST /v1/chat/completions HTTP/1.1" 200 -
2026-10-02 16:09:18,954 - INFO - Prompt processing progress: 2048/20490
2026-10-02 16:09:20,212 - INFO - Prompt processing progress: 4096/20490
2026-10-02 16:09:21,496 - INFO - Prompt processing progress: 6144/20490
2026-10-02 16:09:22,800 - INFO - Prompt processing progress: 8192/20490
2026-10-02 16:09:24,128 - INFO - Prompt processing progress: 10240/20490
2026-10-02 16:09:25,481 - INFO - Prompt processing progress: 12288/20490
2026-10-02 16:09:26,861 - INFO - Prompt processing progress: 14336/20490
2026-10-02 16:09:28,266 - INFO - Prompt processing progress: 16384/20490
2026-10-02 16:09:29,692 - INFO - Prompt processing progress: 18432/20490
2026-10-02 16:09:31,143 - INFO - Prompt processing progress: 20480/20490
2026-10-02 16:09:31,223 - INFO - Prompt processing progress: 20489/20490
2026-10-02 16:09:31,281 - INFO - Prompt processing progress: 20490/20490
2026-10-02 16:09:33,673 - INFO - Prompt Cache: 1 sequences, 0.56 GB
2026-10-02 16:09:33,673 - INFO - - assistant: 0 sequences, 0.00 GB
2026-10-02 16:09:33,673 - INFO - - user: 0 sequences, 0.00 GB
2026-10-02 16:09:33,673 - INFO - - system: 1 sequences, 0.56 GB
127.0.0.1 - - [02/Oct/2026 16:09:33] "POST /v1/chat/completions HTTP/1.1" 200 -
2026-10-02 16:09:35,007 - INFO - Prompt processing progress: 2048/23902
2026-10-02 16:09:36,268 - INFO - Prompt processing progress: 4096/23902
2026-10-02 16:09:37,549 - INFO - Prompt processing progress: 6144/23902
2026-10-02 16:09:38,855 - INFO - Prompt processing progress: 8192/23902
2026-10-02 16:09:40,184 - INFO - Prompt processing progress: 10240/23902
2026-10-02 16:09:41,538 - INFO - Prompt processing progress: 12288/23902
2026-10-02 16:09:42,917 - INFO - Prompt processing progress: 14336/23902
2026-10-02 16:09:44,318 - INFO - Prompt processing progress: 16384/23902
2026-10-02 16:09:45,743 - INFO - Prompt processing progress: 18432/23902
2026-10-02 16:09:47,200 - INFO - Prompt processing progress: 20480/23902
2026-10-02 16:09:48,679 - INFO - Prompt processing progress: 22528/23902
2026-10-02 16:09:49,767 - INFO - Prompt processing progress: 23901/23902
2026-10-02 16:09:49,843 - INFO - Prompt processing progress: 23902/23902
2026-10-02 16:09:52,560 - INFO - Prompt Cache: 1 sequences, 0.56 GB
2026-10-02 16:09:52,560 - INFO - - assistant: 0 sequences, 0.00 GB
2026-10-02 16:09:52,560 - INFO - - user: 0 sequences, 0.00 GB
2026-10-02 16:09:52,560 - INFO - - system: 1 sequences, 0.56 GB
127.0.0.1 - - [02/Oct/2026 16:09:52] "POST /v1/chat/completions HTTP/1.1" 200 -
2026-10-02 16:09:53,896 - INFO - Prompt processing progress: 2048/25192
2026-10-02 16:09:55,157 - INFO - Prompt processing progress: 4096/25192
2026-10-02 16:09:56,439 - INFO - Prompt processing progress: 6144/25192
2026-10-02 16:09:57,747 - INFO - Prompt processing progress: 8192/25192
2026-10-02 16:09:59,076 - INFO - Prompt processing progress: 10240/25192
2026-10-02 16:10:00,430 - INFO - Prompt processing progress: 12288/25192
2026-10-02 16:10:01,806 - INFO - Prompt processing progress: 14336/25192
2026-10-02 16:10:03,209 - INFO - Prompt processing progress: 16384/25192
2026-10-02 16:10:04,638 - INFO - Prompt processing progress: 18432/25192
2026-10-02 16:10:06,089 - INFO - Prompt processing progress: 20480/25192
2026-10-02 16:10:07,563 - INFO - Prompt processing progress: 22528/25192
2026-10-02 16:10:09,067 - INFO - Prompt processing progress: 24576/25192
2026-10-02 16:10:09,655 - INFO - Prompt processing progress: 25191/25192
2026-10-02 16:10:09,724 - INFO - Prompt processing progress: 25192/25192
2026-10-02 16:10:12,791 - INFO - Prompt Cache: 1 sequences, 0.56 GB
2026-10-02 16:10:12,791 - INFO - - assistant: 0 sequences, 0.00 GB
2026-10-02 16:10:12,791 - INFO - - user: 0 sequences, 0.00 GB
2026-10-02 16:10:12,791 - INFO - - system: 1 sequences, 0.56 GB
127.0.0.1 - - [02/Oct/2026 16:10:12] "POST /v1/chat/completions HTTP/1.1" 200 -
2026-10-02 16:10:14,128 - INFO - Prompt processing progress: 2048/26846
2026-10-02 16:10:15,389 - INFO - Prompt processing progress: 4096/26846
2026-10-02 16:10:16,669 - INFO - Prompt processing progress: 6144/26846
2026-10-02 16:10:17,976 - INFO - Prompt processing progress: 8192/26846
2026-10-02 16:10:19,307 - INFO - Prompt processing progress: 10240/26846
2026-10-02 16:10:20,663 - INFO - Prompt processing progress: 12288/26846
2026-10-02 16:10:22,041 - INFO - Prompt processing progress: 14336/26846
2026-10-02 16:10:23,443 - INFO - Prompt processing progress: 16384/26846
2026-10-02 16:10:24,869 - INFO - Prompt processing progress: 18432/26846
2026-10-02 16:10:26,322 - INFO - Prompt processing progress: 20480/26846
2026-10-02 16:10:27,796 - INFO - Prompt processing progress: 22528/26846
2026-10-02 16:10:29,295 - INFO - Prompt processing progress: 24576/26846
2026-10-02 16:10:30,818 - INFO - Prompt processing progress: 26624/26846
2026-10-02 16:10:31,106 - INFO - Prompt processing progress: 26845/26846
2026-10-02 16:10:31,189 - INFO - Prompt processing progress: 26846/26846
2026-10-02 16:10:34,350 - INFO - Prompt Cache: 1 sequences, 0.56 GB
2026-10-02 16:10:34,350 - INFO - - assistant: 0 sequences, 0.00 GB
2026-10-02 16:10:34,350 - INFO - - user: 0 sequences, 0.00 GB
2026-10-02 16:10:34,350 - INFO - - system: 1 sequences, 0.56 GB
127.0.0.1 - - [02/Oct/2026 16:10:34] "POST /v1/chat/completions HTTP/1.1" 200 -
2026-10-02 16:10:35,681 - INFO - Prompt processing progress: 2048/29558
2026-10-02 16:10:36,944 - INFO - Prompt processing progress: 4096/29558
2026-10-02 16:10:38,225 - INFO - Prompt processing progress: 6144/29558
2026-10-02 16:10:39,530 - INFO - Prompt processing progress: 8192/29558
2026-10-02 16:10:40,860 - INFO - Prompt processing progress: 10240/29558
2026-10-02 16:10:42,213 - INFO - Prompt processing progress: 12288/29558
2026-10-02 16:10:43,592 - INFO - Prompt processing progress: 14336/29558
2026-10-02 16:10:44,994 - INFO - Prompt processing progress: 16384/29558
2026-10-02 16:10:46,425 - INFO - Prompt processing progress: 18432/29558
2026-10-02 16:10:47,875 - INFO - Prompt processing progress: 20480/29558
2026-10-02 16:10:49,357 - INFO - Prompt processing progress: 22528/29558
2026-10-02 16:10:50,855 - INFO - Prompt processing progress: 24576/29558
2026-10-02 16:10:52,379 - INFO - Prompt processing progress: 26624/29558
2026-10-02 16:10:53,928 - INFO - Prompt processing progress: 28672/29558
2026-10-02 16:10:54,780 - INFO - Prompt processing progress: 29557/29558
2026-10-02 16:10:54,860 - INFO - Prompt processing progress: 29558/29558
2026-10-02 16:10:57,570 - INFO - Prompt Cache: 1 sequences, 0.56 GB
2026-10-02 16:10:57,570 - INFO - - assistant: 0 sequences, 0.00 GB
2026-10-02 16:10:57,570 - INFO - - user: 0 sequences, 0.00 GB
2026-10-02 16:10:57,570 - INFO - - system: 1 sequences, 0.56 GB
127.0.0.1 - - [02/Oct/2026 16:10:57] "POST /v1/chat/completions HTTP/1.1" 200 -
2026-10-02 16:10:58,901 - INFO - Prompt processing progress: 2048/31367
2026-10-02 16:11:00,163 - INFO - Prompt processing progress: 4096/31367
2026-10-02 16:11:01,445 - INFO - Prompt processing progress: 6144/31367
2026-10-02 16:11:02,754 - INFO - Prompt processing progress: 8192/31367
2026-10-02 16:11:04,082 - INFO - Prompt processing progress: 10240/31367
2026-10-02 16:11:05,435 - INFO - Prompt processing progress: 12288/31367
2026-10-02 16:11:06,812 - INFO - Prompt processing progress: 14336/31367
2026-10-02 16:11:08,215 - INFO - Prompt processing progress: 16384/31367
2026-10-02 16:11:09,643 - INFO - Prompt processing progress: 18432/31367
2026-10-02 16:11:11,093 - INFO - Prompt processing progress: 20480/31367
2026-10-02 16:11:12,572 - INFO - Prompt processing progress: 22528/31367
2026-10-02 16:11:14,067 - INFO - Prompt processing progress: 24576/31367
2026-10-02 16:11:15,598 - INFO - Prompt processing progress: 26624/31367
2026-10-02 16:11:17,149 - INFO - Prompt processing progress: 28672/31367
2026-10-02 16:11:18,721 - INFO - Prompt processing progress: 30720/31367
2026-10-02 16:11:19,395 - INFO - Prompt processing progress: 31366/31367
2026-10-02 16:11:19,476 - INFO - Prompt processing progress: 31367/31367
2026-10-02 16:11:21,278 - INFO - Prompt Cache: 1 sequences, 0.56 GB
2026-10-02 16:11:21,278 - INFO - - assistant: 0 sequences, 0.00 GB
2026-10-02 16:11:21,278 - INFO - - user: 0 sequences, 0.00 GB
2026-10-02 16:11:21,278 - INFO - - system: 1 sequences, 0.56 GB
127.0.0.1 - - [02/Oct/2026 16:11:21] "POST /v1/chat/completions HTTP/1.1" 200 -
2026-10-02 16:11:22,611 - INFO - Prompt processing progress: 2048/34172
2026-10-02 16:11:23,874 - INFO - Prompt processing progress: 4096/34172
2026-10-02 16:11:25,155 - INFO - Prompt processing progress: 6144/34172
2026-10-02 16:11:26,459 - INFO - Prompt processing progress: 8192/34172
2026-10-02 16:11:27,788 - INFO - Prompt processing progress: 10240/34172
2026-10-02 16:11:29,141 - INFO - Prompt processing progress: 12288/34172
2026-10-02 16:11:30,518 - INFO - Prompt processing progress: 14336/34172
2026-10-02 16:11:31,920 - INFO - Prompt processing progress: 16384/34172
2026-10-02 16:11:33,347 - INFO - Prompt processing progress: 18432/34172
2026-10-02 16:11:34,798 - INFO - Prompt processing progress: 20480/34172
2026-10-02 16:11:36,272 - INFO - Prompt processing progress: 22528/34172
2026-10-02 16:11:37,769 - INFO - Prompt processing progress: 24576/34172
2026-10-02 16:11:39,294 - INFO - Prompt processing progress: 26624/34172
2026-10-02 16:11:40,842 - INFO - Prompt processing progress: 28672/34172
2026-10-02 16:11:42,414 - INFO - Prompt processing progress: 30720/34172
2026-10-02 16:11:44,014 - INFO - Prompt processing progress: 32768/34172
2026-10-02 16:11:45,202 - INFO - Prompt processing progress: 34171/34172
2026-10-02 16:11:45,298 - INFO - Prompt processing progress: 34172/34172
2026-10-02 16:11:53,835 - INFO - Prompt Cache: 1 sequences, 0.56 GB
2026-10-02 16:11:53,835 - INFO - - assistant: 0 sequences, 0.00 GB
2026-10-02 16:11:53,835 - INFO - - user: 0 sequences, 0.00 GB
2026-10-02 16:11:53,835 - INFO - - system: 1 sequences, 0.56 GB
127.0.0.1 - - [02/Oct/2026 16:11:53] "POST /v1/chat/completions HTTP/1.1" 200 -
2026-10-02 16:11:55,171 - INFO - Prompt processing progress: 2048/37788
2026-10-02 16:11:56,436 - INFO - Prompt processing progress: 4096/37788
2026-10-02 16:11:57,718 - INFO - Prompt processing progress: 6144/37788
2026-10-02 16:11:59,021 - INFO - Prompt processing progress: 8192/37788
2026-10-02 16:12:00,351 - INFO - Prompt processing progress: 10240/37788
2026-10-02 16:12:01,706 - INFO - Prompt processing progress: 12288/37788
2026-10-02 16:12:03,084 - INFO - Prompt processing progress: 14336/37788
2026-10-02 16:12:04,487 - INFO - Prompt processing progress: 16384/37788
2026-10-02 16:12:05,913 - INFO - Prompt processing progress: 18432/37788
2026-10-02 16:12:07,363 - INFO - Prompt processing progress: 20480/37788
2026-10-02 16:12:08,837 - INFO - Prompt processing progress: 22528/37788
2026-10-02 16:12:10,336 - INFO - Prompt processing progress: 24576/37788
2026-10-02 16:12:11,864 - INFO - Prompt processing progress: 26624/37788
2026-10-02 16:12:13,411 - INFO - Prompt processing progress: 28672/37788
2026-10-02 16:12:14,990 - INFO - Prompt processing progress: 30720/37788
2026-10-02 16:12:16,587 - INFO - Prompt processing progress: 32768/37788
2026-10-02 16:12:18,209 - INFO - Prompt processing progress: 34816/37788
2026-10-02 16:12:19,853 - INFO - Prompt processing progress: 36864/37788
2026-10-02 16:12:20,828 - INFO - Prompt processing progress: 37787/37788
2026-10-02 16:12:20,924 - INFO - Prompt processing progress: 37788/37788
2026-10-02 16:12:23,154 - INFO - Prompt Cache: 1 sequences, 0.56 GB
2026-10-02 16:12:23,154 - INFO - - assistant: 0 sequences, 0.00 GB
2026-10-02 16:12:23,154 - INFO - - user: 0 sequences, 0.00 GB
2026-10-02 16:12:23,154 - INFO - - system: 1 sequences, 0.56 GB
127.0.0.1 - - [02/Oct/2026 16:12:23] "POST /v1/chat/completions HTTP/1.1" 200 -
2026-10-02 16:12:24,485 - INFO - Prompt processing progress: 2048/37965
2026-10-02 16:12:25,750 - INFO - Prompt processing progress: 4096/37965
2026-10-02 16:12:27,031 - INFO - Prompt processing progress: 6144/37965
2026-10-02 16:12:28,336 - INFO - Prompt processing progress: 8192/37965
2026-10-02 16:12:29,665 - INFO - Prompt processing progress: 10240/37965
2026-10-02 16:12:31,018 - INFO - Prompt processing progress: 12288/37965
2026-10-02 16:12:32,393 - INFO - Prompt processing progress: 14336/37965
2026-10-02 16:12:33,795 - INFO - Prompt processing progress: 16384/37965
2026-10-02 16:12:35,223 - INFO - Prompt processing progress: 18432/37965
2026-10-02 16:12:36,678 - INFO - Prompt processing progress: 20480/37965
2026-10-02 16:12:38,157 - INFO - Prompt processing progress: 22528/37965
2026-10-02 16:12:39,653 - INFO - Prompt processing progress: 24576/37965
2026-10-02 16:12:41,177 - INFO - Prompt processing progress: 26624/37965
2026-10-02 16:12:42,724 - INFO - Prompt processing progress: 28672/37965
2026-10-02 16:12:44,295 - INFO - Prompt processing progress: 30720/37965
2026-10-02 16:12:45,890 - INFO - Prompt processing progress: 32768/37965
2026-10-02 16:12:47,514 - INFO - Prompt processing progress: 34816/37965
2026-10-02 16:12:49,171 - INFO - Prompt processing progress: 36864/37965
2026-10-02 16:12:50,233 - INFO - Prompt processing progress: 37964/37965
2026-10-02 16:12:50,321 - INFO - Prompt processing progress: 37965/37965
2026-10-02 16:12:59,702 - INFO - Prompt Cache: 1 sequences, 0.56 GB
2026-10-02 16:12:59,702 - INFO - - assistant: 0 sequences, 0.00 GB
2026-10-02 16:12:59,702 - INFO - - user: 0 sequences, 0.00 GB
2026-10-02 16:12:59,702 - INFO - - system: 1 sequences, 0.56 GB
127.0.0.1 - - [02/Oct/2026 16:12:59] "POST /v1/chat/completions HTTP/1.1" 200 -
2026-10-02 16:13:00,022 - INFO - Prompt processing progress: 246/248
2026-10-02 16:13:00,063 - INFO - Prompt processing progress: 247/248
2026-10-02 16:13:00,107 - INFO - Prompt processing progress: 248/248
2026-10-02 16:13:01,931 - INFO - Prompt Cache: 1 sequences, 0.56 GB
2026-10-02 16:13:01,931 - INFO - - assistant: 0 sequences, 0.00 GB
2026-10-02 16:13:01,931 - INFO - - user: 0 sequences, 0.00 GB
2026-10-02 16:13:01,931 - INFO - - system: 1 sequences, 0.56 GB
127.0.0.1 - - [02/Oct/2026 16:13:01] "POST /v1/chat/completions HTTP/1.1" 200 -
2026-10-02 16:13:03,265 - INFO - Prompt processing progress: 2048/4840
2026-10-02 16:13:04,525 - INFO - Prompt processing progress: 4096/4840
2026-10-02 16:13:05,084 - INFO - Prompt processing progress: 4839/4840
2026-10-02 16:13:05,131 - INFO - Prompt processing progress: 4840/4840
2026-10-02 16:13:09,335 - INFO - Prompt Cache: 1 sequences, 0.56 GB
2026-10-02 16:13:09,335 - INFO - - assistant: 0 sequences, 0.00 GB
2026-10-02 16:13:09,335 - INFO - - user: 0 sequences, 0.00 GB
2026-10-02 16:13:09,335 - INFO - - system: 1 sequences, 0.56 GB
127.0.0.1 - - [02/Oct/2026 16:13:09] "POST /v1/chat/completions HTTP/1.1" 200 -
2026-10-02 16:13:10,669 - INFO - Prompt processing progress: 2048/8132
2026-10-02 16:13:11,929 - INFO - Prompt processing progress: 4096/8132
2026-10-02 16:13:13,227 - INFO - Prompt processing progress: 6144/8132
2026-10-02 16:13:14,566 - INFO - Prompt processing progress: 8131/8132
2026-10-02 16:13:14,620 - INFO - Prompt processing progress: 8132/8132
2026-10-02 16:13:18,123 - WARNING - Failed to parse tool call (ValueError: No function provided.) — tool text was likely truncated mid-generation.
2026-10-02 16:13:18,134 - INFO - Prompt Cache: 1 sequences, 0.56 GB
2026-10-02 16:13:18,134 - INFO - - assistant: 0 sequences, 0.00 GB
2026-10-02 16:13:18,134 - INFO - - user: 0 sequences, 0.00 GB
2026-10-02 16:13:18,134 - INFO - - system: 1 sequences, 0.56 GB
127.0.0.1 - - [02/Oct/2026 16:13:18] "POST /v1/chat/completions HTTP/1.1" 200 -
2026-10-02 16:13:19,469 - INFO - Prompt processing progress: 2048/11435
2026-10-02 16:13:20,727 - INFO - Prompt processing progress: 4096/11435
2026-10-02 16:13:22,008 - INFO - Prompt processing progress: 6144/11435
2026-10-02 16:13:23,312 - INFO - Prompt processing progress: 8192/11435
2026-10-02 16:13:24,640 - INFO - Prompt processing progress: 10240/11435
2026-10-02 16:13:25,517 - INFO - Prompt processing progress: 11434/11435
2026-10-02 16:13:25,571 - INFO - Prompt processing progress: 11435/11435
2026-10-02 16:13:29,100 - INFO - Prompt Cache: 1 sequences, 0.56 GB
2026-10-02 16:13:29,100 - INFO - - assistant: 0 sequences, 0.00 GB
2026-10-02 16:13:29,100 - INFO - - user: 0 sequences, 0.00 GB
2026-10-02 16:13:29,100 - INFO - - system: 1 sequences, 0.56 GB
127.0.0.1 - - [02/Oct/2026 16:13:29] "POST /v1/chat/completions HTTP/1.1" 200 -
2026-10-02 16:13:30,431 - INFO - Prompt processing progress: 2048/12010
2026-10-02 16:13:31,692 - INFO - Prompt processing progress: 4096/12010
2026-10-02 16:13:32,973 - INFO - Prompt processing progress: 6144/12010
2026-10-02 16:13:34,279 - INFO - Prompt processing progress: 8192/12010
2026-10-02 16:13:35,609 - INFO - Prompt processing progress: 10240/12010
2026-10-02 16:13:36,844 - INFO - Prompt processing progress: 12009/12010
2026-10-02 16:13:36,898 - INFO - Prompt processing progress: 12010/12010
2026-10-02 16:13:38,550 - WARNING - Failed to parse tool call (ValueError: No function provided.) — tool text was likely truncated mid-generation.
2026-10-02 16:13:38,562 - INFO - Prompt Cache: 1 sequences, 0.56 GB
2026-10-02 16:13:38,563 - INFO - - assistant: 0 sequences, 0.00 GB
2026-10-02 16:13:38,563 - INFO - - user: 0 sequences, 0.00 GB
2026-10-02 16:13:38,563 - INFO - - system: 1 sequences, 0.56 GB
127.0.0.1 - - [02/Oct/2026 16:13:38] "POST /v1/chat/completions HTTP/1.1" 200 -
2026-10-02 16:13:39,899 - INFO - Prompt processing progress: 2048/13571
2026-10-02 16:13:41,160 - INFO - Prompt processing progress: 4096/13571
2026-10-02 16:13:42,444 - INFO - Prompt processing progress: 6144/13571
2026-10-02 16:13:43,750 - INFO - Prompt processing progress: 8192/13571
2026-10-02 16:13:45,079 - INFO - Prompt processing progress: 10240/13571
2026-10-02 16:13:46,433 - INFO - Prompt processing progress: 12288/13571
2026-10-02 16:13:47,390 - INFO - Prompt processing progress: 13570/13571
2026-10-02 16:13:47,457 - INFO - Prompt processing progress: 13571/13571
2026-10-02 16:13:49,131 - INFO - Prompt Cache: 1 sequences, 0.56 GB
2026-10-02 16:13:49,131 - INFO - - assistant: 0 sequences, 0.00 GB
2026-10-02 16:13:49,131 - INFO - - user: 0 sequences, 0.00 GB
2026-10-02 16:13:49,131 - INFO - - system: 1 sequences, 0.56 GB
127.0.0.1 - - [02/Oct/2026 16:13:49] "POST /v1/chat/completions HTTP/1.1" 200 -
2026-10-02 16:13:50,462 - INFO - Prompt processing progress: 2048/15221
2026-10-02 16:13:51,723 - INFO - Prompt processing progress: 4096/15221
2026-10-02 16:13:53,004 - INFO - Prompt processing progress: 6144/15221
2026-10-02 16:13:54,309 - INFO - Prompt processing progress: 8192/15221
2026-10-02 16:13:55,638 - INFO - Prompt processing progress: 10240/15221
2026-10-02 16:13:56,992 - INFO - Prompt processing progress: 12288/15221
2026-10-02 16:13:58,371 - INFO - Prompt processing progress: 14336/15221
2026-10-02 16:13:59,099 - INFO - Prompt processing progress: 15220/15221
2026-10-02 16:13:59,159 - INFO - Prompt processing progress: 15221/15221
2026-10-02 16:14:01,973 - WARNING - Failed to parse tool call (ValueError: No function provided.) — tool text was likely truncated mid-generation.
2026-10-02 16:14:01,988 - INFO - Prompt Cache: 1 sequences, 0.56 GB
2026-10-02 16:14:01,988 - INFO - - assistant: 0 sequences, 0.00 GB
2026-10-02 16:14:01,988 - INFO - - user: 0 sequences, 0.00 GB
2026-10-02 16:14:01,988 - INFO - - system: 1 sequences, 0.56 GB
127.0.0.1 - - [02/Oct/2026 16:14:01] "POST /v1/chat/completions HTTP/1.1" 200 -
2026-10-02 16:14:03,322 - INFO - Prompt processing progress: 2048/17471
2026-10-02 16:14:04,581 - INFO - Prompt processing progress: 4096/17471
2026-10-02 16:14:05,865 - INFO - Prompt processing progress: 6144/17471
2026-10-02 16:14:07,169 - INFO - Prompt processing progress: 8192/17471
2026-10-02 16:14:08,496 - INFO - Prompt processing progress: 10240/17471
2026-10-02 16:14:09,851 - INFO - Prompt processing progress: 12288/17471
2026-10-02 16:14:11,230 - INFO - Prompt processing progress: 14336/17471
2026-10-02 16:14:12,633 - INFO - Prompt processing progress: 16384/17471
2026-10-02 16:14:13,512 - INFO - Prompt processing progress: 17470/17471
2026-10-02 16:14:13,571 - INFO - Prompt processing progress: 17471/17471
2026-10-02 16:14:15,868 - INFO - Prompt Cache: 1 sequences, 0.56 GB
2026-10-02 16:14:15,868 - INFO - - assistant: 0 sequences, 0.00 GB
2026-10-02 16:14:15,868 - INFO - - user: 0 sequences, 0.00 GB
2026-10-02 16:14:15,868 - INFO - - system: 1 sequences, 0.56 GB
127.0.0.1 - - [02/Oct/2026 16:14:15] "POST /v1/chat/completions HTTP/1.1" 200 -
2026-10-02 16:14:17,198 - INFO - Prompt processing progress: 2048/19497
2026-10-02 16:14:18,461 - INFO - Prompt processing progress: 4096/19497
2026-10-02 16:14:19,741 - INFO - Prompt processing progress: 6144/19497
2026-10-02 16:14:21,047 - INFO - Prompt processing progress: 8192/19497
2026-10-02 16:14:22,376 - INFO - Prompt processing progress: 10240/19497
2026-10-02 16:14:23,730 - INFO - Prompt processing progress: 12288/19497
2026-10-02 16:14:25,109 - INFO - Prompt processing progress: 14336/19497
2026-10-02 16:14:26,510 - INFO - Prompt processing progress: 16384/19497
2026-10-02 16:14:27,936 - INFO - Prompt processing progress: 18432/19497
2026-10-02 16:14:28,802 - INFO - Prompt processing progress: 19496/19497
2026-10-02 16:14:28,874 - INFO - Prompt processing progress: 19497/19497
2026-10-02 16:14:31,401 - INFO - Prompt Cache: 1 sequences, 0.56 GB
2026-10-02 16:14:31,401 - INFO - - assistant: 0 sequences, 0.00 GB
2026-10-02 16:14:31,401 - INFO - - user: 0 sequences, 0.00 GB
2026-10-02 16:14:31,401 - INFO - - system: 1 sequences, 0.56 GB
127.0.0.1 - - [02/Oct/2026 16:14:31] "POST /v1/chat/completions HTTP/1.1" 200 -
2026-10-02 16:14:32,732 - INFO - Prompt processing progress: 2048/22998
2026-10-02 16:14:33,993 - INFO - Prompt processing progress: 4096/22998
2026-10-02 16:14:35,273 - INFO - Prompt processing progress: 6144/22998
2026-10-02 16:14:36,578 - INFO - Prompt processing progress: 8192/22998
2026-10-02 16:14:37,907 - INFO - Prompt processing progress: 10240/22998
2026-10-02 16:14:39,261 - INFO - Prompt processing progress: 12288/22998
2026-10-02 16:14:40,639 - INFO - Prompt processing progress: 14336/22998
2026-10-02 16:14:42,042 - INFO - Prompt processing progress: 16384/22998
2026-10-02 16:14:43,469 - INFO - Prompt processing progress: 18432/22998
2026-10-02 16:14:44,921 - INFO - Prompt processing progress: 20480/22998
2026-10-02 16:14:46,394 - INFO - Prompt processing progress: 22528/22998
2026-10-02 16:14:46,868 - INFO - Prompt processing progress: 22997/22998
2026-10-02 16:14:46,930 - INFO - Prompt processing progress: 22998/22998
2026-10-02 16:14:49,481 - INFO - Prompt Cache: 1 sequences, 0.56 GB
2026-10-02 16:14:49,481 - INFO - - assistant: 0 sequences, 0.00 GB
2026-10-02 16:14:49,481 - INFO - - user: 0 sequences, 0.00 GB
2026-10-02 16:14:49,481 - INFO - - system: 1 sequences, 0.56 GB
127.0.0.1 - - [02/Oct/2026 16:14:49] "POST /v1/chat/completions HTTP/1.1" 200 -
2026-10-02 16:14:50,811 - INFO - Prompt processing progress: 2048/25035
2026-10-02 16:14:52,075 - INFO - Prompt processing progress: 4096/25035
2026-10-02 16:14:53,358 - INFO - Prompt processing progress: 6144/25035
2026-10-02 16:14:54,663 - INFO - Prompt processing progress: 8192/25035
2026-10-02 16:14:55,992 - INFO - Prompt processing progress: 10240/25035
2026-10-02 16:14:57,345 - INFO - Prompt processing progress: 12288/25035
2026-10-02 16:14:58,722 - INFO - Prompt processing progress: 14336/25035
2026-10-02 16:15:00,125 - INFO - Prompt processing progress: 16384/25035
2026-10-02 16:15:01,552 - INFO - Prompt processing progress: 18432/25035
2026-10-02 16:15:03,008 - INFO - Prompt processing progress: 20480/25035
2026-10-02 16:15:04,489 - INFO - Prompt processing progress: 22528/25035
2026-10-02 16:15:05,988 - INFO - Prompt processing progress: 24576/25035
2026-10-02 16:15:06,465 - INFO - Prompt processing progress: 25034/25035
2026-10-02 16:15:06,544 - INFO - Prompt processing progress: 25035/25035
2026-10-02 16:15:08,780 - INFO - Prompt Cache: 1 sequences, 0.56 GB
2026-10-02 16:15:08,780 - INFO - - assistant: 0 sequences, 0.00 GB
2026-10-02 16:15:08,780 - INFO - - user: 0 sequences, 0.00 GB
2026-10-02 16:15:08,780 - INFO - - system: 1 sequences, 0.56 GB
127.0.0.1 - - [02/Oct/2026 16:15:08] "POST /v1/chat/completions HTTP/1.1" 200 -
2026-10-02 16:15:10,115 - INFO - Prompt processing progress: 2048/28506
2026-10-02 16:15:11,376 - INFO - Prompt processing progress: 4096/28506
2026-10-02 16:15:12,660 - INFO - Prompt processing progress: 6144/28506
2026-10-02 16:15:13,967 - INFO - Prompt processing progress: 8192/28506
2026-10-02 16:15:15,302 - INFO - Prompt processing progress: 10240/28506
2026-10-02 16:15:16,653 - INFO - Prompt processing progress: 12288/28506
2026-10-02 16:15:18,032 - INFO - Prompt processing progress: 14336/28506
2026-10-02 16:15:19,440 - INFO - Prompt processing progress: 16384/28506
2026-10-02 16:15:20,865 - INFO - Prompt processing progress: 18432/28506
2026-10-02 16:15:22,316 - INFO - Prompt processing progress: 20480/28506
2026-10-02 16:15:23,793 - INFO - Prompt processing progress: 22528/28506
2026-10-02 16:15:25,311 - INFO - Prompt processing progress: 24576/28506
2026-10-02 16:15:26,865 - INFO - Prompt processing progress: 26624/28506
2026-10-02 16:15:28,371 - INFO - Prompt processing progress: 28505/28506
2026-10-02 16:15:28,447 - INFO - Prompt processing progress: 28506/28506
2026-10-02 16:15:30,266 - WARNING - Failed to parse tool call (ValueError: No function provided.) — tool text was likely truncated mid-generation.
2026-10-02 16:15:30,287 - INFO - Prompt Cache: 1 sequences, 0.56 GB
2026-10-02 16:15:30,287 - INFO - - assistant: 0 sequences, 0.00 GB
2026-10-02 16:15:30,287 - INFO - - user: 0 sequences, 0.00 GB
2026-10-02 16:15:30,287 - INFO - - system: 1 sequences, 0.56 GB
127.0.0.1 - - [02/Oct/2026 16:15:30] "POST /v1/chat/completions HTTP/1.1" 200 -
2026-10-02 16:15:31,640 - INFO - Prompt processing progress: 2048/30751
2026-10-02 16:15:32,935 - INFO - Prompt processing progress: 4096/30751
2026-10-02 16:15:34,243 - INFO - Prompt processing progress: 6144/30751
2026-10-02 16:15:35,596 - INFO - Prompt processing progress: 8192/30751
2026-10-02 16:15:36,958 - INFO - Prompt processing progress: 10240/30751
2026-10-02 16:15:38,345 - INFO - Prompt processing progress: 12288/30751
2026-10-02 16:15:39,754 - INFO - Prompt processing progress: 14336/30751
2026-10-02 16:15:41,193 - INFO - Prompt processing progress: 16384/30751
2026-10-02 16:15:42,651 - INFO - Prompt processing progress: 18432/30751
2026-10-02 16:15:44,137 - INFO - Prompt processing progress: 20480/30751
2026-10-02 16:15:45,641 - INFO - Prompt processing progress: 22528/30751
2026-10-02 16:15:47,187 - INFO - Prompt processing progress: 24576/30751
2026-10-02 16:15:48,738 - INFO - Prompt processing progress: 26624/30751
2026-10-02 16:15:50,331 - INFO - Prompt processing progress: 28672/30751
2026-10-02 16:15:51,949 - INFO - Prompt processing progress: 30720/30751
2026-10-02 16:15:52,062 - INFO - Prompt processing progress: 30750/30751
2026-10-02 16:15:52,160 - INFO - Prompt processing progress: 30751/30751
2026-10-02 16:15:54,772 - WARNING - Failed to parse tool call (ValueError: No function provided.) — tool text was likely truncated mid-generation.
2026-10-02 16:15:54,793 - INFO - Prompt Cache: 1 sequences, 0.56 GB
2026-10-02 16:15:54,793 - INFO - - assistant: 0 sequences, 0.00 GB
2026-10-02 16:15:54,793 - INFO - - user: 0 sequences, 0.00 GB
2026-10-02 16:15:54,793 - INFO - - system: 1 sequences, 0.56 GB
127.0.0.1 - - [02/Oct/2026 16:15:54] "POST /v1/chat/completions HTTP/1.1" 200 -
2026-10-02 16:15:56,151 - INFO - Prompt processing progress: 2048/33620
2026-10-02 16:15:57,435 - INFO - Prompt processing progress: 4096/33620
2026-10-02 16:15:58,752 - INFO - Prompt processing progress: 6144/33620
2026-10-02 16:16:00,072 - INFO - Prompt processing progress: 8192/33620
2026-10-02 16:16:01,414 - INFO - Prompt processing progress: 10240/33620
2026-10-02 16:16:02,798 - INFO - Prompt processing progress: 12288/33620
2026-10-02 16:16:04,191 - INFO - Prompt processing progress: 14336/33620
2026-10-02 16:16:05,636 - INFO - Prompt processing progress: 16384/33620
2026-10-02 16:16:07,087 - INFO - Prompt processing progress: 18432/33620
2026-10-02 16:16:08,568 - INFO - Prompt processing progress: 20480/33620
2026-10-02 16:16:10,080 - INFO - Prompt processing progress: 22528/33620
2026-10-02 16:16:11,644 - INFO - Prompt processing progress: 24576/33620
2026-10-02 16:16:13,215 - INFO - Prompt processing progress: 26624/33620
2026-10-02 16:16:14,800 - INFO - Prompt processing progress: 28672/33620
2026-10-02 16:16:16,410 - INFO - Prompt processing progress: 30720/33620
2026-10-02 16:16:18,033 - INFO - Prompt processing progress: 32768/33620
2026-10-02 16:16:18,909 - INFO - Prompt processing progress: 33619/33620
2026-10-02 16:16:18,999 - INFO - Prompt processing progress: 33620/33620
2026-10-02 16:16:21,537 - WARNING - Failed to parse tool call (ValueError: No function provided.) — tool text was likely truncated mid-generation.
2026-10-02 16:16:21,566 - INFO - Prompt Cache: 1 sequences, 0.56 GB
2026-10-02 16:16:21,566 - INFO - - assistant: 0 sequences, 0.00 GB
2026-10-02 16:16:21,566 - INFO - - user: 0 sequences, 0.00 GB
2026-10-02 16:16:21,566 - INFO - - system: 1 sequences, 0.56 GB
127.0.0.1 - - [02/Oct/2026 16:16:21] "POST /v1/chat/completions HTTP/1.1" 200 -
2026-10-02 16:16:22,928 - INFO - Prompt processing progress: 2048/36098
2026-10-02 16:16:24,223 - INFO - Prompt processing progress: 4096/36098
2026-10-02 16:16:25,550 - INFO - Prompt processing progress: 6144/36098
2026-10-02 16:16:26,886 - INFO - Prompt processing progress: 8192/36098
2026-10-02 16:16:28,240 - INFO - Prompt processing progress: 10240/36098
2026-10-02 16:16:29,644 - INFO - Prompt processing progress: 12288/36098
2026-10-02 16:16:31,051 - INFO - Prompt processing progress: 14336/36098
2026-10-02 16:16:32,478 - INFO - Prompt processing progress: 16384/36098
2026-10-02 16:16:33,938 - INFO - Prompt processing progress: 18432/36098
2026-10-02 16:16:35,420 - INFO - Prompt processing progress: 20480/36098
2026-10-02 16:16:36,915 - INFO - Prompt processing progress: 22528/36098
2026-10-02 16:16:38,450 - INFO - Prompt processing progress: 24576/36098
2026-10-02 16:16:40,013 - INFO - Prompt processing progress: 26624/36098
2026-10-02 16:16:41,612 - INFO - Prompt processing progress: 28672/36098
2026-10-02 16:16:43,243 - INFO - Prompt processing progress: 30720/36098
2026-10-02 16:16:44,877 - INFO - Prompt processing progress: 32768/36098
2026-10-02 16:16:46,537 - INFO - Prompt processing progress: 34816/36098
2026-10-02 16:16:47,724 - INFO - Prompt processing progress: 36097/36098
2026-10-02 16:16:47,809 - INFO - Prompt processing progress: 36098/36098
2026-10-02 16:16:49,691 - INFO - Prompt Cache: 1 sequences, 0.56 GB
2026-10-02 16:16:49,691 - INFO - - assistant: 0 sequences, 0.00 GB
2026-10-02 16:16:49,691 - INFO - - user: 0 sequences, 0.00 GB
2026-10-02 16:16:49,691 - INFO - - system: 1 sequences, 0.56 GB
127.0.0.1 - - [02/Oct/2026 16:16:49] "POST /v1/chat/completions HTTP/1.1" 200 -
2026-10-02 16:16:51,053 - INFO - Prompt processing progress: 2048/38010
2026-10-02 16:16:52,350 - INFO - Prompt processing progress: 4096/38010
2026-10-02 16:16:53,651 - INFO - Prompt processing progress: 6144/38010
2026-10-02 16:16:54,990 - INFO - Prompt processing progress: 8192/38010
2026-10-02 16:16:56,350 - INFO - Prompt processing progress: 10240/38010
2026-10-02 16:16:57,731 - INFO - Prompt processing progress: 12288/38010
2026-10-02 16:16:59,139 - INFO - Prompt processing progress: 14336/38010
2026-10-02 16:17:00,561 - INFO - Prompt processing progress: 16384/38010
2026-10-02 16:17:02,028 - INFO - Prompt processing progress: 18432/38010
2026-10-02 16:17:03,523 - INFO - Prompt processing progress: 20480/38010
2026-10-02 16:17:05,047 - INFO - Prompt processing progress: 22528/38010
2026-10-02 16:17:06,593 - INFO - Prompt processing progress: 24576/38010
2026-10-02 16:17:08,158 - INFO - Prompt processing progress: 26624/38010
2026-10-02 16:17:09,745 - INFO - Prompt processing progress: 28672/38010
2026-10-02 16:17:11,360 - INFO - Prompt processing progress: 30720/38010
2026-10-02 16:17:13,002 - INFO - Prompt processing progress: 32768/38010
2026-10-02 16:17:14,644 - INFO - Prompt processing progress: 34816/38010
2026-10-02 16:17:16,342 - INFO - Prompt processing progress: 36864/38010
2026-10-02 16:17:17,457 - INFO - Prompt processing progress: 38009/38010
2026-10-02 16:17:17,544 - INFO - Prompt processing progress: 38010/38010
2026-10-02 16:17:19,427 - INFO - Prompt Cache: 1 sequences, 0.56 GB
2026-10-02 16:17:19,427 - INFO - - assistant: 0 sequences, 0.00 GB
2026-10-02 16:17:19,427 - INFO - - user: 0 sequences, 0.00 GB
2026-10-02 16:17:19,427 - INFO - - system: 1 sequences, 0.56 GB
127.0.0.1 - - [02/Oct/2026 16:17:19] "POST /v1/chat/completions HTTP/1.1" 200 -
2026-10-02 16:17:20,770 - INFO - Prompt processing progress: 2048/42392
2026-10-02 16:17:22,083 - INFO - Prompt processing progress: 4096/42392
2026-10-02 16:17:23,417 - INFO - Prompt processing progress: 6144/42392
2026-10-02 16:17:24,759 - INFO - Prompt processing progress: 8192/42392
2026-10-02 16:17:26,110 - INFO - Prompt processing progress: 10240/42392
2026-10-02 16:17:27,487 - INFO - Prompt processing progress: 12288/42392
2026-10-02 16:17:28,885 - INFO - Prompt processing progress: 14336/42392
2026-10-02 16:17:30,308 - INFO - Prompt processing progress: 16384/42392
2026-10-02 16:17:31,770 - INFO - Prompt processing progress: 18432/42392
2026-10-02 16:17:33,241 - INFO - Prompt processing progress: 20480/42392
2026-10-02 16:17:34,735 - INFO - Prompt processing progress: 22528/42392
2026-10-02 16:17:36,255 - INFO - Prompt processing progress: 24576/42392
2026-10-02 16:17:37,805 - INFO - Prompt processing progress: 26624/42392
2026-10-02 16:17:39,390 - INFO - Prompt processing progress: 28672/42392
2026-10-02 16:17:41,002 - INFO - Prompt processing progress: 30720/42392
2026-10-02 16:17:42,634 - INFO - Prompt processing progress: 32768/42392
2026-10-02 16:17:44,304 - INFO - Prompt processing progress: 34816/42392
2026-10-02 16:17:45,979 - INFO - Prompt processing progress: 36864/42392
2026-10-02 16:17:47,693 - INFO - Prompt processing progress: 38912/42392
2026-10-02 16:17:49,434 - INFO - Prompt processing progress: 40960/42392
2026-10-02 16:17:50,748 - INFO - Prompt processing progress: 42391/42392
2026-10-02 16:17:50,855 - INFO - Prompt processing progress: 42392/42392
2026-10-02 16:17:53,311 - INFO - Prompt Cache: 1 sequences, 0.56 GB
2026-10-02 16:17:53,311 - INFO - - assistant: 0 sequences, 0.00 GB
2026-10-02 16:17:53,311 - INFO - - user: 0 sequences, 0.00 GB
2026-10-02 16:17:53,311 - INFO - - system: 1 sequences, 0.56 GB
127.0.0.1 - - [02/Oct/2026 16:17:53] "POST /v1/chat/completions HTTP/1.1" 200 -
2026-10-02 16:17:54,658 - INFO - Prompt processing progress: 2048/44952
2026-10-02 16:17:55,951 - INFO - Prompt processing progress: 4096/44952
2026-10-02 16:17:57,259 - INFO - Prompt processing progress: 6144/44952
2026-10-02 16:17:58,576 - INFO - Prompt processing progress: 8192/44952
2026-10-02 16:17:59,924 - INFO - Prompt processing progress: 10240/44952
2026-10-02 16:18:01,298 - INFO - Prompt processing progress: 12288/44952
2026-10-02 16:18:02,703 - INFO - Prompt processing progress: 14336/44952
2026-10-02 16:18:04,133 - INFO - Prompt processing progress: 16384/44952
2026-10-02 16:18:05,596 - INFO - Prompt processing progress: 18432/44952
2026-10-02 16:18:07,085 - INFO - Prompt processing progress: 20480/44952
2026-10-02 16:18:08,596 - INFO - Prompt processing progress: 22528/44952
2026-10-02 16:18:10,129 - INFO - Prompt processing progress: 24576/44952
2026-10-02 16:18:11,684 - INFO - Prompt processing progress: 26624/44952
2026-10-02 16:18:13,246 - INFO - Prompt processing progress: 28672/44952
2026-10-02 16:18:14,846 - INFO - Prompt processing progress: 30720/44952
2026-10-02 16:18:16,472 - INFO - Prompt processing progress: 32768/44952
2026-10-02 16:18:18,120 - INFO - Prompt processing progress: 34816/44952
2026-10-02 16:18:19,770 - INFO - Prompt processing progress: 36864/44952
2026-10-02 16:18:21,446 - INFO - Prompt processing progress: 38912/44952
2026-10-02 16:18:23,144 - INFO - Prompt processing progress: 40960/44952
2026-10-02 16:18:24,874 - INFO - Prompt processing progress: 43008/44952
2026-10-02 16:18:26,631 - INFO - Prompt processing progress: 44951/44952
2026-10-02 16:18:26,738 - INFO - Prompt processing progress: 44952/44952
2026-10-02 16:18:33,214 - INFO - Prompt Cache: 1 sequences, 0.56 GB
2026-10-02 16:18:33,214 - INFO - - assistant: 0 sequences, 0.00 GB
2026-10-02 16:18:33,214 - INFO - - user: 0 sequences, 0.00 GB
2026-10-02 16:18:33,214 - INFO - - system: 1 sequences, 0.56 GB
127.0.0.1 - - [02/Oct/2026 16:18:33] "POST /v1/chat/completions HTTP/1.1" 200 -
2026-10-02 16:18:34,551 - INFO - Prompt processing progress: 2048/45093
2026-10-02 16:18:35,818 - INFO - Prompt processing progress: 4096/45093
2026-10-02 16:18:37,102 - INFO - Prompt processing progress: 6144/45093
2026-10-02 16:18:38,409 - INFO - Prompt processing progress: 8192/45093
2026-10-02 16:18:39,736 - INFO - Prompt processing progress: 10240/45093
2026-10-02 16:18:41,091 - INFO - Prompt processing progress: 12288/45093
2026-10-02 16:18:42,469 - INFO - Prompt processing progress: 14336/45093
2026-10-02 16:18:43,872 - INFO - Prompt processing progress: 16384/45093
2026-10-02 16:18:45,300 - INFO - Prompt processing progress: 18432/45093
2026-10-02 16:18:46,751 - INFO - Prompt processing progress: 20480/45093
2026-10-02 16:18:48,225 - INFO - Prompt processing progress: 22528/45093
2026-10-02 16:18:49,727 - INFO - Prompt processing progress: 24576/45093
2026-10-02 16:18:51,254 - INFO - Prompt processing progress: 26624/45093
2026-10-02 16:18:52,806 - INFO - Prompt processing progress: 28672/45093
2026-10-02 16:18:54,378 - INFO - Prompt processing progress: 30720/45093
2026-10-02 16:18:55,973 - INFO - Prompt processing progress: 32768/45093
2026-10-02 16:18:57,596 - INFO - Prompt processing progress: 34816/45093
2026-10-02 16:18:59,245 - INFO - Prompt processing progress: 36864/45093
2026-10-02 16:19:00,918 - INFO - Prompt processing progress: 38912/45093
2026-10-02 16:19:02,619 - INFO - Prompt processing progress: 40960/45093
2026-10-02 16:19:04,339 - INFO - Prompt processing progress: 43008/45093
2026-10-02 16:19:06,093 - INFO - Prompt processing progress: 45056/45093
2026-10-02 16:19:06,241 - INFO - Prompt processing progress: 45092/45093
2026-10-02 16:19:06,370 - INFO - Prompt processing progress: 45093/45093
2026-10-02 16:19:10,445 - INFO - Prompt Cache: 1 sequences, 0.56 GB
2026-10-02 16:19:10,445 - INFO - - assistant: 0 sequences, 0.00 GB
2026-10-02 16:19:10,445 - INFO - - user: 0 sequences, 0.00 GB
2026-10-02 16:19:10,445 - INFO - - system: 1 sequences, 0.56 GB
127.0.0.1 - - [02/Oct/2026 16:19:10] "POST /v1/chat/completions HTTP/1.1" 200 -
2026-10-02 16:19:11,777 - INFO - Prompt processing progress: 2048/49782
2026-10-02 16:19:13,043 - INFO - Prompt processing progress: 4096/49782
2026-10-02 16:19:14,325 - INFO - Prompt processing progress: 6144/49782
2026-10-02 16:19:15,632 - INFO - Prompt processing progress: 8192/49782
2026-10-02 16:19:16,963 - INFO - Prompt processing progress: 10240/49782
2026-10-02 16:19:18,317 - INFO - Prompt processing progress: 12288/49782
2026-10-02 16:19:19,693 - INFO - Prompt processing progress: 14336/49782
2026-10-02 16:19:21,097 - INFO - Prompt processing progress: 16384/49782
2026-10-02 16:19:22,522 - INFO - Prompt processing progress: 18432/49782
2026-10-02 16:19:23,977 - INFO - Prompt processing progress: 20480/49782
2026-10-02 16:19:25,456 - INFO - Prompt processing progress: 22528/49782
2026-10-02 16:19:26,955 - INFO - Prompt processing progress: 24576/49782
2026-10-02 16:19:28,478 - INFO - Prompt processing progress: 26624/49782
2026-10-02 16:19:30,032 - INFO - Prompt processing progress: 28672/49782
2026-10-02 16:19:31,613 - INFO - Prompt processing progress: 30720/49782
2026-10-02 16:19:33,206 - INFO - Prompt processing progress: 32768/49782
2026-10-02 16:19:34,830 - INFO - Prompt processing progress: 34816/49782
2026-10-02 16:19:36,481 - INFO - Prompt processing progress: 36864/49782
2026-10-02 16:19:38,156 - INFO - Prompt processing progress: 38912/49782
2026-10-02 16:19:39,853 - INFO - Prompt processing progress: 40960/49782
2026-10-02 16:19:41,575 - INFO - Prompt processing progress: 43008/49782
2026-10-02 16:19:43,337 - INFO - Prompt processing progress: 45056/49782
2026-10-02 16:19:45,168 - INFO - Prompt processing progress: 47104/49782
2026-10-02 16:19:47,041 - INFO - Prompt processing progress: 49152/49782
2026-10-02 16:19:47,805 - INFO - Prompt processing progress: 49781/49782
2026-10-02 16:19:47,933 - INFO - Prompt processing progress: 49782/49782
2026-10-02 16:19:49,829 - INFO - Prompt Cache: 1 sequences, 0.56 GB
2026-10-02 16:19:49,829 - INFO - - assistant: 0 sequences, 0.00 GB
2026-10-02 16:19:49,829 - INFO - - user: 0 sequences, 0.00 GB
2026-10-02 16:19:49,829 - INFO - - system: 1 sequences, 0.56 GB
127.0.0.1 - - [02/Oct/2026 16:19:49] "POST /v1/chat/completions HTTP/1.1" 200 -
2026-10-02 16:19:51,177 - INFO - Prompt processing progress: 2048/49914
2026-10-02 16:19:52,466 - INFO - Prompt processing progress: 4096/49914
2026-10-02 16:19:53,777 - INFO - Prompt processing progress: 6144/49914
2026-10-02 16:19:55,109 - INFO - Prompt processing progress: 8192/49914
2026-10-02 16:19:56,472 - INFO - Prompt processing progress: 10240/49914
2026-10-02 16:19:57,857 - INFO - Prompt processing progress: 12288/49914
2026-10-02 16:19:59,266 - INFO - Prompt processing progress: 14336/49914
2026-10-02 16:20:00,724 - INFO - Prompt processing progress: 16384/49914
2026-10-02 16:20:02,208 - INFO - Prompt processing progress: 18432/49914
2026-10-02 16:20:03,702 - INFO - Prompt processing progress: 20480/49914
2026-10-02 16:20:05,204 - INFO - Prompt processing progress: 22528/49914
2026-10-02 16:20:06,751 - INFO - Prompt processing progress: 24576/49914
2026-10-02 16:20:08,302 - INFO - Prompt processing progress: 26624/49914
2026-10-02 16:20:09,908 - INFO - Prompt processing progress: 28672/49914
2026-10-02 16:20:11,574 - INFO - Prompt processing progress: 30720/49914
2026-10-02 16:20:13,182 - INFO - Prompt processing progress: 32768/49914
2026-10-02 16:20:14,807 - INFO - Prompt processing progress: 34816/49914
2026-10-02 16:20:16,461 - INFO - Prompt processing progress: 36864/49914
2026-10-02 16:20:18,134 - INFO - Prompt processing progress: 38912/49914
2026-10-02 16:20:19,837 - INFO - Prompt processing progress: 40960/49914
2026-10-02 16:20:21,583 - INFO - Prompt processing progress: 43008/49914
2026-10-02 16:20:23,327 - INFO - Prompt processing progress: 45056/49914
2026-10-02 16:20:25,100 - INFO - Prompt processing progress: 47104/49914
2026-10-02 16:20:26,896 - INFO - Prompt processing progress: 49152/49914
2026-10-02 16:20:27,791 - INFO - Prompt processing progress: 49913/49914
2026-10-02 16:20:27,916 - INFO - Prompt processing progress: 49914/49914
2026-10-02 16:20:33,784 - INFO - Prompt Cache: 1 sequences, 0.56 GB
2026-10-02 16:20:33,784 - INFO - - assistant: 0 sequences, 0.00 GB
2026-10-02 16:20:33,784 - INFO - - user: 0 sequences, 0.00 GB
2026-10-02 16:20:33,784 - INFO - - system: 1 sequences, 0.56 GB
127.0.0.1 - - [02/Oct/2026 16:20:33] "POST /v1/chat/completions HTTP/1.1" 200 -
2026-10-02 16:20:35,067 - INFO - Prompt processing progress: 2048/7001
2026-10-02 16:20:36,270 - INFO - Prompt processing progress: 4096/7001
2026-10-02 16:20:37,488 - INFO - Prompt processing progress: 6144/7001
2026-10-02 16:20:37,919 - INFO - Prompt processing progress: 6718/7001
2026-10-02 16:20:38,178 - INFO - Prompt processing progress: 6999/7001
2026-10-02 16:20:38,217 - INFO - Prompt processing progress: 7000/7001
2026-10-02 16:20:38,258 - INFO - Prompt processing progress: 7001/7001
2026-10-02 16:20:40,060 - INFO - Prompt Cache: 1 sequences, 0.59 GB
2026-10-02 16:20:40,060 - INFO - - assistant: 0 sequences, 0.00 GB
2026-10-02 16:20:40,060 - INFO - - user: 0 sequences, 0.00 GB
2026-10-02 16:20:40,060 - INFO - - system: 1 sequences, 0.59 GB
127.0.0.1 - - [02/Oct/2026 16:20:40] "POST /v1/chat/completions HTTP/1.1" 200 -
2026-10-02 16:20:40,696 - INFO - Prompt processing progress: 747/748
2026-10-02 16:20:40,741 - INFO - Prompt processing progress: 748/748
2026-10-02 16:21:05,420 - INFO - Prompt Cache: 1 sequences, 0.59 GB
2026-10-02 16:21:05,420 - INFO - - assistant: 0 sequences, 0.00 GB
2026-10-02 16:21:05,420 - INFO - - user: 0 sequences, 0.00 GB
2026-10-02 16:21:05,420 - INFO - - system: 1 sequences, 0.59 GB
127.0.0.1 - - [02/Oct/2026 16:21:05] "POST /v1/chat/completions HTTP/1.1" 200 -
2026-10-02 16:21:06,390 - INFO - Prompt processing progress: 1345/1346
2026-10-02 16:21:06,434 - INFO - Prompt processing progress: 1346/1346
2026-10-02 16:21:07,886 - WARNING - Failed to parse tool call (ValueError: No function provided.) — tool text was likely truncated mid-generation.
2026-10-02 16:21:07,894 - INFO - Prompt Cache: 1 sequences, 0.59 GB
2026-10-02 16:21:07,894 - INFO - - assistant: 0 sequences, 0.00 GB
2026-10-02 16:21:07,894 - INFO - - user: 0 sequences, 0.00 GB
2026-10-02 16:21:07,894 - INFO - - system: 1 sequences, 0.59 GB
127.0.0.1 - - [02/Oct/2026 16:21:07] "POST /v1/chat/completions HTTP/1.1" 200 -
2026-10-02 16:21:09,146 - INFO - Prompt processing progress: 1820/1821
2026-10-02 16:21:09,192 - INFO - Prompt processing progress: 1821/1821
2026-10-02 16:21:11,602 - WARNING - Failed to parse tool call (ValueError: No function provided.) — tool text was likely truncated mid-generation.
2026-10-02 16:21:11,611 - INFO - Prompt Cache: 1 sequences, 0.59 GB
2026-10-02 16:21:11,611 - INFO - - assistant: 0 sequences, 0.00 GB
2026-10-02 16:21:11,611 - INFO - - user: 0 sequences, 0.00 GB
2026-10-02 16:21:11,611 - INFO - - system: 1 sequences, 0.59 GB
127.0.0.1 - - [02/Oct/2026 16:21:11] "POST /v1/chat/completions HTTP/1.1" 200 -
2026-10-02 16:21:12,919 - INFO - Prompt processing progress: 1923/1924
2026-10-02 16:21:12,966 - INFO - Prompt processing progress: 1924/1924
2026-10-02 16:21:20,179 - INFO - Prompt Cache: 1 sequences, 0.59 GB
2026-10-02 16:21:20,179 - INFO - - assistant: 0 sequences, 0.00 GB
2026-10-02 16:21:20,179 - INFO - - user: 0 sequences, 0.00 GB
2026-10-02 16:21:20,179 - INFO - - system: 1 sequences, 0.59 GB
127.0.0.1 - - [02/Oct/2026 16:21:20] "POST /v1/chat/completions HTTP/1.1" 200 -
2026-10-02 16:21:21,459 - INFO - Prompt processing progress: 2048/6500
2026-10-02 16:21:22,656 - INFO - Prompt processing progress: 4096/6500
2026-10-02 16:21:23,874 - INFO - Prompt processing progress: 6144/6500
2026-10-02 16:21:23,983 - INFO - Prompt processing progress: 6200/6500
2026-10-02 16:21:24,235 - INFO - Prompt processing progress: 6498/6500
2026-10-02 16:21:24,273 - INFO - Prompt processing progress: 6499/6500
2026-10-02 16:21:24,314 - INFO - Prompt processing progress: 6500/6500
2026-10-02 16:21:26,254 - INFO - Prompt Cache: 1 sequences, 0.56 GB
2026-10-02 16:21:26,255 - INFO - - assistant: 0 sequences, 0.00 GB
2026-10-02 16:21:26,255 - INFO - - user: 0 sequences, 0.00 GB
2026-10-02 16:21:26,255 - INFO - - system: 1 sequences, 0.56 GB
127.0.0.1 - - [02/Oct/2026 16:21:26] "POST /v1/chat/completions HTTP/1.1" 200 -
2026-10-02 16:21:27,584 - INFO - Prompt processing progress: 2048/3409
2026-10-02 16:21:28,480 - INFO - Prompt processing progress: 3408/3409
2026-10-02 16:21:28,527 - INFO - Prompt processing progress: 3409/3409
2026-10-02 16:21:31,565 - INFO - Prompt Cache: 1 sequences, 0.56 GB
2026-10-02 16:21:31,565 - INFO - - assistant: 0 sequences, 0.00 GB
2026-10-02 16:21:31,565 - INFO - - user: 0 sequences, 0.00 GB
2026-10-02 16:21:31,565 - INFO - - system: 1 sequences, 0.56 GB
127.0.0.1 - - [02/Oct/2026 16:21:31] "POST /v1/chat/completions HTTP/1.1" 200 -
2026-10-02 16:21:32,895 - INFO - Prompt processing progress: 2048/6557
2026-10-02 16:21:34,152 - INFO - Prompt processing progress: 4096/6557
2026-10-02 16:21:35,435 - INFO - Prompt processing progress: 6144/6557
2026-10-02 16:21:35,788 - INFO - Prompt processing progress: 6556/6557
2026-10-02 16:21:35,838 - INFO - Prompt processing progress: 6557/6557
2026-10-02 16:21:37,464 - INFO - Prompt Cache: 1 sequences, 0.56 GB
2026-10-02 16:21:37,464 - INFO - - assistant: 0 sequences, 0.00 GB
2026-10-02 16:21:37,464 - INFO - - user: 0 sequences, 0.00 GB
2026-10-02 16:21:37,464 - INFO - - system: 1 sequences, 0.56 GB
127.0.0.1 - - [02/Oct/2026 16:21:37] "POST /v1/chat/completions HTTP/1.1" 200 -
2026-10-02 16:21:38,791 - INFO - Prompt processing progress: 2048/9666
2026-10-02 16:21:40,050 - INFO - Prompt processing progress: 4096/9666
2026-10-02 16:21:41,333 - INFO - Prompt processing progress: 6144/9666
2026-10-02 16:21:42,637 - INFO - Prompt processing progress: 8192/9666
2026-10-02 16:21:43,661 - INFO - Prompt processing progress: 9665/9666
2026-10-02 16:21:43,715 - INFO - Prompt processing progress: 9666/9666
2026-10-02 16:21:46,318 - WARNING - Failed to parse tool call (ValueError: No function provided.) — tool text was likely truncated mid-generation.
2026-10-02 16:21:46,332 - INFO - Prompt Cache: 1 sequences, 0.56 GB
2026-10-02 16:21:46,332 - INFO - - assistant: 0 sequences, 0.00 GB
2026-10-02 16:21:46,332 - INFO - - user: 0 sequences, 0.00 GB
2026-10-02 16:21:46,332 - INFO - - system: 1 sequences, 0.56 GB
127.0.0.1 - - [02/Oct/2026 16:21:46] "POST /v1/chat/completions HTTP/1.1" 200 -
2026-10-02 16:21:47,665 - INFO - Prompt processing progress: 2048/12759
2026-10-02 16:21:48,924 - INFO - Prompt processing progress: 4096/12759
2026-10-02 16:21:50,208 - INFO - Prompt processing progress: 6144/12759
2026-10-02 16:21:51,518 - INFO - Prompt processing progress: 8192/12759
2026-10-02 16:21:52,848 - INFO - Prompt processing progress: 10240/12759
2026-10-02 16:21:54,228 - INFO - Prompt processing progress: 12288/12759
2026-10-02 16:21:54,652 - INFO - Prompt processing progress: 12758/12759
2026-10-02 16:21:54,706 - INFO - Prompt processing progress: 12759/12759
2026-10-02 16:21:58,391 - INFO - Prompt Cache: 1 sequences, 0.56 GB
2026-10-02 16:21:58,391 - INFO - - assistant: 0 sequences, 0.00 GB
2026-10-02 16:21:58,391 - INFO - - user: 0 sequences, 0.00 GB
2026-10-02 16:21:58,391 - INFO - - system: 1 sequences, 0.56 GB
127.0.0.1 - - [02/Oct/2026 16:21:58] "POST /v1/chat/completions HTTP/1.1" 200 -
2026-10-02 16:21:59,723 - INFO - Prompt processing progress: 2048/19109
2026-10-02 16:22:00,984 - INFO - Prompt processing progress: 4096/19109
2026-10-02 16:22:02,264 - INFO - Prompt processing progress: 6144/19109
2026-10-02 16:22:03,570 - INFO - Prompt processing progress: 8192/19109
2026-10-02 16:22:04,898 - INFO - Prompt processing progress: 10240/19109
2026-10-02 16:22:06,252 - INFO - Prompt processing progress: 12288/19109
2026-10-02 16:22:07,631 - INFO - Prompt processing progress: 14336/19109
2026-10-02 16:22:09,034 - INFO - Prompt processing progress: 16384/19109
2026-10-02 16:22:10,460 - INFO - Prompt processing progress: 18432/19109
2026-10-02 16:22:11,062 - INFO - Prompt processing progress: 19108/19109
2026-10-02 16:22:11,119 - INFO - Prompt processing progress: 19109/19109
2026-10-02 16:22:15,467 - INFO - Prompt Cache: 1 sequences, 0.56 GB
2026-10-02 16:22:15,467 - INFO - - assistant: 0 sequences, 0.00 GB
2026-10-02 16:22:15,467 - INFO - - user: 0 sequences, 0.00 GB
2026-10-02 16:22:15,467 - INFO - - system: 1 sequences, 0.56 GB
127.0.0.1 - - [02/Oct/2026 16:22:15] "POST /v1/chat/completions HTTP/1.1" 200 -
2026-10-02 16:22:16,809 - INFO - Prompt processing progress: 2048/22043
2026-10-02 16:22:18,068 - INFO - Prompt processing progress: 4096/22043
2026-10-02 16:22:19,350 - INFO - Prompt processing progress: 6144/22043
2026-10-02 16:22:20,657 - INFO - Prompt processing progress: 8192/22043
2026-10-02 16:22:21,989 - INFO - Prompt processing progress: 10240/22043
2026-10-02 16:22:23,348 - INFO - Prompt processing progress: 12288/22043
2026-10-02 16:22:24,725 - INFO - Prompt processing progress: 14336/22043
2026-10-02 16:22:26,129 - INFO - Prompt processing progress: 16384/22043
2026-10-02 16:22:27,556 - INFO - Prompt processing progress: 18432/22043
2026-10-02 16:22:29,012 - INFO - Prompt processing progress: 20480/22043
2026-10-02 16:22:30,214 - INFO - Prompt processing progress: 22042/22043
2026-10-02 16:22:30,275 - INFO - Prompt processing progress: 22043/22043
2026-10-02 16:22:32,325 - INFO - Prompt Cache: 1 sequences, 0.56 GB
2026-10-02 16:22:32,325 - INFO - - assistant: 0 sequences, 0.00 GB
2026-10-02 16:22:32,325 - INFO - - user: 0 sequences, 0.00 GB
2026-10-02 16:22:32,325 - INFO - - system: 1 sequences, 0.56 GB
127.0.0.1 - - [02/Oct/2026 16:22:32] "POST /v1/chat/completions HTTP/1.1" 200 -
2026-10-02 16:22:33,654 - INFO - Prompt processing progress: 2048/22452
2026-10-02 16:22:34,915 - INFO - Prompt processing progress: 4096/22452
2026-10-02 16:22:36,198 - INFO - Prompt processing progress: 6144/22452
2026-10-02 16:22:37,503 - INFO - Prompt processing progress: 8192/22452
2026-10-02 16:22:38,838 - INFO - Prompt processing progress: 10240/22452
2026-10-02 16:22:40,191 - INFO - Prompt processing progress: 12288/22452
2026-10-02 16:22:41,568 - INFO - Prompt processing progress: 14336/22452
2026-10-02 16:22:42,969 - INFO - Prompt processing progress: 16384/22452
2026-10-02 16:22:44,395 - INFO - Prompt processing progress: 18432/22452
2026-10-02 16:22:45,852 - INFO - Prompt processing progress: 20480/22452
2026-10-02 16:22:47,325 - INFO - Prompt processing progress: 22451/22452
2026-10-02 16:22:47,387 - INFO - Prompt processing progress: 22452/22452
2026-10-02 16:22:51,053 - INFO - Prompt Cache: 1 sequences, 0.56 GB
2026-10-02 16:22:51,053 - INFO - - assistant: 0 sequences, 0.00 GB
2026-10-02 16:22:51,053 - INFO - - user: 0 sequences, 0.00 GB
2026-10-02 16:22:51,053 - INFO - - system: 1 sequences, 0.56 GB
127.0.0.1 - - [02/Oct/2026 16:22:51] "POST /v1/chat/completions HTTP/1.1" 200 -
2026-10-02 16:22:52,396 - INFO - Prompt processing progress: 2048/22574
2026-10-02 16:22:53,668 - INFO - Prompt processing progress: 4096/22574
2026-10-02 16:22:54,959 - INFO - Prompt processing progress: 6144/22574
2026-10-02 16:22:56,267 - INFO - Prompt processing progress: 8192/22574
2026-10-02 16:22:57,595 - INFO - Prompt processing progress: 10240/22574
2026-10-02 16:22:58,947 - INFO - Prompt processing progress: 12288/22574
2026-10-02 16:23:00,328 - INFO - Prompt processing progress: 14336/22574
2026-10-02 16:23:01,729 - INFO - Prompt processing progress: 16384/22574
2026-10-02 16:23:03,155 - INFO - Prompt processing progress: 18432/22574
2026-10-02 16:23:04,610 - INFO - Prompt processing progress: 20480/22574
2026-10-02 16:23:06,089 - INFO - Prompt processing progress: 22528/22574
2026-10-02 16:23:06,212 - INFO - Prompt processing progress: 22573/22574
2026-10-02 16:23:06,273 - INFO - Prompt processing progress: 22574/22574
2026-10-02 16:23:11,540 - INFO - Prompt Cache: 1 sequences, 0.56 GB
2026-10-02 16:23:11,540 - INFO - - assistant: 0 sequences, 0.00 GB
2026-10-02 16:23:11,540 - INFO - - user: 0 sequences, 0.00 GB
2026-10-02 16:23:11,540 - INFO - - system: 1 sequences, 0.56 GB
127.0.0.1 - - [02/Oct/2026 16:23:11] "POST /v1/chat/completions HTTP/1.1" 200 -
2026-10-02 16:23:12,807 - INFO - Prompt processing progress: 2048/6458
2026-10-02 16:23:14,008 - INFO - Prompt processing progress: 4096/6458
2026-10-02 16:23:15,227 - INFO - Prompt processing progress: 6144/6458
2026-10-02 16:23:15,367 - INFO - Prompt processing progress: 6261/6458
2026-10-02 16:23:15,577 - INFO - Prompt processing progress: 6456/6458
2026-10-02 16:23:15,617 - INFO - Prompt processing progress: 6457/6458
2026-10-02 16:23:15,658 - INFO - Prompt processing progress: 6458/6458
2026-10-02 16:23:17,936 - INFO - Prompt Cache: 1 sequences, 0.56 GB
2026-10-02 16:23:17,936 - INFO - - assistant: 0 sequences, 0.00 GB
2026-10-02 16:23:17,936 - INFO - - user: 0 sequences, 0.00 GB
2026-10-02 16:23:17,936 - INFO - - system: 1 sequences, 0.56 GB
127.0.0.1 - - [02/Oct/2026 16:23:17] "POST /v1/chat/completions HTTP/1.1" 200 -
2026-10-02 16:23:18,290 - INFO - Prompt processing progress: 287/288
2026-10-02 16:23:18,332 - INFO - Prompt processing progress: 288/288
2026-10-02 16:23:20,253 - INFO - Prompt Cache: 1 sequences, 0.56 GB
2026-10-02 16:23:20,253 - INFO - - assistant: 0 sequences, 0.00 GB
2026-10-02 16:23:20,253 - INFO - - user: 0 sequences, 0.00 GB
2026-10-02 16:23:20,253 - INFO - - system: 1 sequences, 0.56 GB
127.0.0.1 - - [02/Oct/2026 16:23:20] "POST /v1/chat/completions HTTP/1.1" 200 -
2026-10-02 16:23:20,804 - INFO - Prompt processing progress: 631/632
2026-10-02 16:23:20,850 - INFO - Prompt processing progress: 632/632
2026-10-02 16:23:36,820 - INFO - Prompt Cache: 1 sequences, 0.56 GB
2026-10-02 16:23:36,820 - INFO - - assistant: 0 sequences, 0.00 GB
2026-10-02 16:23:36,820 - INFO - - user: 0 sequences, 0.00 GB
2026-10-02 16:23:36,820 - INFO - - system: 1 sequences, 0.56 GB
127.0.0.1 - - [02/Oct/2026 16:23:36] "POST /v1/chat/completions HTTP/1.1" 200 -
2026-10-02 16:23:37,605 - INFO - Prompt processing progress: 1001/1002
2026-10-02 16:23:37,650 - INFO - Prompt processing progress: 1002/1002
2026-10-02 16:23:39,436 - WARNING - Failed to parse tool call (ValueError: No function provided.) — tool text was likely truncated mid-generation.
2026-10-02 16:23:39,443 - INFO - Prompt Cache: 1 sequences, 0.56 GB
2026-10-02 16:23:39,443 - INFO - - assistant: 0 sequences, 0.00 GB
2026-10-02 16:23:39,443 - INFO - - user: 0 sequences, 0.00 GB
2026-10-02 16:23:39,443 - INFO - - system: 1 sequences, 0.56 GB
127.0.0.1 - - [02/Oct/2026 16:23:39] "POST /v1/chat/completions HTTP/1.1" 200 -
2026-10-02 16:23:40,385 - INFO - Prompt processing progress: 1320/1321
2026-10-02 16:23:40,430 - INFO - Prompt processing progress: 1321/1321
2026-10-02 16:23:43,867 - INFO - Prompt Cache: 1 sequences, 0.56 GB
2026-10-02 16:23:43,867 - INFO - - assistant: 0 sequences, 0.00 GB
2026-10-02 16:23:43,867 - INFO - - user: 0 sequences, 0.00 GB
2026-10-02 16:23:43,867 - INFO - - system: 1 sequences, 0.56 GB
127.0.0.1 - - [02/Oct/2026 16:23:43] "POST /v1/chat/completions HTTP/1.1" 200 -
2026-10-02 16:23:44,377 - INFO - Prompt processing progress: 516/1718
2026-10-02 16:23:45,137 - INFO - Prompt processing progress: 1716/1718
2026-10-02 16:23:45,179 - INFO - Prompt processing progress: 1717/1718
2026-10-02 16:23:45,219 - INFO - Prompt processing progress: 1718/1718
2026-10-02 16:23:49,792 - INFO - Prompt Cache: 1 sequences, 0.19 GB
2026-10-02 16:23:49,792 - INFO - - assistant: 0 sequences, 0.00 GB
2026-10-02 16:23:49,792 - INFO - - user: 0 sequences, 0.00 GB
2026-10-02 16:23:49,792 - INFO - - system: 1 sequences, 0.19 GB
127.0.0.1 - - [02/Oct/2026 16:23:49] "POST /v1/chat/completions HTTP/1.1" 200 -
2026-10-02 16:23:50,727 - INFO - Prompt processing progress: 1402/1404
2026-10-02 16:23:50,771 - INFO - Prompt processing progress: 1403/1404
2026-10-02 16:23:50,810 - INFO - Prompt processing progress: 1404/1404
2026-10-02 16:23:53,238 - WARNING - Failed to parse tool call (ValueError: No function provided.) — tool text was likely truncated mid-generation.
2026-10-02 16:23:53,242 - INFO - Prompt Cache: 1 sequences, 0.19 GB
2026-10-02 16:23:53,242 - INFO - - assistant: 0 sequences, 0.00 GB
2026-10-02 16:23:53,242 - INFO - - user: 0 sequences, 0.00 GB
2026-10-02 16:23:53,242 - INFO - - system: 1 sequences, 0.19 GB
127.0.0.1 - - [02/Oct/2026 16:23:53] "POST /v1/chat/completions HTTP/1.1" 200 -
2026-10-02 16:23:54,252 - INFO - Prompt processing progress: 1523/1525
2026-10-02 16:23:54,293 - INFO - Prompt processing progress: 1524/1525
2026-10-02 16:23:54,333 - INFO - Prompt processing progress: 1525/1525
2026-10-02 16:23:56,396 - WARNING - Failed to parse tool call (ValueError: No function provided.) — tool text was likely truncated mid-generation.
2026-10-02 16:23:56,400 - INFO - Prompt Cache: 1 sequences, 0.19 GB
2026-10-02 16:23:56,400 - INFO - - assistant: 0 sequences, 0.00 GB
2026-10-02 16:23:56,400 - INFO - - user: 0 sequences, 0.00 GB
2026-10-02 16:23:56,400 - INFO - - system: 1 sequences, 0.19 GB
127.0.0.1 - - [02/Oct/2026 16:23:56] "POST /v1/chat/completions HTTP/1.1" 200 -
2026-10-02 16:23:57,472 - INFO - Prompt processing progress: 1624/1626
2026-10-02 16:23:57,514 - INFO - Prompt processing progress: 1625/1626
2026-10-02 16:23:57,553 - INFO - Prompt processing progress: 1626/1626
2026-10-02 16:23:58,882 - WARNING - Failed to parse tool call (ValueError: No function provided.) — tool text was likely truncated mid-generation.
2026-10-02 16:23:58,887 - INFO - Prompt Cache: 1 sequences, 0.19 GB
2026-10-02 16:23:58,887 - INFO - - assistant: 0 sequences, 0.00 GB
2026-10-02 16:23:58,887 - INFO - - user: 0 sequences, 0.00 GB
2026-10-02 16:23:58,887 - INFO - - system: 1 sequences, 0.19 GB
127.0.0.1 - - [02/Oct/2026 16:23:58] "POST /v1/chat/completions HTTP/1.1" 200 -
2026-10-02 16:24:00,149 - INFO - Prompt processing progress: 2048/2710
2026-10-02 16:24:00,619 - INFO - Prompt processing progress: 2708/2710
2026-10-02 16:24:00,661 - INFO - Prompt processing progress: 2709/2710
2026-10-02 16:24:00,701 - INFO - Prompt processing progress: 2710/2710
2026-10-02 16:24:02,605 - WARNING - Failed to parse tool call (ValueError: No function provided.) — tool text was likely truncated mid-generation.
2026-10-02 16:24:02,610 - INFO - Prompt Cache: 1 sequences, 0.19 GB
2026-10-02 16:24:02,610 - INFO - - assistant: 0 sequences, 0.00 GB
2026-10-02 16:24:02,610 - INFO - - user: 0 sequences, 0.00 GB
2026-10-02 16:24:02,610 - INFO - - system: 1 sequences, 0.19 GB
127.0.0.1 - - [02/Oct/2026 16:24:02] "POST /v1/chat/completions HTTP/1.1" 200 -
2026-10-02 16:24:03,871 - INFO - Prompt processing progress: 2048/2806
2026-10-02 16:24:04,387 - INFO - Prompt processing progress: 2804/2806
2026-10-02 16:24:04,429 - INFO - Prompt processing progress: 2805/2806
2026-10-02 16:24:04,468 - INFO - Prompt processing progress: 2806/2806
2026-10-02 16:24:05,808 - WARNING - Failed to parse tool call (ValueError: No function provided.) — tool text was likely truncated mid-generation.
2026-10-02 16:24:05,812 - INFO - Prompt Cache: 1 sequences, 0.19 GB
2026-10-02 16:24:05,812 - INFO - - assistant: 0 sequences, 0.00 GB
2026-10-02 16:24:05,812 - INFO - - user: 0 sequences, 0.00 GB
2026-10-02 16:24:05,812 - INFO - - system: 1 sequences, 0.19 GB
127.0.0.1 - - [02/Oct/2026 16:24:05] "POST /v1/chat/completions HTTP/1.1" 200 -
2026-10-02 16:24:07,075 - INFO - Prompt processing progress: 2048/2917
2026-10-02 16:24:07,663 - INFO - Prompt processing progress: 2915/2917
2026-10-02 16:24:07,707 - INFO - Prompt processing progress: 2916/2917
2026-10-02 16:24:07,746 - INFO - Prompt processing progress: 2917/2917
2026-10-02 16:24:08,736 - INFO - Prompt Cache: 1 sequences, 0.19 GB
2026-10-02 16:24:08,736 - INFO - - assistant: 0 sequences, 0.00 GB
2026-10-02 16:24:08,736 - INFO - - user: 0 sequences, 0.00 GB
2026-10-02 16:24:08,736 - INFO - - system: 1 sequences, 0.19 GB
127.0.0.1 - - [02/Oct/2026 16:24:08] "POST /v1/chat/completions HTTP/1.1" 200 -
2026-10-02 16:24:10,000 - INFO - Prompt processing progress: 2048/5501
2026-10-02 16:24:11,193 - INFO - Prompt processing progress: 4096/5501
2026-10-02 16:24:12,067 - INFO - Prompt processing progress: 5499/5501
2026-10-02 16:24:12,110 - INFO - Prompt processing progress: 5500/5501
2026-10-02 16:24:12,153 - INFO - Prompt processing progress: 5501/5501
2026-10-02 16:24:16,626 - INFO - Prompt Cache: 1 sequences, 0.19 GB
2026-10-02 16:24:16,626 - INFO - - assistant: 0 sequences, 0.00 GB
2026-10-02 16:24:16,626 - INFO - - user: 0 sequences, 0.00 GB
2026-10-02 16:24:16,626 - INFO - - system: 1 sequences, 0.19 GB
127.0.0.1 - - [02/Oct/2026 16:24:16] "POST /v1/chat/completions HTTP/1.1" 200 -
2026-10-02 16:24:17,888 - INFO - Prompt processing progress: 2048/5727
2026-10-02 16:24:19,081 - INFO - Prompt processing progress: 4096/5727
2026-10-02 16:24:20,110 - INFO - Prompt processing progress: 5725/5727
2026-10-02 16:24:20,155 - INFO - Prompt processing progress: 5726/5727
2026-10-02 16:24:20,195 - INFO - Prompt processing progress: 5727/5727
2026-10-02 16:24:21,509 - WARNING - Failed to parse tool call (ValueError: No function provided.) — tool text was likely truncated mid-generation.
2026-10-02 16:24:21,515 - INFO - Prompt Cache: 1 sequences, 0.19 GB
2026-10-02 16:24:21,515 - INFO - - assistant: 0 sequences, 0.00 GB
2026-10-02 16:24:21,515 - INFO - - user: 0 sequences, 0.00 GB
2026-10-02 16:24:21,515 - INFO - - system: 1 sequences, 0.19 GB
127.0.0.1 - - [02/Oct/2026 16:24:21] "POST /v1/chat/completions HTTP/1.1" 200 -
2026-10-02 16:24:22,783 - INFO - Prompt processing progress: 2048/6501
2026-10-02 16:24:23,976 - INFO - Prompt processing progress: 4096/6501
2026-10-02 16:24:25,190 - INFO - Prompt processing progress: 6144/6501
2026-10-02 16:24:25,482 - INFO - Prompt processing progress: 6499/6501
2026-10-02 16:24:25,524 - INFO - Prompt processing progress: 6500/6501
2026-10-02 16:24:25,565 - INFO - Prompt processing progress: 6501/6501
2026-10-02 16:24:30,957 - INFO - Prompt Cache: 1 sequences, 0.19 GB
2026-10-02 16:24:30,957 - INFO - - assistant: 0 sequences, 0.00 GB
2026-10-02 16:24:30,957 - INFO - - user: 0 sequences, 0.00 GB
2026-10-02 16:24:30,957 - INFO - - system: 1 sequences, 0.19 GB
127.0.0.1 - - [02/Oct/2026 16:24:30] "POST /v1/chat/completions HTTP/1.1" 200 -
2026-10-02 16:24:32,219 - INFO - Prompt processing progress: 2048/6952
2026-10-02 16:24:33,413 - INFO - Prompt processing progress: 4096/6952
2026-10-02 16:24:34,629 - INFO - Prompt processing progress: 6144/6952
2026-10-02 16:24:35,203 - INFO - Prompt processing progress: 6950/6952
2026-10-02 16:24:35,247 - INFO - Prompt processing progress: 6951/6952
2026-10-02 16:24:35,291 - INFO - Prompt processing progress: 6952/6952
2026-10-02 16:24:38,568 - INFO - Prompt Cache: 1 sequences, 0.19 GB
2026-10-02 16:24:38,568 - INFO - - assistant: 0 sequences, 0.00 GB
2026-10-02 16:24:38,568 - INFO - - user: 0 sequences, 0.00 GB
2026-10-02 16:24:38,568 - INFO - - system: 1 sequences, 0.19 GB
127.0.0.1 - - [02/Oct/2026 16:24:38] "POST /v1/chat/completions HTTP/1.1" 200 -
2026-10-02 16:24:39,830 - INFO - Prompt processing progress: 2048/7309
2026-10-02 16:24:41,024 - INFO - Prompt processing progress: 4096/7309
2026-10-02 16:24:42,238 - INFO - Prompt processing progress: 6144/7309
2026-10-02 16:24:43,033 - INFO - Prompt processing progress: 7307/7309
2026-10-02 16:24:43,080 - INFO - Prompt processing progress: 7308/7309
2026-10-02 16:24:43,122 - INFO - Prompt processing progress: 7309/7309
2026-10-02 16:24:45,437 - INFO - Prompt Cache: 1 sequences, 0.19 GB
2026-10-02 16:24:45,437 - INFO - - assistant: 0 sequences, 0.00 GB
2026-10-02 16:24:45,437 - INFO - - user: 0 sequences, 0.00 GB
2026-10-02 16:24:45,437 - INFO - - system: 1 sequences, 0.19 GB
127.0.0.1 - - [02/Oct/2026 16:24:45] "POST /v1/chat/completions HTTP/1.1" 200 -
2026-10-02 16:24:46,702 - INFO - Prompt processing progress: 2048/7735
2026-10-02 16:24:47,895 - INFO - Prompt processing progress: 4096/7735
2026-10-02 16:24:49,109 - INFO - Prompt processing progress: 6144/7735
2026-10-02 16:24:50,120 - INFO - Prompt processing progress: 7733/7735
2026-10-02 16:24:50,165 - INFO - Prompt processing progress: 7734/7735
2026-10-02 16:24:50,213 - INFO - Prompt processing progress: 7735/7735
2026-10-02 16:24:53,435 - WARNING - Failed to parse tool call (ValueError: No function provided.) — tool text was likely truncated mid-generation.
2026-10-02 16:24:53,443 - INFO - Prompt Cache: 1 sequences, 0.19 GB
2026-10-02 16:24:53,443 - INFO - - assistant: 0 sequences, 0.00 GB
2026-10-02 16:24:53,443 - INFO - - user: 0 sequences, 0.00 GB
2026-10-02 16:24:53,443 - INFO - - system: 1 sequences, 0.19 GB
127.0.0.1 - - [02/Oct/2026 16:24:53] "POST /v1/chat/completions HTTP/1.1" 200 -
2026-10-02 16:24:54,715 - INFO - Prompt processing progress: 2048/7869
2026-10-02 16:24:55,916 - INFO - Prompt processing progress: 4096/7869
2026-10-02 16:24:57,130 - INFO - Prompt processing progress: 6144/7869
2026-10-02 16:24:58,225 - INFO - Prompt processing progress: 7867/7869
2026-10-02 16:24:58,273 - INFO - Prompt processing progress: 7868/7869
2026-10-02 16:24:58,315 - INFO - Prompt processing progress: 7869/7869
2026-10-02 16:25:01,147 - INFO - Prompt Cache: 1 sequences, 0.19 GB
2026-10-02 16:25:01,147 - INFO - - assistant: 0 sequences, 0.00 GB
2026-10-02 16:25:01,147 - INFO - - user: 0 sequences, 0.00 GB
2026-10-02 16:25:01,147 - INFO - - system: 1 sequences, 0.19 GB
127.0.0.1 - - [02/Oct/2026 16:25:01] "POST /v1/chat/completions HTTP/1.1" 200 -
2026-10-02 16:25:02,410 - INFO - Prompt processing progress: 2048/7991
2026-10-02 16:25:03,612 - INFO - Prompt processing progress: 4096/7991
2026-10-02 16:25:04,828 - INFO - Prompt processing progress: 6144/7991
2026-10-02 16:25:05,990 - INFO - Prompt processing progress: 7989/7991
2026-10-02 16:25:06,036 - INFO - Prompt processing progress: 7990/7991
2026-10-02 16:25:06,078 - INFO - Prompt processing progress: 7991/7991
2026-10-02 16:25:08,871 - INFO - Prompt Cache: 1 sequences, 0.19 GB
2026-10-02 16:25:08,871 - INFO - - assistant: 0 sequences, 0.00 GB
2026-10-02 16:25:08,871 - INFO - - user: 0 sequences, 0.00 GB
2026-10-02 16:25:08,871 - INFO - - system: 1 sequences, 0.19 GB
127.0.0.1 - - [02/Oct/2026 16:25:08] "POST /v1/chat/completions HTTP/1.1" 200 -
2026-10-02 16:25:10,134 - INFO - Prompt processing progress: 2048/8807
2026-10-02 16:25:11,326 - INFO - Prompt processing progress: 4096/8807
2026-10-02 16:25:12,540 - INFO - Prompt processing progress: 6144/8807
2026-10-02 16:25:13,780 - INFO - Prompt processing progress: 8192/8807
2026-10-02 16:25:14,246 - INFO - Prompt processing progress: 8805/8807
2026-10-02 16:25:14,294 - INFO - Prompt processing progress: 8806/8807
2026-10-02 16:25:14,335 - INFO - Prompt processing progress: 8807/8807
2026-10-02 16:25:17,324 - INFO - Prompt Cache: 1 sequences, 0.19 GB
2026-10-02 16:25:17,324 - INFO - - assistant: 0 sequences, 0.00 GB
2026-10-02 16:25:17,324 - INFO - - user: 0 sequences, 0.00 GB
2026-10-02 16:25:17,324 - INFO - - system: 1 sequences, 0.19 GB
127.0.0.1 - - [02/Oct/2026 16:25:17] "POST /v1/chat/completions HTTP/1.1" 200 -
2026-10-02 16:25:18,586 - INFO - Prompt processing progress: 2048/8933
2026-10-02 16:25:19,780 - INFO - Prompt processing progress: 4096/8933
2026-10-02 16:25:20,995 - INFO - Prompt processing progress: 6144/8933
2026-10-02 16:25:22,238 - INFO - Prompt processing progress: 8192/8933
2026-10-02 16:25:22,790 - INFO - Prompt processing progress: 8931/8933
2026-10-02 16:25:22,838 - INFO - Prompt processing progress: 8932/8933
2026-10-02 16:25:22,880 - INFO - Prompt processing progress: 8933/8933
2026-10-02 16:25:24,290 - INFO - Prompt Cache: 1 sequences, 0.19 GB
2026-10-02 16:25:24,290 - INFO - - assistant: 0 sequences, 0.00 GB
2026-10-02 16:25:24,290 - INFO - - user: 0 sequences, 0.00 GB
2026-10-02 16:25:24,290 - INFO - - system: 1 sequences, 0.19 GB
127.0.0.1 - - [02/Oct/2026 16:25:24] "POST /v1/chat/completions HTTP/1.1" 200 -
2026-10-02 16:25:25,554 - INFO - Prompt processing progress: 2048/9350
2026-10-02 16:25:26,751 - INFO - Prompt processing progress: 4096/9350
2026-10-02 16:25:27,965 - INFO - Prompt processing progress: 6144/9350
2026-10-02 16:25:29,203 - INFO - Prompt processing progress: 8192/9350
2026-10-02 16:25:30,007 - INFO - Prompt processing progress: 9348/9350
2026-10-02 16:25:30,055 - INFO - Prompt processing progress: 9349/9350
2026-10-02 16:25:30,097 - INFO - Prompt processing progress: 9350/9350
2026-10-02 16:25:48,055 - INFO - Prompt Cache: 1 sequences, 0.19 GB
2026-10-02 16:25:48,055 - INFO - - assistant: 0 sequences, 0.00 GB
2026-10-02 16:25:48,055 - INFO - - user: 0 sequences, 0.00 GB
2026-10-02 16:25:48,055 - INFO - - system: 1 sequences, 0.19 GB
127.0.0.1 - - [02/Oct/2026 16:25:48] "POST /v1/chat/completions HTTP/1.1" 200 -
2026-10-02 16:25:49,324 - INFO - Prompt processing progress: 2048/9968
2026-10-02 16:25:50,518 - INFO - Prompt processing progress: 4096/9968
2026-10-02 16:25:51,732 - INFO - Prompt processing progress: 6144/9968
2026-10-02 16:25:52,980 - INFO - Prompt processing progress: 8192/9968
2026-10-02 16:25:54,127 - INFO - Prompt processing progress: 9966/9968
2026-10-02 16:25:54,174 - INFO - Prompt processing progress: 9967/9968
2026-10-02 16:25:54,218 - INFO - Prompt processing progress: 9968/9968
2026-10-02 16:25:55,542 - INFO - Prompt Cache: 1 sequences, 0.19 GB
2026-10-02 16:25:55,542 - INFO - - assistant: 0 sequences, 0.00 GB
2026-10-02 16:25:55,542 - INFO - - user: 0 sequences, 0.00 GB
2026-10-02 16:25:55,542 - INFO - - system: 1 sequences, 0.19 GB
127.0.0.1 - - [02/Oct/2026 16:25:55] "POST /v1/chat/completions HTTP/1.1" 200 -
2026-10-02 16:25:56,806 - INFO - Prompt processing progress: 2048/10044
2026-10-02 16:25:58,002 - INFO - Prompt processing progress: 4096/10044
2026-10-02 16:25:59,217 - INFO - Prompt processing progress: 6144/10044
2026-10-02 16:26:00,457 - INFO - Prompt processing progress: 8192/10044
2026-10-02 16:26:01,649 - INFO - Prompt processing progress: 10042/10044
2026-10-02 16:26:01,713 - INFO - Prompt processing progress: 10043/10044
2026-10-02 16:26:01,757 - INFO - Prompt processing progress: 10044/10044
2026-10-02 16:26:05,268 - INFO - Prompt Cache: 1 sequences, 0.19 GB
2026-10-02 16:26:05,268 - INFO - - assistant: 0 sequences, 0.00 GB
2026-10-02 16:26:05,268 - INFO - - user: 0 sequences, 0.00 GB
2026-10-02 16:26:05,268 - INFO - - system: 1 sequences, 0.19 GB
127.0.0.1 - - [02/Oct/2026 16:26:05] "POST /v1/chat/completions HTTP/1.1" 200 -
2026-10-02 16:26:06,535 - INFO - Prompt processing progress: 2048/10185
2026-10-02 16:26:07,728 - INFO - Prompt processing progress: 4096/10185
2026-10-02 16:26:08,950 - INFO - Prompt processing progress: 6144/10185
2026-10-02 16:26:10,193 - INFO - Prompt processing progress: 8192/10185
2026-10-02 16:26:11,469 - INFO - Prompt processing progress: 10183/10185
2026-10-02 16:26:11,516 - INFO - Prompt processing progress: 10184/10185
2026-10-02 16:26:11,560 - INFO - Prompt processing progress: 10185/10185
2026-10-02 16:26:13,256 - INFO - Prompt Cache: 1 sequences, 0.19 GB
2026-10-02 16:26:13,256 - INFO - - assistant: 0 sequences, 0.00 GB
2026-10-02 16:26:13,256 - INFO - - user: 0 sequences, 0.00 GB
2026-10-02 16:26:13,256 - INFO - - system: 1 sequences, 0.19 GB
127.0.0.1 - - [02/Oct/2026 16:26:13] "POST /v1/chat/completions HTTP/1.1" 200 -
2026-10-02 16:26:14,523 - INFO - Prompt processing progress: 2048/10975
2026-10-02 16:26:15,715 - INFO - Prompt processing progress: 4096/10975
2026-10-02 16:26:16,932 - INFO - Prompt processing progress: 6144/10975
2026-10-02 16:26:18,171 - INFO - Prompt processing progress: 8192/10975
2026-10-02 16:26:19,436 - INFO - Prompt processing progress: 10240/10975
2026-10-02 16:26:20,004 - INFO - Prompt processing progress: 10973/10975
2026-10-02 16:26:20,051 - INFO - Prompt processing progress: 10974/10975
2026-10-02 16:26:20,093 - INFO - Prompt processing progress: 10975/10975
2026-10-02 16:26:22,061 - INFO - Prompt Cache: 1 sequences, 0.19 GB
2026-10-02 16:26:22,061 - INFO - - assistant: 0 sequences, 0.00 GB
2026-10-02 16:26:22,061 - INFO - - user: 0 sequences, 0.00 GB
2026-10-02 16:26:22,061 - INFO - - system: 1 sequences, 0.19 GB
127.0.0.1 - - [02/Oct/2026 16:26:22] "POST /v1/chat/completions HTTP/1.1" 200 -
2026-10-02 16:26:23,334 - INFO - Prompt processing progress: 2048/11257
2026-10-02 16:26:24,528 - INFO - Prompt processing progress: 4096/11257
2026-10-02 16:26:25,740 - INFO - Prompt processing progress: 6144/11257
2026-10-02 16:26:26,980 - INFO - Prompt processing progress: 8192/11257
2026-10-02 16:26:28,244 - INFO - Prompt processing progress: 10240/11257
2026-10-02 16:26:28,984 - INFO - Prompt processing progress: 11255/11257
2026-10-02 16:26:29,031 - INFO - Prompt processing progress: 11256/11257
2026-10-02 16:26:29,086 - INFO - Prompt processing progress: 11257/11257
2026-10-02 16:26:32,916 - INFO - Prompt Cache: 1 sequences, 0.19 GB
2026-10-02 16:26:32,916 - INFO - - assistant: 0 sequences, 0.00 GB
2026-10-02 16:26:32,916 - INFO - - user: 0 sequences, 0.00 GB
2026-10-02 16:26:32,916 - INFO - - system: 1 sequences, 0.19 GB
127.0.0.1 - - [02/Oct/2026 16:26:32] "POST /v1/chat/completions HTTP/1.1" 200 -
2026-10-02 16:26:34,179 - INFO - Prompt processing progress: 2048/11422
2026-10-02 16:26:35,373 - INFO - Prompt processing progress: 4096/11422
2026-10-02 16:26:36,589 - INFO - Prompt processing progress: 6144/11422
2026-10-02 16:26:37,828 - INFO - Prompt processing progress: 8192/11422
2026-10-02 16:26:39,091 - INFO - Prompt processing progress: 10240/11422
2026-10-02 16:26:39,922 - INFO - Prompt processing progress: 11420/11422
2026-10-02 16:26:39,970 - INFO - Prompt processing progress: 11421/11422
2026-10-02 16:26:40,013 - INFO - Prompt processing progress: 11422/11422
2026-10-02 16:26:41,685 - WARNING - Failed to parse tool call (ValueError: No function provided.) — tool text was likely truncated mid-generation.
2026-10-02 16:26:41,696 - INFO - Prompt Cache: 1 sequences, 0.19 GB
2026-10-02 16:26:41,696 - INFO - - assistant: 0 sequences, 0.00 GB
2026-10-02 16:26:41,696 - INFO - - user: 0 sequences, 0.00 GB
2026-10-02 16:26:41,696 - INFO - - system: 1 sequences, 0.19 GB
127.0.0.1 - - [02/Oct/2026 16:26:41] "POST /v1/chat/completions HTTP/1.1" 200 -
2026-10-02 16:26:42,961 - INFO - Prompt processing progress: 2048/11940
2026-10-02 16:26:44,155 - INFO - Prompt processing progress: 4096/11940
2026-10-02 16:26:45,370 - INFO - Prompt processing progress: 6144/11940
2026-10-02 16:26:46,609 - INFO - Prompt processing progress: 8192/11940
2026-10-02 16:26:47,875 - INFO - Prompt processing progress: 10240/11940
2026-10-02 16:26:49,007 - INFO - Prompt processing progress: 11938/11940
2026-10-02 16:26:49,056 - INFO - Prompt processing progress: 11939/11940
2026-10-02 16:26:49,099 - INFO - Prompt processing progress: 11940/11940
2026-10-02 16:26:56,139 - INFO - Prompt Cache: 1 sequences, 0.19 GB
2026-10-02 16:26:56,139 - INFO - - assistant: 0 sequences, 0.00 GB
2026-10-02 16:26:56,139 - INFO - - user: 0 sequences, 0.00 GB
2026-10-02 16:26:56,139 - INFO - - system: 1 sequences, 0.19 GB
127.0.0.1 - - [02/Oct/2026 16:26:56] "POST /v1/chat/completions HTTP/1.1" 200 -
2026-10-02 16:26:57,402 - INFO - Prompt processing progress: 2048/12209
2026-10-02 16:26:58,597 - INFO - Prompt processing progress: 4096/12209
2026-10-02 16:26:59,812 - INFO - Prompt processing progress: 6144/12209
2026-10-02 16:27:01,050 - INFO - Prompt processing progress: 8192/12209
2026-10-02 16:27:02,314 - INFO - Prompt processing progress: 10240/12209
2026-10-02 16:27:03,589 - INFO - Prompt processing progress: 12207/12209
2026-10-02 16:27:03,650 - INFO - Prompt processing progress: 12208/12209
2026-10-02 16:27:03,693 - INFO - Prompt processing progress: 12209/12209
2026-10-02 16:27:04,768 - INFO - Prompt Cache: 1 sequences, 0.19 GB
2026-10-02 16:27:04,768 - INFO - - assistant: 0 sequences, 0.00 GB
2026-10-02 16:27:04,768 - INFO - - user: 0 sequences, 0.00 GB
2026-10-02 16:27:04,768 - INFO - - system: 1 sequences, 0.19 GB
127.0.0.1 - - [02/Oct/2026 16:27:04] "POST /v1/chat/completions HTTP/1.1" 200 -
2026-10-02 16:27:06,031 - INFO - Prompt processing progress: 2048/12278
2026-10-02 16:27:07,227 - INFO - Prompt processing progress: 4096/12278
2026-10-02 16:27:08,440 - INFO - Prompt processing progress: 6144/12278
2026-10-02 16:27:09,679 - INFO - Prompt processing progress: 8192/12278
2026-10-02 16:27:10,942 - INFO - Prompt processing progress: 10240/12278
2026-10-02 16:27:12,256 - INFO - Prompt processing progress: 12276/12278
2026-10-02 16:27:12,305 - INFO - Prompt processing progress: 12277/12278
2026-10-02 16:27:12,350 - INFO - Prompt processing progress: 12278/12278
2026-10-02 16:27:13,176 - WARNING - Failed to parse tool call (ValueError: No function provided.) — tool text was likely truncated mid-generation.
2026-10-02 16:27:13,187 - INFO - Prompt Cache: 1 sequences, 0.19 GB
2026-10-02 16:27:13,187 - INFO - - assistant: 0 sequences, 0.00 GB
2026-10-02 16:27:13,187 - INFO - - user: 0 sequences, 0.00 GB
2026-10-02 16:27:13,187 - INFO - - system: 1 sequences, 0.19 GB
127.0.0.1 - - [02/Oct/2026 16:27:13] "POST /v1/chat/completions HTTP/1.1" 200 -
2026-10-02 16:27:14,456 - INFO - Prompt processing progress: 2048/12770
2026-10-02 16:27:15,650 - INFO - Prompt processing progress: 4096/12770
2026-10-02 16:27:16,873 - INFO - Prompt processing progress: 6144/12770
2026-10-02 16:27:18,112 - INFO - Prompt processing progress: 8192/12770
2026-10-02 16:27:19,375 - INFO - Prompt processing progress: 10240/12770
2026-10-02 16:27:20,663 - INFO - Prompt processing progress: 12288/12770
2026-10-02 16:27:21,064 - INFO - Prompt processing progress: 12768/12770
2026-10-02 16:27:21,111 - INFO - Prompt processing progress: 12769/12770
2026-10-02 16:27:21,167 - INFO - Prompt processing progress: 12770/12770
2026-10-02 16:27:22,308 - INFO - Prompt Cache: 1 sequences, 0.19 GB
2026-10-02 16:27:22,308 - INFO - - assistant: 0 sequences, 0.00 GB
2026-10-02 16:27:22,308 - INFO - - user: 0 sequences, 0.00 GB
2026-10-02 16:27:22,308 - INFO - - system: 1 sequences, 0.19 GB
127.0.0.1 - - [02/Oct/2026 16:27:22] "POST /v1/chat/completions HTTP/1.1" 200 -
2026-10-02 16:27:23,130 - INFO - Prompt processing progress: 1109/1111
2026-10-02 16:27:23,172 - INFO - Prompt processing progress: 1110/1111
2026-10-02 16:27:23,212 - INFO - Prompt processing progress: 1111/1111
2026-10-02 16:27:26,551 - WARNING - Failed to parse tool call (ValueError: No function provided.) — tool text was likely truncated mid-generation.
2026-10-02 16:27:26,555 - INFO - Prompt Cache: 1 sequences, 0.19 GB
2026-10-02 16:27:26,555 - INFO - - assistant: 0 sequences, 0.00 GB
2026-10-02 16:27:26,555 - INFO - - user: 0 sequences, 0.00 GB
2026-10-02 16:27:26,555 - INFO - - system: 1 sequences, 0.19 GB
127.0.0.1 - - [02/Oct/2026 16:27:26] "POST /v1/chat/completions HTTP/1.1" 200 -
2026-10-02 16:27:27,556 - INFO - Prompt processing progress: 1528/1530
2026-10-02 16:27:27,597 - INFO - Prompt processing progress: 1529/1530
2026-10-02 16:27:27,637 - INFO - Prompt processing progress: 1530/1530
2026-10-02 16:27:29,558 - WARNING - Failed to parse tool call (ValueError: No function provided.) — tool text was likely truncated mid-generation.
2026-10-02 16:27:29,562 - INFO - Prompt Cache: 1 sequences, 0.19 GB
2026-10-02 16:27:29,563 - INFO - - assistant: 0 sequences, 0.00 GB
2026-10-02 16:27:29,563 - INFO - - user: 0 sequences, 0.00 GB
2026-10-02 16:27:29,563 - INFO - - system: 1 sequences, 0.19 GB
127.0.0.1 - - [02/Oct/2026 16:27:29] "POST /v1/chat/completions HTTP/1.1" 200 -
2026-10-02 16:27:30,828 - INFO - Prompt processing progress: 2017/2019
2026-10-02 16:27:30,870 - INFO - Prompt processing progress: 2018/2019
2026-10-02 16:27:30,910 - INFO - Prompt processing progress: 2019/2019
2026-10-02 16:27:32,439 - WARNING - Failed to parse tool call (ValueError: No function provided.) — tool text was likely truncated mid-generation.
2026-10-02 16:27:32,444 - INFO - Prompt Cache: 1 sequences, 0.19 GB
2026-10-02 16:27:32,444 - INFO - - assistant: 0 sequences, 0.00 GB
2026-10-02 16:27:32,444 - INFO - - user: 0 sequences, 0.00 GB
2026-10-02 16:27:32,444 - INFO - - system: 1 sequences, 0.19 GB
127.0.0.1 - - [02/Oct/2026 16:27:32] "POST /v1/chat/completions HTTP/1.1" 200 -
2026-10-02 16:27:33,707 - INFO - Prompt processing progress: 2048/2287
2026-10-02 16:27:33,912 - INFO - Prompt processing progress: 2285/2287
2026-10-02 16:27:33,954 - INFO - Prompt processing progress: 2286/2287
2026-10-02 16:27:33,993 - INFO - Prompt processing progress: 2287/2287
2026-10-02 16:27:35,755 - WARNING - Failed to parse tool call (ValueError: No function provided.) — tool text was likely truncated mid-generation.
2026-10-02 16:27:35,759 - INFO - Prompt Cache: 1 sequences, 0.19 GB
2026-10-02 16:27:35,759 - INFO - - assistant: 0 sequences, 0.00 GB
2026-10-02 16:27:35,759 - INFO - - user: 0 sequences, 0.00 GB
2026-10-02 16:27:35,759 - INFO - - system: 1 sequences, 0.19 GB
127.0.0.1 - - [02/Oct/2026 16:27:35] "POST /v1/chat/completions HTTP/1.1" 200 -
2026-10-02 16:27:37,020 - INFO - Prompt processing progress: 2048/2497
2026-10-02 16:27:37,348 - INFO - Prompt processing progress: 2495/2497
2026-10-02 16:27:37,389 - INFO - Prompt processing progress: 2496/2497
2026-10-02 16:27:37,431 - INFO - Prompt processing progress: 2497/2497
2026-10-02 16:27:39,192 - WARNING - Failed to parse tool call (ValueError: No function provided.) — tool text was likely truncated mid-generation.
2026-10-02 16:27:39,197 - INFO - Prompt Cache: 1 sequences, 0.19 GB
2026-10-02 16:27:39,197 - INFO - - assistant: 0 sequences, 0.00 GB
2026-10-02 16:27:39,197 - INFO - - user: 0 sequences, 0.00 GB
2026-10-02 16:27:39,197 - INFO - - system: 1 sequences, 0.19 GB
127.0.0.1 - - [02/Oct/2026 16:27:39] "POST /v1/chat/completions HTTP/1.1" 200 -
2026-10-02 16:27:40,461 - INFO - Prompt processing progress: 2048/3089
2026-10-02 16:27:41,169 - INFO - Prompt processing progress: 3087/3089
2026-10-02 16:27:41,212 - INFO - Prompt processing progress: 3088/3089
2026-10-02 16:27:41,253 - INFO - Prompt processing progress: 3089/3089
2026-10-02 16:27:43,615 - WARNING - Failed to parse tool call (ValueError: No function provided.) — tool text was likely truncated mid-generation.
2026-10-02 16:27:43,620 - INFO - Prompt Cache: 1 sequences, 0.19 GB
2026-10-02 16:27:43,620 - INFO - - assistant: 0 sequences, 0.00 GB
2026-10-02 16:27:43,620 - INFO - - user: 0 sequences, 0.00 GB
2026-10-02 16:27:43,620 - INFO - - system: 1 sequences, 0.19 GB
127.0.0.1 - - [02/Oct/2026 16:27:43] "POST /v1/chat/completions HTTP/1.1" 200 -
2026-10-02 16:27:44,883 - INFO - Prompt processing progress: 2048/3550
2026-10-02 16:27:45,804 - INFO - Prompt processing progress: 3548/3550
2026-10-02 16:27:45,847 - INFO - Prompt processing progress: 3549/3550
2026-10-02 16:27:45,889 - INFO - Prompt processing progress: 3550/3550
2026-10-02 16:27:48,289 - WARNING - Failed to parse tool call (ValueError: No function provided.) — tool text was likely truncated mid-generation.
2026-10-02 16:27:48,295 - INFO - Prompt Cache: 1 sequences, 0.19 GB
2026-10-02 16:27:48,295 - INFO - - assistant: 0 sequences, 0.00 GB
2026-10-02 16:27:48,295 - INFO - - user: 0 sequences, 0.00 GB
2026-10-02 16:27:48,295 - INFO - - system: 1 sequences, 0.19 GB
127.0.0.1 - - [02/Oct/2026 16:27:48] "POST /v1/chat/completions HTTP/1.1" 200 -
2026-10-02 16:27:49,558 - INFO - Prompt processing progress: 2048/3912
2026-10-02 16:27:50,692 - INFO - Prompt processing progress: 3910/3912
2026-10-02 16:27:50,737 - INFO - Prompt processing progress: 3911/3912
2026-10-02 16:27:50,777 - INFO - Prompt processing progress: 3912/3912
2026-10-02 16:27:55,723 - INFO - Prompt Cache: 1 sequences, 0.19 GB
2026-10-02 16:27:55,723 - INFO - - assistant: 0 sequences, 0.00 GB
2026-10-02 16:27:55,723 - INFO - - user: 0 sequences, 0.00 GB
2026-10-02 16:27:55,723 - INFO - - system: 1 sequences, 0.19 GB
127.0.0.1 - - [02/Oct/2026 16:27:55] "POST /v1/chat/completions HTTP/1.1" 200 -
2026-10-02 16:27:56,998 - INFO - Prompt processing progress: 2048/4491
2026-10-02 16:27:58,191 - INFO - Prompt processing progress: 4096/4491
2026-10-02 16:27:58,513 - INFO - Prompt processing progress: 4489/4491
2026-10-02 16:27:58,555 - INFO - Prompt processing progress: 4490/4491
2026-10-02 16:27:58,594 - INFO - Prompt processing progress: 4491/4491
2026-10-02 16:28:00,808 - INFO - Prompt Cache: 1 sequences, 0.19 GB
2026-10-02 16:28:00,808 - INFO - - assistant: 0 sequences, 0.00 GB
2026-10-02 16:28:00,808 - INFO - - user: 0 sequences, 0.00 GB
2026-10-02 16:28:00,808 - INFO - - system: 1 sequences, 0.19 GB
127.0.0.1 - - [02/Oct/2026 16:28:00] "POST /v1/chat/completions HTTP/1.1" 200 -
2026-10-02 16:28:02,067 - INFO - Prompt processing progress: 2048/5293
2026-10-02 16:28:03,259 - INFO - Prompt processing progress: 4096/5293
2026-10-02 16:28:04,042 - INFO - Prompt processing progress: 5291/5293
2026-10-02 16:28:04,087 - INFO - Prompt processing progress: 5292/5293
2026-10-02 16:28:04,129 - INFO - Prompt processing progress: 5293/5293
2026-10-02 16:28:06,670 - INFO - Prompt Cache: 1 sequences, 0.19 GB
2026-10-02 16:28:06,670 - INFO - - assistant: 0 sequences, 0.00 GB
2026-10-02 16:28:06,670 - INFO - - user: 0 sequences, 0.00 GB
2026-10-02 16:28:06,670 - INFO - - system: 1 sequences, 0.19 GB
127.0.0.1 - - [02/Oct/2026 16:28:06] "POST /v1/chat/completions HTTP/1.1" 200 -
2026-10-02 16:28:07,935 - INFO - Prompt processing progress: 2048/5623
2026-10-02 16:28:09,129 - INFO - Prompt processing progress: 4096/5623
2026-10-02 16:28:10,077 - INFO - Prompt processing progress: 5621/5623
2026-10-02 16:28:10,121 - INFO - Prompt processing progress: 5622/5623
2026-10-02 16:28:10,166 - INFO - Prompt processing progress: 5623/5623
2026-10-02 16:28:16,417 - INFO - Prompt Cache: 1 sequences, 0.19 GB
2026-10-02 16:28:16,417 - INFO - - assistant: 0 sequences, 0.00 GB
2026-10-02 16:28:16,417 - INFO - - user: 0 sequences, 0.00 GB
2026-10-02 16:28:16,417 - INFO - - system: 1 sequences, 0.19 GB
127.0.0.1 - - [02/Oct/2026 16:28:16] "POST /v1/chat/completions HTTP/1.1" 200 -
2026-10-02 16:28:17,703 - INFO - Prompt processing progress: 2048/6133
2026-10-02 16:28:18,926 - INFO - Prompt processing progress: 4096/6133
2026-10-02 16:28:20,182 - INFO - Prompt processing progress: 6131/6133
2026-10-02 16:28:20,229 - INFO - Prompt processing progress: 6132/6133
2026-10-02 16:28:20,274 - INFO - Prompt processing progress: 6133/6133
2026-10-02 16:28:21,805 - WARNING - Failed to parse tool call (ValueError: No function provided.) — tool text was likely truncated mid-generation.
2026-10-02 16:28:21,812 - INFO - Prompt Cache: 1 sequences, 0.19 GB
2026-10-02 16:28:21,812 - INFO - - assistant: 0 sequences, 0.00 GB
2026-10-02 16:28:21,812 - INFO - - user: 0 sequences, 0.00 GB
2026-10-02 16:28:21,812 - INFO - - system: 1 sequences, 0.19 GB
127.0.0.1 - - [02/Oct/2026 16:28:21] "POST /v1/chat/completions HTTP/1.1" 200 -
2026-10-02 16:28:23,074 - INFO - Prompt processing progress: 2048/6580
2026-10-02 16:28:24,272 - INFO - Prompt processing progress: 4096/6580
2026-10-02 16:28:25,486 - INFO - Prompt processing progress: 6144/6580
2026-10-02 16:28:25,826 - INFO - Prompt processing progress: 6578/6580
2026-10-02 16:28:25,869 - INFO - Prompt processing progress: 6579/6580
2026-10-02 16:28:25,913 - INFO - Prompt processing progress: 6580/6580
2026-10-02 16:28:27,438 - INFO - Prompt Cache: 1 sequences, 0.19 GB
2026-10-02 16:28:27,438 - INFO - - assistant: 0 sequences, 0.00 GB
2026-10-02 16:28:27,438 - INFO - - user: 0 sequences, 0.00 GB
2026-10-02 16:28:27,438 - INFO - - system: 1 sequences, 0.19 GB
127.0.0.1 - - [02/Oct/2026 16:28:27] "POST /v1/chat/completions HTTP/1.1" 200 -
2026-10-02 16:28:28,702 - INFO - Prompt processing progress: 2048/6914
2026-10-02 16:28:29,894 - INFO - Prompt processing progress: 4096/6914
2026-10-02 16:28:31,111 - INFO - Prompt processing progress: 6144/6914
2026-10-02 16:28:31,644 - INFO - Prompt processing progress: 6912/6914
2026-10-02 16:28:31,692 - INFO - Prompt processing progress: 6913/6914
2026-10-02 16:28:31,734 - INFO - Prompt processing progress: 6914/6914
2026-10-02 16:28:39,273 - INFO - Prompt Cache: 1 sequences, 0.19 GB
2026-10-02 16:28:39,273 - INFO - - assistant: 0 sequences, 0.00 GB
2026-10-02 16:28:39,273 - INFO - - user: 0 sequences, 0.00 GB
2026-10-02 16:28:39,273 - INFO - - system: 1 sequences, 0.19 GB
127.0.0.1 - - [02/Oct/2026 16:28:39] "POST /v1/chat/completions HTTP/1.1" 200 -
2026-10-02 16:28:40,535 - INFO - Prompt processing progress: 2048/7179
2026-10-02 16:28:41,729 - INFO - Prompt processing progress: 4096/7179
2026-10-02 16:28:42,946 - INFO - Prompt processing progress: 6144/7179
2026-10-02 16:28:43,676 - INFO - Prompt processing progress: 7177/7179
2026-10-02 16:28:43,722 - INFO - Prompt processing progress: 7178/7179
2026-10-02 16:28:43,764 - INFO - Prompt processing progress: 7179/7179
2026-10-02 16:29:07,862 - INFO - Prompt Cache: 1 sequences, 0.19 GB
2026-10-02 16:29:07,862 - INFO - - assistant: 0 sequences, 0.00 GB
2026-10-02 16:29:07,862 - INFO - - user: 0 sequences, 0.00 GB
2026-10-02 16:29:07,862 - INFO - - system: 1 sequences, 0.19 GB
127.0.0.1 - - [02/Oct/2026 16:29:07] "POST /v1/chat/completions HTTP/1.1" 200 -
2026-10-02 16:29:09,129 - INFO - Prompt processing progress: 2048/7994
2026-10-02 16:29:10,323 - INFO - Prompt processing progress: 4096/7994
2026-10-02 16:29:11,538 - INFO - Prompt processing progress: 6144/7994
2026-10-02 16:29:12,697 - INFO - Prompt processing progress: 7992/7994
2026-10-02 16:29:12,743 - INFO - Prompt processing progress: 7993/7994
2026-10-02 16:29:12,786 - INFO - Prompt processing progress: 7994/7994
2026-10-02 16:29:15,949 - INFO - Prompt Cache: 1 sequences, 0.19 GB
2026-10-02 16:29:15,949 - INFO - - assistant: 0 sequences, 0.00 GB
2026-10-02 16:29:15,949 - INFO - - user: 0 sequences, 0.00 GB
2026-10-02 16:29:15,949 - INFO - - system: 1 sequences, 0.19 GB
127.0.0.1 - - [02/Oct/2026 16:29:15] "POST /v1/chat/completions HTTP/1.1" 200 -
2026-10-02 16:29:17,213 - INFO - Prompt processing progress: 2048/9920
2026-10-02 16:29:18,406 - INFO - Prompt processing progress: 4096/9920
2026-10-02 16:29:19,620 - INFO - Prompt processing progress: 6144/9920
2026-10-02 16:29:20,860 - INFO - Prompt processing progress: 8192/9920
2026-10-02 16:29:21,984 - INFO - Prompt processing progress: 9918/9920
2026-10-02 16:29:22,030 - INFO - Prompt processing progress: 9919/9920
2026-10-02 16:29:22,073 - INFO - Prompt processing progress: 9920/9920
2026-10-02 16:29:26,484 - INFO - Prompt Cache: 1 sequences, 0.19 GB
2026-10-02 16:29:26,484 - INFO - - assistant: 0 sequences, 0.00 GB
2026-10-02 16:29:26,484 - INFO - - user: 0 sequences, 0.00 GB
2026-10-02 16:29:26,484 - INFO - - system: 1 sequences, 0.19 GB
127.0.0.1 - - [02/Oct/2026 16:29:26] "POST /v1/chat/completions HTTP/1.1" 200 -
2026-10-02 16:29:27,749 - INFO - Prompt processing progress: 2048/10422
2026-10-02 16:29:28,942 - INFO - Prompt processing progress: 4096/10422
2026-10-02 16:29:30,158 - INFO - Prompt processing progress: 6144/10422
2026-10-02 16:29:31,398 - INFO - Prompt processing progress: 8192/10422
2026-10-02 16:29:32,661 - INFO - Prompt processing progress: 10240/10422
2026-10-02 16:29:32,850 - INFO - Prompt processing progress: 10420/10422
2026-10-02 16:29:32,897 - INFO - Prompt processing progress: 10421/10422
2026-10-02 16:29:32,939 - INFO - Prompt processing progress: 10422/10422
2026-10-02 16:29:37,731 - INFO - Prompt Cache: 1 sequences, 0.19 GB
2026-10-02 16:29:37,731 - INFO - - assistant: 0 sequences, 0.00 GB
2026-10-02 16:29:37,731 - INFO - - user: 0 sequences, 0.00 GB
2026-10-02 16:29:37,731 - INFO - - system: 1 sequences, 0.19 GB
127.0.0.1 - - [02/Oct/2026 16:29:37] "POST /v1/chat/completions HTTP/1.1" 200 -
2026-10-02 16:29:38,998 - INFO - Prompt processing progress: 2048/10602
2026-10-02 16:29:40,193 - INFO - Prompt processing progress: 4096/10602
2026-10-02 16:29:41,408 - INFO - Prompt processing progress: 6144/10602
2026-10-02 16:29:42,646 - INFO - Prompt processing progress: 8192/10602
2026-10-02 16:29:43,909 - INFO - Prompt processing progress: 10240/10602
2026-10-02 16:29:44,216 - INFO - Prompt processing progress: 10600/10602
2026-10-02 16:29:44,274 - INFO - Prompt processing progress: 10601/10602
2026-10-02 16:29:44,316 - INFO - Prompt processing progress: 10602/10602
2026-10-02 16:29:45,903 - INFO - Prompt Cache: 1 sequences, 0.19 GB
2026-10-02 16:29:45,903 - INFO - - assistant: 0 sequences, 0.00 GB
2026-10-02 16:29:45,903 - INFO - - user: 0 sequences, 0.00 GB
2026-10-02 16:29:45,903 - INFO - - system: 1 sequences, 0.19 GB
127.0.0.1 - - [02/Oct/2026 16:29:45] "POST /v1/chat/completions HTTP/1.1" 200 -
2026-10-02 16:29:47,168 - INFO - Prompt processing progress: 2048/10686
2026-10-02 16:29:48,361 - INFO - Prompt processing progress: 4096/10686
2026-10-02 16:29:49,575 - INFO - Prompt processing progress: 6144/10686
2026-10-02 16:29:50,814 - INFO - Prompt processing progress: 8192/10686
2026-10-02 16:29:52,078 - INFO - Prompt processing progress: 10240/10686
2026-10-02 16:29:52,433 - INFO - Prompt processing progress: 10684/10686
2026-10-02 16:29:52,482 - INFO - Prompt processing progress: 10685/10686
2026-10-02 16:29:52,524 - INFO - Prompt processing progress: 10686/10686
2026-10-02 16:29:56,492 - INFO - Prompt Cache: 1 sequences, 0.19 GB
2026-10-02 16:29:56,492 - INFO - - assistant: 0 sequences, 0.00 GB
2026-10-02 16:29:56,492 - INFO - - user: 0 sequences, 0.00 GB
2026-10-02 16:29:56,492 - INFO - - system: 1 sequences, 0.19 GB
127.0.0.1 - - [02/Oct/2026 16:29:56] "POST /v1/chat/completions HTTP/1.1" 200 -
2026-10-02 16:29:57,758 - INFO - Prompt processing progress: 2048/10917
2026-10-02 16:29:58,953 - INFO - Prompt processing progress: 4096/10917
2026-10-02 16:30:00,166 - INFO - Prompt processing progress: 6144/10917
2026-10-02 16:30:01,405 - INFO - Prompt processing progress: 8192/10917
2026-10-02 16:30:02,669 - INFO - Prompt processing progress: 10240/10917
2026-10-02 16:30:03,187 - INFO - Prompt processing progress: 10915/10917
2026-10-02 16:30:03,235 - INFO - Prompt processing progress: 10916/10917
2026-10-02 16:30:03,278 - INFO - Prompt processing progress: 10917/10917
2026-10-02 16:30:05,506 - INFO - Prompt Cache: 1 sequences, 0.19 GB
2026-10-02 16:30:05,506 - INFO - - assistant: 0 sequences, 0.00 GB
2026-10-02 16:30:05,506 - INFO - - user: 0 sequences, 0.00 GB
2026-10-02 16:30:05,506 - INFO - - system: 1 sequences, 0.19 GB
127.0.0.1 - - [02/Oct/2026 16:30:05] "POST /v1/chat/completions HTTP/1.1" 200 -
2026-10-02 16:30:06,771 - INFO - Prompt processing progress: 2048/11341
2026-10-02 16:30:07,965 - INFO - Prompt processing progress: 4096/11341
2026-10-02 16:30:09,179 - INFO - Prompt processing progress: 6144/11341
2026-10-02 16:30:10,418 - INFO - Prompt processing progress: 8192/11341
2026-10-02 16:30:11,680 - INFO - Prompt processing progress: 10240/11341
2026-10-02 16:30:12,484 - INFO - Prompt processing progress: 11339/11341
2026-10-02 16:30:12,544 - INFO - Prompt processing progress: 11340/11341
2026-10-02 16:30:12,587 - INFO - Prompt processing progress: 11341/11341
2026-10-02 16:30:16,683 - INFO - Prompt Cache: 1 sequences, 0.19 GB
2026-10-02 16:30:16,683 - INFO - - assistant: 0 sequences, 0.00 GB
2026-10-02 16:30:16,683 - INFO - - user: 0 sequences, 0.00 GB
2026-10-02 16:30:16,683 - INFO - - system: 1 sequences, 0.19 GB
127.0.0.1 - - [02/Oct/2026 16:30:16] "POST /v1/chat/completions HTTP/1.1" 200 -
2026-10-02 16:30:17,947 - INFO - Prompt processing progress: 2048/11714
2026-10-02 16:30:19,141 - INFO - Prompt processing progress: 4096/11714
2026-10-02 16:30:20,355 - INFO - Prompt processing progress: 6144/11714
2026-10-02 16:30:21,594 - INFO - Prompt processing progress: 8192/11714
2026-10-02 16:30:22,857 - INFO - Prompt processing progress: 10240/11714
2026-10-02 16:30:23,816 - INFO - Prompt processing progress: 11712/11714
2026-10-02 16:30:23,865 - INFO - Prompt processing progress: 11713/11714
2026-10-02 16:30:23,909 - INFO - Prompt processing progress: 11714/11714
2026-10-02 16:30:30,400 - INFO - Prompt Cache: 1 sequences, 0.19 GB
2026-10-02 16:30:30,400 - INFO - - assistant: 0 sequences, 0.00 GB
2026-10-02 16:30:30,400 - INFO - - user: 0 sequences, 0.00 GB
2026-10-02 16:30:30,400 - INFO - - system: 1 sequences, 0.19 GB
127.0.0.1 - - [02/Oct/2026 16:30:30] "POST /v1/chat/completions HTTP/1.1" 200 -
2026-10-02 16:30:31,665 - INFO - Prompt processing progress: 2048/12175
2026-10-02 16:30:32,860 - INFO - Prompt processing progress: 4096/12175
2026-10-02 16:30:34,075 - INFO - Prompt processing progress: 6144/12175
2026-10-02 16:30:35,314 - INFO - Prompt processing progress: 8192/12175
2026-10-02 16:30:36,576 - INFO - Prompt processing progress: 10240/12175
2026-10-02 16:30:37,845 - INFO - Prompt processing progress: 12173/12175
2026-10-02 16:30:37,895 - INFO - Prompt processing progress: 12174/12175
2026-10-02 16:30:37,937 - INFO - Prompt processing progress: 12175/12175
2026-10-02 16:30:40,046 - INFO - Prompt Cache: 1 sequences, 0.19 GB
2026-10-02 16:30:40,046 - INFO - - assistant: 0 sequences, 0.00 GB
2026-10-02 16:30:40,046 - INFO - - user: 0 sequences, 0.00 GB
2026-10-02 16:30:40,046 - INFO - - system: 1 sequences, 0.19 GB
127.0.0.1 - - [02/Oct/2026 16:30:40] "POST /v1/chat/completions HTTP/1.1" 200 -
2026-10-02 16:30:41,311 - INFO - Prompt processing progress: 2048/12669
2026-10-02 16:30:42,506 - INFO - Prompt processing progress: 4096/12669
2026-10-02 16:30:43,722 - INFO - Prompt processing progress: 6144/12669
2026-10-02 16:30:44,960 - INFO - Prompt processing progress: 8192/12669
2026-10-02 16:30:46,224 - INFO - Prompt processing progress: 10240/12669
2026-10-02 16:30:47,515 - INFO - Prompt processing progress: 12288/12669
2026-10-02 16:30:47,837 - INFO - Prompt processing progress: 12667/12669
2026-10-02 16:30:47,884 - INFO - Prompt processing progress: 12668/12669
2026-10-02 16:30:47,927 - INFO - Prompt processing progress: 12669/12669
2026-10-02 16:30:54,233 - INFO - Prompt Cache: 1 sequences, 0.19 GB
2026-10-02 16:30:54,233 - INFO - - assistant: 0 sequences, 0.00 GB
2026-10-02 16:30:54,233 - INFO - - user: 0 sequences, 0.00 GB
2026-10-02 16:30:54,233 - INFO - - system: 1 sequences, 0.19 GB
127.0.0.1 - - [02/Oct/2026 16:30:54] "POST /v1/chat/completions HTTP/1.1" 200 -
2026-10-02 16:30:55,498 - INFO - Prompt processing progress: 2048/13519
2026-10-02 16:30:56,693 - INFO - Prompt processing progress: 4096/13519
2026-10-02 16:30:57,908 - INFO - Prompt processing progress: 6144/13519
2026-10-02 16:30:59,146 - INFO - Prompt processing progress: 8192/13519
2026-10-02 16:31:00,408 - INFO - Prompt processing progress: 10240/13519
2026-10-02 16:31:01,697 - INFO - Prompt processing progress: 12288/13519
2026-10-02 16:31:02,585 - INFO - Prompt processing progress: 13517/13519
2026-10-02 16:31:02,635 - INFO - Prompt processing progress: 13518/13519
2026-10-02 16:31:02,678 - INFO - Prompt processing progress: 13519/13519
2026-10-02 16:31:05,976 - WARNING - Failed to parse tool call (ValueError: No function provided.) — tool text was likely truncated mid-generation.
2026-10-02 16:31:05,988 - INFO - Prompt Cache: 1 sequences, 0.19 GB
2026-10-02 16:31:05,988 - INFO - - assistant: 0 sequences, 0.00 GB
2026-10-02 16:31:05,988 - INFO - - user: 0 sequences, 0.00 GB
2026-10-02 16:31:05,988 - INFO - - system: 1 sequences, 0.19 GB
127.0.0.1 - - [02/Oct/2026 16:31:05] "POST /v1/chat/completions HTTP/1.1" 200 -
2026-10-02 16:31:07,254 - INFO - Prompt processing progress: 2048/13742
2026-10-02 16:31:08,450 - INFO - Prompt processing progress: 4096/13742
2026-10-02 16:31:09,666 - INFO - Prompt processing progress: 6144/13742
2026-10-02 16:31:10,914 - INFO - Prompt processing progress: 8192/13742
2026-10-02 16:31:12,180 - INFO - Prompt processing progress: 10240/13742
2026-10-02 16:31:13,468 - INFO - Prompt processing progress: 12288/13742
2026-10-02 16:31:14,441 - INFO - Prompt processing progress: 13740/13742
2026-10-02 16:31:14,503 - INFO - Prompt processing progress: 13741/13742
2026-10-02 16:31:14,549 - INFO - Prompt processing progress: 13742/13742
2026-10-02 16:31:16,313 - INFO - Prompt Cache: 1 sequences, 0.19 GB
2026-10-02 16:31:16,313 - INFO - - assistant: 0 sequences, 0.00 GB
2026-10-02 16:31:16,313 - INFO - - user: 0 sequences, 0.00 GB
2026-10-02 16:31:16,313 - INFO - - system: 1 sequences, 0.19 GB
127.0.0.1 - - [02/Oct/2026 16:31:16] "POST /v1/chat/completions HTTP/1.1" 200 -
2026-10-02 16:31:17,575 - INFO - Prompt processing progress: 2048/14457
2026-10-02 16:31:18,771 - INFO - Prompt processing progress: 4096/14457
2026-10-02 16:31:19,985 - INFO - Prompt processing progress: 6144/14457
2026-10-02 16:31:21,226 - INFO - Prompt processing progress: 8192/14457
2026-10-02 16:31:22,489 - INFO - Prompt processing progress: 10240/14457
2026-10-02 16:31:23,776 - INFO - Prompt processing progress: 12288/14457
2026-10-02 16:31:25,088 - INFO - Prompt processing progress: 14336/14457
2026-10-02 16:31:25,242 - INFO - Prompt processing progress: 14455/14457
2026-10-02 16:31:25,292 - INFO - Prompt processing progress: 14456/14457
2026-10-02 16:31:25,335 - INFO - Prompt processing progress: 14457/14457
2026-10-02 16:31:27,104 - INFO - Prompt Cache: 1 sequences, 0.19 GB
2026-10-02 16:31:27,104 - INFO - - assistant: 0 sequences, 0.00 GB
2026-10-02 16:31:27,104 - INFO - - user: 0 sequences, 0.00 GB
2026-10-02 16:31:27,104 - INFO - - system: 1 sequences, 0.19 GB
127.0.0.1 - - [02/Oct/2026 16:31:27] "POST /v1/chat/completions HTTP/1.1" 200 -
2026-10-02 16:31:28,369 - INFO - Prompt processing progress: 2048/14547
2026-10-02 16:31:29,563 - INFO - Prompt processing progress: 4096/14547
2026-10-02 16:31:30,777 - INFO - Prompt processing progress: 6144/14547
2026-10-02 16:31:32,017 - INFO - Prompt processing progress: 8192/14547
2026-10-02 16:31:33,280 - INFO - Prompt processing progress: 10240/14547
2026-10-02 16:31:34,567 - INFO - Prompt processing progress: 12288/14547
2026-10-02 16:31:35,878 - INFO - Prompt processing progress: 14336/14547
2026-10-02 16:31:36,111 - INFO - Prompt processing progress: 14545/14547
2026-10-02 16:31:36,161 - INFO - Prompt processing progress: 14546/14547
2026-10-02 16:31:36,218 - INFO - Prompt processing progress: 14547/14547
2026-10-02 16:31:39,709 - INFO - Prompt Cache: 1 sequences, 0.19 GB
2026-10-02 16:31:39,709 - INFO - - assistant: 0 sequences, 0.00 GB
2026-10-02 16:31:39,709 - INFO - - user: 0 sequences, 0.00 GB
2026-10-02 16:31:39,709 - INFO - - system: 1 sequences, 0.19 GB
127.0.0.1 - - [02/Oct/2026 16:31:39] "POST /v1/chat/completions HTTP/1.1" 200 -
2026-10-02 16:31:40,976 - INFO - Prompt processing progress: 2048/14687
2026-10-02 16:31:42,171 - INFO - Prompt processing progress: 4096/14687
2026-10-02 16:31:43,386 - INFO - Prompt processing progress: 6144/14687
2026-10-02 16:31:44,624 - INFO - Prompt processing progress: 8192/14687
2026-10-02 16:31:45,888 - INFO - Prompt processing progress: 10240/14687
2026-10-02 16:31:47,174 - INFO - Prompt processing progress: 12288/14687
2026-10-02 16:31:48,488 - INFO - Prompt processing progress: 14336/14687
2026-10-02 16:31:48,810 - INFO - Prompt processing progress: 14685/14687
2026-10-02 16:31:48,860 - INFO - Prompt processing progress: 14686/14687
2026-10-02 16:31:48,904 - INFO - Prompt processing progress: 14687/14687
2026-10-02 16:31:51,303 - INFO - Prompt Cache: 1 sequences, 0.19 GB
2026-10-02 16:31:51,303 - INFO - - assistant: 0 sequences, 0.00 GB
2026-10-02 16:31:51,303 - INFO - - user: 0 sequences, 0.00 GB
2026-10-02 16:31:51,303 - INFO - - system: 1 sequences, 0.19 GB
127.0.0.1 - - [02/Oct/2026 16:31:51] "POST /v1/chat/completions HTTP/1.1" 200 -
2026-10-02 16:31:52,570 - INFO - Prompt processing progress: 2048/15081
2026-10-02 16:31:53,764 - INFO - Prompt processing progress: 4096/15081
2026-10-02 16:31:54,978 - INFO - Prompt processing progress: 6144/15081
2026-10-02 16:31:56,217 - INFO - Prompt processing progress: 8192/15081
2026-10-02 16:31:57,480 - INFO - Prompt processing progress: 10240/15081
2026-10-02 16:31:58,767 - INFO - Prompt processing progress: 12288/15081
2026-10-02 16:32:00,079 - INFO - Prompt processing progress: 14336/15081
2026-10-02 16:32:00,669 - INFO - Prompt processing progress: 15079/15081
2026-10-02 16:32:00,720 - INFO - Prompt processing progress: 15080/15081
2026-10-02 16:32:00,763 - INFO - Prompt processing progress: 15081/15081
2026-10-02 16:32:02,696 - INFO - Prompt Cache: 1 sequences, 0.19 GB
2026-10-02 16:32:02,696 - INFO - - assistant: 0 sequences, 0.00 GB
2026-10-02 16:32:02,696 - INFO - - user: 0 sequences, 0.00 GB
2026-10-02 16:32:02,696 - INFO - - system: 1 sequences, 0.19 GB
127.0.0.1 - - [02/Oct/2026 16:32:02] "POST /v1/chat/completions HTTP/1.1" 200 -
2026-10-02 16:32:03,965 - INFO - Prompt processing progress: 2048/15175
2026-10-02 16:32:05,164 - INFO - Prompt processing progress: 4096/15175
2026-10-02 16:32:06,389 - INFO - Prompt processing progress: 6144/15175
2026-10-02 16:32:07,634 - INFO - Prompt processing progress: 8192/15175
2026-10-02 16:32:08,899 - INFO - Prompt processing progress: 10240/15175
2026-10-02 16:32:10,188 - INFO - Prompt processing progress: 12288/15175
2026-10-02 16:32:11,499 - INFO - Prompt processing progress: 14336/15175
2026-10-02 16:32:12,162 - INFO - Prompt processing progress: 15173/15175
2026-10-02 16:32:12,214 - INFO - Prompt processing progress: 15174/15175
2026-10-02 16:32:12,259 - INFO - Prompt processing progress: 15175/15175
2026-10-02 16:32:16,169 - INFO - Prompt Cache: 1 sequences, 0.19 GB
2026-10-02 16:32:16,169 - INFO - - assistant: 0 sequences, 0.00 GB
2026-10-02 16:32:16,169 - INFO - - user: 0 sequences, 0.00 GB
2026-10-02 16:32:16,169 - INFO - - system: 1 sequences, 0.19 GB
127.0.0.1 - - [02/Oct/2026 16:32:16] "POST /v1/chat/completions HTTP/1.1" 200 -
2026-10-02 16:32:17,447 - INFO - Prompt processing progress: 2048/15325
2026-10-02 16:32:18,641 - INFO - Prompt processing progress: 4096/15325
2026-10-02 16:32:19,862 - INFO - Prompt processing progress: 6144/15325
2026-10-02 16:32:21,102 - INFO - Prompt processing progress: 8192/15325
2026-10-02 16:32:22,365 - INFO - Prompt processing progress: 10240/15325
2026-10-02 16:32:23,652 - INFO - Prompt processing progress: 12288/15325
2026-10-02 16:32:24,963 - INFO - Prompt processing progress: 14336/15325
2026-10-02 16:32:25,735 - INFO - Prompt processing progress: 15323/15325
2026-10-02 16:32:25,786 - INFO - Prompt processing progress: 15324/15325
2026-10-02 16:32:25,831 - INFO - Prompt processing progress: 15325/15325
2026-10-02 16:32:27,637 - INFO - Prompt Cache: 1 sequences, 0.19 GB
2026-10-02 16:32:27,637 - INFO - - assistant: 0 sequences, 0.00 GB
2026-10-02 16:32:27,637 - INFO - - user: 0 sequences, 0.00 GB
2026-10-02 16:32:27,637 - INFO - - system: 1 sequences, 0.19 GB
127.0.0.1 - - [02/Oct/2026 16:32:27] "POST /v1/chat/completions HTTP/1.1" 200 -
2026-10-02 16:32:28,905 - INFO - Prompt processing progress: 2048/15425
2026-10-02 16:32:30,102 - INFO - Prompt processing progress: 4096/15425
2026-10-02 16:32:31,320 - INFO - Prompt processing progress: 6144/15425
2026-10-02 16:32:32,559 - INFO - Prompt processing progress: 8192/15425
2026-10-02 16:32:33,822 - INFO - Prompt processing progress: 10240/15425
2026-10-02 16:32:35,114 - INFO - Prompt processing progress: 12288/15425
2026-10-02 16:32:36,423 - INFO - Prompt processing progress: 14336/15425
2026-10-02 16:32:37,238 - INFO - Prompt processing progress: 15423/15425
2026-10-02 16:32:37,289 - INFO - Prompt processing progress: 15424/15425
2026-10-02 16:32:37,335 - INFO - Prompt processing progress: 15425/15425
2026-10-02 16:32:39,769 - INFO - Prompt Cache: 1 sequences, 0.19 GB
2026-10-02 16:32:39,769 - INFO - - assistant: 0 sequences, 0.00 GB
2026-10-02 16:32:39,769 - INFO - - user: 0 sequences, 0.00 GB
2026-10-02 16:32:39,769 - INFO - - system: 1 sequences, 0.19 GB
127.0.0.1 - - [02/Oct/2026 16:32:39] "POST /v1/chat/completions HTTP/1.1" 200 -
2026-10-02 16:32:41,033 - INFO - Prompt processing progress: 2048/15723
2026-10-02 16:32:42,229 - INFO - Prompt processing progress: 4096/15723
2026-10-02 16:32:43,443 - INFO - Prompt processing progress: 6144/15723
2026-10-02 16:32:44,685 - INFO - Prompt processing progress: 8192/15723
2026-10-02 16:32:45,950 - INFO - Prompt processing progress: 10240/15723
2026-10-02 16:32:47,238 - INFO - Prompt processing progress: 12288/15723
2026-10-02 16:32:48,554 - INFO - Prompt processing progress: 14336/15723
2026-10-02 16:32:49,515 - INFO - Prompt processing progress: 15721/15723
2026-10-02 16:32:49,565 - INFO - Prompt processing progress: 15722/15723
2026-10-02 16:32:49,611 - INFO - Prompt processing progress: 15723/15723
2026-10-02 16:32:51,553 - INFO - Prompt Cache: 1 sequences, 0.19 GB
2026-10-02 16:32:51,553 - INFO - - assistant: 0 sequences, 0.00 GB
2026-10-02 16:32:51,553 - INFO - - user: 0 sequences, 0.00 GB
2026-10-02 16:32:51,553 - INFO - - system: 1 sequences, 0.19 GB
127.0.0.1 - - [02/Oct/2026 16:32:51] "POST /v1/chat/completions HTTP/1.1" 200 -
2026-10-02 16:32:52,829 - INFO - Prompt processing progress: 2048/15836
2026-10-02 16:32:54,027 - INFO - Prompt processing progress: 4096/15836
2026-10-02 16:32:55,244 - INFO - Prompt processing progress: 6144/15836
2026-10-02 16:32:56,485 - INFO - Prompt processing progress: 8192/15836
2026-10-02 16:32:57,752 - INFO - Prompt processing progress: 10240/15836
2026-10-02 16:32:59,038 - INFO - Prompt processing progress: 12288/15836
2026-10-02 16:33:00,353 - INFO - Prompt processing progress: 14336/15836
2026-10-02 16:33:01,392 - INFO - Prompt processing progress: 15834/15836
2026-10-02 16:33:01,441 - INFO - Prompt processing progress: 15835/15836
2026-10-02 16:33:01,486 - INFO - Prompt processing progress: 15836/15836
2026-10-02 16:33:03,145 - INFO - Prompt Cache: 1 sequences, 0.19 GB
2026-10-02 16:33:03,145 - INFO - - assistant: 0 sequences, 0.00 GB
2026-10-02 16:33:03,145 - INFO - - user: 0 sequences, 0.00 GB
2026-10-02 16:33:03,145 - INFO - - system: 1 sequences, 0.19 GB
127.0.0.1 - - [02/Oct/2026 16:33:03] "POST /v1/chat/completions HTTP/1.1" 200 -
2026-10-02 16:33:04,419 - INFO - Prompt processing progress: 2048/16106
2026-10-02 16:33:05,620 - INFO - Prompt processing progress: 4096/16106
2026-10-02 16:33:06,836 - INFO - Prompt processing progress: 6144/16106
2026-10-02 16:33:08,075 - INFO - Prompt processing progress: 8192/16106
2026-10-02 16:33:09,337 - INFO - Prompt processing progress: 10240/16106
2026-10-02 16:33:10,628 - INFO - Prompt processing progress: 12288/16106
2026-10-02 16:33:11,936 - INFO - Prompt processing progress: 14336/16106
2026-10-02 16:33:13,154 - INFO - Prompt processing progress: 16104/16106
2026-10-02 16:33:13,205 - INFO - Prompt processing progress: 16105/16106
2026-10-02 16:33:13,250 - INFO - Prompt processing progress: 16106/16106
2026-10-02 16:33:16,675 - INFO - Prompt Cache: 1 sequences, 0.19 GB
2026-10-02 16:33:16,675 - INFO - - assistant: 0 sequences, 0.00 GB
2026-10-02 16:33:16,676 - INFO - - user: 0 sequences, 0.00 GB
2026-10-02 16:33:16,676 - INFO - - system: 1 sequences, 0.19 GB
127.0.0.1 - - [02/Oct/2026 16:33:16] "POST /v1/chat/completions HTTP/1.1" 200 -
2026-10-02 16:33:17,951 - INFO - Prompt processing progress: 2048/16429
2026-10-02 16:33:19,146 - INFO - Prompt processing progress: 4096/16429
2026-10-02 16:33:20,362 - INFO - Prompt processing progress: 6144/16429
2026-10-02 16:33:21,599 - INFO - Prompt processing progress: 8192/16429
2026-10-02 16:33:22,861 - INFO - Prompt processing progress: 10240/16429
2026-10-02 16:33:24,148 - INFO - Prompt processing progress: 12288/16429
2026-10-02 16:33:25,460 - INFO - Prompt processing progress: 14336/16429
2026-10-02 16:33:26,795 - INFO - Prompt processing progress: 16384/16429
2026-10-02 16:33:26,911 - INFO - Prompt processing progress: 16427/16429
2026-10-02 16:33:26,958 - INFO - Prompt processing progress: 16428/16429
2026-10-02 16:33:27,001 - INFO - Prompt processing progress: 16429/16429
2026-10-02 16:33:30,066 - INFO - Prompt Cache: 1 sequences, 0.19 GB
2026-10-02 16:33:30,066 - INFO - - assistant: 0 sequences, 0.00 GB
2026-10-02 16:33:30,066 - INFO - - user: 0 sequences, 0.00 GB
2026-10-02 16:33:30,066 - INFO - - system: 1 sequences, 0.19 GB
127.0.0.1 - - [02/Oct/2026 16:33:30] "POST /v1/chat/completions HTTP/1.1" 200 -
2026-10-02 16:33:31,332 - INFO - Prompt processing progress: 2048/16568
2026-10-02 16:33:32,525 - INFO - Prompt processing progress: 4096/16568
2026-10-02 16:33:33,737 - INFO - Prompt processing progress: 6144/16568
2026-10-02 16:33:34,976 - INFO - Prompt processing progress: 8192/16568
2026-10-02 16:33:36,241 - INFO - Prompt processing progress: 10240/16568
2026-10-02 16:33:37,528 - INFO - Prompt processing progress: 12288/16568
2026-10-02 16:33:38,837 - INFO - Prompt processing progress: 14336/16568
2026-10-02 16:33:40,173 - INFO - Prompt processing progress: 16384/16568
2026-10-02 16:33:40,379 - INFO - Prompt processing progress: 16566/16568
2026-10-02 16:33:40,428 - INFO - Prompt processing progress: 16567/16568
2026-10-02 16:33:40,472 - INFO - Prompt processing progress: 16568/16568
2026-10-02 16:33:50,032 - INFO - Prompt Cache: 1 sequences, 0.19 GB
2026-10-02 16:33:50,033 - INFO - - assistant: 0 sequences, 0.00 GB
2026-10-02 16:33:50,033 - INFO - - user: 0 sequences, 0.00 GB
2026-10-02 16:33:50,033 - INFO - - system: 1 sequences, 0.19 GB
127.0.0.1 - - [02/Oct/2026 16:33:50] "POST /v1/chat/completions HTTP/1.1" 200 -
2026-10-02 16:33:51,296 - INFO - Prompt processing progress: 2048/17126
2026-10-02 16:33:52,491 - INFO - Prompt processing progress: 4096/17126
2026-10-02 16:33:53,704 - INFO - Prompt processing progress: 6144/17126
2026-10-02 16:33:54,944 - INFO - Prompt processing progress: 8192/17126
2026-10-02 16:33:56,206 - INFO - Prompt processing progress: 10240/17126
2026-10-02 16:33:57,495 - INFO - Prompt processing progress: 12288/17126
2026-10-02 16:33:58,805 - INFO - Prompt processing progress: 14336/17126
2026-10-02 16:34:00,142 - INFO - Prompt processing progress: 16384/17126
2026-10-02 16:34:00,742 - INFO - Prompt processing progress: 17124/17126
2026-10-02 16:34:00,791 - INFO - Prompt processing progress: 17125/17126
2026-10-02 16:34:00,836 - INFO - Prompt processing progress: 17126/17126
2026-10-02 16:34:05,148 - INFO - Prompt Cache: 1 sequences, 0.19 GB
2026-10-02 16:34:05,148 - INFO - - assistant: 0 sequences, 0.00 GB
2026-10-02 16:34:05,148 - INFO - - user: 0 sequences, 0.00 GB
2026-10-02 16:34:05,148 - INFO - - system: 1 sequences, 0.19 GB
127.0.0.1 - - [02/Oct/2026 16:34:05] "POST /v1/chat/completions HTTP/1.1" 200 -
2026-10-02 16:34:06,356 - INFO - Prompt processing progress: 1894/1896
2026-10-02 16:34:06,403 - INFO - Prompt processing progress: 1895/1896
2026-10-02 16:34:06,443 - INFO - Prompt processing progress: 1896/1896
2026-10-02 16:34:08,931 - WARNING - Failed to parse tool call (ValueError: No function provided.) — tool text was likely truncated mid-generation.
2026-10-02 16:34:08,935 - INFO - Prompt Cache: 1 sequences, 0.19 GB
2026-10-02 16:34:08,935 - INFO - - assistant: 0 sequences, 0.00 GB
2026-10-02 16:34:08,935 - INFO - - user: 0 sequences, 0.00 GB
2026-10-02 16:34:08,935 - INFO - - system: 1 sequences, 0.19 GB
127.0.0.1 - - [02/Oct/2026 16:34:08] "POST /v1/chat/completions HTTP/1.1" 200 -
2026-10-02 16:34:10,201 - INFO - Prompt processing progress: 2048/2163
2026-10-02 16:34:10,334 - INFO - Prompt processing progress: 2161/2163
2026-10-02 16:34:10,376 - INFO - Prompt processing progress: 2162/2163
2026-10-02 16:34:10,415 - INFO - Prompt processing progress: 2163/2163
2026-10-02 16:34:11,913 - WARNING - Failed to parse tool call (ValueError: No function provided.) — tool text was likely truncated mid-generation.
2026-10-02 16:34:11,920 - INFO - Prompt Cache: 1 sequences, 0.19 GB
2026-10-02 16:34:11,920 - INFO - - assistant: 0 sequences, 0.00 GB
2026-10-02 16:34:11,920 - INFO - - user: 0 sequences, 0.00 GB
2026-10-02 16:34:11,920 - INFO - - system: 1 sequences, 0.19 GB
127.0.0.1 - - [02/Oct/2026 16:34:11] "POST /v1/chat/completions HTTP/1.1" 200 -
2026-10-02 16:34:13,183 - INFO - Prompt processing progress: 2048/5477
2026-10-02 16:34:14,376 - INFO - Prompt processing progress: 4096/5477
2026-10-02 16:34:15,238 - INFO - Prompt processing progress: 5475/5477
2026-10-02 16:34:15,283 - INFO - Prompt processing progress: 5476/5477
2026-10-02 16:34:15,326 - INFO - Prompt processing progress: 5477/5477
2026-10-02 16:34:17,947 - INFO - Prompt Cache: 1 sequences, 0.19 GB
2026-10-02 16:34:17,947 - INFO - - assistant: 0 sequences, 0.00 GB
2026-10-02 16:34:17,947 - INFO - - user: 0 sequences, 0.00 GB
2026-10-02 16:34:17,947 - INFO - - system: 1 sequences, 0.19 GB
127.0.0.1 - - [02/Oct/2026 16:34:17] "POST /v1/chat/completions HTTP/1.1" 200 -
2026-10-02 16:34:19,209 - INFO - Prompt processing progress: 2048/6228
2026-10-02 16:34:20,404 - INFO - Prompt processing progress: 4096/6228
2026-10-02 16:34:21,618 - INFO - Prompt processing progress: 6144/6228
2026-10-02 16:34:21,752 - INFO - Prompt processing progress: 6226/6228
2026-10-02 16:34:21,806 - INFO - Prompt processing progress: 6227/6228
2026-10-02 16:34:21,847 - INFO - Prompt processing progress: 6228/6228
2026-10-02 16:34:28,539 - INFO - Prompt Cache: 1 sequences, 0.19 GB
2026-10-02 16:34:28,539 - INFO - - assistant: 0 sequences, 0.00 GB
2026-10-02 16:34:28,539 - INFO - - user: 0 sequences, 0.00 GB
2026-10-02 16:34:28,539 - INFO - - system: 1 sequences, 0.19 GB
127.0.0.1 - - [02/Oct/2026 16:34:28] "POST /v1/chat/completions HTTP/1.1" 200 -
2026-10-02 16:34:29,803 - INFO - Prompt processing progress: 2048/6468
2026-10-02 16:34:30,997 - INFO - Prompt processing progress: 4096/6468
2026-10-02 16:34:32,213 - INFO - Prompt processing progress: 6144/6468
2026-10-02 16:34:32,500 - INFO - Prompt processing progress: 6466/6468
2026-10-02 16:34:32,542 - INFO - Prompt processing progress: 6467/6468
2026-10-02 16:34:32,585 - INFO - Prompt processing progress: 6468/6468
2026-10-02 16:34:33,872 - INFO - Prompt Cache: 1 sequences, 0.19 GB
2026-10-02 16:34:33,872 - INFO - - assistant: 0 sequences, 0.00 GB
2026-10-02 16:34:33,872 - INFO - - user: 0 sequences, 0.00 GB
2026-10-02 16:34:33,873 - INFO - - system: 1 sequences, 0.19 GB
127.0.0.1 - - [02/Oct/2026 16:34:33] "POST /v1/chat/completions HTTP/1.1" 200 -
2026-10-02 16:34:35,135 - INFO - Prompt processing progress: 2048/6601
2026-10-02 16:34:36,327 - INFO - Prompt processing progress: 4096/6601
2026-10-02 16:34:37,544 - INFO - Prompt processing progress: 6144/6601
2026-10-02 16:34:37,915 - INFO - Prompt processing progress: 6599/6601
2026-10-02 16:34:37,961 - INFO - Prompt processing progress: 6600/6601
2026-10-02 16:34:38,002 - INFO - Prompt processing progress: 6601/6601
2026-10-02 16:34:39,650 - WARNING - Failed to parse tool call (ValueError: No function provided.) — tool text was likely truncated mid-generation.
2026-10-02 16:34:39,677 - INFO - Prompt Cache: 1 sequences, 0.19 GB
2026-10-02 16:34:39,677 - INFO - - assistant: 0 sequences, 0.00 GB
2026-10-02 16:34:39,677 - INFO - - user: 0 sequences, 0.00 GB
2026-10-02 16:34:39,677 - INFO - - system: 1 sequences, 0.19 GB
127.0.0.1 - - [02/Oct/2026 16:34:39] "POST /v1/chat/completions HTTP/1.1" 200 -
2026-10-02 16:34:40,941 - INFO - Prompt processing progress: 2048/6871
2026-10-02 16:34:42,133 - INFO - Prompt processing progress: 4096/6871
2026-10-02 16:34:43,349 - INFO - Prompt processing progress: 6144/6871
2026-10-02 16:34:43,888 - INFO - Prompt processing progress: 6869/6871
2026-10-02 16:34:43,935 - INFO - Prompt processing progress: 6870/6871
2026-10-02 16:34:43,976 - INFO - Prompt processing progress: 6871/6871
2026-10-02 16:34:45,766 - WARNING - Failed to parse tool call (ValueError: No function provided.) — tool text was likely truncated mid-generation.
2026-10-02 16:34:45,773 - INFO - Prompt Cache: 1 sequences, 0.19 GB
2026-10-02 16:34:45,773 - INFO - - assistant: 0 sequences, 0.00 GB
2026-10-02 16:34:45,773 - INFO - - user: 0 sequences, 0.00 GB
2026-10-02 16:34:45,773 - INFO - - system: 1 sequences, 0.19 GB
127.0.0.1 - - [02/Oct/2026 16:34:45] "POST /v1/chat/completions HTTP/1.1" 200 -
2026-10-02 16:34:47,043 - INFO - Prompt processing progress: 2048/7008
2026-10-02 16:34:48,235 - INFO - Prompt processing progress: 4096/7008
2026-10-02 16:34:49,449 - INFO - Prompt processing progress: 6144/7008
2026-10-02 16:34:50,063 - INFO - Prompt processing progress: 7006/7008
2026-10-02 16:34:50,110 - INFO - Prompt processing progress: 7007/7008
2026-10-02 16:34:50,152 - INFO - Prompt processing progress: 7008/7008
2026-10-02 16:34:51,415 - WARNING - Failed to parse tool call (ValueError: No function provided.) — tool text was likely truncated mid-generation.
2026-10-02 16:34:51,423 - INFO - Prompt Cache: 1 sequences, 0.19 GB
2026-10-02 16:34:51,423 - INFO - - assistant: 0 sequences, 0.00 GB
2026-10-02 16:34:51,423 - INFO - - user: 0 sequences, 0.00 GB
2026-10-02 16:34:51,423 - INFO - - system: 1 sequences, 0.19 GB
127.0.0.1 - - [02/Oct/2026 16:34:51] "POST /v1/chat/completions HTTP/1.1" 200 -
2026-10-02 16:34:52,687 - INFO - Prompt processing progress: 2048/7131
2026-10-02 16:34:53,880 - INFO - Prompt processing progress: 4096/7131
2026-10-02 16:34:55,094 - INFO - Prompt processing progress: 6144/7131
2026-10-02 16:34:55,795 - INFO - Prompt processing progress: 7129/7131
2026-10-02 16:34:55,843 - INFO - Prompt processing progress: 7130/7131
2026-10-02 16:34:55,884 - INFO - Prompt processing progress: 7131/7131
2026-10-02 16:34:57,719 - INFO - Prompt Cache: 1 sequences, 0.19 GB
2026-10-02 16:34:57,719 - INFO - - assistant: 0 sequences, 0.00 GB
2026-10-02 16:34:57,719 - INFO - - user: 0 sequences, 0.00 GB
2026-10-02 16:34:57,719 - INFO - - system: 1 sequences, 0.19 GB
127.0.0.1 - - [02/Oct/2026 16:34:57] "POST /v1/chat/completions HTTP/1.1" 200 -
2026-10-02 16:34:58,981 - INFO - Prompt processing progress: 2048/7260
2026-10-02 16:35:00,174 - INFO - Prompt processing progress: 4096/7260
2026-10-02 16:35:01,389 - INFO - Prompt processing progress: 6144/7260
2026-10-02 16:35:02,167 - INFO - Prompt processing progress: 7258/7260
2026-10-02 16:35:02,213 - INFO - Prompt processing progress: 7259/7260
2026-10-02 16:35:02,255 - INFO - Prompt processing progress: 7260/7260
2026-10-02 16:35:04,548 - WARNING - Failed to parse tool call (ValueError: No function provided.) — tool text was likely truncated mid-generation.
2026-10-02 16:35:04,556 - INFO - Prompt Cache: 1 sequences, 0.19 GB
2026-10-02 16:35:04,556 - INFO - - assistant: 0 sequences, 0.00 GB
2026-10-02 16:35:04,556 - INFO - - user: 0 sequences, 0.00 GB
2026-10-02 16:35:04,556 - INFO - - system: 1 sequences, 0.19 GB
127.0.0.1 - - [02/Oct/2026 16:35:04] "POST /v1/chat/completions HTTP/1.1" 200 -
2026-10-02 16:35:05,819 - INFO - Prompt processing progress: 2048/7407
2026-10-02 16:35:07,012 - INFO - Prompt processing progress: 4096/7407
2026-10-02 16:35:08,228 - INFO - Prompt processing progress: 6144/7407
2026-10-02 16:35:09,064 - INFO - Prompt processing progress: 7405/7407
2026-10-02 16:35:09,111 - INFO - Prompt processing progress: 7406/7407
2026-10-02 16:35:09,152 - INFO - Prompt processing progress: 7407/7407
2026-10-02 16:35:12,234 - INFO - Prompt Cache: 1 sequences, 0.19 GB
2026-10-02 16:35:12,234 - INFO - - assistant: 0 sequences, 0.00 GB
2026-10-02 16:35:12,234 - INFO - - user: 0 sequences, 0.00 GB
2026-10-02 16:35:12,234 - INFO - - system: 1 sequences, 0.19 GB
127.0.0.1 - - [02/Oct/2026 16:35:12] "POST /v1/chat/completions HTTP/1.1" 200 -
2026-10-02 16:35:13,498 - INFO - Prompt processing progress: 2048/8767
2026-10-02 16:35:14,691 - INFO - Prompt processing progress: 4096/8767
2026-10-02 16:35:15,906 - INFO - Prompt processing progress: 6144/8767
2026-10-02 16:35:17,146 - INFO - Prompt processing progress: 8192/8767
2026-10-02 16:35:17,587 - INFO - Prompt processing progress: 8765/8767
2026-10-02 16:35:17,633 - INFO - Prompt processing progress: 8766/8767
2026-10-02 16:35:17,674 - INFO - Prompt processing progress: 8767/8767
2026-10-02 16:35:25,093 - INFO - Prompt Cache: 1 sequences, 0.19 GB
2026-10-02 16:35:25,093 - INFO - - assistant: 0 sequences, 0.00 GB
2026-10-02 16:35:25,093 - INFO - - user: 0 sequences, 0.00 GB
2026-10-02 16:35:25,093 - INFO - - system: 1 sequences, 0.19 GB
127.0.0.1 - - [02/Oct/2026 16:35:25] "POST /v1/chat/completions HTTP/1.1" 200 -
2026-10-02 16:35:26,363 - INFO - Prompt processing progress: 2048/9597
2026-10-02 16:35:27,558 - INFO - Prompt processing progress: 4096/9597
2026-10-02 16:35:28,771 - INFO - Prompt processing progress: 6144/9597
2026-10-02 16:35:30,008 - INFO - Prompt processing progress: 8192/9597
2026-10-02 16:35:30,923 - INFO - Prompt processing progress: 9595/9597
2026-10-02 16:35:30,982 - INFO - Prompt processing progress: 9596/9597
2026-10-02 16:35:31,024 - INFO - Prompt processing progress: 9597/9597
2026-10-02 16:35:33,617 - WARNING - Failed to parse tool call (ValueError: No function provided.) — tool text was likely truncated mid-generation.
2026-10-02 16:35:33,626 - INFO - Prompt Cache: 1 sequences, 0.19 GB
2026-10-02 16:35:33,626 - INFO - - assistant: 0 sequences, 0.00 GB
2026-10-02 16:35:33,626 - INFO - - user: 0 sequences, 0.00 GB
2026-10-02 16:35:33,626 - INFO - - system: 1 sequences, 0.19 GB
127.0.0.1 - - [02/Oct/2026 16:35:33] "POST /v1/chat/completions HTTP/1.1" 200 -
2026-10-02 16:35:34,891 - INFO - Prompt processing progress: 2048/9944
2026-10-02 16:35:36,083 - INFO - Prompt processing progress: 4096/9944
2026-10-02 16:35:37,297 - INFO - Prompt processing progress: 6144/9944
2026-10-02 16:35:38,535 - INFO - Prompt processing progress: 8192/9944
2026-10-02 16:35:39,680 - INFO - Prompt processing progress: 9942/9944
2026-10-02 16:35:39,728 - INFO - Prompt processing progress: 9943/9944
2026-10-02 16:35:39,771 - INFO - Prompt processing progress: 9944/9944
2026-10-02 16:35:43,707 - INFO - Prompt Cache: 1 sequences, 0.19 GB
2026-10-02 16:35:43,708 - INFO - - assistant: 0 sequences, 0.00 GB
2026-10-02 16:35:43,708 - INFO - - user: 0 sequences, 0.00 GB
2026-10-02 16:35:43,708 - INFO - - system: 1 sequences, 0.19 GB
127.0.0.1 - - [02/Oct/2026 16:35:43] "POST /v1/chat/completions HTTP/1.1" 200 -
2026-10-02 16:35:44,971 - INFO - Prompt processing progress: 2048/10099
2026-10-02 16:35:46,167 - INFO - Prompt processing progress: 4096/10099
2026-10-02 16:35:47,381 - INFO - Prompt processing progress: 6144/10099
2026-10-02 16:35:48,622 - INFO - Prompt processing progress: 8192/10099
2026-10-02 16:35:49,834 - INFO - Prompt processing progress: 10097/10099
2026-10-02 16:35:49,881 - INFO - Prompt processing progress: 10098/10099
2026-10-02 16:35:49,925 - INFO - Prompt processing progress: 10099/10099
2026-10-02 16:35:52,738 - INFO - Prompt Cache: 1 sequences, 0.19 GB
2026-10-02 16:35:52,738 - INFO - - assistant: 0 sequences, 0.00 GB
2026-10-02 16:35:52,738 - INFO - - user: 0 sequences, 0.00 GB
2026-10-02 16:35:52,738 - INFO - - system: 1 sequences, 0.19 GB
127.0.0.1 - - [02/Oct/2026 16:35:52] "POST /v1/chat/completions HTTP/1.1" 200 -
2026-10-02 16:35:54,001 - INFO - Prompt processing progress: 2048/10316
2026-10-02 16:35:55,195 - INFO - Prompt processing progress: 4096/10316
2026-10-02 16:35:56,411 - INFO - Prompt processing progress: 6144/10316
2026-10-02 16:35:57,650 - INFO - Prompt processing progress: 8192/10316
2026-10-02 16:35:58,913 - INFO - Prompt processing progress: 10240/10316
2026-10-02 16:35:59,049 - INFO - Prompt processing progress: 10314/10316
2026-10-02 16:35:59,096 - INFO - Prompt processing progress: 10315/10316
2026-10-02 16:35:59,151 - INFO - Prompt processing progress: 10316/10316
2026-10-02 16:36:02,232 - INFO - Prompt Cache: 1 sequences, 0.19 GB
2026-10-02 16:36:02,232 - INFO - - assistant: 0 sequences, 0.00 GB
2026-10-02 16:36:02,232 - INFO - - user: 0 sequences, 0.00 GB
2026-10-02 16:36:02,232 - INFO - - system: 1 sequences, 0.19 GB
127.0.0.1 - - [02/Oct/2026 16:36:02] "POST /v1/chat/completions HTTP/1.1" 200 -
2026-10-02 16:36:03,495 - INFO - Prompt processing progress: 2048/10896
2026-10-02 16:36:04,690 - INFO - Prompt processing progress: 4096/10896
2026-10-02 16:36:05,905 - INFO - Prompt processing progress: 6144/10896
2026-10-02 16:36:07,145 - INFO - Prompt processing progress: 8192/10896
2026-10-02 16:36:08,408 - INFO - Prompt processing progress: 10240/10896
2026-10-02 16:36:08,927 - INFO - Prompt processing progress: 10894/10896
2026-10-02 16:36:08,974 - INFO - Prompt processing progress: 10895/10896
2026-10-02 16:36:09,016 - INFO - Prompt processing progress: 10896/10896
2026-10-02 16:36:10,806 - INFO - Prompt Cache: 1 sequences, 0.19 GB
2026-10-02 16:36:10,806 - INFO - - assistant: 0 sequences, 0.00 GB
2026-10-02 16:36:10,806 - INFO - - user: 0 sequences, 0.00 GB
2026-10-02 16:36:10,806 - INFO - - system: 1 sequences, 0.19 GB
127.0.0.1 - - [02/Oct/2026 16:36:10] "POST /v1/chat/completions HTTP/1.1" 200 -
2026-10-02 16:36:12,072 - INFO - Prompt processing progress: 2048/11379
2026-10-02 16:36:13,266 - INFO - Prompt processing progress: 4096/11379
2026-10-02 16:36:14,482 - INFO - Prompt processing progress: 6144/11379
2026-10-02 16:36:15,723 - INFO - Prompt processing progress: 8192/11379
2026-10-02 16:36:16,987 - INFO - Prompt processing progress: 10240/11379
2026-10-02 16:36:17,798 - INFO - Prompt processing progress: 11377/11379
2026-10-02 16:36:17,847 - INFO - Prompt processing progress: 11378/11379
2026-10-02 16:36:17,890 - INFO - Prompt processing progress: 11379/11379
2026-10-02 16:36:19,678 - INFO - Prompt Cache: 1 sequences, 0.19 GB
2026-10-02 16:36:19,678 - INFO - - assistant: 0 sequences, 0.00 GB
2026-10-02 16:36:19,678 - INFO - - user: 0 sequences, 0.00 GB
2026-10-02 16:36:19,678 - INFO - - system: 1 sequences, 0.19 GB
127.0.0.1 - - [02/Oct/2026 16:36:19] "POST /v1/chat/completions HTTP/1.1" 200 -
2026-10-02 16:36:20,944 - INFO - Prompt processing progress: 2048/12125
2026-10-02 16:36:22,137 - INFO - Prompt processing progress: 4096/12125
2026-10-02 16:36:23,351 - INFO - Prompt processing progress: 6144/12125
2026-10-02 16:36:24,590 - INFO - Prompt processing progress: 8192/12125
2026-10-02 16:36:25,853 - INFO - Prompt processing progress: 10240/12125
2026-10-02 16:36:27,089 - INFO - Prompt processing progress: 12123/12125
2026-10-02 16:36:27,147 - INFO - Prompt processing progress: 12124/12125
2026-10-02 16:36:27,191 - INFO - Prompt processing progress: 12125/12125
2026-10-02 16:36:36,051 - INFO - Prompt Cache: 1 sequences, 0.19 GB
2026-10-02 16:36:36,051 - INFO - - assistant: 0 sequences, 0.00 GB
2026-10-02 16:36:36,051 - INFO - - user: 0 sequences, 0.00 GB
2026-10-02 16:36:36,051 - INFO - - system: 1 sequences, 0.19 GB
127.0.0.1 - - [02/Oct/2026 16:36:36] "POST /v1/chat/completions HTTP/1.1" 200 -
2026-10-02 16:36:37,321 - INFO - Prompt processing progress: 2048/12428
2026-10-02 16:36:38,516 - INFO - Prompt processing progress: 4096/12428
2026-10-02 16:36:39,731 - INFO - Prompt processing progress: 6144/12428
2026-10-02 16:36:40,971 - INFO - Prompt processing progress: 8192/12428
2026-10-02 16:36:42,237 - INFO - Prompt processing progress: 10240/12428
2026-10-02 16:36:43,523 - INFO - Prompt processing progress: 12288/12428
2026-10-02 16:36:43,701 - INFO - Prompt processing progress: 12426/12428
2026-10-02 16:36:43,749 - INFO - Prompt processing progress: 12427/12428
2026-10-02 16:36:43,792 - INFO - Prompt processing progress: 12428/12428
2026-10-02 16:36:46,987 - INFO - Prompt Cache: 1 sequences, 0.19 GB
2026-10-02 16:36:46,987 - INFO - - assistant: 0 sequences, 0.00 GB
2026-10-02 16:36:46,987 - INFO - - user: 0 sequences, 0.00 GB
2026-10-02 16:36:46,987 - INFO - - system: 1 sequences, 0.19 GB
127.0.0.1 - - [02/Oct/2026 16:36:46] "POST /v1/chat/completions HTTP/1.1" 200 -
2026-10-02 16:36:48,256 - INFO - Prompt processing progress: 2048/12710
2026-10-02 16:36:49,449 - INFO - Prompt processing progress: 4096/12710
2026-10-02 16:36:50,665 - INFO - Prompt processing progress: 6144/12710
2026-10-02 16:36:51,904 - INFO - Prompt processing progress: 8192/12710
2026-10-02 16:36:53,168 - INFO - Prompt processing progress: 10240/12710
2026-10-02 16:36:54,454 - INFO - Prompt processing progress: 12288/12710
2026-10-02 16:36:54,810 - INFO - Prompt processing progress: 12708/12710
2026-10-02 16:36:54,857 - INFO - Prompt processing progress: 12709/12710
2026-10-02 16:36:54,899 - INFO - Prompt processing progress: 12710/12710
2026-10-02 16:36:58,065 - WARNING - Failed to parse tool call (ValueError: No function provided.) — tool text was likely truncated mid-generation.
2026-10-02 16:36:58,077 - INFO - Prompt Cache: 1 sequences, 0.19 GB
2026-10-02 16:36:58,078 - INFO - - assistant: 0 sequences, 0.00 GB
2026-10-02 16:36:58,078 - INFO - - user: 0 sequences, 0.00 GB
2026-10-02 16:36:58,078 - INFO - - system: 1 sequences, 0.19 GB
127.0.0.1 - - [02/Oct/2026 16:36:58] "POST /v1/chat/completions HTTP/1.1" 200 -
2026-10-02 16:36:59,344 - INFO - Prompt processing progress: 2048/12992
2026-10-02 16:37:00,539 - INFO - Prompt processing progress: 4096/12992
2026-10-02 16:37:01,753 - INFO - Prompt processing progress: 6144/12992
2026-10-02 16:37:02,992 - INFO - Prompt processing progress: 8192/12992
2026-10-02 16:37:04,255 - INFO - Prompt processing progress: 10240/12992
2026-10-02 16:37:05,543 - INFO - Prompt processing progress: 12288/12992
2026-10-02 16:37:06,088 - INFO - Prompt processing progress: 12990/12992
2026-10-02 16:37:06,138 - INFO - Prompt processing progress: 12991/12992
2026-10-02 16:37:06,181 - INFO - Prompt processing progress: 12992/12992
2026-10-02 16:37:12,115 - INFO - Prompt Cache: 1 sequences, 0.19 GB
2026-10-02 16:37:12,115 - INFO - - assistant: 0 sequences, 0.00 GB
2026-10-02 16:37:12,115 - INFO - - user: 0 sequences, 0.00 GB
2026-10-02 16:37:12,115 - INFO - - system: 1 sequences, 0.19 GB
127.0.0.1 - - [02/Oct/2026 16:37:12] "POST /v1/chat/completions HTTP/1.1" 200 -
2026-10-02 16:37:13,380 - INFO - Prompt processing progress: 2048/13441
2026-10-02 16:37:14,575 - INFO - Prompt processing progress: 4096/13441
2026-10-02 16:37:15,788 - INFO - Prompt processing progress: 6144/13441
2026-10-02 16:37:17,028 - INFO - Prompt processing progress: 8192/13441
2026-10-02 16:37:18,291 - INFO - Prompt processing progress: 10240/13441
2026-10-02 16:37:19,581 - INFO - Prompt processing progress: 12288/13441
2026-10-02 16:37:20,425 - INFO - Prompt processing progress: 13439/13441
2026-10-02 16:37:20,473 - INFO - Prompt processing progress: 13440/13441
2026-10-02 16:37:20,516 - INFO - Prompt processing progress: 13441/13441
2026-10-02 16:37:22,761 - INFO - Prompt Cache: 1 sequences, 0.19 GB
2026-10-02 16:37:22,761 - INFO - - assistant: 0 sequences, 0.00 GB
2026-10-02 16:37:22,761 - INFO - - user: 0 sequences, 0.00 GB
2026-10-02 16:37:22,761 - INFO - - system: 1 sequences, 0.19 GB
127.0.0.1 - - [02/Oct/2026 16:37:22] "POST /v1/chat/completions HTTP/1.1" 200 -
2026-10-02 16:37:24,025 - INFO - Prompt processing progress: 2048/13875
2026-10-02 16:37:25,220 - INFO - Prompt processing progress: 4096/13875
2026-10-02 16:37:26,436 - INFO - Prompt processing progress: 6144/13875
2026-10-02 16:37:27,675 - INFO - Prompt processing progress: 8192/13875
2026-10-02 16:37:28,936 - INFO - Prompt processing progress: 10240/13875
2026-10-02 16:37:30,224 - INFO - Prompt processing progress: 12288/13875
2026-10-02 16:37:31,297 - INFO - Prompt processing progress: 13873/13875
2026-10-02 16:37:31,358 - INFO - Prompt processing progress: 13874/13875
2026-10-02 16:37:31,402 - INFO - Prompt processing progress: 13875/13875
2026-10-02 16:37:33,408 - INFO - Prompt Cache: 1 sequences, 0.19 GB
2026-10-02 16:37:33,408 - INFO - - assistant: 0 sequences, 0.00 GB
2026-10-02 16:37:33,408 - INFO - - user: 0 sequences, 0.00 GB
2026-10-02 16:37:33,408 - INFO - - system: 1 sequences, 0.19 GB
127.0.0.1 - - [02/Oct/2026 16:37:33] "POST /v1/chat/completions HTTP/1.1" 200 -
2026-10-02 16:37:34,671 - INFO - Prompt processing progress: 2048/13980
2026-10-02 16:37:35,867 - INFO - Prompt processing progress: 4096/13980
2026-10-02 16:37:37,081 - INFO - Prompt processing progress: 6144/13980
2026-10-02 16:37:38,323 - INFO - Prompt processing progress: 8192/13980
2026-10-02 16:37:39,585 - INFO - Prompt processing progress: 10240/13980
2026-10-02 16:37:40,873 - INFO - Prompt processing progress: 12288/13980
2026-10-02 16:37:42,031 - INFO - Prompt processing progress: 13978/13980
2026-10-02 16:37:42,080 - INFO - Prompt processing progress: 13979/13980
2026-10-02 16:37:42,124 - INFO - Prompt processing progress: 13980/13980
2026-10-02 16:37:45,467 - INFO - Prompt Cache: 1 sequences, 0.19 GB
2026-10-02 16:37:45,467 - INFO - - assistant: 0 sequences, 0.00 GB
2026-10-02 16:37:45,467 - INFO - - user: 0 sequences, 0.00 GB
2026-10-02 16:37:45,467 - INFO - - system: 1 sequences, 0.19 GB
127.0.0.1 - - [02/Oct/2026 16:37:45] "POST /v1/chat/completions HTTP/1.1" 200 -
2026-10-02 16:37:46,733 - INFO - Prompt processing progress: 2048/14270
2026-10-02 16:37:47,928 - INFO - Prompt processing progress: 4096/14270
2026-10-02 16:37:49,143 - INFO - Prompt processing progress: 6144/14270
2026-10-02 16:37:50,382 - INFO - Prompt processing progress: 8192/14270
2026-10-02 16:37:51,645 - INFO - Prompt processing progress: 10240/14270
2026-10-02 16:37:52,932 - INFO - Prompt processing progress: 12288/14270
2026-10-02 16:37:54,235 - INFO - Prompt processing progress: 14268/14270
2026-10-02 16:37:54,287 - INFO - Prompt processing progress: 14269/14270
2026-10-02 16:37:54,345 - INFO - Prompt processing progress: 14270/14270
2026-10-02 16:37:56,340 - WARNING - Failed to parse tool call (ValueError: No function provided.) — tool text was likely truncated mid-generation.
2026-10-02 16:37:56,352 - INFO - Prompt Cache: 1 sequences, 0.19 GB
2026-10-02 16:37:56,352 - INFO - - assistant: 0 sequences, 0.00 GB
2026-10-02 16:37:56,352 - INFO - - user: 0 sequences, 0.00 GB
2026-10-02 16:37:56,352 - INFO - - system: 1 sequences, 0.19 GB
127.0.0.1 - - [02/Oct/2026 16:37:56] "POST /v1/chat/completions HTTP/1.1" 200 -
2026-10-02 16:37:57,616 - INFO - Prompt processing progress: 2048/14732
2026-10-02 16:37:58,811 - INFO - Prompt processing progress: 4096/14732
2026-10-02 16:38:00,026 - INFO - Prompt processing progress: 6144/14732
2026-10-02 16:38:01,268 - INFO - Prompt processing progress: 8192/14732
2026-10-02 16:38:02,528 - INFO - Prompt processing progress: 10240/14732
2026-10-02 16:38:03,816 - INFO - Prompt processing progress: 12288/14732
2026-10-02 16:38:05,128 - INFO - Prompt processing progress: 14336/14732
2026-10-02 16:38:05,489 - INFO - Prompt processing progress: 14730/14732
2026-10-02 16:38:05,538 - INFO - Prompt processing progress: 14731/14732
2026-10-02 16:38:05,582 - INFO - Prompt processing progress: 14732/14732
2026-10-02 16:38:08,140 - INFO - Prompt Cache: 1 sequences, 0.19 GB
2026-10-02 16:38:08,140 - INFO - - assistant: 0 sequences, 0.00 GB
2026-10-02 16:38:08,140 - INFO - - user: 0 sequences, 0.00 GB
2026-10-02 16:38:08,140 - INFO - - system: 1 sequences, 0.19 GB
127.0.0.1 - - [02/Oct/2026 16:38:08] "POST /v1/chat/completions HTTP/1.1" 200 -
2026-10-02 16:38:09,404 - INFO - Prompt processing progress: 2048/14845
2026-10-02 16:38:10,601 - INFO - Prompt processing progress: 4096/14845
2026-10-02 16:38:11,816 - INFO - Prompt processing progress: 6144/14845
2026-10-02 16:38:13,054 - INFO - Prompt processing progress: 8192/14845
2026-10-02 16:38:14,317 - INFO - Prompt processing progress: 10240/14845
2026-10-02 16:38:15,607 - INFO - Prompt processing progress: 12288/14845
2026-10-02 16:38:16,919 - INFO - Prompt processing progress: 14336/14845
2026-10-02 16:38:17,342 - INFO - Prompt processing progress: 14843/14845
2026-10-02 16:38:17,390 - INFO - Prompt processing progress: 14844/14845
2026-10-02 16:38:17,447 - INFO - Prompt processing progress: 14845/14845
2026-10-02 16:38:26,398 - INFO - Prompt Cache: 1 sequences, 0.19 GB
2026-10-02 16:38:26,398 - INFO - - assistant: 0 sequences, 0.00 GB
2026-10-02 16:38:26,398 - INFO - - user: 0 sequences, 0.00 GB
2026-10-02 16:38:26,398 - INFO - - system: 1 sequences, 0.19 GB
127.0.0.1 - - [02/Oct/2026 16:38:26] "POST /v1/chat/completions HTTP/1.1" 200 -
2026-10-02 16:38:27,665 - INFO - Prompt processing progress: 2048/15240
2026-10-02 16:38:28,859 - INFO - Prompt processing progress: 4096/15240
2026-10-02 16:38:30,074 - INFO - Prompt processing progress: 6144/15240
2026-10-02 16:38:31,314 - INFO - Prompt processing progress: 8192/15240
2026-10-02 16:38:32,576 - INFO - Prompt processing progress: 10240/15240
2026-10-02 16:38:33,865 - INFO - Prompt processing progress: 12288/15240
2026-10-02 16:38:35,176 - INFO - Prompt processing progress: 14336/15240
2026-10-02 16:38:35,897 - INFO - Prompt processing progress: 15238/15240
2026-10-02 16:38:35,948 - INFO - Prompt processing progress: 15239/15240
2026-10-02 16:38:35,991 - INFO - Prompt processing progress: 15240/15240
2026-10-02 16:38:37,657 - WARNING - Failed to parse tool call (ValueError: No function provided.) — tool text was likely truncated mid-generation.
2026-10-02 16:38:37,669 - INFO - Prompt Cache: 1 sequences, 0.19 GB
2026-10-02 16:38:37,669 - INFO - - assistant: 0 sequences, 0.00 GB
2026-10-02 16:38:37,669 - INFO - - user: 0 sequences, 0.00 GB
2026-10-02 16:38:37,669 - INFO - - system: 1 sequences, 0.19 GB
127.0.0.1 - - [02/Oct/2026 16:38:37] "POST /v1/chat/completions HTTP/1.1" 200 -
2026-10-02 16:38:38,937 - INFO - Prompt processing progress: 2048/15610
2026-10-02 16:38:40,132 - INFO - Prompt processing progress: 4096/15610
2026-10-02 16:38:41,348 - INFO - Prompt processing progress: 6144/15610
2026-10-02 16:38:42,588 - INFO - Prompt processing progress: 8192/15610
2026-10-02 16:38:43,853 - INFO - Prompt processing progress: 10240/15610
2026-10-02 16:38:45,139 - INFO - Prompt processing progress: 12288/15610
2026-10-02 16:38:46,452 - INFO - Prompt processing progress: 14336/15610
2026-10-02 16:38:47,367 - INFO - Prompt processing progress: 15608/15610
2026-10-02 16:38:47,419 - INFO - Prompt processing progress: 15609/15610
2026-10-02 16:38:47,464 - INFO - Prompt processing progress: 15610/15610
2026-10-02 16:38:50,471 - INFO - Prompt Cache: 1 sequences, 0.19 GB
2026-10-02 16:38:50,471 - INFO - - assistant: 0 sequences, 0.00 GB
2026-10-02 16:38:50,471 - INFO - - user: 0 sequences, 0.00 GB
2026-10-02 16:38:50,471 - INFO - - system: 1 sequences, 0.19 GB
127.0.0.1 - - [02/Oct/2026 16:38:50] "POST /v1/chat/completions HTTP/1.1" 200 -
2026-10-02 16:38:51,740 - INFO - Prompt processing progress: 2048/16056
2026-10-02 16:38:52,934 - INFO - Prompt processing progress: 4096/16056
2026-10-02 16:38:54,148 - INFO - Prompt processing progress: 6144/16056
2026-10-02 16:38:55,388 - INFO - Prompt processing progress: 8192/16056
2026-10-02 16:38:56,650 - INFO - Prompt processing progress: 10240/16056
2026-10-02 16:38:57,937 - INFO - Prompt processing progress: 12288/16056
2026-10-02 16:38:59,249 - INFO - Prompt processing progress: 14336/16056
2026-10-02 16:39:00,435 - INFO - Prompt processing progress: 16054/16056
2026-10-02 16:39:00,487 - INFO - Prompt processing progress: 16055/16056
2026-10-02 16:39:00,531 - INFO - Prompt processing progress: 16056/16056
2026-10-02 16:39:02,193 - WARNING - Failed to parse tool call (ValueError: No function provided.) — tool text was likely truncated mid-generation.
2026-10-02 16:39:02,206 - INFO - Prompt Cache: 1 sequences, 0.19 GB
2026-10-02 16:39:02,206 - INFO - - assistant: 0 sequences, 0.00 GB
2026-10-02 16:39:02,206 - INFO - - user: 0 sequences, 0.00 GB
2026-10-02 16:39:02,206 - INFO - - system: 1 sequences, 0.19 GB
127.0.0.1 - - [02/Oct/2026 16:39:02] "POST /v1/chat/completions HTTP/1.1" 200 -
2026-10-02 16:39:03,470 - INFO - Prompt processing progress: 2048/16426
2026-10-02 16:39:04,666 - INFO - Prompt processing progress: 4096/16426
2026-10-02 16:39:05,881 - INFO - Prompt processing progress: 6144/16426
2026-10-02 16:39:07,120 - INFO - Prompt processing progress: 8192/16426
2026-10-02 16:39:08,382 - INFO - Prompt processing progress: 10240/16426
2026-10-02 16:39:09,669 - INFO - Prompt processing progress: 12288/16426
2026-10-02 16:39:10,980 - INFO - Prompt processing progress: 14336/16426
2026-10-02 16:39:12,314 - INFO - Prompt processing progress: 16384/16426
2026-10-02 16:39:12,428 - INFO - Prompt processing progress: 16424/16426
2026-10-02 16:39:12,477 - INFO - Prompt processing progress: 16425/16426
2026-10-02 16:39:12,534 - INFO - Prompt processing progress: 16426/16426
2026-10-02 16:39:15,441 - WARNING - Failed to parse tool call (ValueError: No function provided.) — tool text was likely truncated mid-generation.
2026-10-02 16:39:15,455 - INFO - Prompt Cache: 1 sequences, 0.19 GB
2026-10-02 16:39:15,455 - INFO - - assistant: 0 sequences, 0.00 GB
2026-10-02 16:39:15,455 - INFO - - user: 0 sequences, 0.00 GB
2026-10-02 16:39:15,455 - INFO - - system: 1 sequences, 0.19 GB
127.0.0.1 - - [02/Oct/2026 16:39:15] "POST /v1/chat/completions HTTP/1.1" 200 -
2026-10-02 16:39:16,719 - INFO - Prompt processing progress: 2048/16826
2026-10-02 16:39:17,914 - INFO - Prompt processing progress: 4096/16826
2026-10-02 16:39:19,128 - INFO - Prompt processing progress: 6144/16826
2026-10-02 16:39:20,367 - INFO - Prompt processing progress: 8192/16826
2026-10-02 16:39:21,630 - INFO - Prompt processing progress: 10240/16826
2026-10-02 16:39:22,916 - INFO - Prompt processing progress: 12288/16826
2026-10-02 16:39:24,228 - INFO - Prompt processing progress: 14336/16826
2026-10-02 16:39:25,564 - INFO - Prompt processing progress: 16384/16826
2026-10-02 16:39:25,940 - INFO - Prompt processing progress: 16824/16826
2026-10-02 16:39:25,991 - INFO - Prompt processing progress: 16825/16826
2026-10-02 16:39:26,035 - INFO - Prompt processing progress: 16826/16826
2026-10-02 16:39:28,326 - WARNING - Failed to parse tool call (ValueError: No function provided.) — tool text was likely truncated mid-generation.
2026-10-02 16:39:28,340 - INFO - Prompt Cache: 1 sequences, 0.19 GB
2026-10-02 16:39:28,340 - INFO - - assistant: 0 sequences, 0.00 GB
2026-10-02 16:39:28,340 - INFO - - user: 0 sequences, 0.00 GB
2026-10-02 16:39:28,340 - INFO - - system: 1 sequences, 0.19 GB
127.0.0.1 - - [02/Oct/2026 16:39:28] "POST /v1/chat/completions HTTP/1.1" 200 -
2026-10-02 16:39:29,605 - INFO - Prompt processing progress: 2048/16931
2026-10-02 16:39:30,801 - INFO - Prompt processing progress: 4096/16931
2026-10-02 16:39:32,016 - INFO - Prompt processing progress: 6144/16931
2026-10-02 16:39:33,258 - INFO - Prompt processing progress: 8192/16931
2026-10-02 16:39:34,520 - INFO - Prompt processing progress: 10240/16931
2026-10-02 16:39:35,809 - INFO - Prompt processing progress: 12288/16931
2026-10-02 16:39:37,125 - INFO - Prompt processing progress: 14336/16931
2026-10-02 16:39:38,460 - INFO - Prompt processing progress: 16384/16931
2026-10-02 16:39:38,929 - INFO - Prompt processing progress: 16929/16931
2026-10-02 16:39:38,981 - INFO - Prompt processing progress: 16930/16931
2026-10-02 16:39:39,039 - INFO - Prompt processing progress: 16931/16931
2026-10-02 16:39:52,934 - INFO - Prompt Cache: 1 sequences, 0.19 GB
2026-10-02 16:39:52,934 - INFO - - assistant: 0 sequences, 0.00 GB
2026-10-02 16:39:52,934 - INFO - - user: 0 sequences, 0.00 GB
2026-10-02 16:39:52,934 - INFO - - system: 1 sequences, 0.19 GB
127.0.0.1 - - [02/Oct/2026 16:39:52] "POST /v1/chat/completions HTTP/1.1" 200 -
2026-10-02 16:39:54,200 - INFO - Prompt processing progress: 2048/17375
2026-10-02 16:39:55,397 - INFO - Prompt processing progress: 4096/17375
2026-10-02 16:39:56,613 - INFO - Prompt processing progress: 6144/17375
2026-10-02 16:39:57,852 - INFO - Prompt processing progress: 8192/17375
2026-10-02 16:39:59,116 - INFO - Prompt processing progress: 10240/17375
2026-10-02 16:40:00,405 - INFO - Prompt processing progress: 12288/17375
2026-10-02 16:40:01,717 - INFO - Prompt processing progress: 14336/17375
2026-10-02 16:40:03,055 - INFO - Prompt processing progress: 16384/17375
2026-10-02 16:40:03,848 - INFO - Prompt processing progress: 17373/17375
2026-10-02 16:40:03,898 - INFO - Prompt processing progress: 17374/17375
2026-10-02 16:40:03,943 - INFO - Prompt processing progress: 17375/17375
2026-10-02 16:40:05,923 - INFO - Prompt Cache: 1 sequences, 0.19 GB
2026-10-02 16:40:05,923 - INFO - - assistant: 0 sequences, 0.00 GB
2026-10-02 16:40:05,923 - INFO - - user: 0 sequences, 0.00 GB
2026-10-02 16:40:05,923 - INFO - - system: 1 sequences, 0.19 GB
127.0.0.1 - - [02/Oct/2026 16:40:05] "POST /v1/chat/completions HTTP/1.1" 200 -
2026-10-02 16:40:07,191 - INFO - Prompt processing progress: 2048/17869
2026-10-02 16:40:08,389 - INFO - Prompt processing progress: 4096/17869
2026-10-02 16:40:09,603 - INFO - Prompt processing progress: 6144/17869
2026-10-02 16:40:10,843 - INFO - Prompt processing progress: 8192/17869
2026-10-02 16:40:12,108 - INFO - Prompt processing progress: 10240/17869
2026-10-02 16:40:13,396 - INFO - Prompt processing progress: 12288/17869
2026-10-02 16:40:14,706 - INFO - Prompt processing progress: 14336/17869
2026-10-02 16:40:16,041 - INFO - Prompt processing progress: 16384/17869
2026-10-02 16:40:17,097 - INFO - Prompt processing progress: 17867/17869
2026-10-02 16:40:17,162 - INFO - Prompt processing progress: 17868/17869
2026-10-02 16:40:17,207 - INFO - Prompt processing progress: 17869/17869
2026-10-02 16:40:27,294 - INFO - Prompt Cache: 1 sequences, 0.19 GB
2026-10-02 16:40:27,294 - INFO - - assistant: 0 sequences, 0.00 GB
2026-10-02 16:40:27,294 - INFO - - user: 0 sequences, 0.00 GB
2026-10-02 16:40:27,294 - INFO - - system: 1 sequences, 0.19 GB
127.0.0.1 - - [02/Oct/2026 16:40:27] "POST /v1/chat/completions HTTP/1.1" 200 -
2026-10-02 16:40:28,561 - INFO - Prompt processing progress: 2048/18654
2026-10-02 16:40:29,755 - INFO - Prompt processing progress: 4096/18654
2026-10-02 16:40:30,971 - INFO - Prompt processing progress: 6144/18654
2026-10-02 16:40:32,210 - INFO - Prompt processing progress: 8192/18654
2026-10-02 16:40:33,473 - INFO - Prompt processing progress: 10240/18654
2026-10-02 16:40:34,763 - INFO - Prompt processing progress: 12288/18654
2026-10-02 16:40:36,073 - INFO - Prompt processing progress: 14336/18654
2026-10-02 16:40:37,410 - INFO - Prompt processing progress: 16384/18654
2026-10-02 16:40:38,770 - INFO - Prompt processing progress: 18432/18654
2026-10-02 16:40:39,017 - INFO - Prompt processing progress: 18652/18654
2026-10-02 16:40:39,067 - INFO - Prompt processing progress: 18653/18654
2026-10-02 16:40:39,112 - INFO - Prompt processing progress: 18654/18654
2026-10-02 16:40:40,425 - INFO - Prompt Cache: 1 sequences, 0.19 GB
2026-10-02 16:40:40,425 - INFO - - assistant: 0 sequences, 0.00 GB
2026-10-02 16:40:40,425 - INFO - - user: 0 sequences, 0.00 GB
2026-10-02 16:40:40,425 - INFO - - system: 1 sequences, 0.19 GB
127.0.0.1 - - [02/Oct/2026 16:40:40] "POST /v1/chat/completions HTTP/1.1" 200 -
2026-10-02 16:40:41,694 - INFO - Prompt processing progress: 2048/18752
2026-10-02 16:40:42,890 - INFO - Prompt processing progress: 4096/18752
2026-10-02 16:40:44,104 - INFO - Prompt processing progress: 6144/18752
2026-10-02 16:40:45,343 - INFO - Prompt processing progress: 8192/18752
2026-10-02 16:40:46,607 - INFO - Prompt processing progress: 10240/18752
2026-10-02 16:40:47,894 - INFO - Prompt processing progress: 12288/18752
2026-10-02 16:40:49,207 - INFO - Prompt processing progress: 14336/18752
2026-10-02 16:40:50,548 - INFO - Prompt processing progress: 16384/18752
2026-10-02 16:40:51,915 - INFO - Prompt processing progress: 18432/18752
2026-10-02 16:40:52,216 - INFO - Prompt processing progress: 18750/18752
2026-10-02 16:40:52,278 - INFO - Prompt processing progress: 18751/18752
2026-10-02 16:40:52,323 - INFO - Prompt processing progress: 18752/18752
2026-10-02 16:40:53,424 - INFO - Prompt Cache: 1 sequences, 0.19 GB
2026-10-02 16:40:53,425 - INFO - - assistant: 0 sequences, 0.00 GB
2026-10-02 16:40:53,425 - INFO - - user: 0 sequences, 0.00 GB
2026-10-02 16:40:53,425 - INFO - - system: 1 sequences, 0.19 GB
127.0.0.1 - - [02/Oct/2026 16:40:53] "POST /v1/chat/completions HTTP/1.1" 200 -
2026-10-02 16:40:54,691 - INFO - Prompt processing progress: 2048/18821
2026-10-02 16:40:55,886 - INFO - Prompt processing progress: 4096/18821
2026-10-02 16:40:57,102 - INFO - Prompt processing progress: 6144/18821
2026-10-02 16:40:58,347 - INFO - Prompt processing progress: 8192/18821
2026-10-02 16:40:59,610 - INFO - Prompt processing progress: 10240/18821
2026-10-02 16:41:00,900 - INFO - Prompt processing progress: 12288/18821
2026-10-02 16:41:02,211 - INFO - Prompt processing progress: 14336/18821
2026-10-02 16:41:03,546 - INFO - Prompt processing progress: 16384/18821
2026-10-02 16:41:04,905 - INFO - Prompt processing progress: 18432/18821
2026-10-02 16:41:05,278 - INFO - Prompt processing progress: 18819/18821
2026-10-02 16:41:05,330 - INFO - Prompt processing progress: 18820/18821
2026-10-02 16:41:05,374 - INFO - Prompt processing progress: 18821/18821
2026-10-02 16:41:06,247 - INFO - Prompt Cache: 1 sequences, 0.19 GB
2026-10-02 16:41:06,247 - INFO - - assistant: 0 sequences, 0.00 GB
2026-10-02 16:41:06,248 - INFO - - user: 0 sequences, 0.00 GB
2026-10-02 16:41:06,248 - INFO - - system: 1 sequences, 0.19 GB
127.0.0.1 - - [02/Oct/2026 16:41:06] "POST /v1/chat/completions HTTP/1.1" 200 -
2026-10-02 16:41:07,516 - INFO - Prompt processing progress: 2048/19333
2026-10-02 16:41:08,713 - INFO - Prompt processing progress: 4096/19333
2026-10-02 16:41:09,928 - INFO - Prompt processing progress: 6144/19333
2026-10-02 16:41:11,169 - INFO - Prompt processing progress: 8192/19333
2026-10-02 16:41:12,435 - INFO - Prompt processing progress: 10240/19333
2026-10-02 16:41:13,722 - INFO - Prompt processing progress: 12288/19333
2026-10-02 16:41:15,032 - INFO - Prompt processing progress: 14336/19333
2026-10-02 16:41:16,368 - INFO - Prompt processing progress: 16384/19333
2026-10-02 16:41:17,728 - INFO - Prompt processing progress: 18432/19333
2026-10-02 16:41:18,477 - INFO - Prompt processing progress: 19331/19333
2026-10-02 16:41:18,530 - INFO - Prompt processing progress: 19332/19333
2026-10-02 16:41:18,575 - INFO - Prompt processing progress: 19333/19333
