<M5_REPO>/vendor/vlm-runtime/.venv/lib/python3.12/site-packages/mlx_lm/server.py:1723: UserWarning: mlx_lm.server is not recommended for production as it only implements basic security checks.
  warnings.warn(
2026-10-02 19:03:22,899 - INFO - Starting httpd at 127.0.0.1 on port 18184...
127.0.0.1 - - [02/Oct/2026 19:03:23] "GET /v1/models HTTP/1.1" 200 -
127.0.0.1 - - [02/Oct/2026 19:03:24] "GET /v1/models HTTP/1.1" 200 -
[transformers] You are using a model of type `mimo_v2` to instantiate a model of type ``. This may be expected if you are loading a checkpoint that shares a subset of the architecture (e.g., loading a `sam2_video` checkpoint into `Sam2Model`), but is otherwise not supported and can yield errors. Please verify that the checkpoint is compatible with the model you are instantiating.
2026-10-02 19:03:33,771 - INFO - Prompt Cache: 0 sequences, 0.00 GB
2026-10-02 19:03:33,771 - INFO - - assistant: 0 sequences, 0.00 GB
2026-10-02 19:03:33,771 - INFO - - user: 0 sequences, 0.00 GB
2026-10-02 19:03:33,771 - INFO - - system: 0 sequences, 0.00 GB
127.0.0.1 - - [02/Oct/2026 19:03:33] "POST /v1/chat/completions HTTP/1.1" 200 -
2026-10-02 19:03:38,947 - INFO - Prompt processing progress: 2048/5956
2026-10-02 19:03:40,103 - INFO - Prompt processing progress: 4096/5956
2026-10-02 19:03:41,201 - INFO - Prompt processing progress: 5836/5956
2026-10-02 19:03:41,538 - INFO - Prompt processing progress: 5955/5956
2026-10-02 19:03:41,576 - INFO - Prompt processing progress: 5956/5956
2026-10-02 19:03:42,255 - INFO - Prompt Cache: 1 sequences, 0.51 GB
2026-10-02 19:03:42,255 - INFO - - assistant: 0 sequences, 0.00 GB
2026-10-02 19:03:42,255 - INFO - - user: 0 sequences, 0.00 GB
2026-10-02 19:03:42,255 - INFO - - system: 1 sequences, 0.51 GB
127.0.0.1 - - [02/Oct/2026 19:03:42] "POST /v1/chat/completions HTTP/1.1" 200 -
2026-10-02 19:03:43,552 - INFO - Prompt processing progress: 2048/4752
2026-10-02 19:03:44,839 - INFO - Prompt processing progress: 4096/4752
2026-10-02 19:03:45,360 - INFO - Prompt processing progress: 4751/4752
2026-10-02 19:03:45,389 - INFO - Prompt processing progress: 4752/4752
2026-10-02 19:03:47,087 - WARNING - Failed to parse tool call (ValueError: No function provided.) — tool text was likely truncated mid-generation.
2026-10-02 19:03:47,096 - INFO - Prompt Cache: 1 sequences, 0.51 GB
2026-10-02 19:03:47,096 - INFO - - assistant: 0 sequences, 0.00 GB
2026-10-02 19:03:47,096 - INFO - - user: 0 sequences, 0.00 GB
2026-10-02 19:03:47,096 - INFO - - system: 1 sequences, 0.51 GB
127.0.0.1 - - [02/Oct/2026 19:03:47] "POST /v1/chat/completions HTTP/1.1" 200 -
2026-10-02 19:03:48,390 - INFO - Prompt processing progress: 2048/6726
2026-10-02 19:03:49,682 - INFO - Prompt processing progress: 4096/6726
2026-10-02 19:03:51,018 - INFO - Prompt processing progress: 6144/6726
2026-10-02 19:03:51,509 - INFO - Prompt processing progress: 6725/6726
2026-10-02 19:03:51,537 - INFO - Prompt processing progress: 6726/6726
2026-10-02 19:03:52,545 - WARNING - Failed to parse tool call (ValueError: No function provided.) — tool text was likely truncated mid-generation.
2026-10-02 19:03:52,554 - INFO - Prompt Cache: 1 sequences, 0.51 GB
2026-10-02 19:03:52,554 - INFO - - assistant: 0 sequences, 0.00 GB
2026-10-02 19:03:52,554 - INFO - - user: 0 sequences, 0.00 GB
2026-10-02 19:03:52,554 - INFO - - system: 1 sequences, 0.51 GB
127.0.0.1 - - [02/Oct/2026 19:03:52] "POST /v1/chat/completions HTTP/1.1" 200 -
2026-10-02 19:03:53,847 - INFO - Prompt processing progress: 2048/6784
2026-10-02 19:03:55,137 - INFO - Prompt processing progress: 4096/6784
2026-10-02 19:03:56,480 - INFO - Prompt processing progress: 6144/6784
2026-10-02 19:03:57,006 - INFO - Prompt processing progress: 6783/6784
2026-10-02 19:03:57,035 - INFO - Prompt processing progress: 6784/6784
2026-10-02 19:03:58,239 - INFO - Prompt Cache: 1 sequences, 0.51 GB
2026-10-02 19:03:58,239 - INFO - - assistant: 0 sequences, 0.00 GB
2026-10-02 19:03:58,239 - INFO - - user: 0 sequences, 0.00 GB
2026-10-02 19:03:58,239 - INFO - - system: 1 sequences, 0.51 GB
127.0.0.1 - - [02/Oct/2026 19:03:58] "POST /v1/chat/completions HTTP/1.1" 200 -
2026-10-02 19:03:59,531 - INFO - Prompt processing progress: 2048/9304
2026-10-02 19:04:00,827 - INFO - Prompt processing progress: 4096/9304
2026-10-02 19:04:02,172 - INFO - Prompt processing progress: 6144/9304
2026-10-02 19:04:03,572 - INFO - Prompt processing progress: 8192/9304
2026-10-02 19:04:04,412 - INFO - Prompt processing progress: 9303/9304
2026-10-02 19:04:04,445 - INFO - Prompt processing progress: 9304/9304
2026-10-02 19:04:05,263 - WARNING - Failed to parse tool call (ValueError: No function provided.) — tool text was likely truncated mid-generation.
2026-10-02 19:04:05,275 - INFO - Prompt Cache: 1 sequences, 0.51 GB
2026-10-02 19:04:05,275 - INFO - - assistant: 0 sequences, 0.00 GB
2026-10-02 19:04:05,275 - INFO - - user: 0 sequences, 0.00 GB
2026-10-02 19:04:05,275 - INFO - - system: 1 sequences, 0.51 GB
127.0.0.1 - - [02/Oct/2026 19:04:05] "POST /v1/chat/completions HTTP/1.1" 200 -
2026-10-02 19:04:06,569 - INFO - Prompt processing progress: 2048/11214
2026-10-02 19:04:07,863 - INFO - Prompt processing progress: 4096/11214
2026-10-02 19:04:09,210 - INFO - Prompt processing progress: 6144/11214
2026-10-02 19:04:10,605 - INFO - Prompt processing progress: 8192/11214
2026-10-02 19:04:12,042 - INFO - Prompt processing progress: 10240/11214
2026-10-02 19:04:12,821 - INFO - Prompt processing progress: 11213/11214
2026-10-02 19:04:12,859 - INFO - Prompt processing progress: 11214/11214
2026-10-02 19:04:13,720 - WARNING - Failed to parse tool call (ValueError: No function provided.) — tool text was likely truncated mid-generation.
2026-10-02 19:04:13,733 - INFO - Prompt Cache: 1 sequences, 0.51 GB
2026-10-02 19:04:13,733 - INFO - - assistant: 0 sequences, 0.00 GB
2026-10-02 19:04:13,733 - INFO - - user: 0 sequences, 0.00 GB
2026-10-02 19:04:13,733 - INFO - - system: 1 sequences, 0.51 GB
127.0.0.1 - - [02/Oct/2026 19:04:13] "POST /v1/chat/completions HTTP/1.1" 200 -
2026-10-02 19:04:15,028 - INFO - Prompt processing progress: 2048/12204
2026-10-02 19:04:16,327 - INFO - Prompt processing progress: 4096/12204
2026-10-02 19:04:17,673 - INFO - Prompt processing progress: 6144/12204
2026-10-02 19:04:19,074 - INFO - Prompt processing progress: 8192/12204
2026-10-02 19:04:20,514 - INFO - Prompt processing progress: 10240/12204
2026-10-02 19:04:22,022 - INFO - Prompt processing progress: 12203/12204
2026-10-02 19:04:22,064 - INFO - Prompt processing progress: 12204/12204
2026-10-02 19:04:22,931 - WARNING - Failed to parse tool call (ValueError: No function provided.) — tool text was likely truncated mid-generation.
2026-10-02 19:04:22,944 - INFO - Prompt Cache: 1 sequences, 0.51 GB
2026-10-02 19:04:22,944 - INFO - - assistant: 0 sequences, 0.00 GB
2026-10-02 19:04:22,944 - INFO - - user: 0 sequences, 0.00 GB
2026-10-02 19:04:22,944 - INFO - - system: 1 sequences, 0.51 GB
127.0.0.1 - - [02/Oct/2026 19:04:22] "POST /v1/chat/completions HTTP/1.1" 200 -
2026-10-02 19:04:24,238 - INFO - Prompt processing progress: 2048/13307
2026-10-02 19:04:25,529 - INFO - Prompt processing progress: 4096/13307
2026-10-02 19:04:26,871 - INFO - Prompt processing progress: 6144/13307
2026-10-02 19:04:28,268 - INFO - Prompt processing progress: 8192/13307
2026-10-02 19:04:29,711 - INFO - Prompt processing progress: 10240/13307
2026-10-02 19:04:31,200 - INFO - Prompt processing progress: 12288/13307
2026-10-02 19:04:32,033 - INFO - Prompt processing progress: 13306/13307
2026-10-02 19:04:32,070 - INFO - Prompt processing progress: 13307/13307
2026-10-02 19:04:33,408 - INFO - Prompt Cache: 1 sequences, 0.51 GB
2026-10-02 19:04:33,408 - INFO - - assistant: 0 sequences, 0.00 GB
2026-10-02 19:04:33,408 - INFO - - user: 0 sequences, 0.00 GB
2026-10-02 19:04:33,408 - INFO - - system: 1 sequences, 0.51 GB
127.0.0.1 - - [02/Oct/2026 19:04:33] "POST /v1/chat/completions HTTP/1.1" 200 -
2026-10-02 19:04:34,707 - INFO - Prompt processing progress: 2048/14919
2026-10-02 19:04:36,005 - INFO - Prompt processing progress: 4096/14919
2026-10-02 19:04:37,353 - INFO - Prompt processing progress: 6144/14919
2026-10-02 19:04:38,766 - INFO - Prompt processing progress: 8192/14919
2026-10-02 19:04:40,205 - INFO - Prompt processing progress: 10240/14919
2026-10-02 19:04:41,700 - INFO - Prompt processing progress: 12288/14919
2026-10-02 19:04:43,239 - INFO - Prompt processing progress: 14336/14919
2026-10-02 19:04:43,788 - INFO - Prompt processing progress: 14918/14919
2026-10-02 19:04:43,824 - INFO - Prompt processing progress: 14919/14919
2026-10-02 19:04:44,681 - WARNING - Failed to parse tool call (ValueError: No function provided.) — tool text was likely truncated mid-generation.
2026-10-02 19:04:44,695 - INFO - Prompt Cache: 1 sequences, 0.51 GB
2026-10-02 19:04:44,695 - INFO - - assistant: 0 sequences, 0.00 GB
2026-10-02 19:04:44,695 - INFO - - user: 0 sequences, 0.00 GB
2026-10-02 19:04:44,695 - INFO - - system: 1 sequences, 0.51 GB
127.0.0.1 - - [02/Oct/2026 19:04:44] "POST /v1/chat/completions HTTP/1.1" 200 -
2026-10-02 19:04:45,998 - INFO - Prompt processing progress: 2048/16056
2026-10-02 19:04:47,292 - INFO - Prompt processing progress: 4096/16056
2026-10-02 19:04:48,636 - INFO - Prompt processing progress: 6144/16056
2026-10-02 19:04:50,043 - INFO - Prompt processing progress: 8192/16056
2026-10-02 19:04:51,495 - INFO - Prompt processing progress: 10240/16056
2026-10-02 19:04:52,991 - INFO - Prompt processing progress: 12288/16056
2026-10-02 19:04:54,533 - INFO - Prompt processing progress: 14336/16056
2026-10-02 19:04:55,940 - INFO - Prompt processing progress: 16055/16056
2026-10-02 19:04:55,984 - INFO - Prompt processing progress: 16056/16056
2026-10-02 19:04:57,376 - INFO - Prompt Cache: 1 sequences, 0.51 GB
2026-10-02 19:04:57,377 - INFO - - assistant: 0 sequences, 0.00 GB
2026-10-02 19:04:57,377 - INFO - - user: 0 sequences, 0.00 GB
2026-10-02 19:04:57,377 - INFO - - system: 1 sequences, 0.51 GB
127.0.0.1 - - [02/Oct/2026 19:04:57] "POST /v1/chat/completions HTTP/1.1" 200 -
2026-10-02 19:04:58,688 - INFO - Prompt processing progress: 2048/17228
2026-10-02 19:04:59,981 - INFO - Prompt processing progress: 4096/17228
2026-10-02 19:05:01,321 - INFO - Prompt processing progress: 6144/17228
2026-10-02 19:05:02,723 - INFO - Prompt processing progress: 8192/17228
2026-10-02 19:05:04,164 - INFO - Prompt processing progress: 10240/17228
2026-10-02 19:05:05,653 - INFO - Prompt processing progress: 12288/17228
2026-10-02 19:05:07,190 - INFO - Prompt processing progress: 14336/17228
2026-10-02 19:05:08,774 - INFO - Prompt processing progress: 16384/17228
2026-10-02 19:05:09,532 - INFO - Prompt processing progress: 17227/17228
2026-10-02 19:05:09,586 - INFO - Prompt processing progress: 17228/17228
2026-10-02 19:05:10,436 - WARNING - Failed to parse tool call (ValueError: No function provided.) — tool text was likely truncated mid-generation.
2026-10-02 19:05:10,453 - INFO - Prompt Cache: 1 sequences, 0.51 GB
2026-10-02 19:05:10,453 - INFO - - assistant: 0 sequences, 0.00 GB
2026-10-02 19:05:10,453 - INFO - - user: 0 sequences, 0.00 GB
2026-10-02 19:05:10,453 - INFO - - system: 1 sequences, 0.51 GB
127.0.0.1 - - [02/Oct/2026 19:05:10] "POST /v1/chat/completions HTTP/1.1" 200 -
2026-10-02 19:05:11,750 - INFO - Prompt processing progress: 2048/20422
2026-10-02 19:05:13,047 - INFO - Prompt processing progress: 4096/20422
2026-10-02 19:05:14,396 - INFO - Prompt processing progress: 6144/20422
2026-10-02 19:05:15,795 - INFO - Prompt processing progress: 8192/20422
2026-10-02 19:05:17,238 - INFO - Prompt processing progress: 10240/20422
2026-10-02 19:05:18,728 - INFO - Prompt processing progress: 12288/20422
2026-10-02 19:05:20,265 - INFO - Prompt processing progress: 14336/20422
2026-10-02 19:05:21,853 - INFO - Prompt processing progress: 16384/20422
2026-10-02 19:05:23,485 - INFO - Prompt processing progress: 18432/20422
2026-10-02 19:05:25,199 - INFO - Prompt processing progress: 20421/20422
2026-10-02 19:05:25,268 - INFO - Prompt processing progress: 20422/20422
2026-10-02 19:05:26,476 - WARNING - Failed to parse tool call (ValueError: No function provided.) — tool text was likely truncated mid-generation.
2026-10-02 19:05:26,496 - INFO - Prompt Cache: 1 sequences, 0.51 GB
2026-10-02 19:05:26,496 - INFO - - assistant: 0 sequences, 0.00 GB
2026-10-02 19:05:26,496 - INFO - - user: 0 sequences, 0.00 GB
2026-10-02 19:05:26,496 - INFO - - system: 1 sequences, 0.51 GB
127.0.0.1 - - [02/Oct/2026 19:05:26] "POST /v1/chat/completions HTTP/1.1" 200 -
2026-10-02 19:05:27,800 - INFO - Prompt processing progress: 2048/23849
2026-10-02 19:05:29,098 - INFO - Prompt processing progress: 4096/23849
2026-10-02 19:05:30,449 - INFO - Prompt processing progress: 6144/23849
2026-10-02 19:05:31,844 - INFO - Prompt processing progress: 8192/23849
2026-10-02 19:05:33,284 - INFO - Prompt processing progress: 10240/23849
2026-10-02 19:05:34,777 - INFO - Prompt processing progress: 12288/23849
2026-10-02 19:05:36,315 - INFO - Prompt processing progress: 14336/23849
2026-10-02 19:05:37,905 - INFO - Prompt processing progress: 16384/23849
2026-10-02 19:05:39,539 - INFO - Prompt processing progress: 18432/23849
2026-10-02 19:05:41,213 - INFO - Prompt processing progress: 20480/23849
2026-10-02 19:05:42,934 - INFO - Prompt processing progress: 22528/23849
2026-10-02 19:05:44,143 - INFO - Prompt processing progress: 23848/23849
2026-10-02 19:05:44,192 - INFO - Prompt processing progress: 23849/23849
2026-10-02 19:05:45,589 - INFO - Prompt Cache: 1 sequences, 0.51 GB
2026-10-02 19:05:45,589 - INFO - - assistant: 0 sequences, 0.00 GB
2026-10-02 19:05:45,589 - INFO - - user: 0 sequences, 0.00 GB
2026-10-02 19:05:45,589 - INFO - - system: 1 sequences, 0.51 GB
127.0.0.1 - - [02/Oct/2026 19:05:45] "POST /v1/chat/completions HTTP/1.1" 200 -
2026-10-02 19:05:46,890 - INFO - Prompt processing progress: 2048/25133
2026-10-02 19:05:48,187 - INFO - Prompt processing progress: 4096/25133
2026-10-02 19:05:49,540 - INFO - Prompt processing progress: 6144/25133
2026-10-02 19:05:50,947 - INFO - Prompt processing progress: 8192/25133
2026-10-02 19:05:52,389 - INFO - Prompt processing progress: 10240/25133
2026-10-02 19:05:53,881 - INFO - Prompt processing progress: 12288/25133
2026-10-02 19:05:55,413 - INFO - Prompt processing progress: 14336/25133
2026-10-02 19:05:56,997 - INFO - Prompt processing progress: 16384/25133
2026-10-02 19:05:58,625 - INFO - Prompt processing progress: 18432/25133
2026-10-02 19:06:00,300 - INFO - Prompt processing progress: 20480/25133
2026-10-02 19:06:02,025 - INFO - Prompt processing progress: 22528/25133
2026-10-02 19:06:03,798 - INFO - Prompt processing progress: 24576/25133
2026-10-02 19:06:04,401 - INFO - Prompt processing progress: 25132/25133
2026-10-02 19:06:04,445 - INFO - Prompt processing progress: 25133/25133
2026-10-02 19:06:06,019 - INFO - Prompt Cache: 1 sequences, 0.51 GB
2026-10-02 19:06:06,019 - INFO - - assistant: 0 sequences, 0.00 GB
2026-10-02 19:06:06,019 - INFO - - user: 0 sequences, 0.00 GB
2026-10-02 19:06:06,019 - INFO - - system: 1 sequences, 0.51 GB
127.0.0.1 - - [02/Oct/2026 19:06:06] "POST /v1/chat/completions HTTP/1.1" 200 -
2026-10-02 19:06:07,317 - INFO - Prompt processing progress: 2048/26788
2026-10-02 19:06:08,615 - INFO - Prompt processing progress: 4096/26788
2026-10-02 19:06:09,965 - INFO - Prompt processing progress: 6144/26788
2026-10-02 19:06:11,364 - INFO - Prompt processing progress: 8192/26788
2026-10-02 19:06:12,808 - INFO - Prompt processing progress: 10240/26788
2026-10-02 19:06:14,298 - INFO - Prompt processing progress: 12288/26788
2026-10-02 19:06:15,838 - INFO - Prompt processing progress: 14336/26788
2026-10-02 19:06:17,426 - INFO - Prompt processing progress: 16384/26788
2026-10-02 19:06:19,055 - INFO - Prompt processing progress: 18432/26788
2026-10-02 19:06:20,729 - INFO - Prompt processing progress: 20480/26788
2026-10-02 19:06:22,454 - INFO - Prompt processing progress: 22528/26788
2026-10-02 19:06:24,228 - INFO - Prompt processing progress: 24576/26788
2026-10-02 19:06:26,050 - INFO - Prompt processing progress: 26624/26788
2026-10-02 19:06:26,365 - INFO - Prompt processing progress: 26787/26788
2026-10-02 19:06:26,406 - INFO - Prompt processing progress: 26788/26788
2026-10-02 19:06:28,042 - INFO - Prompt Cache: 1 sequences, 0.51 GB
2026-10-02 19:06:28,042 - INFO - - assistant: 0 sequences, 0.00 GB
2026-10-02 19:06:28,042 - INFO - - user: 0 sequences, 0.00 GB
2026-10-02 19:06:28,042 - INFO - - system: 1 sequences, 0.51 GB
127.0.0.1 - - [02/Oct/2026 19:06:28] "POST /v1/chat/completions HTTP/1.1" 200 -
2026-10-02 19:06:29,337 - INFO - Prompt processing progress: 2048/29503
2026-10-02 19:06:30,633 - INFO - Prompt processing progress: 4096/29503
2026-10-02 19:06:31,977 - INFO - Prompt processing progress: 6144/29503
2026-10-02 19:06:33,378 - INFO - Prompt processing progress: 8192/29503
2026-10-02 19:06:34,823 - INFO - Prompt processing progress: 10240/29503
2026-10-02 19:06:36,314 - INFO - Prompt processing progress: 12288/29503
2026-10-02 19:06:37,855 - INFO - Prompt processing progress: 14336/29503
2026-10-02 19:06:39,447 - INFO - Prompt processing progress: 16384/29503
2026-10-02 19:06:41,086 - INFO - Prompt processing progress: 18432/29503
2026-10-02 19:06:42,768 - INFO - Prompt processing progress: 20480/29503
2026-10-02 19:06:44,490 - INFO - Prompt processing progress: 22528/29503
2026-10-02 19:06:46,259 - INFO - Prompt processing progress: 24576/29503
2026-10-02 19:06:48,080 - INFO - Prompt processing progress: 26624/29503
2026-10-02 19:06:49,946 - INFO - Prompt processing progress: 28672/29503
2026-10-02 19:06:50,830 - INFO - Prompt processing progress: 29502/29503
2026-10-02 19:06:50,878 - INFO - Prompt processing progress: 29503/29503
2026-10-02 19:06:52,277 - INFO - Prompt Cache: 1 sequences, 0.51 GB
2026-10-02 19:06:52,277 - INFO - - assistant: 0 sequences, 0.00 GB
2026-10-02 19:06:52,277 - INFO - - user: 0 sequences, 0.00 GB
2026-10-02 19:06:52,277 - INFO - - system: 1 sequences, 0.51 GB
127.0.0.1 - - [02/Oct/2026 19:06:52] "POST /v1/chat/completions HTTP/1.1" 200 -
2026-10-02 19:06:53,580 - INFO - Prompt processing progress: 2048/31303
2026-10-02 19:06:54,872 - INFO - Prompt processing progress: 4096/31303
2026-10-02 19:06:56,222 - INFO - Prompt processing progress: 6144/31303
2026-10-02 19:06:57,625 - INFO - Prompt processing progress: 8192/31303
2026-10-02 19:06:59,068 - INFO - Prompt processing progress: 10240/31303
2026-10-02 19:07:00,561 - INFO - Prompt processing progress: 12288/31303
2026-10-02 19:07:02,096 - INFO - Prompt processing progress: 14336/31303
2026-10-02 19:07:03,681 - INFO - Prompt processing progress: 16384/31303
2026-10-02 19:07:05,317 - INFO - Prompt processing progress: 18432/31303
2026-10-02 19:07:06,992 - INFO - Prompt processing progress: 20480/31303
2026-10-02 19:07:08,715 - INFO - Prompt processing progress: 22528/31303
2026-10-02 19:07:10,486 - INFO - Prompt processing progress: 24576/31303
2026-10-02 19:07:12,315 - INFO - Prompt processing progress: 26624/31303
2026-10-02 19:07:14,186 - INFO - Prompt processing progress: 28672/31303
2026-10-02 19:07:16,102 - INFO - Prompt processing progress: 30720/31303
2026-10-02 19:07:16,779 - INFO - Prompt processing progress: 31302/31303
2026-10-02 19:07:16,841 - INFO - Prompt processing progress: 31303/31303
2026-10-02 19:07:17,786 - INFO - Prompt Cache: 1 sequences, 0.51 GB
2026-10-02 19:07:17,786 - INFO - - assistant: 0 sequences, 0.00 GB
2026-10-02 19:07:17,786 - INFO - - user: 0 sequences, 0.00 GB
2026-10-02 19:07:17,786 - INFO - - system: 1 sequences, 0.51 GB
127.0.0.1 - - [02/Oct/2026 19:07:17] "POST /v1/chat/completions HTTP/1.1" 200 -
2026-10-02 19:07:19,084 - INFO - Prompt processing progress: 2048/34114
2026-10-02 19:07:20,379 - INFO - Prompt processing progress: 4096/34114
2026-10-02 19:07:21,731 - INFO - Prompt processing progress: 6144/34114
2026-10-02 19:07:23,131 - INFO - Prompt processing progress: 8192/34114
2026-10-02 19:07:24,576 - INFO - Prompt processing progress: 10240/34114
2026-10-02 19:07:26,069 - INFO - Prompt processing progress: 12288/34114
2026-10-02 19:07:27,607 - INFO - Prompt processing progress: 14336/34114
2026-10-02 19:07:29,194 - INFO - Prompt processing progress: 16384/34114
2026-10-02 19:07:30,825 - INFO - Prompt processing progress: 18432/34114
2026-10-02 19:07:32,504 - INFO - Prompt processing progress: 20480/34114
2026-10-02 19:07:34,226 - INFO - Prompt processing progress: 22528/34114
2026-10-02 19:07:35,997 - INFO - Prompt processing progress: 24576/34114
2026-10-02 19:07:37,821 - INFO - Prompt processing progress: 26624/34114
2026-10-02 19:07:39,693 - INFO - Prompt processing progress: 28672/34114
2026-10-02 19:07:41,619 - INFO - Prompt processing progress: 30720/34114
2026-10-02 19:07:43,582 - INFO - Prompt processing progress: 32768/34114
2026-10-02 19:07:45,018 - INFO - Prompt processing progress: 34113/34114
2026-10-02 19:07:45,074 - INFO - Prompt processing progress: 34114/34114
2026-10-02 19:07:46,876 - INFO - Prompt Cache: 1 sequences, 0.51 GB
2026-10-02 19:07:46,876 - INFO - - assistant: 0 sequences, 0.00 GB
2026-10-02 19:07:46,876 - INFO - - user: 0 sequences, 0.00 GB
2026-10-02 19:07:46,876 - INFO - - system: 1 sequences, 0.51 GB
127.0.0.1 - - [02/Oct/2026 19:07:46] "POST /v1/chat/completions HTTP/1.1" 200 -
2026-10-02 19:07:48,175 - INFO - Prompt processing progress: 2048/37612
2026-10-02 19:07:49,470 - INFO - Prompt processing progress: 4096/37612
2026-10-02 19:07:50,822 - INFO - Prompt processing progress: 6144/37612
2026-10-02 19:07:52,223 - INFO - Prompt processing progress: 8192/37612
2026-10-02 19:07:53,661 - INFO - Prompt processing progress: 10240/37612
2026-10-02 19:07:55,150 - INFO - Prompt processing progress: 12288/37612
2026-10-02 19:07:56,687 - INFO - Prompt processing progress: 14336/37612
2026-10-02 19:07:58,270 - INFO - Prompt processing progress: 16384/37612
2026-10-02 19:07:59,906 - INFO - Prompt processing progress: 18432/37612
2026-10-02 19:08:01,580 - INFO - Prompt processing progress: 20480/37612
2026-10-02 19:08:03,305 - INFO - Prompt processing progress: 22528/37612
2026-10-02 19:08:05,075 - INFO - Prompt processing progress: 24576/37612
2026-10-02 19:08:06,901 - INFO - Prompt processing progress: 26624/37612
2026-10-02 19:08:08,765 - INFO - Prompt processing progress: 28672/37612
2026-10-02 19:08:10,684 - INFO - Prompt processing progress: 30720/37612
2026-10-02 19:08:12,654 - INFO - Prompt processing progress: 32768/37612
2026-10-02 19:08:14,678 - INFO - Prompt processing progress: 34816/37612
2026-10-02 19:08:16,739 - INFO - Prompt processing progress: 36864/37612
2026-10-02 19:08:17,619 - INFO - Prompt processing progress: 37611/37612
2026-10-02 19:08:17,673 - INFO - Prompt processing progress: 37612/37612
2026-10-02 19:08:18,860 - INFO - Prompt Cache: 1 sequences, 0.51 GB
2026-10-02 19:08:18,860 - INFO - - assistant: 0 sequences, 0.00 GB
2026-10-02 19:08:18,860 - INFO - - user: 0 sequences, 0.00 GB
2026-10-02 19:08:18,860 - INFO - - system: 1 sequences, 0.51 GB
127.0.0.1 - - [02/Oct/2026 19:08:18] "POST /v1/chat/completions HTTP/1.1" 200 -
2026-10-02 19:08:20,166 - INFO - Prompt processing progress: 2048/37770
2026-10-02 19:08:21,460 - INFO - Prompt processing progress: 4096/37770
2026-10-02 19:08:22,806 - INFO - Prompt processing progress: 6144/37770
2026-10-02 19:08:24,208 - INFO - Prompt processing progress: 8192/37770
2026-10-02 19:08:25,652 - INFO - Prompt processing progress: 10240/37770
2026-10-02 19:08:27,142 - INFO - Prompt processing progress: 12288/37770
2026-10-02 19:08:28,678 - INFO - Prompt processing progress: 14336/37770
2026-10-02 19:08:30,261 - INFO - Prompt processing progress: 16384/37770
2026-10-02 19:08:31,892 - INFO - Prompt processing progress: 18432/37770
2026-10-02 19:08:33,566 - INFO - Prompt processing progress: 20480/37770
2026-10-02 19:08:35,291 - INFO - Prompt processing progress: 22528/37770
2026-10-02 19:08:37,063 - INFO - Prompt processing progress: 24576/37770
2026-10-02 19:08:38,885 - INFO - Prompt processing progress: 26624/37770
2026-10-02 19:08:40,749 - INFO - Prompt processing progress: 28672/37770
2026-10-02 19:08:42,666 - INFO - Prompt processing progress: 30720/37770
2026-10-02 19:08:44,631 - INFO - Prompt processing progress: 32768/37770
2026-10-02 19:08:46,648 - INFO - Prompt processing progress: 34816/37770
2026-10-02 19:08:48,708 - INFO - Prompt processing progress: 36864/37770
2026-10-02 19:08:49,757 - INFO - Prompt processing progress: 37769/37770
2026-10-02 19:08:49,816 - INFO - Prompt processing progress: 37770/37770
2026-10-02 19:08:52,795 - INFO - Prompt Cache: 1 sequences, 0.51 GB
2026-10-02 19:08:52,795 - INFO - - assistant: 0 sequences, 0.00 GB
2026-10-02 19:08:52,795 - INFO - - user: 0 sequences, 0.00 GB
2026-10-02 19:08:52,795 - INFO - - system: 1 sequences, 0.51 GB
127.0.0.1 - - [02/Oct/2026 19:08:52] "POST /v1/chat/completions HTTP/1.1" 200 -
2026-10-02 19:08:53,137 - INFO - Prompt processing progress: 234/235
2026-10-02 19:08:53,161 - INFO - Prompt processing progress: 235/235
2026-10-02 19:08:53,838 - INFO - Prompt Cache: 1 sequences, 0.51 GB
2026-10-02 19:08:53,838 - INFO - - assistant: 0 sequences, 0.00 GB
2026-10-02 19:08:53,838 - INFO - - user: 0 sequences, 0.00 GB
2026-10-02 19:08:53,838 - INFO - - system: 1 sequences, 0.51 GB
127.0.0.1 - - [02/Oct/2026 19:08:53] "POST /v1/chat/completions HTTP/1.1" 200 -
2026-10-02 19:08:55,140 - INFO - Prompt processing progress: 2048/4867
2026-10-02 19:08:56,430 - INFO - Prompt processing progress: 4096/4867
2026-10-02 19:08:57,023 - INFO - Prompt processing progress: 4866/4867
2026-10-02 19:08:57,053 - INFO - Prompt processing progress: 4867/4867
2026-10-02 19:08:59,115 - WARNING - Failed to parse tool call (ValueError: No function provided.) — tool text was likely truncated mid-generation.
2026-10-02 19:08:59,125 - INFO - Prompt Cache: 1 sequences, 0.51 GB
2026-10-02 19:08:59,125 - INFO - - assistant: 0 sequences, 0.00 GB
2026-10-02 19:08:59,125 - INFO - - user: 0 sequences, 0.00 GB
2026-10-02 19:08:59,125 - INFO - - system: 1 sequences, 0.51 GB
127.0.0.1 - - [02/Oct/2026 19:08:59] "POST /v1/chat/completions HTTP/1.1" 200 -
2026-10-02 19:09:00,422 - INFO - Prompt processing progress: 2048/8191
2026-10-02 19:09:01,721 - INFO - Prompt processing progress: 4096/8191
2026-10-02 19:09:03,075 - INFO - Prompt processing progress: 6144/8191
2026-10-02 19:09:04,550 - INFO - Prompt processing progress: 8190/8191
2026-10-02 19:09:04,590 - INFO - Prompt processing progress: 8191/8191
2026-10-02 19:09:06,299 - WARNING - Failed to parse tool call (ValueError: No function provided.) — tool text was likely truncated mid-generation.
2026-10-02 19:09:06,324 - INFO - Prompt Cache: 1 sequences, 0.51 GB
2026-10-02 19:09:06,324 - INFO - - assistant: 0 sequences, 0.00 GB
2026-10-02 19:09:06,324 - INFO - - user: 0 sequences, 0.00 GB
2026-10-02 19:09:06,324 - INFO - - system: 1 sequences, 0.51 GB
127.0.0.1 - - [02/Oct/2026 19:09:06] "POST /v1/chat/completions HTTP/1.1" 200 -
2026-10-02 19:09:07,623 - INFO - Prompt processing progress: 2048/11525
2026-10-02 19:09:08,920 - INFO - Prompt processing progress: 4096/11525
2026-10-02 19:09:10,270 - INFO - Prompt processing progress: 6144/11525
2026-10-02 19:09:11,668 - INFO - Prompt processing progress: 8192/11525
2026-10-02 19:09:13,116 - INFO - Prompt processing progress: 10240/11525
2026-10-02 19:09:14,102 - INFO - Prompt processing progress: 11524/11525
2026-10-02 19:09:14,137 - INFO - Prompt processing progress: 11525/11525
2026-10-02 19:09:15,907 - INFO - Prompt Cache: 1 sequences, 0.51 GB
2026-10-02 19:09:15,908 - INFO - - assistant: 0 sequences, 0.00 GB
2026-10-02 19:09:15,908 - INFO - - user: 0 sequences, 0.00 GB
2026-10-02 19:09:15,908 - INFO - - system: 1 sequences, 0.51 GB
127.0.0.1 - - [02/Oct/2026 19:09:15] "POST /v1/chat/completions HTTP/1.1" 200 -
2026-10-02 19:09:17,224 - INFO - Prompt processing progress: 2048/12090
2026-10-02 19:09:18,519 - INFO - Prompt processing progress: 4096/12090
2026-10-02 19:09:19,858 - INFO - Prompt processing progress: 6144/12090
2026-10-02 19:09:21,255 - INFO - Prompt processing progress: 8192/12090
2026-10-02 19:09:22,701 - INFO - Prompt processing progress: 10240/12090
2026-10-02 19:09:24,126 - INFO - Prompt processing progress: 12089/12090
2026-10-02 19:09:24,168 - INFO - Prompt processing progress: 12090/12090
2026-10-02 19:09:24,996 - INFO - Prompt Cache: 1 sequences, 0.51 GB
2026-10-02 19:09:24,996 - INFO - - assistant: 0 sequences, 0.00 GB
2026-10-02 19:09:24,996 - INFO - - user: 0 sequences, 0.00 GB
2026-10-02 19:09:24,996 - INFO - - system: 1 sequences, 0.51 GB
127.0.0.1 - - [02/Oct/2026 19:09:24] "POST /v1/chat/completions HTTP/1.1" 200 -
2026-10-02 19:09:26,291 - INFO - Prompt processing progress: 2048/13649
2026-10-02 19:09:27,589 - INFO - Prompt processing progress: 4096/13649
2026-10-02 19:09:28,943 - INFO - Prompt processing progress: 6144/13649
2026-10-02 19:09:30,341 - INFO - Prompt processing progress: 8192/13649
2026-10-02 19:09:31,790 - INFO - Prompt processing progress: 10240/13649
2026-10-02 19:09:33,282 - INFO - Prompt processing progress: 12288/13649
2026-10-02 19:09:34,374 - INFO - Prompt processing progress: 13648/13649
2026-10-02 19:09:34,413 - INFO - Prompt processing progress: 13649/13649
2026-10-02 19:09:35,232 - WARNING - Failed to parse tool call (ValueError: No function provided.) — tool text was likely truncated mid-generation.
2026-10-02 19:09:35,245 - INFO - Prompt Cache: 1 sequences, 0.51 GB
2026-10-02 19:09:35,245 - INFO - - assistant: 0 sequences, 0.00 GB
2026-10-02 19:09:35,245 - INFO - - user: 0 sequences, 0.00 GB
2026-10-02 19:09:35,246 - INFO - - system: 1 sequences, 0.51 GB
127.0.0.1 - - [02/Oct/2026 19:09:35] "POST /v1/chat/completions HTTP/1.1" 200 -
2026-10-02 19:09:36,542 - INFO - Prompt processing progress: 2048/15297
2026-10-02 19:09:37,842 - INFO - Prompt processing progress: 4096/15297
2026-10-02 19:09:39,186 - INFO - Prompt processing progress: 6144/15297
2026-10-02 19:09:40,581 - INFO - Prompt processing progress: 8192/15297
2026-10-02 19:09:42,031 - INFO - Prompt processing progress: 10240/15297
2026-10-02 19:09:43,525 - INFO - Prompt processing progress: 12288/15297
2026-10-02 19:09:45,058 - INFO - Prompt processing progress: 14336/15297
2026-10-02 19:09:45,865 - INFO - Prompt processing progress: 15296/15297
2026-10-02 19:09:45,917 - INFO - Prompt processing progress: 15297/15297
2026-10-02 19:09:47,325 - WARNING - Failed to parse tool call (ValueError: No function provided.) — tool text was likely truncated mid-generation.
2026-10-02 19:09:47,340 - INFO - Prompt Cache: 1 sequences, 0.51 GB
2026-10-02 19:09:47,340 - INFO - - assistant: 0 sequences, 0.00 GB
2026-10-02 19:09:47,340 - INFO - - user: 0 sequences, 0.00 GB
2026-10-02 19:09:47,340 - INFO - - system: 1 sequences, 0.51 GB
127.0.0.1 - - [02/Oct/2026 19:09:47] "POST /v1/chat/completions HTTP/1.1" 200 -
2026-10-02 19:09:48,638 - INFO - Prompt processing progress: 2048/17573
2026-10-02 19:09:49,937 - INFO - Prompt processing progress: 4096/17573
2026-10-02 19:09:51,287 - INFO - Prompt processing progress: 6144/17573
2026-10-02 19:09:52,684 - INFO - Prompt processing progress: 8192/17573
2026-10-02 19:09:54,122 - INFO - Prompt processing progress: 10240/17573
2026-10-02 19:09:55,614 - INFO - Prompt processing progress: 12288/17573
2026-10-02 19:09:57,149 - INFO - Prompt processing progress: 14336/17573
2026-10-02 19:09:58,735 - INFO - Prompt processing progress: 16384/17573
2026-10-02 19:09:59,741 - INFO - Prompt processing progress: 17572/17573
2026-10-02 19:09:59,783 - INFO - Prompt processing progress: 17573/17573
2026-10-02 19:10:00,827 - INFO - Prompt Cache: 1 sequences, 0.51 GB
2026-10-02 19:10:00,827 - INFO - - assistant: 0 sequences, 0.00 GB
2026-10-02 19:10:00,827 - INFO - - user: 0 sequences, 0.00 GB
2026-10-02 19:10:00,827 - INFO - - system: 1 sequences, 0.51 GB
127.0.0.1 - - [02/Oct/2026 19:10:00] "POST /v1/chat/completions HTTP/1.1" 200 -
2026-10-02 19:10:02,122 - INFO - Prompt processing progress: 2048/19609
2026-10-02 19:10:03,417 - INFO - Prompt processing progress: 4096/19609
2026-10-02 19:10:04,774 - INFO - Prompt processing progress: 6144/19609
2026-10-02 19:10:06,178 - INFO - Prompt processing progress: 8192/19609
2026-10-02 19:10:07,628 - INFO - Prompt processing progress: 10240/19609
2026-10-02 19:10:09,118 - INFO - Prompt processing progress: 12288/19609
2026-10-02 19:10:10,661 - INFO - Prompt processing progress: 14336/19609
2026-10-02 19:10:12,246 - INFO - Prompt processing progress: 16384/19609
2026-10-02 19:10:13,882 - INFO - Prompt processing progress: 18432/19609
2026-10-02 19:10:14,910 - INFO - Prompt processing progress: 19608/19609
2026-10-02 19:10:14,951 - INFO - Prompt processing progress: 19609/19609
2026-10-02 19:10:16,250 - INFO - Prompt Cache: 1 sequences, 0.51 GB
2026-10-02 19:10:16,250 - INFO - - assistant: 0 sequences, 0.00 GB
2026-10-02 19:10:16,250 - INFO - - user: 0 sequences, 0.00 GB
2026-10-02 19:10:16,250 - INFO - - system: 1 sequences, 0.51 GB
127.0.0.1 - - [02/Oct/2026 19:10:16] "POST /v1/chat/completions HTTP/1.1" 200 -
2026-10-02 19:10:17,545 - INFO - Prompt processing progress: 2048/23133
2026-10-02 19:10:18,841 - INFO - Prompt processing progress: 4096/23133
2026-10-02 19:10:20,192 - INFO - Prompt processing progress: 6144/23133
2026-10-02 19:10:21,592 - INFO - Prompt processing progress: 8192/23133
2026-10-02 19:10:23,042 - INFO - Prompt processing progress: 10240/23133
2026-10-02 19:10:24,532 - INFO - Prompt processing progress: 12288/23133
2026-10-02 19:10:26,070 - INFO - Prompt processing progress: 14336/23133
2026-10-02 19:10:27,653 - INFO - Prompt processing progress: 16384/23133
2026-10-02 19:10:29,291 - INFO - Prompt processing progress: 18432/23133
2026-10-02 19:10:30,972 - INFO - Prompt processing progress: 20480/23133
2026-10-02 19:10:32,705 - INFO - Prompt processing progress: 22528/23133
2026-10-02 19:10:33,323 - INFO - Prompt processing progress: 23132/23133
2026-10-02 19:10:33,366 - INFO - Prompt processing progress: 23133/23133
2026-10-02 19:10:34,542 - INFO - Prompt Cache: 1 sequences, 0.51 GB
2026-10-02 19:10:34,542 - INFO - - assistant: 0 sequences, 0.00 GB
2026-10-02 19:10:34,542 - INFO - - user: 0 sequences, 0.00 GB
2026-10-02 19:10:34,542 - INFO - - system: 1 sequences, 0.51 GB
127.0.0.1 - - [02/Oct/2026 19:10:34] "POST /v1/chat/completions HTTP/1.1" 200 -
2026-10-02 19:10:35,840 - INFO - Prompt processing progress: 2048/25169
2026-10-02 19:10:37,138 - INFO - Prompt processing progress: 4096/25169
2026-10-02 19:10:38,481 - INFO - Prompt processing progress: 6144/25169
2026-10-02 19:10:39,877 - INFO - Prompt processing progress: 8192/25169
2026-10-02 19:10:41,323 - INFO - Prompt processing progress: 10240/25169
2026-10-02 19:10:42,820 - INFO - Prompt processing progress: 12288/25169
2026-10-02 19:10:44,359 - INFO - Prompt processing progress: 14336/25169
2026-10-02 19:10:45,944 - INFO - Prompt processing progress: 16384/25169
2026-10-02 19:10:47,585 - INFO - Prompt processing progress: 18432/25169
2026-10-02 19:10:49,268 - INFO - Prompt processing progress: 20480/25169
2026-10-02 19:10:50,995 - INFO - Prompt processing progress: 22528/25169
2026-10-02 19:10:52,767 - INFO - Prompt processing progress: 24576/25169
2026-10-02 19:10:53,390 - INFO - Prompt processing progress: 25168/25169
2026-10-02 19:10:53,434 - INFO - Prompt processing progress: 25169/25169
2026-10-02 19:10:54,909 - WARNING - Failed to parse tool call (ValueError: No function provided.) — tool text was likely truncated mid-generation.
2026-10-02 19:10:54,931 - INFO - Prompt Cache: 1 sequences, 0.51 GB
2026-10-02 19:10:54,931 - INFO - - assistant: 0 sequences, 0.00 GB
2026-10-02 19:10:54,931 - INFO - - user: 0 sequences, 0.00 GB
2026-10-02 19:10:54,931 - INFO - - system: 1 sequences, 0.51 GB
127.0.0.1 - - [02/Oct/2026 19:10:54] "POST /v1/chat/completions HTTP/1.1" 200 -
2026-10-02 19:10:56,230 - INFO - Prompt processing progress: 2048/28661
2026-10-02 19:10:57,529 - INFO - Prompt processing progress: 4096/28661
2026-10-02 19:10:58,873 - INFO - Prompt processing progress: 6144/28661
2026-10-02 19:11:00,272 - INFO - Prompt processing progress: 8192/28661
2026-10-02 19:11:01,718 - INFO - Prompt processing progress: 10240/28661
2026-10-02 19:11:03,215 - INFO - Prompt processing progress: 12288/28661
2026-10-02 19:11:04,758 - INFO - Prompt processing progress: 14336/28661
2026-10-02 19:11:06,348 - INFO - Prompt processing progress: 16384/28661
2026-10-02 19:11:07,984 - INFO - Prompt processing progress: 18432/28661
2026-10-02 19:11:09,665 - INFO - Prompt processing progress: 20480/28661
2026-10-02 19:11:11,386 - INFO - Prompt processing progress: 22528/28661
2026-10-02 19:11:13,162 - INFO - Prompt processing progress: 24576/28661
2026-10-02 19:11:14,989 - INFO - Prompt processing progress: 26624/28661
2026-10-02 19:11:16,902 - INFO - Prompt processing progress: 28660/28661
2026-10-02 19:11:16,962 - INFO - Prompt processing progress: 28661/28661
2026-10-02 19:11:17,886 - WARNING - Failed to parse tool call (ValueError: No function provided.) — tool text was likely truncated mid-generation.
2026-10-02 19:11:17,906 - INFO - Prompt Cache: 1 sequences, 0.51 GB
2026-10-02 19:11:17,907 - INFO - - assistant: 0 sequences, 0.00 GB
2026-10-02 19:11:17,907 - INFO - - user: 0 sequences, 0.00 GB
2026-10-02 19:11:17,907 - INFO - - system: 1 sequences, 0.51 GB
127.0.0.1 - - [02/Oct/2026 19:11:17] "POST /v1/chat/completions HTTP/1.1" 200 -
2026-10-02 19:11:19,200 - INFO - Prompt processing progress: 2048/30899
2026-10-02 19:11:20,498 - INFO - Prompt processing progress: 4096/30899
2026-10-02 19:11:21,842 - INFO - Prompt processing progress: 6144/30899
2026-10-02 19:11:23,241 - INFO - Prompt processing progress: 8192/30899
2026-10-02 19:11:24,687 - INFO - Prompt processing progress: 10240/30899
2026-10-02 19:11:26,180 - INFO - Prompt processing progress: 12288/30899
2026-10-02 19:11:27,717 - INFO - Prompt processing progress: 14336/30899
2026-10-02 19:11:29,298 - INFO - Prompt processing progress: 16384/30899
2026-10-02 19:11:30,929 - INFO - Prompt processing progress: 18432/30899
2026-10-02 19:11:32,610 - INFO - Prompt processing progress: 20480/30899
2026-10-02 19:11:34,336 - INFO - Prompt processing progress: 22528/30899
2026-10-02 19:11:36,112 - INFO - Prompt processing progress: 24576/30899
2026-10-02 19:11:37,934 - INFO - Prompt processing progress: 26624/30899
2026-10-02 19:11:39,795 - INFO - Prompt processing progress: 28672/30899
2026-10-02 19:11:41,717 - INFO - Prompt processing progress: 30720/30899
2026-10-02 19:11:42,053 - INFO - Prompt processing progress: 30898/30899
2026-10-02 19:11:42,109 - INFO - Prompt processing progress: 30899/30899
2026-10-02 19:11:43,420 - WARNING - Failed to parse tool call (ValueError: No function provided.) — tool text was likely truncated mid-generation.
2026-10-02 19:11:43,443 - INFO - Prompt Cache: 1 sequences, 0.51 GB
2026-10-02 19:11:43,443 - INFO - - assistant: 0 sequences, 0.00 GB
2026-10-02 19:11:43,443 - INFO - - user: 0 sequences, 0.00 GB
2026-10-02 19:11:43,443 - INFO - - system: 1 sequences, 0.51 GB
127.0.0.1 - - [02/Oct/2026 19:11:43] "POST /v1/chat/completions HTTP/1.1" 200 -
2026-10-02 19:11:44,744 - INFO - Prompt processing progress: 2048/33773
2026-10-02 19:11:46,040 - INFO - Prompt processing progress: 4096/33773
2026-10-02 19:11:47,393 - INFO - Prompt processing progress: 6144/33773
2026-10-02 19:11:48,790 - INFO - Prompt processing progress: 8192/33773
2026-10-02 19:11:50,235 - INFO - Prompt processing progress: 10240/33773
2026-10-02 19:11:51,733 - INFO - Prompt processing progress: 12288/33773
2026-10-02 19:11:53,270 - INFO - Prompt processing progress: 14336/33773
2026-10-02 19:11:54,856 - INFO - Prompt processing progress: 16384/33773
2026-10-02 19:11:56,491 - INFO - Prompt processing progress: 18432/33773
2026-10-02 19:11:58,170 - INFO - Prompt processing progress: 20480/33773
2026-10-02 19:11:59,897 - INFO - Prompt processing progress: 22528/33773
2026-10-02 19:12:01,669 - INFO - Prompt processing progress: 24576/33773
2026-10-02 19:12:03,492 - INFO - Prompt processing progress: 26624/33773
2026-10-02 19:12:05,362 - INFO - Prompt processing progress: 28672/33773
2026-10-02 19:12:07,285 - INFO - Prompt processing progress: 30720/33773
2026-10-02 19:12:09,253 - INFO - Prompt processing progress: 32768/33773
2026-10-02 19:12:10,324 - INFO - Prompt processing progress: 33772/33773
2026-10-02 19:12:10,378 - INFO - Prompt processing progress: 33773/33773
2026-10-02 19:12:11,716 - INFO - Prompt Cache: 1 sequences, 0.51 GB
2026-10-02 19:12:11,716 - INFO - - assistant: 0 sequences, 0.00 GB
2026-10-02 19:12:11,716 - INFO - - user: 0 sequences, 0.00 GB
2026-10-02 19:12:11,716 - INFO - - system: 1 sequences, 0.51 GB
127.0.0.1 - - [02/Oct/2026 19:12:11] "POST /v1/chat/completions HTTP/1.1" 200 -
2026-10-02 19:12:13,017 - INFO - Prompt processing progress: 2048/36249
2026-10-02 19:12:14,314 - INFO - Prompt processing progress: 4096/36249
2026-10-02 19:12:15,656 - INFO - Prompt processing progress: 6144/36249
2026-10-02 19:12:17,052 - INFO - Prompt processing progress: 8192/36249
2026-10-02 19:12:18,502 - INFO - Prompt processing progress: 10240/36249
2026-10-02 19:12:19,993 - INFO - Prompt processing progress: 12288/36249
2026-10-02 19:12:21,530 - INFO - Prompt processing progress: 14336/36249
2026-10-02 19:12:23,114 - INFO - Prompt processing progress: 16384/36249
2026-10-02 19:12:24,749 - INFO - Prompt processing progress: 18432/36249
2026-10-02 19:12:26,430 - INFO - Prompt processing progress: 20480/36249
2026-10-02 19:12:28,158 - INFO - Prompt processing progress: 22528/36249
2026-10-02 19:12:29,934 - INFO - Prompt processing progress: 24576/36249
2026-10-02 19:12:31,757 - INFO - Prompt processing progress: 26624/36249
2026-10-02 19:12:33,619 - INFO - Prompt processing progress: 28672/36249
2026-10-02 19:12:35,536 - INFO - Prompt processing progress: 30720/36249
2026-10-02 19:12:37,503 - INFO - Prompt processing progress: 32768/36249
2026-10-02 19:12:39,524 - INFO - Prompt processing progress: 34816/36249
2026-10-02 19:12:41,055 - INFO - Prompt processing progress: 36248/36249
2026-10-02 19:12:41,114 - INFO - Prompt processing progress: 36249/36249
2026-10-02 19:12:42,057 - WARNING - Failed to parse tool call (ValueError: No function provided.) — tool text was likely truncated mid-generation.
2026-10-02 19:12:42,082 - INFO - Prompt Cache: 1 sequences, 0.51 GB
2026-10-02 19:12:42,082 - INFO - - assistant: 0 sequences, 0.00 GB
2026-10-02 19:12:42,082 - INFO - - user: 0 sequences, 0.00 GB
2026-10-02 19:12:42,082 - INFO - - system: 1 sequences, 0.51 GB
127.0.0.1 - - [02/Oct/2026 19:12:42] "POST /v1/chat/completions HTTP/1.1" 200 -
2026-10-02 19:12:43,378 - INFO - Prompt processing progress: 2048/38156
2026-10-02 19:12:44,677 - INFO - Prompt processing progress: 4096/38156
2026-10-02 19:12:46,031 - INFO - Prompt processing progress: 6144/38156
2026-10-02 19:12:47,431 - INFO - Prompt processing progress: 8192/38156
2026-10-02 19:12:48,882 - INFO - Prompt processing progress: 10240/38156
2026-10-02 19:12:50,374 - INFO - Prompt processing progress: 12288/38156
2026-10-02 19:12:51,915 - INFO - Prompt processing progress: 14336/38156
2026-10-02 19:12:53,501 - INFO - Prompt processing progress: 16384/38156
2026-10-02 19:12:55,138 - INFO - Prompt processing progress: 18432/38156
2026-10-02 19:12:56,817 - INFO - Prompt processing progress: 20480/38156
2026-10-02 19:12:58,542 - INFO - Prompt processing progress: 22528/38156
2026-10-02 19:13:00,313 - INFO - Prompt processing progress: 24576/38156
2026-10-02 19:13:02,134 - INFO - Prompt processing progress: 26624/38156
2026-10-02 19:13:03,996 - INFO - Prompt processing progress: 28672/38156
2026-10-02 19:13:05,923 - INFO - Prompt processing progress: 30720/38156
2026-10-02 19:13:07,886 - INFO - Prompt processing progress: 32768/38156
2026-10-02 19:13:09,905 - INFO - Prompt processing progress: 34816/38156
2026-10-02 19:13:11,977 - INFO - Prompt processing progress: 36864/38156
2026-10-02 19:13:13,409 - INFO - Prompt processing progress: 38155/38156
2026-10-02 19:13:13,488 - INFO - Prompt processing progress: 38156/38156
2026-10-02 19:13:14,462 - INFO - Prompt Cache: 1 sequences, 0.51 GB
2026-10-02 19:13:14,462 - INFO - - assistant: 0 sequences, 0.00 GB
2026-10-02 19:13:14,462 - INFO - - user: 0 sequences, 0.00 GB
2026-10-02 19:13:14,462 - INFO - - system: 1 sequences, 0.51 GB
127.0.0.1 - - [02/Oct/2026 19:13:14] "POST /v1/chat/completions HTTP/1.1" 200 -
2026-10-02 19:13:15,759 - INFO - Prompt processing progress: 2048/42560
2026-10-02 19:13:17,067 - INFO - Prompt processing progress: 4096/42560
2026-10-02 19:13:18,416 - INFO - Prompt processing progress: 6144/42560
2026-10-02 19:13:19,817 - INFO - Prompt processing progress: 8192/42560
2026-10-02 19:13:21,265 - INFO - Prompt processing progress: 10240/42560
2026-10-02 19:13:22,762 - INFO - Prompt processing progress: 12288/42560
2026-10-02 19:13:24,303 - INFO - Prompt processing progress: 14336/42560
2026-10-02 19:13:25,888 - INFO - Prompt processing progress: 16384/42560
2026-10-02 19:13:27,528 - INFO - Prompt processing progress: 18432/42560
2026-10-02 19:13:29,210 - INFO - Prompt processing progress: 20480/42560
2026-10-02 19:13:30,936 - INFO - Prompt processing progress: 22528/42560
2026-10-02 19:13:32,713 - INFO - Prompt processing progress: 24576/42560
2026-10-02 19:13:34,541 - INFO - Prompt processing progress: 26624/42560
2026-10-02 19:13:36,405 - INFO - Prompt processing progress: 28672/42560
2026-10-02 19:13:38,331 - INFO - Prompt processing progress: 30720/42560
2026-10-02 19:13:40,294 - INFO - Prompt processing progress: 32768/42560
2026-10-02 19:13:42,323 - INFO - Prompt processing progress: 34816/42560
2026-10-02 19:13:44,407 - INFO - Prompt processing progress: 36864/42560
2026-10-02 19:13:46,525 - INFO - Prompt processing progress: 38912/42560
2026-10-02 19:13:48,694 - INFO - Prompt processing progress: 40960/42560
2026-10-02 19:13:50,557 - INFO - Prompt processing progress: 42559/42560
2026-10-02 19:13:50,646 - INFO - Prompt processing progress: 42560/42560
2026-10-02 19:13:51,933 - INFO - Prompt Cache: 1 sequences, 0.51 GB
2026-10-02 19:13:51,933 - INFO - - assistant: 0 sequences, 0.00 GB
2026-10-02 19:13:51,933 - INFO - - user: 0 sequences, 0.00 GB
2026-10-02 19:13:51,933 - INFO - - system: 1 sequences, 0.51 GB
127.0.0.1 - - [02/Oct/2026 19:13:51] "POST /v1/chat/completions HTTP/1.1" 200 -
2026-10-02 19:13:53,233 - INFO - Prompt processing progress: 2048/45138
2026-10-02 19:13:54,527 - INFO - Prompt processing progress: 4096/45138
2026-10-02 19:13:55,881 - INFO - Prompt processing progress: 6144/45138
2026-10-02 19:13:57,281 - INFO - Prompt processing progress: 8192/45138
2026-10-02 19:13:58,728 - INFO - Prompt processing progress: 10240/45138
2026-10-02 19:14:00,224 - INFO - Prompt processing progress: 12288/45138
2026-10-02 19:14:01,769 - INFO - Prompt processing progress: 14336/45138
2026-10-02 19:14:03,369 - INFO - Prompt processing progress: 16384/45138
2026-10-02 19:14:05,016 - INFO - Prompt processing progress: 18432/45138
2026-10-02 19:14:06,708 - INFO - Prompt processing progress: 20480/45138
2026-10-02 19:14:08,444 - INFO - Prompt processing progress: 22528/45138
2026-10-02 19:14:10,226 - INFO - Prompt processing progress: 24576/45138
2026-10-02 19:14:12,065 - INFO - Prompt processing progress: 26624/45138
2026-10-02 19:14:13,934 - INFO - Prompt processing progress: 28672/45138
2026-10-02 19:14:15,862 - INFO - Prompt processing progress: 30720/45138
2026-10-02 19:14:17,832 - INFO - Prompt processing progress: 32768/45138
2026-10-02 19:14:19,866 - INFO - Prompt processing progress: 34816/45138
2026-10-02 19:14:21,958 - INFO - Prompt processing progress: 36864/45138
2026-10-02 19:14:24,084 - INFO - Prompt processing progress: 38912/45138
2026-10-02 19:14:26,260 - INFO - Prompt processing progress: 40960/45138
2026-10-02 19:14:28,504 - INFO - Prompt processing progress: 43008/45138
2026-10-02 19:14:30,799 - INFO - Prompt processing progress: 45056/45138
2026-10-02 19:14:31,132 - INFO - Prompt processing progress: 45137/45138
2026-10-02 19:14:31,198 - INFO - Prompt processing progress: 45138/45138
2026-10-02 19:14:34,618 - INFO - Prompt Cache: 1 sequences, 0.51 GB
2026-10-02 19:14:34,618 - INFO - - assistant: 0 sequences, 0.00 GB
2026-10-02 19:14:34,618 - INFO - - user: 0 sequences, 0.00 GB
2026-10-02 19:14:34,618 - INFO - - system: 1 sequences, 0.51 GB
127.0.0.1 - - [02/Oct/2026 19:14:34] "POST /v1/chat/completions HTTP/1.1" 200 -
2026-10-02 19:14:35,916 - INFO - Prompt processing progress: 2048/45259
2026-10-02 19:14:37,217 - INFO - Prompt processing progress: 4096/45259
2026-10-02 19:14:38,573 - INFO - Prompt processing progress: 6144/45259
2026-10-02 19:14:39,973 - INFO - Prompt processing progress: 8192/45259
2026-10-02 19:14:41,423 - INFO - Prompt processing progress: 10240/45259
2026-10-02 19:14:42,923 - INFO - Prompt processing progress: 12288/45259
2026-10-02 19:14:44,461 - INFO - Prompt processing progress: 14336/45259
2026-10-02 19:14:46,046 - INFO - Prompt processing progress: 16384/45259
2026-10-02 19:14:47,689 - INFO - Prompt processing progress: 18432/45259
2026-10-02 19:14:49,373 - INFO - Prompt processing progress: 20480/45259
2026-10-02 19:14:51,104 - INFO - Prompt processing progress: 22528/45259
2026-10-02 19:14:52,883 - INFO - Prompt processing progress: 24576/45259
2026-10-02 19:14:54,709 - INFO - Prompt processing progress: 26624/45259
2026-10-02 19:14:56,577 - INFO - Prompt processing progress: 28672/45259
2026-10-02 19:14:58,505 - INFO - Prompt processing progress: 30720/45259
2026-10-02 19:15:00,472 - INFO - Prompt processing progress: 32768/45259
2026-10-02 19:15:02,505 - INFO - Prompt processing progress: 34816/45259
2026-10-02 19:15:04,583 - INFO - Prompt processing progress: 36864/45259
2026-10-02 19:15:06,720 - INFO - Prompt processing progress: 38912/45259
2026-10-02 19:15:08,926 - INFO - Prompt processing progress: 40960/45259
2026-10-02 19:15:11,167 - INFO - Prompt processing progress: 43008/45259
2026-10-02 19:15:13,462 - INFO - Prompt processing progress: 45056/45259
2026-10-02 19:15:13,871 - INFO - Prompt processing progress: 45258/45259
2026-10-02 19:15:13,940 - INFO - Prompt processing progress: 45259/45259
2026-10-02 19:15:17,613 - INFO - Prompt Cache: 1 sequences, 0.51 GB
2026-10-02 19:15:17,613 - INFO - - assistant: 0 sequences, 0.00 GB
2026-10-02 19:15:17,613 - INFO - - user: 0 sequences, 0.00 GB
2026-10-02 19:15:17,613 - INFO - - system: 1 sequences, 0.51 GB
127.0.0.1 - - [02/Oct/2026 19:15:17] "POST /v1/chat/completions HTTP/1.1" 200 -
2026-10-02 19:15:18,919 - INFO - Prompt processing progress: 2048/49679
2026-10-02 19:15:20,221 - INFO - Prompt processing progress: 4096/49679
2026-10-02 19:15:21,571 - INFO - Prompt processing progress: 6144/49679
2026-10-02 19:15:22,969 - INFO - Prompt processing progress: 8192/49679
2026-10-02 19:15:24,416 - INFO - Prompt processing progress: 10240/49679
2026-10-02 19:15:25,911 - INFO - Prompt processing progress: 12288/49679
2026-10-02 19:15:27,454 - INFO - Prompt processing progress: 14336/49679
2026-10-02 19:15:29,040 - INFO - Prompt processing progress: 16384/49679
2026-10-02 19:15:30,682 - INFO - Prompt processing progress: 18432/49679
2026-10-02 19:15:32,365 - INFO - Prompt processing progress: 20480/49679
2026-10-02 19:15:34,093 - INFO - Prompt processing progress: 22528/49679
2026-10-02 19:15:35,870 - INFO - Prompt processing progress: 24576/49679
2026-10-02 19:15:37,702 - INFO - Prompt processing progress: 26624/49679
2026-10-02 19:15:39,573 - INFO - Prompt processing progress: 28672/49679
2026-10-02 19:15:41,497 - INFO - Prompt processing progress: 30720/49679
2026-10-02 19:15:43,463 - INFO - Prompt processing progress: 32768/49679
2026-10-02 19:15:45,492 - INFO - Prompt processing progress: 34816/49679
2026-10-02 19:15:47,572 - INFO - Prompt processing progress: 36864/49679
2026-10-02 19:15:49,698 - INFO - Prompt processing progress: 38912/49679
2026-10-02 19:15:51,877 - INFO - Prompt processing progress: 40960/49679
2026-10-02 19:15:54,114 - INFO - Prompt processing progress: 43008/49679
2026-10-02 19:15:56,417 - INFO - Prompt processing progress: 45056/49679
2026-10-02 19:15:58,757 - INFO - Prompt processing progress: 47104/49679
2026-10-02 19:16:01,151 - INFO - Prompt processing progress: 49152/49679
2026-10-02 19:16:01,924 - INFO - Prompt processing progress: 49678/49679
2026-10-02 19:16:02,002 - INFO - Prompt processing progress: 49679/49679
2026-10-02 19:16:03,022 - INFO - Prompt Cache: 1 sequences, 0.51 GB
2026-10-02 19:16:03,022 - INFO - - assistant: 0 sequences, 0.00 GB
2026-10-02 19:16:03,022 - INFO - - user: 0 sequences, 0.00 GB
2026-10-02 19:16:03,022 - INFO - - system: 1 sequences, 0.51 GB
127.0.0.1 - - [02/Oct/2026 19:16:03] "POST /v1/chat/completions HTTP/1.1" 200 -
2026-10-02 19:16:04,319 - INFO - Prompt processing progress: 2048/49792
2026-10-02 19:16:05,622 - INFO - Prompt processing progress: 4096/49792
2026-10-02 19:16:06,976 - INFO - Prompt processing progress: 6144/49792
2026-10-02 19:16:08,374 - INFO - Prompt processing progress: 8192/49792
2026-10-02 19:16:09,825 - INFO - Prompt processing progress: 10240/49792
2026-10-02 19:16:11,320 - INFO - Prompt processing progress: 12288/49792
2026-10-02 19:16:12,863 - INFO - Prompt processing progress: 14336/49792
2026-10-02 19:16:14,450 - INFO - Prompt processing progress: 16384/49792
2026-10-02 19:16:16,094 - INFO - Prompt processing progress: 18432/49792
2026-10-02 19:16:17,784 - INFO - Prompt processing progress: 20480/49792
2026-10-02 19:16:19,513 - INFO - Prompt processing progress: 22528/49792
2026-10-02 19:16:21,290 - INFO - Prompt processing progress: 24576/49792
2026-10-02 19:16:23,115 - INFO - Prompt processing progress: 26624/49792
2026-10-02 19:16:24,986 - INFO - Prompt processing progress: 28672/49792
2026-10-02 19:16:26,911 - INFO - Prompt processing progress: 30720/49792
2026-10-02 19:16:28,879 - INFO - Prompt processing progress: 32768/49792
2026-10-02 19:16:30,907 - INFO - Prompt processing progress: 34816/49792
2026-10-02 19:16:32,984 - INFO - Prompt processing progress: 36864/49792
2026-10-02 19:16:35,114 - INFO - Prompt processing progress: 38912/49792
2026-10-02 19:16:37,294 - INFO - Prompt processing progress: 40960/49792
2026-10-02 19:16:39,538 - INFO - Prompt processing progress: 43008/49792
2026-10-02 19:16:41,827 - INFO - Prompt processing progress: 45056/49792
2026-10-02 19:16:44,184 - INFO - Prompt processing progress: 47104/49792
2026-10-02 19:16:46,572 - INFO - Prompt processing progress: 49152/49792
2026-10-02 19:16:47,480 - INFO - Prompt processing progress: 49791/49792
2026-10-02 19:16:47,561 - INFO - Prompt processing progress: 49792/49792
2026-10-02 19:16:48,582 - INFO - Prompt Cache: 1 sequences, 0.51 GB
2026-10-02 19:16:48,582 - INFO - - assistant: 0 sequences, 0.00 GB
2026-10-02 19:16:48,582 - INFO - - user: 0 sequences, 0.00 GB
2026-10-02 19:16:48,582 - INFO - - system: 1 sequences, 0.51 GB
127.0.0.1 - - [02/Oct/2026 19:16:48] "POST /v1/chat/completions HTTP/1.1" 200 -
2026-10-02 19:16:49,731 - INFO - Prompt processing progress: 2048/6600
2026-10-02 19:16:50,893 - INFO - Prompt processing progress: 4096/6600
2026-10-02 19:16:52,105 - INFO - Prompt processing progress: 6144/6600
2026-10-02 19:16:52,368 - INFO - Prompt processing progress: 6329/6600
2026-10-02 19:16:52,679 - INFO - Prompt processing progress: 6599/6600
2026-10-02 19:16:52,703 - INFO - Prompt processing progress: 6600/6600
2026-10-02 19:16:53,576 - INFO - Prompt Cache: 1 sequences, 0.21 GB
2026-10-02 19:16:53,576 - INFO - - assistant: 0 sequences, 0.00 GB
2026-10-02 19:16:53,576 - INFO - - user: 0 sequences, 0.00 GB
2026-10-02 19:16:53,576 - INFO - - system: 1 sequences, 0.21 GB
127.0.0.1 - - [02/Oct/2026 19:16:53] "POST /v1/chat/completions HTTP/1.1" 200 -
2026-10-02 19:16:54,143 - INFO - Prompt processing progress: 716/717
2026-10-02 19:16:54,171 - INFO - Prompt processing progress: 717/717
2026-10-02 19:17:05,113 - INFO - Prompt Cache: 1 sequences, 0.21 GB
2026-10-02 19:17:05,113 - INFO - - assistant: 0 sequences, 0.00 GB
2026-10-02 19:17:05,113 - INFO - - user: 0 sequences, 0.00 GB
2026-10-02 19:17:05,113 - INFO - - system: 1 sequences, 0.21 GB
127.0.0.1 - - [02/Oct/2026 19:17:05] "POST /v1/chat/completions HTTP/1.1" 200 -
2026-10-02 19:17:05,983 - INFO - Prompt processing progress: 1256/1257
2026-10-02 19:17:06,018 - INFO - Prompt processing progress: 1257/1257
2026-10-02 19:17:06,724 - WARNING - Failed to parse tool call (ValueError: No function provided.) — tool text was likely truncated mid-generation.
2026-10-02 19:17:06,732 - INFO - Prompt Cache: 1 sequences, 0.21 GB
2026-10-02 19:17:06,732 - INFO - - assistant: 0 sequences, 0.00 GB
2026-10-02 19:17:06,732 - INFO - - user: 0 sequences, 0.00 GB
2026-10-02 19:17:06,732 - INFO - - system: 1 sequences, 0.21 GB
127.0.0.1 - - [02/Oct/2026 19:17:06] "POST /v1/chat/completions HTTP/1.1" 200 -
2026-10-02 19:17:07,894 - INFO - Prompt processing progress: 1712/1713
2026-10-02 19:17:07,925 - INFO - Prompt processing progress: 1713/1713
2026-10-02 19:17:09,092 - WARNING - Failed to parse tool call (ValueError: No function provided.) — tool text was likely truncated mid-generation.
2026-10-02 19:17:09,100 - INFO - Prompt Cache: 1 sequences, 0.21 GB
2026-10-02 19:17:09,100 - INFO - - assistant: 0 sequences, 0.00 GB
2026-10-02 19:17:09,101 - INFO - - user: 0 sequences, 0.00 GB
2026-10-02 19:17:09,101 - INFO - - system: 1 sequences, 0.21 GB
127.0.0.1 - - [02/Oct/2026 19:17:09] "POST /v1/chat/completions HTTP/1.1" 200 -
2026-10-02 19:17:10,325 - INFO - Prompt processing progress: 1796/1797
2026-10-02 19:17:10,357 - INFO - Prompt processing progress: 1797/1797
2026-10-02 19:17:12,836 - INFO - Prompt Cache: 1 sequences, 0.21 GB
2026-10-02 19:17:12,836 - INFO - - assistant: 0 sequences, 0.00 GB
2026-10-02 19:17:12,836 - INFO - - user: 0 sequences, 0.00 GB
2026-10-02 19:17:12,836 - INFO - - system: 1 sequences, 0.21 GB
127.0.0.1 - - [02/Oct/2026 19:17:12] "POST /v1/chat/completions HTTP/1.1" 200 -
2026-10-02 19:17:13,986 - INFO - Prompt processing progress: 2048/6124
2026-10-02 19:17:15,144 - INFO - Prompt processing progress: 4096/6124
2026-10-02 19:17:16,244 - INFO - Prompt processing progress: 5836/6124
2026-10-02 19:17:16,560 - INFO - Prompt processing progress: 6123/6124
2026-10-02 19:17:16,584 - INFO - Prompt processing progress: 6124/6124
2026-10-02 19:17:17,312 - INFO - Prompt Cache: 1 sequences, 0.51 GB
2026-10-02 19:17:17,312 - INFO - - assistant: 0 sequences, 0.00 GB
2026-10-02 19:17:17,312 - INFO - - user: 0 sequences, 0.00 GB
2026-10-02 19:17:17,312 - INFO - - system: 1 sequences, 0.51 GB
127.0.0.1 - - [02/Oct/2026 19:17:17] "POST /v1/chat/completions HTTP/1.1" 200 -
2026-10-02 19:17:18,604 - INFO - Prompt processing progress: 2048/3376
2026-10-02 19:17:19,506 - INFO - Prompt processing progress: 3375/3376
2026-10-02 19:17:19,536 - INFO - Prompt processing progress: 3376/3376
2026-10-02 19:17:20,557 - INFO - Prompt Cache: 1 sequences, 0.51 GB
2026-10-02 19:17:20,557 - INFO - - assistant: 0 sequences, 0.00 GB
2026-10-02 19:17:20,557 - INFO - - user: 0 sequences, 0.00 GB
2026-10-02 19:17:20,557 - INFO - - system: 1 sequences, 0.51 GB
127.0.0.1 - - [02/Oct/2026 19:17:20] "POST /v1/chat/completions HTTP/1.1" 200 -
2026-10-02 19:17:21,846 - INFO - Prompt processing progress: 2048/6492
2026-10-02 19:17:23,163 - INFO - Prompt processing progress: 4096/6492
2026-10-02 19:17:24,500 - INFO - Prompt processing progress: 6144/6492
2026-10-02 19:17:24,872 - INFO - Prompt processing progress: 6491/6492
2026-10-02 19:17:24,900 - INFO - Prompt processing progress: 6492/6492
2026-10-02 19:17:25,689 - INFO - Prompt Cache: 1 sequences, 0.51 GB
2026-10-02 19:17:25,689 - INFO - - assistant: 0 sequences, 0.00 GB
2026-10-02 19:17:25,689 - INFO - - user: 0 sequences, 0.00 GB
2026-10-02 19:17:25,689 - INFO - - system: 1 sequences, 0.51 GB
127.0.0.1 - - [02/Oct/2026 19:17:25] "POST /v1/chat/completions HTTP/1.1" 200 -
2026-10-02 19:17:26,983 - INFO - Prompt processing progress: 2048/9580
2026-10-02 19:17:28,282 - INFO - Prompt processing progress: 4096/9580
2026-10-02 19:17:29,624 - INFO - Prompt processing progress: 6144/9580
2026-10-02 19:17:31,034 - INFO - Prompt processing progress: 8192/9580
2026-10-02 19:17:32,078 - INFO - Prompt processing progress: 9579/9580
2026-10-02 19:17:32,127 - INFO - Prompt processing progress: 9580/9580
2026-10-02 19:17:33,131 - INFO - Prompt Cache: 1 sequences, 0.51 GB
2026-10-02 19:17:33,131 - INFO - - assistant: 0 sequences, 0.00 GB
2026-10-02 19:17:33,131 - INFO - - user: 0 sequences, 0.00 GB
2026-10-02 19:17:33,131 - INFO - - system: 1 sequences, 0.51 GB
127.0.0.1 - - [02/Oct/2026 19:17:33] "POST /v1/chat/completions HTTP/1.1" 200 -
2026-10-02 19:17:34,429 - INFO - Prompt processing progress: 2048/12654
2026-10-02 19:17:35,733 - INFO - Prompt processing progress: 4096/12654
2026-10-02 19:17:37,081 - INFO - Prompt processing progress: 6144/12654
2026-10-02 19:17:38,481 - INFO - Prompt processing progress: 8192/12654
2026-10-02 19:17:39,922 - INFO - Prompt processing progress: 10240/12654
2026-10-02 19:17:41,412 - INFO - Prompt processing progress: 12288/12654
2026-10-02 19:17:41,825 - INFO - Prompt processing progress: 12653/12654
2026-10-02 19:17:41,858 - INFO - Prompt processing progress: 12654/12654
2026-10-02 19:17:42,986 - INFO - Prompt Cache: 1 sequences, 0.51 GB
2026-10-02 19:17:42,986 - INFO - - assistant: 0 sequences, 0.00 GB
2026-10-02 19:17:42,986 - INFO - - user: 0 sequences, 0.00 GB
2026-10-02 19:17:42,986 - INFO - - system: 1 sequences, 0.51 GB
127.0.0.1 - - [02/Oct/2026 19:17:42] "POST /v1/chat/completions HTTP/1.1" 200 -
2026-10-02 19:17:44,284 - INFO - Prompt processing progress: 2048/18965
2026-10-02 19:17:45,592 - INFO - Prompt processing progress: 4096/18965
2026-10-02 19:17:46,931 - INFO - Prompt processing progress: 6144/18965
2026-10-02 19:17:48,333 - INFO - Prompt processing progress: 8192/18965
2026-10-02 19:17:49,784 - INFO - Prompt processing progress: 10240/18965
2026-10-02 19:17:51,276 - INFO - Prompt processing progress: 12288/18965
2026-10-02 19:17:52,820 - INFO - Prompt processing progress: 14336/18965
2026-10-02 19:17:54,409 - INFO - Prompt processing progress: 16384/18965
2026-10-02 19:17:56,043 - INFO - Prompt processing progress: 18432/18965
2026-10-02 19:17:56,593 - INFO - Prompt processing progress: 18964/18965
2026-10-02 19:17:56,632 - INFO - Prompt processing progress: 18965/18965
2026-10-02 19:17:58,589 - INFO - Prompt Cache: 1 sequences, 0.51 GB
2026-10-02 19:17:58,590 - INFO - - assistant: 0 sequences, 0.00 GB
2026-10-02 19:17:58,590 - INFO - - user: 0 sequences, 0.00 GB
2026-10-02 19:17:58,590 - INFO - - system: 1 sequences, 0.51 GB
127.0.0.1 - - [02/Oct/2026 19:17:58] "POST /v1/chat/completions HTTP/1.1" 200 -
2026-10-02 19:17:59,883 - INFO - Prompt processing progress: 2048/21782
2026-10-02 19:18:01,184 - INFO - Prompt processing progress: 4096/21782
2026-10-02 19:18:02,524 - INFO - Prompt processing progress: 6144/21782
2026-10-02 19:18:03,929 - INFO - Prompt processing progress: 8192/21782
2026-10-02 19:18:05,385 - INFO - Prompt processing progress: 10240/21782
2026-10-02 19:18:06,875 - INFO - Prompt processing progress: 12288/21782
2026-10-02 19:18:08,416 - INFO - Prompt processing progress: 14336/21782
2026-10-02 19:18:10,002 - INFO - Prompt processing progress: 16384/21782
2026-10-02 19:18:11,638 - INFO - Prompt processing progress: 18432/21782
2026-10-02 19:18:13,324 - INFO - Prompt processing progress: 20480/21782
2026-10-02 19:18:14,499 - INFO - Prompt processing progress: 21781/21782
2026-10-02 19:18:14,557 - INFO - Prompt processing progress: 21782/21782
2026-10-02 19:18:15,604 - INFO - Prompt Cache: 1 sequences, 0.51 GB
2026-10-02 19:18:15,604 - INFO - - assistant: 0 sequences, 0.00 GB
2026-10-02 19:18:15,604 - INFO - - user: 0 sequences, 0.00 GB
2026-10-02 19:18:15,604 - INFO - - system: 1 sequences, 0.51 GB
127.0.0.1 - - [02/Oct/2026 19:18:15] "POST /v1/chat/completions HTTP/1.1" 200 -
2026-10-02 19:18:16,904 - INFO - Prompt processing progress: 2048/22173
2026-10-02 19:18:18,208 - INFO - Prompt processing progress: 4096/22173
2026-10-02 19:18:19,558 - INFO - Prompt processing progress: 6144/22173
2026-10-02 19:18:20,960 - INFO - Prompt processing progress: 8192/22173
2026-10-02 19:18:22,409 - INFO - Prompt processing progress: 10240/22173
2026-10-02 19:18:23,902 - INFO - Prompt processing progress: 12288/22173
2026-10-02 19:18:25,446 - INFO - Prompt processing progress: 14336/22173
2026-10-02 19:18:27,032 - INFO - Prompt processing progress: 16384/22173
2026-10-02 19:18:28,670 - INFO - Prompt processing progress: 18432/22173
2026-10-02 19:18:30,354 - INFO - Prompt processing progress: 20480/22173
2026-10-02 19:18:31,852 - INFO - Prompt processing progress: 22172/22173
2026-10-02 19:18:31,903 - INFO - Prompt processing progress: 22173/22173
2026-10-02 19:18:32,901 - INFO - Prompt Cache: 1 sequences, 0.51 GB
2026-10-02 19:18:32,901 - INFO - - assistant: 0 sequences, 0.00 GB
2026-10-02 19:18:32,901 - INFO - - user: 0 sequences, 0.00 GB
2026-10-02 19:18:32,901 - INFO - - system: 1 sequences, 0.51 GB
127.0.0.1 - - [02/Oct/2026 19:18:32] "POST /v1/chat/completions HTTP/1.1" 200 -
2026-10-02 19:18:34,199 - INFO - Prompt processing progress: 2048/22275
2026-10-02 19:18:35,503 - INFO - Prompt processing progress: 4096/22275
2026-10-02 19:18:36,844 - INFO - Prompt processing progress: 6144/22275
2026-10-02 19:18:38,243 - INFO - Prompt processing progress: 8192/22275
2026-10-02 19:18:39,694 - INFO - Prompt processing progress: 10240/22275
2026-10-02 19:18:41,187 - INFO - Prompt processing progress: 12288/22275
2026-10-02 19:18:42,730 - INFO - Prompt processing progress: 14336/22275
2026-10-02 19:18:44,314 - INFO - Prompt processing progress: 16384/22275
2026-10-02 19:18:45,955 - INFO - Prompt processing progress: 18432/22275
2026-10-02 19:18:47,636 - INFO - Prompt processing progress: 20480/22275
2026-10-02 19:18:49,250 - INFO - Prompt processing progress: 22274/22275
2026-10-02 19:18:49,316 - INFO - Prompt processing progress: 22275/22275
2026-10-02 19:18:51,435 - INFO - Prompt Cache: 1 sequences, 0.51 GB
2026-10-02 19:18:51,435 - INFO - - assistant: 0 sequences, 0.00 GB
2026-10-02 19:18:51,435 - INFO - - user: 0 sequences, 0.00 GB
2026-10-02 19:18:51,435 - INFO - - system: 1 sequences, 0.51 GB
127.0.0.1 - - [02/Oct/2026 19:18:51] "POST /v1/chat/completions HTTP/1.1" 200 -
2026-10-02 19:18:52,585 - INFO - Prompt processing progress: 2048/6082
2026-10-02 19:18:53,746 - INFO - Prompt processing progress: 4096/6082
2026-10-02 19:18:54,883 - INFO - Prompt processing progress: 5896/6082
2026-10-02 19:18:55,146 - INFO - Prompt processing progress: 6081/6082
2026-10-02 19:18:55,169 - INFO - Prompt processing progress: 6082/6082
2026-10-02 19:18:55,942 - INFO - Prompt Cache: 1 sequences, 0.52 GB
2026-10-02 19:18:55,942 - INFO - - assistant: 0 sequences, 0.00 GB
2026-10-02 19:18:55,942 - INFO - - user: 0 sequences, 0.00 GB
2026-10-02 19:18:55,942 - INFO - - system: 1 sequences, 0.52 GB
127.0.0.1 - - [02/Oct/2026 19:18:55] "POST /v1/chat/completions HTTP/1.1" 200 -
2026-10-02 19:18:56,287 - INFO - Prompt processing progress: 256/257
2026-10-02 19:18:56,313 - INFO - Prompt processing progress: 257/257
2026-10-02 19:18:57,119 - INFO - Prompt Cache: 1 sequences, 0.52 GB
2026-10-02 19:18:57,119 - INFO - - assistant: 0 sequences, 0.00 GB
2026-10-02 19:18:57,119 - INFO - - user: 0 sequences, 0.00 GB
2026-10-02 19:18:57,119 - INFO - - system: 1 sequences, 0.52 GB
127.0.0.1 - - [02/Oct/2026 19:18:57] "POST /v1/chat/completions HTTP/1.1" 200 -
2026-10-02 19:18:57,612 - INFO - Prompt processing progress: 568/569
2026-10-02 19:18:57,638 - INFO - Prompt processing progress: 569/569
2026-10-02 19:19:03,318 - INFO - Prompt Cache: 1 sequences, 0.52 GB
2026-10-02 19:19:03,318 - INFO - - assistant: 0 sequences, 0.00 GB
2026-10-02 19:19:03,318 - INFO - - user: 0 sequences, 0.00 GB
2026-10-02 19:19:03,318 - INFO - - system: 1 sequences, 0.52 GB
127.0.0.1 - - [02/Oct/2026 19:19:03] "POST /v1/chat/completions HTTP/1.1" 200 -
2026-10-02 19:19:03,982 - INFO - Prompt processing progress: 885/886
2026-10-02 19:19:04,009 - INFO - Prompt processing progress: 886/886
2026-10-02 19:19:04,874 - WARNING - Failed to parse tool call (ValueError: No function provided.) — tool text was likely truncated mid-generation.
2026-10-02 19:19:04,881 - INFO - Prompt Cache: 1 sequences, 0.52 GB
2026-10-02 19:19:04,881 - INFO - - assistant: 0 sequences, 0.00 GB
2026-10-02 19:19:04,881 - INFO - - user: 0 sequences, 0.00 GB
2026-10-02 19:19:04,881 - INFO - - system: 1 sequences, 0.52 GB
127.0.0.1 - - [02/Oct/2026 19:19:04] "POST /v1/chat/completions HTTP/1.1" 200 -
2026-10-02 19:19:05,705 - INFO - Prompt processing progress: 1184/1185
2026-10-02 19:19:05,734 - INFO - Prompt processing progress: 1185/1185
2026-10-02 19:19:07,045 - INFO - Prompt Cache: 1 sequences, 0.52 GB
2026-10-02 19:19:07,045 - INFO - - assistant: 0 sequences, 0.00 GB
2026-10-02 19:19:07,045 - INFO - - user: 0 sequences, 0.00 GB
2026-10-02 19:19:07,045 - INFO - - system: 1 sequences, 0.52 GB
127.0.0.1 - - [02/Oct/2026 19:19:07] "POST /v1/chat/completions HTTP/1.1" 200 -
2026-10-02 19:19:07,414 - INFO - Prompt processing progress: 292/1445
2026-10-02 19:19:08,107 - INFO - Prompt processing progress: 1444/1445
2026-10-02 19:19:08,131 - INFO - Prompt processing progress: 1445/1445
2026-10-02 19:19:09,975 - INFO - Prompt Cache: 1 sequences, 0.07 GB
2026-10-02 19:19:09,975 - INFO - - assistant: 0 sequences, 0.00 GB
2026-10-02 19:19:09,975 - INFO - - user: 0 sequences, 0.00 GB
2026-10-02 19:19:09,975 - INFO - - system: 1 sequences, 0.07 GB
127.0.0.1 - - [02/Oct/2026 19:19:09] "POST /v1/chat/completions HTTP/1.1" 200 -
2026-10-02 19:19:10,816 - INFO - Prompt processing progress: 1334/1335
2026-10-02 19:19:10,840 - INFO - Prompt processing progress: 1335/1335
2026-10-02 19:19:12,000 - WARNING - Failed to parse tool call (ValueError: No function provided.) — tool text was likely truncated mid-generation.
2026-10-02 19:19:12,004 - INFO - Prompt Cache: 1 sequences, 0.07 GB
2026-10-02 19:19:12,004 - INFO - - assistant: 0 sequences, 0.00 GB
2026-10-02 19:19:12,004 - INFO - - user: 0 sequences, 0.00 GB
2026-10-02 19:19:12,004 - INFO - - system: 1 sequences, 0.07 GB
127.0.0.1 - - [02/Oct/2026 19:19:12] "POST /v1/chat/completions HTTP/1.1" 200 -
2026-10-02 19:19:12,908 - INFO - Prompt processing progress: 1436/1437
2026-10-02 19:19:12,934 - INFO - Prompt processing progress: 1437/1437
2026-10-02 19:19:13,920 - WARNING - Failed to parse tool call (ValueError: No function provided.) — tool text was likely truncated mid-generation.
2026-10-02 19:19:13,923 - INFO - Prompt Cache: 1 sequences, 0.07 GB
2026-10-02 19:19:13,924 - INFO - - assistant: 0 sequences, 0.00 GB
2026-10-02 19:19:13,924 - INFO - - user: 0 sequences, 0.00 GB
2026-10-02 19:19:13,924 - INFO - - system: 1 sequences, 0.07 GB
127.0.0.1 - - [02/Oct/2026 19:19:13] "POST /v1/chat/completions HTTP/1.1" 200 -
2026-10-02 19:19:14,871 - INFO - Prompt processing progress: 1518/1519
2026-10-02 19:19:14,896 - INFO - Prompt processing progress: 1519/1519
2026-10-02 19:19:15,535 - WARNING - Failed to parse tool call (ValueError: No function provided.) — tool text was likely truncated mid-generation.
2026-10-02 19:19:15,539 - INFO - Prompt Cache: 1 sequences, 0.07 GB
2026-10-02 19:19:15,539 - INFO - - assistant: 0 sequences, 0.00 GB
2026-10-02 19:19:15,539 - INFO - - user: 0 sequences, 0.00 GB
2026-10-02 19:19:15,539 - INFO - - system: 1 sequences, 0.07 GB
127.0.0.1 - - [02/Oct/2026 19:19:15] "POST /v1/chat/completions HTTP/1.1" 200 -
2026-10-02 19:19:16,713 - INFO - Prompt processing progress: 2048/2582
2026-10-02 19:19:17,121 - INFO - Prompt processing progress: 2581/2582
2026-10-02 19:19:17,146 - INFO - Prompt processing progress: 2582/2582
2026-10-02 19:19:18,058 - WARNING - Failed to parse tool call (ValueError: No function provided.) — tool text was likely truncated mid-generation.
2026-10-02 19:19:18,062 - INFO - Prompt Cache: 1 sequences, 0.07 GB
2026-10-02 19:19:18,062 - INFO - - assistant: 0 sequences, 0.00 GB
2026-10-02 19:19:18,062 - INFO - - user: 0 sequences, 0.00 GB
2026-10-02 19:19:18,062 - INFO - - system: 1 sequences, 0.07 GB
127.0.0.1 - - [02/Oct/2026 19:19:18] "POST /v1/chat/completions HTTP/1.1" 200 -
2026-10-02 19:19:19,240 - INFO - Prompt processing progress: 2048/2659
2026-10-02 19:19:19,682 - INFO - Prompt processing progress: 2658/2659
2026-10-02 19:19:19,708 - INFO - Prompt processing progress: 2659/2659
2026-10-02 19:19:20,349 - WARNING - Failed to parse tool call (ValueError: No function provided.) — tool text was likely truncated mid-generation.
2026-10-02 19:19:20,353 - INFO - Prompt Cache: 1 sequences, 0.07 GB
2026-10-02 19:19:20,353 - INFO - - assistant: 0 sequences, 0.00 GB
2026-10-02 19:19:20,353 - INFO - - user: 0 sequences, 0.00 GB
2026-10-02 19:19:20,353 - INFO - - system: 1 sequences, 0.07 GB
127.0.0.1 - - [02/Oct/2026 19:19:20] "POST /v1/chat/completions HTTP/1.1" 200 -
2026-10-02 19:19:21,530 - INFO - Prompt processing progress: 2048/2751
2026-10-02 19:19:22,014 - INFO - Prompt processing progress: 2750/2751
2026-10-02 19:19:22,040 - INFO - Prompt processing progress: 2751/2751
2026-10-02 19:19:22,506 - WARNING - Failed to parse tool call (ValueError: No function provided.) — tool text was likely truncated mid-generation.
2026-10-02 19:19:22,512 - INFO - Prompt Cache: 1 sequences, 0.07 GB
2026-10-02 19:19:22,512 - INFO - - assistant: 0 sequences, 0.00 GB
2026-10-02 19:19:22,512 - INFO - - user: 0 sequences, 0.00 GB
2026-10-02 19:19:22,512 - INFO - - system: 1 sequences, 0.07 GB
127.0.0.1 - - [02/Oct/2026 19:19:22] "POST /v1/chat/completions HTTP/1.1" 200 -
2026-10-02 19:19:23,690 - INFO - Prompt processing progress: 2048/5193
2026-10-02 19:19:24,873 - INFO - Prompt processing progress: 4096/5193
2026-10-02 19:19:25,588 - INFO - Prompt processing progress: 5192/5193
2026-10-02 19:19:25,616 - INFO - Prompt processing progress: 5193/5193
2026-10-02 19:19:27,781 - INFO - Prompt Cache: 1 sequences, 0.07 GB
2026-10-02 19:19:27,781 - INFO - - assistant: 0 sequences, 0.00 GB
2026-10-02 19:19:27,781 - INFO - - user: 0 sequences, 0.00 GB
2026-10-02 19:19:27,781 - INFO - - system: 1 sequences, 0.07 GB
127.0.0.1 - - [02/Oct/2026 19:19:27] "POST /v1/chat/completions HTTP/1.1" 200 -
2026-10-02 19:19:28,959 - INFO - Prompt processing progress: 2048/5396
2026-10-02 19:19:30,137 - INFO - Prompt processing progress: 4096/5396
2026-10-02 19:19:30,972 - INFO - Prompt processing progress: 5395/5396
2026-10-02 19:19:31,000 - INFO - Prompt processing progress: 5396/5396
2026-10-02 19:19:31,608 - INFO - Prompt Cache: 1 sequences, 0.07 GB
2026-10-02 19:19:31,608 - INFO - - assistant: 0 sequences, 0.00 GB
2026-10-02 19:19:31,608 - INFO - - user: 0 sequences, 0.00 GB
2026-10-02 19:19:31,608 - INFO - - system: 1 sequences, 0.07 GB
127.0.0.1 - - [02/Oct/2026 19:19:31] "POST /v1/chat/completions HTTP/1.1" 200 -
2026-10-02 19:19:32,787 - INFO - Prompt processing progress: 2048/6110
2026-10-02 19:19:33,972 - INFO - Prompt processing progress: 4096/6110
2026-10-02 19:19:35,252 - INFO - Prompt processing progress: 6109/6110
2026-10-02 19:19:35,284 - INFO - Prompt processing progress: 6110/6110
2026-10-02 19:19:37,836 - INFO - Prompt Cache: 1 sequences, 0.07 GB
2026-10-02 19:19:37,836 - INFO - - assistant: 0 sequences, 0.00 GB
2026-10-02 19:19:37,836 - INFO - - user: 0 sequences, 0.00 GB
2026-10-02 19:19:37,836 - INFO - - system: 1 sequences, 0.07 GB
127.0.0.1 - - [02/Oct/2026 19:19:37] "POST /v1/chat/completions HTTP/1.1" 200 -
2026-10-02 19:19:39,014 - INFO - Prompt processing progress: 2048/6525
2026-10-02 19:19:40,191 - INFO - Prompt processing progress: 4096/6525
2026-10-02 19:19:41,411 - INFO - Prompt processing progress: 6144/6525
2026-10-02 19:19:41,778 - INFO - Prompt processing progress: 6524/6525
2026-10-02 19:19:41,805 - INFO - Prompt processing progress: 6525/6525
2026-10-02 19:19:43,400 - INFO - Prompt Cache: 1 sequences, 0.07 GB
2026-10-02 19:19:43,400 - INFO - - assistant: 0 sequences, 0.00 GB
2026-10-02 19:19:43,400 - INFO - - user: 0 sequences, 0.00 GB
2026-10-02 19:19:43,400 - INFO - - system: 1 sequences, 0.07 GB
127.0.0.1 - - [02/Oct/2026 19:19:43] "POST /v1/chat/completions HTTP/1.1" 200 -
2026-10-02 19:19:44,579 - INFO - Prompt processing progress: 2048/6852
2026-10-02 19:19:45,758 - INFO - Prompt processing progress: 4096/6852
2026-10-02 19:19:46,975 - INFO - Prompt processing progress: 6144/6852
2026-10-02 19:19:47,501 - INFO - Prompt processing progress: 6851/6852
2026-10-02 19:19:47,540 - INFO - Prompt processing progress: 6852/6852
2026-10-02 19:19:48,629 - INFO - Prompt Cache: 1 sequences, 0.07 GB
2026-10-02 19:19:48,630 - INFO - - assistant: 0 sequences, 0.00 GB
2026-10-02 19:19:48,630 - INFO - - user: 0 sequences, 0.00 GB
2026-10-02 19:19:48,630 - INFO - - system: 1 sequences, 0.07 GB
127.0.0.1 - - [02/Oct/2026 19:19:48] "POST /v1/chat/completions HTTP/1.1" 200 -
2026-10-02 19:19:49,808 - INFO - Prompt processing progress: 2048/7246
2026-10-02 19:19:50,987 - INFO - Prompt processing progress: 4096/7246
2026-10-02 19:19:52,206 - INFO - Prompt processing progress: 6144/7246
2026-10-02 19:19:52,946 - INFO - Prompt processing progress: 7245/7246
2026-10-02 19:19:52,975 - INFO - Prompt processing progress: 7246/7246
2026-10-02 19:19:54,179 - INFO - Prompt Cache: 1 sequences, 0.07 GB
2026-10-02 19:19:54,179 - INFO - - assistant: 0 sequences, 0.00 GB
2026-10-02 19:19:54,179 - INFO - - user: 0 sequences, 0.00 GB
2026-10-02 19:19:54,179 - INFO - - system: 1 sequences, 0.07 GB
127.0.0.1 - - [02/Oct/2026 19:19:54] "POST /v1/chat/completions HTTP/1.1" 200 -
2026-10-02 19:19:55,358 - INFO - Prompt processing progress: 2048/7361
2026-10-02 19:19:56,536 - INFO - Prompt processing progress: 4096/7361
2026-10-02 19:19:57,757 - INFO - Prompt processing progress: 6144/7361
2026-10-02 19:19:58,556 - INFO - Prompt processing progress: 7360/7361
2026-10-02 19:19:58,585 - INFO - Prompt processing progress: 7361/7361
2026-10-02 19:19:59,950 - WARNING - Failed to parse tool call (ValueError: No function provided.) — tool text was likely truncated mid-generation.
2026-10-02 19:19:59,957 - INFO - Prompt Cache: 1 sequences, 0.07 GB
2026-10-02 19:19:59,957 - INFO - - assistant: 0 sequences, 0.00 GB
2026-10-02 19:19:59,957 - INFO - - user: 0 sequences, 0.00 GB
2026-10-02 19:19:59,957 - INFO - - system: 1 sequences, 0.07 GB
127.0.0.1 - - [02/Oct/2026 19:19:59] "POST /v1/chat/completions HTTP/1.1" 200 -
2026-10-02 19:20:01,135 - INFO - Prompt processing progress: 2048/7464
2026-10-02 19:20:02,314 - INFO - Prompt processing progress: 4096/7464
2026-10-02 19:20:03,534 - INFO - Prompt processing progress: 6144/7464
2026-10-02 19:20:04,414 - INFO - Prompt processing progress: 7463/7464
2026-10-02 19:20:04,445 - INFO - Prompt processing progress: 7464/7464
2026-10-02 19:20:05,802 - INFO - Prompt Cache: 1 sequences, 0.07 GB
2026-10-02 19:20:05,802 - INFO - - assistant: 0 sequences, 0.00 GB
2026-10-02 19:20:05,802 - INFO - - user: 0 sequences, 0.00 GB
2026-10-02 19:20:05,802 - INFO - - system: 1 sequences, 0.07 GB
127.0.0.1 - - [02/Oct/2026 19:20:05] "POST /v1/chat/completions HTTP/1.1" 200 -
2026-10-02 19:20:06,977 - INFO - Prompt processing progress: 2048/8220
2026-10-02 19:20:08,155 - INFO - Prompt processing progress: 4096/8220
2026-10-02 19:20:09,375 - INFO - Prompt processing progress: 6144/8220
2026-10-02 19:20:10,644 - INFO - Prompt processing progress: 8192/8220
2026-10-02 19:20:10,757 - INFO - Prompt processing progress: 8219/8220
2026-10-02 19:20:10,784 - INFO - Prompt processing progress: 8220/8220
2026-10-02 19:20:12,219 - WARNING - Failed to parse tool call (ValueError: No function provided.) — tool text was likely truncated mid-generation.
2026-10-02 19:20:12,227 - INFO - Prompt Cache: 1 sequences, 0.07 GB
2026-10-02 19:20:12,227 - INFO - - assistant: 0 sequences, 0.00 GB
2026-10-02 19:20:12,227 - INFO - - user: 0 sequences, 0.00 GB
2026-10-02 19:20:12,227 - INFO - - system: 1 sequences, 0.07 GB
127.0.0.1 - - [02/Oct/2026 19:20:12] "POST /v1/chat/completions HTTP/1.1" 200 -
2026-10-02 19:20:13,404 - INFO - Prompt processing progress: 2048/8327
2026-10-02 19:20:14,583 - INFO - Prompt processing progress: 4096/8327
2026-10-02 19:20:15,802 - INFO - Prompt processing progress: 6144/8327
2026-10-02 19:20:17,067 - INFO - Prompt processing progress: 8192/8327
2026-10-02 19:20:17,316 - INFO - Prompt processing progress: 8326/8327
2026-10-02 19:20:17,342 - INFO - Prompt processing progress: 8327/8327
2026-10-02 19:20:18,029 - INFO - Prompt Cache: 1 sequences, 0.07 GB
2026-10-02 19:20:18,030 - INFO - - assistant: 0 sequences, 0.00 GB
2026-10-02 19:20:18,030 - INFO - - user: 0 sequences, 0.00 GB
2026-10-02 19:20:18,030 - INFO - - system: 1 sequences, 0.07 GB
127.0.0.1 - - [02/Oct/2026 19:20:18] "POST /v1/chat/completions HTTP/1.1" 200 -
2026-10-02 19:20:19,206 - INFO - Prompt processing progress: 2048/8717
2026-10-02 19:20:20,386 - INFO - Prompt processing progress: 4096/8717
2026-10-02 19:20:21,606 - INFO - Prompt processing progress: 6144/8717
2026-10-02 19:20:22,879 - INFO - Prompt processing progress: 8192/8717
2026-10-02 19:20:23,327 - INFO - Prompt processing progress: 8716/8717
2026-10-02 19:20:23,369 - INFO - Prompt processing progress: 8717/8717
2026-10-02 19:20:26,730 - INFO - Prompt Cache: 1 sequences, 0.07 GB
2026-10-02 19:20:26,731 - INFO - - assistant: 0 sequences, 0.00 GB
2026-10-02 19:20:26,731 - INFO - - user: 0 sequences, 0.00 GB
2026-10-02 19:20:26,731 - INFO - - system: 1 sequences, 0.07 GB
127.0.0.1 - - [02/Oct/2026 19:20:26] "POST /v1/chat/completions HTTP/1.1" 200 -
2026-10-02 19:20:27,910 - INFO - Prompt processing progress: 2048/9263
2026-10-02 19:20:29,090 - INFO - Prompt processing progress: 4096/9263
2026-10-02 19:20:30,311 - INFO - Prompt processing progress: 6144/9263
2026-10-02 19:20:31,574 - INFO - Prompt processing progress: 8192/9263
2026-10-02 19:20:32,331 - INFO - Prompt processing progress: 9262/9263
2026-10-02 19:20:32,361 - INFO - Prompt processing progress: 9263/9263
2026-10-02 19:20:32,992 - WARNING - Failed to parse tool call (ValueError: No function provided.) — tool text was likely truncated mid-generation.
2026-10-02 19:20:33,001 - INFO - Prompt Cache: 1 sequences, 0.07 GB
2026-10-02 19:20:33,001 - INFO - - assistant: 0 sequences, 0.00 GB
2026-10-02 19:20:33,001 - INFO - - user: 0 sequences, 0.00 GB
2026-10-02 19:20:33,001 - INFO - - system: 1 sequences, 0.07 GB
127.0.0.1 - - [02/Oct/2026 19:20:33] "POST /v1/chat/completions HTTP/1.1" 200 -
2026-10-02 19:20:34,180 - INFO - Prompt processing progress: 2048/9321
2026-10-02 19:20:35,360 - INFO - Prompt processing progress: 4096/9321
2026-10-02 19:20:36,580 - INFO - Prompt processing progress: 6144/9321
2026-10-02 19:20:37,846 - INFO - Prompt processing progress: 8192/9321
2026-10-02 19:20:38,625 - INFO - Prompt processing progress: 9320/9321
2026-10-02 19:20:38,656 - INFO - Prompt processing progress: 9321/9321
2026-10-02 19:20:40,346 - WARNING - Failed to parse tool call (ValueError: No function provided.) — tool text was likely truncated mid-generation.
2026-10-02 19:20:40,354 - INFO - Prompt Cache: 1 sequences, 0.07 GB
2026-10-02 19:20:40,354 - INFO - - assistant: 0 sequences, 0.00 GB
2026-10-02 19:20:40,354 - INFO - - user: 0 sequences, 0.00 GB
2026-10-02 19:20:40,354 - INFO - - system: 1 sequences, 0.07 GB
127.0.0.1 - - [02/Oct/2026 19:20:40] "POST /v1/chat/completions HTTP/1.1" 200 -
2026-10-02 19:20:41,535 - INFO - Prompt processing progress: 2048/9443
2026-10-02 19:20:42,715 - INFO - Prompt processing progress: 4096/9443
2026-10-02 19:20:43,935 - INFO - Prompt processing progress: 6144/9443
2026-10-02 19:20:45,200 - INFO - Prompt processing progress: 8192/9443
2026-10-02 19:20:46,059 - INFO - Prompt processing progress: 9442/9443
2026-10-02 19:20:46,090 - INFO - Prompt processing progress: 9443/9443
2026-10-02 19:20:46,917 - INFO - Prompt Cache: 1 sequences, 0.07 GB
2026-10-02 19:20:46,917 - INFO - - assistant: 0 sequences, 0.00 GB
2026-10-02 19:20:46,917 - INFO - - user: 0 sequences, 0.00 GB
2026-10-02 19:20:46,917 - INFO - - system: 1 sequences, 0.07 GB
127.0.0.1 - - [02/Oct/2026 19:20:46] "POST /v1/chat/completions HTTP/1.1" 200 -
2026-10-02 19:20:48,094 - INFO - Prompt processing progress: 2048/10173
2026-10-02 19:20:49,272 - INFO - Prompt processing progress: 4096/10173
2026-10-02 19:20:50,493 - INFO - Prompt processing progress: 6144/10173
2026-10-02 19:20:51,761 - INFO - Prompt processing progress: 8192/10173
2026-10-02 19:20:53,100 - INFO - Prompt processing progress: 10172/10173
2026-10-02 19:20:53,135 - INFO - Prompt processing progress: 10173/10173
2026-10-02 19:20:54,095 - INFO - Prompt Cache: 1 sequences, 0.07 GB
2026-10-02 19:20:54,095 - INFO - - assistant: 0 sequences, 0.00 GB
2026-10-02 19:20:54,095 - INFO - - user: 0 sequences, 0.00 GB
2026-10-02 19:20:54,095 - INFO - - system: 1 sequences, 0.07 GB
127.0.0.1 - - [02/Oct/2026 19:20:54] "POST /v1/chat/completions HTTP/1.1" 200 -
2026-10-02 19:20:55,274 - INFO - Prompt processing progress: 2048/10427
2026-10-02 19:20:56,454 - INFO - Prompt processing progress: 4096/10427
2026-10-02 19:20:57,676 - INFO - Prompt processing progress: 6144/10427
2026-10-02 19:20:58,948 - INFO - Prompt processing progress: 8192/10427
2026-10-02 19:21:00,261 - INFO - Prompt processing progress: 10240/10427
2026-10-02 19:21:00,543 - INFO - Prompt processing progress: 10426/10427
2026-10-02 19:21:00,583 - INFO - Prompt processing progress: 10427/10427
2026-10-02 19:21:02,464 - INFO - Prompt Cache: 1 sequences, 0.07 GB
2026-10-02 19:21:02,464 - INFO - - assistant: 0 sequences, 0.00 GB
2026-10-02 19:21:02,464 - INFO - - user: 0 sequences, 0.00 GB
2026-10-02 19:21:02,464 - INFO - - system: 1 sequences, 0.07 GB
127.0.0.1 - - [02/Oct/2026 19:21:02] "POST /v1/chat/completions HTTP/1.1" 200 -
2026-10-02 19:21:03,643 - INFO - Prompt processing progress: 2048/10573
2026-10-02 19:21:04,822 - INFO - Prompt processing progress: 4096/10573
2026-10-02 19:21:06,040 - INFO - Prompt processing progress: 6144/10573
2026-10-02 19:21:07,321 - INFO - Prompt processing progress: 8192/10573
2026-10-02 19:21:08,633 - INFO - Prompt processing progress: 10240/10573
2026-10-02 19:21:09,001 - INFO - Prompt processing progress: 10572/10573
2026-10-02 19:21:09,030 - INFO - Prompt processing progress: 10573/10573
2026-10-02 19:21:09,859 - INFO - Prompt Cache: 1 sequences, 0.07 GB
2026-10-02 19:21:09,859 - INFO - - assistant: 0 sequences, 0.00 GB
2026-10-02 19:21:09,859 - INFO - - user: 0 sequences, 0.00 GB
2026-10-02 19:21:09,859 - INFO - - system: 1 sequences, 0.07 GB
127.0.0.1 - - [02/Oct/2026 19:21:09] "POST /v1/chat/completions HTTP/1.1" 200 -
2026-10-02 19:21:11,036 - INFO - Prompt processing progress: 2048/11055
2026-10-02 19:21:12,218 - INFO - Prompt processing progress: 4096/11055
2026-10-02 19:21:13,438 - INFO - Prompt processing progress: 6144/11055
2026-10-02 19:21:14,701 - INFO - Prompt processing progress: 8192/11055
2026-10-02 19:21:16,012 - INFO - Prompt processing progress: 10240/11055
2026-10-02 19:21:16,626 - INFO - Prompt processing progress: 11054/11055
2026-10-02 19:21:16,658 - INFO - Prompt processing progress: 11055/11055
2026-10-02 19:21:20,105 - WARNING - Failed to parse tool call (ValueError: No function provided.) — tool text was likely truncated mid-generation.
2026-10-02 19:21:20,115 - INFO - Prompt Cache: 1 sequences, 0.07 GB
2026-10-02 19:21:20,115 - INFO - - assistant: 0 sequences, 0.00 GB
2026-10-02 19:21:20,115 - INFO - - user: 0 sequences, 0.00 GB
2026-10-02 19:21:20,115 - INFO - - system: 1 sequences, 0.07 GB
127.0.0.1 - - [02/Oct/2026 19:21:20] "POST /v1/chat/completions HTTP/1.1" 200 -
2026-10-02 19:21:21,293 - INFO - Prompt processing progress: 2048/11300
2026-10-02 19:21:22,469 - INFO - Prompt processing progress: 4096/11300
2026-10-02 19:21:23,688 - INFO - Prompt processing progress: 6144/11300
2026-10-02 19:21:24,953 - INFO - Prompt processing progress: 8192/11300
2026-10-02 19:21:26,268 - INFO - Prompt processing progress: 10240/11300
2026-10-02 19:21:27,045 - INFO - Prompt processing progress: 11299/11300
2026-10-02 19:21:27,079 - INFO - Prompt processing progress: 11300/11300
2026-10-02 19:21:27,602 - WARNING - Failed to parse tool call (ValueError: No function provided.) — tool text was likely truncated mid-generation.
2026-10-02 19:21:27,611 - INFO - Prompt Cache: 1 sequences, 0.07 GB
2026-10-02 19:21:27,612 - INFO - - assistant: 0 sequences, 0.00 GB
2026-10-02 19:21:27,612 - INFO - - user: 0 sequences, 0.00 GB
2026-10-02 19:21:27,612 - INFO - - system: 1 sequences, 0.07 GB
127.0.0.1 - - [02/Oct/2026 19:21:27] "POST /v1/chat/completions HTTP/1.1" 200 -
2026-10-02 19:21:28,787 - INFO - Prompt processing progress: 2048/11351
2026-10-02 19:21:29,967 - INFO - Prompt processing progress: 4096/11351
2026-10-02 19:21:31,189 - INFO - Prompt processing progress: 6144/11351
2026-10-02 19:21:32,456 - INFO - Prompt processing progress: 8192/11351
2026-10-02 19:21:33,764 - INFO - Prompt processing progress: 10240/11351
2026-10-02 19:21:34,563 - INFO - Prompt processing progress: 11350/11351
2026-10-02 19:21:34,596 - INFO - Prompt processing progress: 11351/11351
2026-10-02 19:21:35,011 - WARNING - Failed to parse tool call (ValueError: No function provided.) — tool text was likely truncated mid-generation.
2026-10-02 19:21:35,022 - INFO - Prompt Cache: 1 sequences, 0.07 GB
2026-10-02 19:21:35,022 - INFO - - assistant: 0 sequences, 0.00 GB
2026-10-02 19:21:35,022 - INFO - - user: 0 sequences, 0.00 GB
2026-10-02 19:21:35,022 - INFO - - system: 1 sequences, 0.07 GB
127.0.0.1 - - [02/Oct/2026 19:21:35] "POST /v1/chat/completions HTTP/1.1" 200 -
2026-10-02 19:21:36,203 - INFO - Prompt processing progress: 2048/11808
2026-10-02 19:21:37,384 - INFO - Prompt processing progress: 4096/11808
2026-10-02 19:21:38,603 - INFO - Prompt processing progress: 6144/11808
2026-10-02 19:21:39,873 - INFO - Prompt processing progress: 8192/11808
2026-10-02 19:21:41,185 - INFO - Prompt processing progress: 10240/11808
2026-10-02 19:21:42,297 - INFO - Prompt processing progress: 11807/11808
2026-10-02 19:21:42,329 - INFO - Prompt processing progress: 11808/11808
2026-10-02 19:21:42,890 - INFO - Prompt Cache: 1 sequences, 0.07 GB
2026-10-02 19:21:42,890 - INFO - - assistant: 0 sequences, 0.00 GB
2026-10-02 19:21:42,890 - INFO - - user: 0 sequences, 0.00 GB
2026-10-02 19:21:42,890 - INFO - - system: 1 sequences, 0.07 GB
127.0.0.1 - - [02/Oct/2026 19:21:42] "POST /v1/chat/completions HTTP/1.1" 200 -
2026-10-02 19:21:43,591 - INFO - Prompt processing progress: 1065/1066
2026-10-02 19:21:43,618 - INFO - Prompt processing progress: 1066/1066
2026-10-02 19:21:45,220 - WARNING - Failed to parse tool call (ValueError: No function provided.) — tool text was likely truncated mid-generation.
2026-10-02 19:21:45,224 - INFO - Prompt Cache: 1 sequences, 0.07 GB
2026-10-02 19:21:45,224 - INFO - - assistant: 0 sequences, 0.00 GB
2026-10-02 19:21:45,224 - INFO - - user: 0 sequences, 0.00 GB
2026-10-02 19:21:45,224 - INFO - - system: 1 sequences, 0.07 GB
127.0.0.1 - - [02/Oct/2026 19:21:45] "POST /v1/chat/completions HTTP/1.1" 200 -
2026-10-02 19:21:46,143 - INFO - Prompt processing progress: 1465/1466
2026-10-02 19:21:46,170 - INFO - Prompt processing progress: 1466/1466
2026-10-02 19:21:46,793 - INFO - Prompt Cache: 1 sequences, 0.07 GB
2026-10-02 19:21:46,793 - INFO - - assistant: 0 sequences, 0.00 GB
2026-10-02 19:21:46,793 - INFO - - user: 0 sequences, 0.00 GB
2026-10-02 19:21:46,793 - INFO - - system: 1 sequences, 0.07 GB
127.0.0.1 - - [02/Oct/2026 19:21:46] "POST /v1/chat/completions HTTP/1.1" 200 -
2026-10-02 19:21:47,984 - INFO - Prompt processing progress: 1935/1936
2026-10-02 19:21:48,012 - INFO - Prompt processing progress: 1936/1936
2026-10-02 19:21:48,622 - INFO - Prompt Cache: 1 sequences, 0.07 GB
2026-10-02 19:21:48,622 - INFO - - assistant: 0 sequences, 0.00 GB
2026-10-02 19:21:48,622 - INFO - - user: 0 sequences, 0.00 GB
2026-10-02 19:21:48,622 - INFO - - system: 1 sequences, 0.07 GB
127.0.0.1 - - [02/Oct/2026 19:21:48] "POST /v1/chat/completions HTTP/1.1" 200 -
2026-10-02 19:21:49,799 - INFO - Prompt processing progress: 2048/2186
2026-10-02 19:21:50,033 - INFO - Prompt processing progress: 2185/2186
2026-10-02 19:21:50,057 - INFO - Prompt processing progress: 2186/2186
2026-10-02 19:21:50,653 - INFO - Prompt Cache: 1 sequences, 0.07 GB
2026-10-02 19:21:50,653 - INFO - - assistant: 0 sequences, 0.00 GB
2026-10-02 19:21:50,653 - INFO - - user: 0 sequences, 0.00 GB
2026-10-02 19:21:50,653 - INFO - - system: 1 sequences, 0.07 GB
127.0.0.1 - - [02/Oct/2026 19:21:50] "POST /v1/chat/completions HTTP/1.1" 200 -
2026-10-02 19:21:51,828 - INFO - Prompt processing progress: 2048/2378
2026-10-02 19:21:52,156 - INFO - Prompt processing progress: 2377/2378
2026-10-02 19:21:52,181 - INFO - Prompt processing progress: 2378/2378
2026-10-02 19:21:52,969 - INFO - Prompt Cache: 1 sequences, 0.07 GB
2026-10-02 19:21:52,969 - INFO - - assistant: 0 sequences, 0.00 GB
2026-10-02 19:21:52,969 - INFO - - user: 0 sequences, 0.00 GB
2026-10-02 19:21:52,969 - INFO - - system: 1 sequences, 0.07 GB
127.0.0.1 - - [02/Oct/2026 19:21:52] "POST /v1/chat/completions HTTP/1.1" 200 -
2026-10-02 19:21:54,146 - INFO - Prompt processing progress: 2048/2950
2026-10-02 19:21:54,740 - INFO - Prompt processing progress: 2949/2950
2026-10-02 19:21:54,766 - INFO - Prompt processing progress: 2950/2950
2026-10-02 19:21:55,799 - INFO - Prompt Cache: 1 sequences, 0.07 GB
2026-10-02 19:21:55,799 - INFO - - assistant: 0 sequences, 0.00 GB
2026-10-02 19:21:55,799 - INFO - - user: 0 sequences, 0.00 GB
2026-10-02 19:21:55,799 - INFO - - system: 1 sequences, 0.07 GB
127.0.0.1 - - [02/Oct/2026 19:21:55] "POST /v1/chat/completions HTTP/1.1" 200 -
2026-10-02 19:21:56,978 - INFO - Prompt processing progress: 2048/3381
2026-10-02 19:21:57,800 - INFO - Prompt processing progress: 3380/3381
2026-10-02 19:21:57,828 - INFO - Prompt processing progress: 3381/3381
2026-10-02 19:21:58,685 - INFO - Prompt Cache: 1 sequences, 0.07 GB
2026-10-02 19:21:58,685 - INFO - - assistant: 0 sequences, 0.00 GB
2026-10-02 19:21:58,685 - INFO - - user: 0 sequences, 0.00 GB
2026-10-02 19:21:58,685 - INFO - - system: 1 sequences, 0.07 GB
127.0.0.1 - - [02/Oct/2026 19:21:58] "POST /v1/chat/completions HTTP/1.1" 200 -
2026-10-02 19:21:59,862 - INFO - Prompt processing progress: 2048/3710
2026-10-02 19:22:00,880 - INFO - Prompt processing progress: 3709/3710
2026-10-02 19:22:00,909 - INFO - Prompt processing progress: 3710/3710
2026-10-02 19:22:03,295 - WARNING - Failed to parse tool call (ValueError: No function provided.) — tool text was likely truncated mid-generation.
2026-10-02 19:22:03,300 - INFO - Prompt Cache: 1 sequences, 0.07 GB
2026-10-02 19:22:03,301 - INFO - - assistant: 0 sequences, 0.00 GB
2026-10-02 19:22:03,301 - INFO - - user: 0 sequences, 0.00 GB
2026-10-02 19:22:03,301 - INFO - - system: 1 sequences, 0.07 GB
127.0.0.1 - - [02/Oct/2026 19:22:03] "POST /v1/chat/completions HTTP/1.1" 200 -
2026-10-02 19:22:04,477 - INFO - Prompt processing progress: 2048/4245
2026-10-02 19:22:05,652 - INFO - Prompt processing progress: 4096/4245
2026-10-02 19:22:05,909 - INFO - Prompt processing progress: 4244/4245
2026-10-02 19:22:05,935 - INFO - Prompt processing progress: 4245/4245
2026-10-02 19:22:07,008 - INFO - Prompt Cache: 1 sequences, 0.07 GB
2026-10-02 19:22:07,008 - INFO - - assistant: 0 sequences, 0.00 GB
2026-10-02 19:22:07,008 - INFO - - user: 0 sequences, 0.00 GB
2026-10-02 19:22:07,008 - INFO - - system: 1 sequences, 0.07 GB
127.0.0.1 - - [02/Oct/2026 19:22:07] "POST /v1/chat/completions HTTP/1.1" 200 -
2026-10-02 19:22:08,187 - INFO - Prompt processing progress: 2048/4993
2026-10-02 19:22:09,362 - INFO - Prompt processing progress: 4096/4993
2026-10-02 19:22:09,967 - INFO - Prompt processing progress: 4992/4993
2026-10-02 19:22:09,994 - INFO - Prompt processing progress: 4993/4993
2026-10-02 19:22:11,217 - INFO - Prompt Cache: 1 sequences, 0.07 GB
2026-10-02 19:22:11,217 - INFO - - assistant: 0 sequences, 0.00 GB
2026-10-02 19:22:11,217 - INFO - - user: 0 sequences, 0.00 GB
2026-10-02 19:22:11,217 - INFO - - system: 1 sequences, 0.07 GB
127.0.0.1 - - [02/Oct/2026 19:22:11] "POST /v1/chat/completions HTTP/1.1" 200 -
2026-10-02 19:22:12,397 - INFO - Prompt processing progress: 2048/5291
2026-10-02 19:22:13,571 - INFO - Prompt processing progress: 4096/5291
2026-10-02 19:22:14,340 - INFO - Prompt processing progress: 5290/5291
2026-10-02 19:22:14,368 - INFO - Prompt processing progress: 5291/5291
2026-10-02 19:22:17,362 - INFO - Prompt Cache: 1 sequences, 0.07 GB
2026-10-02 19:22:17,362 - INFO - - assistant: 0 sequences, 0.00 GB
2026-10-02 19:22:17,362 - INFO - - user: 0 sequences, 0.00 GB
2026-10-02 19:22:17,362 - INFO - - system: 1 sequences, 0.07 GB
127.0.0.1 - - [02/Oct/2026 19:22:17] "POST /v1/chat/completions HTTP/1.1" 200 -
2026-10-02 19:22:18,538 - INFO - Prompt processing progress: 2048/5767
2026-10-02 19:22:19,711 - INFO - Prompt processing progress: 4096/5767
2026-10-02 19:22:20,774 - INFO - Prompt processing progress: 5766/5767
2026-10-02 19:22:20,804 - INFO - Prompt processing progress: 5767/5767
2026-10-02 19:22:21,538 - WARNING - Failed to parse tool call (ValueError: No function provided.) — tool text was likely truncated mid-generation.
2026-10-02 19:22:21,545 - INFO - Prompt Cache: 1 sequences, 0.07 GB
2026-10-02 19:22:21,545 - INFO - - assistant: 0 sequences, 0.00 GB
2026-10-02 19:22:21,545 - INFO - - user: 0 sequences, 0.00 GB
2026-10-02 19:22:21,545 - INFO - - system: 1 sequences, 0.07 GB
127.0.0.1 - - [02/Oct/2026 19:22:21] "POST /v1/chat/completions HTTP/1.1" 200 -
2026-10-02 19:22:22,722 - INFO - Prompt processing progress: 2048/6177
2026-10-02 19:22:23,901 - INFO - Prompt processing progress: 4096/6177
2026-10-02 19:22:25,121 - INFO - Prompt processing progress: 6144/6177
2026-10-02 19:22:25,239 - INFO - Prompt processing progress: 6176/6177
2026-10-02 19:22:25,265 - INFO - Prompt processing progress: 6177/6177
2026-10-02 19:22:26,000 - WARNING - Failed to parse tool call (ValueError: No function provided.) — tool text was likely truncated mid-generation.
2026-10-02 19:22:26,006 - INFO - Prompt Cache: 1 sequences, 0.07 GB
2026-10-02 19:22:26,006 - INFO - - assistant: 0 sequences, 0.00 GB
2026-10-02 19:22:26,006 - INFO - - user: 0 sequences, 0.00 GB
2026-10-02 19:22:26,006 - INFO - - system: 1 sequences, 0.07 GB
127.0.0.1 - - [02/Oct/2026 19:22:26] "POST /v1/chat/completions HTTP/1.1" 200 -
2026-10-02 19:22:27,183 - INFO - Prompt processing progress: 2048/6479
2026-10-02 19:22:28,360 - INFO - Prompt processing progress: 4096/6479
2026-10-02 19:22:29,581 - INFO - Prompt processing progress: 6144/6479
2026-10-02 19:22:29,932 - INFO - Prompt processing progress: 6478/6479
2026-10-02 19:22:29,959 - INFO - Prompt processing progress: 6479/6479
2026-10-02 19:22:33,630 - INFO - Prompt Cache: 1 sequences, 0.07 GB
2026-10-02 19:22:33,630 - INFO - - assistant: 0 sequences, 0.00 GB
2026-10-02 19:22:33,630 - INFO - - user: 0 sequences, 0.00 GB
2026-10-02 19:22:33,630 - INFO - - system: 1 sequences, 0.07 GB
127.0.0.1 - - [02/Oct/2026 19:22:33] "POST /v1/chat/completions HTTP/1.1" 200 -
2026-10-02 19:22:34,809 - INFO - Prompt processing progress: 2048/6723
2026-10-02 19:22:35,988 - INFO - Prompt processing progress: 4096/6723
2026-10-02 19:22:37,206 - INFO - Prompt processing progress: 6144/6723
2026-10-02 19:22:37,668 - INFO - Prompt processing progress: 6722/6723
2026-10-02 19:22:37,696 - INFO - Prompt processing progress: 6723/6723
2026-10-02 19:22:43,837 - INFO - Prompt Cache: 1 sequences, 0.07 GB
2026-10-02 19:22:43,837 - INFO - - assistant: 0 sequences, 0.00 GB
2026-10-02 19:22:43,837 - INFO - - user: 0 sequences, 0.00 GB
2026-10-02 19:22:43,837 - INFO - - system: 1 sequences, 0.07 GB
127.0.0.1 - - [02/Oct/2026 19:22:43] "POST /v1/chat/completions HTTP/1.1" 200 -
2026-10-02 19:22:45,012 - INFO - Prompt processing progress: 2048/7453
2026-10-02 19:22:46,189 - INFO - Prompt processing progress: 4096/7453
2026-10-02 19:22:47,410 - INFO - Prompt processing progress: 6144/7453
2026-10-02 19:22:48,279 - INFO - Prompt processing progress: 7452/7453
2026-10-02 19:22:48,309 - INFO - Prompt processing progress: 7453/7453
2026-10-02 19:22:49,835 - WARNING - Failed to parse tool call (ValueError: No function provided.) — tool text was likely truncated mid-generation.
2026-10-02 19:22:49,843 - INFO - Prompt Cache: 1 sequences, 0.07 GB
2026-10-02 19:22:49,843 - INFO - - assistant: 0 sequences, 0.00 GB
2026-10-02 19:22:49,843 - INFO - - user: 0 sequences, 0.00 GB
2026-10-02 19:22:49,843 - INFO - - system: 1 sequences, 0.07 GB
127.0.0.1 - - [02/Oct/2026 19:22:49] "POST /v1/chat/completions HTTP/1.1" 200 -
2026-10-02 19:22:51,022 - INFO - Prompt processing progress: 2048/9271
2026-10-02 19:22:52,201 - INFO - Prompt processing progress: 4096/9271
2026-10-02 19:22:53,427 - INFO - Prompt processing progress: 6144/9271
2026-10-02 19:22:54,694 - INFO - Prompt processing progress: 8192/9271
2026-10-02 19:22:55,457 - INFO - Prompt processing progress: 9270/9271
2026-10-02 19:22:55,488 - INFO - Prompt processing progress: 9271/9271
2026-10-02 19:22:57,637 - INFO - Prompt Cache: 1 sequences, 0.07 GB
2026-10-02 19:22:57,637 - INFO - - assistant: 0 sequences, 0.00 GB
2026-10-02 19:22:57,637 - INFO - - user: 0 sequences, 0.00 GB
2026-10-02 19:22:57,637 - INFO - - system: 1 sequences, 0.07 GB
127.0.0.1 - - [02/Oct/2026 19:22:57] "POST /v1/chat/completions HTTP/1.1" 200 -
2026-10-02 19:22:58,812 - INFO - Prompt processing progress: 2048/9733
2026-10-02 19:22:59,987 - INFO - Prompt processing progress: 4096/9733
2026-10-02 19:23:01,205 - INFO - Prompt processing progress: 6144/9733
2026-10-02 19:23:02,469 - INFO - Prompt processing progress: 8192/9733
2026-10-02 19:23:03,524 - INFO - Prompt processing progress: 9732/9733
2026-10-02 19:23:03,558 - INFO - Prompt processing progress: 9733/9733
2026-10-02 19:23:05,906 - INFO - Prompt Cache: 1 sequences, 0.07 GB
2026-10-02 19:23:05,906 - INFO - - assistant: 0 sequences, 0.00 GB
2026-10-02 19:23:05,906 - INFO - - user: 0 sequences, 0.00 GB
2026-10-02 19:23:05,906 - INFO - - system: 1 sequences, 0.07 GB
127.0.0.1 - - [02/Oct/2026 19:23:05] "POST /v1/chat/completions HTTP/1.1" 200 -
2026-10-02 19:23:07,084 - INFO - Prompt processing progress: 2048/9893
2026-10-02 19:23:08,261 - INFO - Prompt processing progress: 4096/9893
2026-10-02 19:23:09,477 - INFO - Prompt processing progress: 6144/9893
2026-10-02 19:23:10,742 - INFO - Prompt processing progress: 8192/9893
2026-10-02 19:23:11,904 - INFO - Prompt processing progress: 9892/9893
2026-10-02 19:23:11,938 - INFO - Prompt processing progress: 9893/9893
2026-10-02 19:23:12,715 - INFO - Prompt Cache: 1 sequences, 0.07 GB
2026-10-02 19:23:12,715 - INFO - - assistant: 0 sequences, 0.00 GB
2026-10-02 19:23:12,715 - INFO - - user: 0 sequences, 0.00 GB
2026-10-02 19:23:12,715 - INFO - - system: 1 sequences, 0.07 GB
127.0.0.1 - - [02/Oct/2026 19:23:12] "POST /v1/chat/completions HTTP/1.1" 200 -
2026-10-02 19:23:13,893 - INFO - Prompt processing progress: 2048/9959
2026-10-02 19:23:15,067 - INFO - Prompt processing progress: 4096/9959
2026-10-02 19:23:16,285 - INFO - Prompt processing progress: 6144/9959
2026-10-02 19:23:17,555 - INFO - Prompt processing progress: 8192/9959
2026-10-02 19:23:18,760 - INFO - Prompt processing progress: 9958/9959
2026-10-02 19:23:18,795 - INFO - Prompt processing progress: 9959/9959
2026-10-02 19:23:20,420 - INFO - Prompt Cache: 1 sequences, 0.07 GB
2026-10-02 19:23:20,420 - INFO - - assistant: 0 sequences, 0.00 GB
2026-10-02 19:23:20,420 - INFO - - user: 0 sequences, 0.00 GB
2026-10-02 19:23:20,420 - INFO - - system: 1 sequences, 0.07 GB
127.0.0.1 - - [02/Oct/2026 19:23:20] "POST /v1/chat/completions HTTP/1.1" 200 -
2026-10-02 19:23:21,598 - INFO - Prompt processing progress: 2048/10159
2026-10-02 19:23:22,774 - INFO - Prompt processing progress: 4096/10159
2026-10-02 19:23:23,992 - INFO - Prompt processing progress: 6144/10159
2026-10-02 19:23:25,257 - INFO - Prompt processing progress: 8192/10159
2026-10-02 19:23:26,595 - INFO - Prompt processing progress: 10158/10159
2026-10-02 19:23:26,633 - INFO - Prompt processing progress: 10159/10159
2026-10-02 19:23:27,729 - INFO - Prompt Cache: 1 sequences, 0.07 GB
2026-10-02 19:23:27,729 - INFO - - assistant: 0 sequences, 0.00 GB
2026-10-02 19:23:27,729 - INFO - - user: 0 sequences, 0.00 GB
2026-10-02 19:23:27,729 - INFO - - system: 1 sequences, 0.07 GB
127.0.0.1 - - [02/Oct/2026 19:23:27] "POST /v1/chat/completions HTTP/1.1" 200 -
2026-10-02 19:23:28,905 - INFO - Prompt processing progress: 2048/10549
2026-10-02 19:23:30,078 - INFO - Prompt processing progress: 4096/10549
2026-10-02 19:23:31,302 - INFO - Prompt processing progress: 6144/10549
2026-10-02 19:23:32,569 - INFO - Prompt processing progress: 8192/10549
2026-10-02 19:23:33,880 - INFO - Prompt processing progress: 10240/10549
2026-10-02 19:23:34,234 - INFO - Prompt processing progress: 10548/10549
2026-10-02 19:23:34,262 - INFO - Prompt processing progress: 10549/10549
2026-10-02 19:23:36,579 - WARNING - Failed to parse tool call (ValueError: No function provided.) — tool text was likely truncated mid-generation.
2026-10-02 19:23:36,589 - INFO - Prompt Cache: 1 sequences, 0.07 GB
2026-10-02 19:23:36,589 - INFO - - assistant: 0 sequences, 0.00 GB
2026-10-02 19:23:36,589 - INFO - - user: 0 sequences, 0.00 GB
2026-10-02 19:23:36,589 - INFO - - system: 1 sequences, 0.07 GB
127.0.0.1 - - [02/Oct/2026 19:23:36] "POST /v1/chat/completions HTTP/1.1" 200 -
2026-10-02 19:23:37,765 - INFO - Prompt processing progress: 2048/10889
2026-10-02 19:23:38,943 - INFO - Prompt processing progress: 4096/10889
2026-10-02 19:23:40,164 - INFO - Prompt processing progress: 6144/10889
2026-10-02 19:23:41,439 - INFO - Prompt processing progress: 8192/10889
2026-10-02 19:23:42,747 - INFO - Prompt processing progress: 10240/10889
2026-10-02 19:23:43,273 - INFO - Prompt processing progress: 10888/10889
2026-10-02 19:23:43,317 - INFO - Prompt processing progress: 10889/10889
2026-10-02 19:23:47,756 - INFO - Prompt Cache: 1 sequences, 0.07 GB
2026-10-02 19:23:47,756 - INFO - - assistant: 0 sequences, 0.00 GB
2026-10-02 19:23:47,756 - INFO - - user: 0 sequences, 0.00 GB
2026-10-02 19:23:47,756 - INFO - - system: 1 sequences, 0.07 GB
127.0.0.1 - - [02/Oct/2026 19:23:47] "POST /v1/chat/completions HTTP/1.1" 200 -
2026-10-02 19:23:48,931 - INFO - Prompt processing progress: 2048/11312
2026-10-02 19:23:50,108 - INFO - Prompt processing progress: 4096/11312
2026-10-02 19:23:51,329 - INFO - Prompt processing progress: 6144/11312
2026-10-02 19:23:52,596 - INFO - Prompt processing progress: 8192/11312
2026-10-02 19:23:53,916 - INFO - Prompt processing progress: 10240/11312
2026-10-02 19:23:54,700 - INFO - Prompt processing progress: 11311/11312
2026-10-02 19:23:54,732 - INFO - Prompt processing progress: 11312/11312
2026-10-02 19:23:55,821 - WARNING - Failed to parse tool call (ValueError: No function provided.) — tool text was likely truncated mid-generation.
2026-10-02 19:23:55,831 - INFO - Prompt Cache: 1 sequences, 0.07 GB
2026-10-02 19:23:55,831 - INFO - - assistant: 0 sequences, 0.00 GB
2026-10-02 19:23:55,831 - INFO - - user: 0 sequences, 0.00 GB
2026-10-02 19:23:55,831 - INFO - - system: 1 sequences, 0.07 GB
127.0.0.1 - - [02/Oct/2026 19:23:55] "POST /v1/chat/completions HTTP/1.1" 200 -
2026-10-02 19:23:57,010 - INFO - Prompt processing progress: 2048/11766
2026-10-02 19:23:58,186 - INFO - Prompt processing progress: 4096/11766
2026-10-02 19:23:59,403 - INFO - Prompt processing progress: 6144/11766
2026-10-02 19:24:00,669 - INFO - Prompt processing progress: 8192/11766
2026-10-02 19:24:01,978 - INFO - Prompt processing progress: 10240/11766
2026-10-02 19:24:03,057 - INFO - Prompt processing progress: 11765/11766
2026-10-02 19:24:03,093 - INFO - Prompt processing progress: 11766/11766
2026-10-02 19:24:04,535 - INFO - Prompt Cache: 1 sequences, 0.07 GB
2026-10-02 19:24:04,535 - INFO - - assistant: 0 sequences, 0.00 GB
2026-10-02 19:24:04,535 - INFO - - user: 0 sequences, 0.00 GB
2026-10-02 19:24:04,535 - INFO - - system: 1 sequences, 0.07 GB
127.0.0.1 - - [02/Oct/2026 19:24:04] "POST /v1/chat/completions HTTP/1.1" 200 -
2026-10-02 19:24:05,712 - INFO - Prompt processing progress: 2048/12560
2026-10-02 19:24:06,887 - INFO - Prompt processing progress: 4096/12560
2026-10-02 19:24:08,107 - INFO - Prompt processing progress: 6144/12560
2026-10-02 19:24:09,372 - INFO - Prompt processing progress: 8192/12560
2026-10-02 19:24:10,683 - INFO - Prompt processing progress: 10240/12560
2026-10-02 19:24:12,050 - INFO - Prompt processing progress: 12288/12560
2026-10-02 19:24:12,390 - INFO - Prompt processing progress: 12559/12560
2026-10-02 19:24:12,420 - INFO - Prompt processing progress: 12560/12560
2026-10-02 19:24:14,039 - WARNING - Failed to parse tool call (ValueError: No function provided.) — tool text was likely truncated mid-generation.
2026-10-02 19:24:14,050 - INFO - Prompt Cache: 1 sequences, 0.07 GB
2026-10-02 19:24:14,050 - INFO - - assistant: 0 sequences, 0.00 GB
2026-10-02 19:24:14,050 - INFO - - user: 0 sequences, 0.00 GB
2026-10-02 19:24:14,050 - INFO - - system: 1 sequences, 0.07 GB
127.0.0.1 - - [02/Oct/2026 19:24:14] "POST /v1/chat/completions HTTP/1.1" 200 -
2026-10-02 19:24:15,226 - INFO - Prompt processing progress: 2048/12762
2026-10-02 19:24:16,405 - INFO - Prompt processing progress: 4096/12762
2026-10-02 19:24:17,624 - INFO - Prompt processing progress: 6144/12762
2026-10-02 19:24:18,888 - INFO - Prompt processing progress: 8192/12762
2026-10-02 19:24:20,199 - INFO - Prompt processing progress: 10240/12762
2026-10-02 19:24:21,565 - INFO - Prompt processing progress: 12288/12762
2026-10-02 19:24:22,010 - INFO - Prompt processing progress: 12761/12762
2026-10-02 19:24:22,053 - INFO - Prompt processing progress: 12762/12762
2026-10-02 19:24:22,930 - INFO - Prompt Cache: 1 sequences, 0.07 GB
2026-10-02 19:24:22,930 - INFO - - assistant: 0 sequences, 0.00 GB
2026-10-02 19:24:22,930 - INFO - - user: 0 sequences, 0.00 GB
2026-10-02 19:24:22,930 - INFO - - system: 1 sequences, 0.07 GB
127.0.0.1 - - [02/Oct/2026 19:24:22] "POST /v1/chat/completions HTTP/1.1" 200 -
2026-10-02 19:24:24,108 - INFO - Prompt processing progress: 2048/13423
2026-10-02 19:24:25,286 - INFO - Prompt processing progress: 4096/13423
2026-10-02 19:24:26,510 - INFO - Prompt processing progress: 6144/13423
2026-10-02 19:24:27,773 - INFO - Prompt processing progress: 8192/13423
2026-10-02 19:24:29,085 - INFO - Prompt processing progress: 10240/13423
2026-10-02 19:24:30,450 - INFO - Prompt processing progress: 12288/13423
2026-10-02 19:24:31,291 - INFO - Prompt processing progress: 13422/13423
2026-10-02 19:24:31,325 - INFO - Prompt processing progress: 13423/13423
2026-10-02 19:24:32,201 - INFO - Prompt Cache: 1 sequences, 0.07 GB
2026-10-02 19:24:32,201 - INFO - - assistant: 0 sequences, 0.00 GB
2026-10-02 19:24:32,201 - INFO - - user: 0 sequences, 0.00 GB
2026-10-02 19:24:32,201 - INFO - - system: 1 sequences, 0.07 GB
127.0.0.1 - - [02/Oct/2026 19:24:32] "POST /v1/chat/completions HTTP/1.1" 200 -
2026-10-02 19:24:33,386 - INFO - Prompt processing progress: 2048/13494
2026-10-02 19:24:34,559 - INFO - Prompt processing progress: 4096/13494
2026-10-02 19:24:35,778 - INFO - Prompt processing progress: 6144/13494
2026-10-02 19:24:37,043 - INFO - Prompt processing progress: 8192/13494
2026-10-02 19:24:38,353 - INFO - Prompt processing progress: 10240/13494
2026-10-02 19:24:39,720 - INFO - Prompt processing progress: 12288/13494
2026-10-02 19:24:40,610 - INFO - Prompt processing progress: 13493/13494
2026-10-02 19:24:40,645 - INFO - Prompt processing progress: 13494/13494
2026-10-02 19:24:42,370 - INFO - Prompt Cache: 1 sequences, 0.07 GB
2026-10-02 19:24:42,370 - INFO - - assistant: 0 sequences, 0.00 GB
2026-10-02 19:24:42,370 - INFO - - user: 0 sequences, 0.00 GB
2026-10-02 19:24:42,370 - INFO - - system: 1 sequences, 0.07 GB
127.0.0.1 - - [02/Oct/2026 19:24:42] "POST /v1/chat/completions HTTP/1.1" 200 -
2026-10-02 19:24:43,550 - INFO - Prompt processing progress: 2048/13615
2026-10-02 19:24:44,726 - INFO - Prompt processing progress: 4096/13615
2026-10-02 19:24:45,946 - INFO - Prompt processing progress: 6144/13615
2026-10-02 19:24:47,210 - INFO - Prompt processing progress: 8192/13615
2026-10-02 19:24:48,521 - INFO - Prompt processing progress: 10240/13615
2026-10-02 19:24:49,892 - INFO - Prompt processing progress: 12288/13615
2026-10-02 19:24:50,879 - INFO - Prompt processing progress: 13614/13615
2026-10-02 19:24:50,915 - INFO - Prompt processing progress: 13615/13615
2026-10-02 19:24:52,098 - WARNING - Failed to parse tool call (ValueError: No function provided.) — tool text was likely truncated mid-generation.
2026-10-02 19:24:52,109 - INFO - Prompt Cache: 1 sequences, 0.07 GB
2026-10-02 19:24:52,110 - INFO - - assistant: 0 sequences, 0.00 GB
2026-10-02 19:24:52,110 - INFO - - user: 0 sequences, 0.00 GB
2026-10-02 19:24:52,110 - INFO - - system: 1 sequences, 0.07 GB
127.0.0.1 - - [02/Oct/2026 19:24:52] "POST /v1/chat/completions HTTP/1.1" 200 -
2026-10-02 19:24:53,292 - INFO - Prompt processing progress: 2048/13975
2026-10-02 19:24:54,468 - INFO - Prompt processing progress: 4096/13975
2026-10-02 19:24:55,687 - INFO - Prompt processing progress: 6144/13975
2026-10-02 19:24:56,953 - INFO - Prompt processing progress: 8192/13975
2026-10-02 19:24:58,274 - INFO - Prompt processing progress: 10240/13975
2026-10-02 19:24:59,640 - INFO - Prompt processing progress: 12288/13975
2026-10-02 19:25:00,878 - INFO - Prompt processing progress: 13974/13975
2026-10-02 19:25:00,916 - INFO - Prompt processing progress: 13975/13975
2026-10-02 19:25:01,851 - WARNING - Failed to parse tool call (ValueError: No function provided.) — tool text was likely truncated mid-generation.
2026-10-02 19:25:01,863 - INFO - Prompt Cache: 1 sequences, 0.07 GB
2026-10-02 19:25:01,863 - INFO - - assistant: 0 sequences, 0.00 GB
2026-10-02 19:25:01,863 - INFO - - user: 0 sequences, 0.00 GB
2026-10-02 19:25:01,863 - INFO - - system: 1 sequences, 0.07 GB
127.0.0.1 - - [02/Oct/2026 19:25:01] "POST /v1/chat/completions HTTP/1.1" 200 -
2026-10-02 19:25:03,050 - INFO - Prompt processing progress: 2048/14050
2026-10-02 19:25:04,229 - INFO - Prompt processing progress: 4096/14050
2026-10-02 19:25:05,450 - INFO - Prompt processing progress: 6144/14050
2026-10-02 19:25:06,716 - INFO - Prompt processing progress: 8192/14050
2026-10-02 19:25:08,035 - INFO - Prompt processing progress: 10240/14050
2026-10-02 19:25:09,403 - INFO - Prompt processing progress: 12288/14050
2026-10-02 19:25:10,689 - INFO - Prompt processing progress: 14049/14050
2026-10-02 19:25:10,727 - INFO - Prompt processing progress: 14050/14050
2026-10-02 19:25:12,647 - INFO - Prompt Cache: 1 sequences, 0.07 GB
2026-10-02 19:25:12,647 - INFO - - assistant: 0 sequences, 0.00 GB
2026-10-02 19:25:12,647 - INFO - - user: 0 sequences, 0.00 GB
2026-10-02 19:25:12,647 - INFO - - system: 1 sequences, 0.07 GB
127.0.0.1 - - [02/Oct/2026 19:25:12] "POST /v1/chat/completions HTTP/1.1" 200 -
2026-10-02 19:25:13,840 - INFO - Prompt processing progress: 2048/14182
2026-10-02 19:25:15,014 - INFO - Prompt processing progress: 4096/14182
2026-10-02 19:25:16,233 - INFO - Prompt processing progress: 6144/14182
2026-10-02 19:25:17,497 - INFO - Prompt processing progress: 8192/14182
2026-10-02 19:25:18,804 - INFO - Prompt processing progress: 10240/14182
2026-10-02 19:25:20,172 - INFO - Prompt processing progress: 12288/14182
2026-10-02 19:25:21,558 - INFO - Prompt processing progress: 14181/14182
2026-10-02 19:25:21,598 - INFO - Prompt processing progress: 14182/14182
2026-10-02 19:25:22,482 - INFO - Prompt Cache: 1 sequences, 0.07 GB
2026-10-02 19:25:22,482 - INFO - - assistant: 0 sequences, 0.00 GB
2026-10-02 19:25:22,482 - INFO - - user: 0 sequences, 0.00 GB
2026-10-02 19:25:22,482 - INFO - - system: 1 sequences, 0.07 GB
127.0.0.1 - - [02/Oct/2026 19:25:22] "POST /v1/chat/completions HTTP/1.1" 200 -
2026-10-02 19:25:23,663 - INFO - Prompt processing progress: 2048/14262
2026-10-02 19:25:24,839 - INFO - Prompt processing progress: 4096/14262
2026-10-02 19:25:26,061 - INFO - Prompt processing progress: 6144/14262
2026-10-02 19:25:27,327 - INFO - Prompt processing progress: 8192/14262
2026-10-02 19:25:28,633 - INFO - Prompt processing progress: 10240/14262
2026-10-02 19:25:30,000 - INFO - Prompt processing progress: 12288/14262
2026-10-02 19:25:31,443 - INFO - Prompt processing progress: 14261/14262
2026-10-02 19:25:31,497 - INFO - Prompt processing progress: 14262/14262
2026-10-02 19:25:32,704 - INFO - Prompt Cache: 1 sequences, 0.07 GB
2026-10-02 19:25:32,704 - INFO - - assistant: 0 sequences, 0.00 GB
2026-10-02 19:25:32,704 - INFO - - user: 0 sequences, 0.00 GB
2026-10-02 19:25:32,704 - INFO - - system: 1 sequences, 0.07 GB
127.0.0.1 - - [02/Oct/2026 19:25:32] "POST /v1/chat/completions HTTP/1.1" 200 -
2026-10-02 19:25:33,883 - INFO - Prompt processing progress: 2048/14531
2026-10-02 19:25:35,058 - INFO - Prompt processing progress: 4096/14531
2026-10-02 19:25:36,278 - INFO - Prompt processing progress: 6144/14531
2026-10-02 19:25:37,550 - INFO - Prompt processing progress: 8192/14531
2026-10-02 19:25:38,860 - INFO - Prompt processing progress: 10240/14531
2026-10-02 19:25:40,226 - INFO - Prompt processing progress: 12288/14531
2026-10-02 19:25:41,637 - INFO - Prompt processing progress: 14336/14531
2026-10-02 19:25:41,946 - INFO - Prompt processing progress: 14530/14531
2026-10-02 19:25:41,977 - INFO - Prompt processing progress: 14531/14531
2026-10-02 19:25:42,915 - WARNING - Failed to parse tool call (ValueError: No function provided.) — tool text was likely truncated mid-generation.
2026-10-02 19:25:42,928 - INFO - Prompt Cache: 1 sequences, 0.07 GB
2026-10-02 19:25:42,928 - INFO - - assistant: 0 sequences, 0.00 GB
2026-10-02 19:25:42,928 - INFO - - user: 0 sequences, 0.00 GB
2026-10-02 19:25:42,928 - INFO - - system: 1 sequences, 0.07 GB
127.0.0.1 - - [02/Oct/2026 19:25:42] "POST /v1/chat/completions HTTP/1.1" 200 -
2026-10-02 19:25:44,108 - INFO - Prompt processing progress: 2048/14624
2026-10-02 19:25:45,283 - INFO - Prompt processing progress: 4096/14624
2026-10-02 19:25:46,503 - INFO - Prompt processing progress: 6144/14624
2026-10-02 19:25:47,767 - INFO - Prompt processing progress: 8192/14624
2026-10-02 19:25:49,076 - INFO - Prompt processing progress: 10240/14624
2026-10-02 19:25:50,441 - INFO - Prompt processing progress: 12288/14624
2026-10-02 19:25:51,856 - INFO - Prompt processing progress: 14336/14624
2026-10-02 19:25:52,217 - INFO - Prompt processing progress: 14623/14624
2026-10-02 19:25:52,248 - INFO - Prompt processing progress: 14624/14624
2026-10-02 19:25:53,053 - WARNING - Failed to parse tool call (ValueError: No function provided.) — tool text was likely truncated mid-generation.
2026-10-02 19:25:53,066 - INFO - Prompt Cache: 1 sequences, 0.07 GB
2026-10-02 19:25:53,066 - INFO - - assistant: 0 sequences, 0.00 GB
2026-10-02 19:25:53,066 - INFO - - user: 0 sequences, 0.00 GB
2026-10-02 19:25:53,066 - INFO - - system: 1 sequences, 0.07 GB
127.0.0.1 - - [02/Oct/2026 19:25:53] "POST /v1/chat/completions HTTP/1.1" 200 -
2026-10-02 19:25:54,241 - INFO - Prompt processing progress: 2048/14864
2026-10-02 19:25:55,418 - INFO - Prompt processing progress: 4096/14864
2026-10-02 19:25:56,640 - INFO - Prompt processing progress: 6144/14864
2026-10-02 19:25:57,909 - INFO - Prompt processing progress: 8192/14864
2026-10-02 19:25:59,231 - INFO - Prompt processing progress: 10240/14864
2026-10-02 19:26:00,599 - INFO - Prompt processing progress: 12288/14864
2026-10-02 19:26:02,011 - INFO - Prompt processing progress: 14336/14864
2026-10-02 19:26:02,501 - INFO - Prompt processing progress: 14863/14864
2026-10-02 19:26:02,547 - INFO - Prompt processing progress: 14864/14864
2026-10-02 19:26:04,232 - INFO - Prompt Cache: 1 sequences, 0.07 GB
2026-10-02 19:26:04,232 - INFO - - assistant: 0 sequences, 0.00 GB
2026-10-02 19:26:04,232 - INFO - - user: 0 sequences, 0.00 GB
2026-10-02 19:26:04,232 - INFO - - system: 1 sequences, 0.07 GB
127.0.0.1 - - [02/Oct/2026 19:26:04] "POST /v1/chat/completions HTTP/1.1" 200 -
2026-10-02 19:26:05,409 - INFO - Prompt processing progress: 2048/15155
2026-10-02 19:26:06,588 - INFO - Prompt processing progress: 4096/15155
2026-10-02 19:26:07,808 - INFO - Prompt processing progress: 6144/15155
2026-10-02 19:26:09,074 - INFO - Prompt processing progress: 8192/15155
2026-10-02 19:26:10,394 - INFO - Prompt processing progress: 10240/15155
2026-10-02 19:26:11,761 - INFO - Prompt processing progress: 12288/15155
2026-10-02 19:26:13,172 - INFO - Prompt processing progress: 14336/15155
2026-10-02 19:26:13,835 - INFO - Prompt processing progress: 15154/15155
2026-10-02 19:26:13,869 - INFO - Prompt processing progress: 15155/15155
2026-10-02 19:26:15,383 - INFO - Prompt Cache: 1 sequences, 0.07 GB
2026-10-02 19:26:15,384 - INFO - - assistant: 0 sequences, 0.00 GB
2026-10-02 19:26:15,384 - INFO - - user: 0 sequences, 0.00 GB
2026-10-02 19:26:15,384 - INFO - - system: 1 sequences, 0.07 GB
127.0.0.1 - - [02/Oct/2026 19:26:15] "POST /v1/chat/completions HTTP/1.1" 200 -
2026-10-02 19:26:16,564 - INFO - Prompt processing progress: 2048/15275
2026-10-02 19:26:17,743 - INFO - Prompt processing progress: 4096/15275
2026-10-02 19:26:18,962 - INFO - Prompt processing progress: 6144/15275
2026-10-02 19:26:20,229 - INFO - Prompt processing progress: 8192/15275
2026-10-02 19:26:21,548 - INFO - Prompt processing progress: 10240/15275
2026-10-02 19:26:22,915 - INFO - Prompt processing progress: 12288/15275
2026-10-02 19:26:24,329 - INFO - Prompt processing progress: 14336/15275
2026-10-02 19:26:25,073 - INFO - Prompt processing progress: 15274/15275
2026-10-02 19:26:25,109 - INFO - Prompt processing progress: 15275/15275
2026-10-02 19:26:29,825 - INFO - Prompt Cache: 1 sequences, 0.07 GB
2026-10-02 19:26:29,825 - INFO - - assistant: 0 sequences, 0.00 GB
2026-10-02 19:26:29,826 - INFO - - user: 0 sequences, 0.00 GB
2026-10-02 19:26:29,826 - INFO - - system: 1 sequences, 0.07 GB
127.0.0.1 - - [02/Oct/2026 19:26:29] "POST /v1/chat/completions HTTP/1.1" 200 -
2026-10-02 19:26:31,008 - INFO - Prompt processing progress: 2048/15796
2026-10-02 19:26:32,180 - INFO - Prompt processing progress: 4096/15796
2026-10-02 19:26:33,401 - INFO - Prompt processing progress: 6144/15796
2026-10-02 19:26:34,667 - INFO - Prompt processing progress: 8192/15796
2026-10-02 19:26:35,981 - INFO - Prompt processing progress: 10240/15796
2026-10-02 19:26:37,351 - INFO - Prompt processing progress: 12288/15796
2026-10-02 19:26:38,768 - INFO - Prompt processing progress: 14336/15796
2026-10-02 19:26:39,874 - INFO - Prompt processing progress: 15795/15796
2026-10-02 19:26:39,917 - INFO - Prompt processing progress: 15796/15796
2026-10-02 19:26:43,078 - INFO - Prompt Cache: 1 sequences, 0.07 GB
2026-10-02 19:26:43,078 - INFO - - assistant: 0 sequences, 0.00 GB
2026-10-02 19:26:43,078 - INFO - - user: 0 sequences, 0.00 GB
2026-10-02 19:26:43,078 - INFO - - system: 1 sequences, 0.07 GB
127.0.0.1 - - [02/Oct/2026 19:26:43] "POST /v1/chat/completions HTTP/1.1" 200 -
2026-10-02 19:26:44,203 - INFO - Prompt processing progress: 1833/1834
2026-10-02 19:26:44,231 - INFO - Prompt processing progress: 1834/1834
2026-10-02 19:26:45,428 - WARNING - Failed to parse tool call (ValueError: No function provided.) — tool text was likely truncated mid-generation.
2026-10-02 19:26:45,432 - INFO - Prompt Cache: 1 sequences, 0.07 GB
2026-10-02 19:26:45,432 - INFO - - assistant: 0 sequences, 0.00 GB
2026-10-02 19:26:45,432 - INFO - - user: 0 sequences, 0.00 GB
2026-10-02 19:26:45,432 - INFO - - system: 1 sequences, 0.07 GB
127.0.0.1 - - [02/Oct/2026 19:26:45] "POST /v1/chat/completions HTTP/1.1" 200 -
2026-10-02 19:26:46,610 - INFO - Prompt processing progress: 2048/2082
2026-10-02 19:26:46,737 - INFO - Prompt processing progress: 2081/2082
2026-10-02 19:26:46,761 - INFO - Prompt processing progress: 2082/2082
2026-10-02 19:26:47,488 - INFO - Prompt Cache: 1 sequences, 0.07 GB
2026-10-02 19:26:47,488 - INFO - - assistant: 0 sequences, 0.00 GB
2026-10-02 19:26:47,488 - INFO - - user: 0 sequences, 0.00 GB
2026-10-02 19:26:47,488 - INFO - - system: 1 sequences, 0.07 GB
127.0.0.1 - - [02/Oct/2026 19:26:47] "POST /v1/chat/completions HTTP/1.1" 200 -
2026-10-02 19:26:48,666 - INFO - Prompt processing progress: 2048/5218
2026-10-02 19:26:49,843 - INFO - Prompt processing progress: 4096/5218
2026-10-02 19:26:50,571 - INFO - Prompt processing progress: 5217/5218
2026-10-02 19:26:50,598 - INFO - Prompt processing progress: 5218/5218
2026-10-02 19:26:51,870 - INFO - Prompt Cache: 1 sequences, 0.07 GB
2026-10-02 19:26:51,870 - INFO - - assistant: 0 sequences, 0.00 GB
2026-10-02 19:26:51,870 - INFO - - user: 0 sequences, 0.00 GB
2026-10-02 19:26:51,870 - INFO - - system: 1 sequences, 0.07 GB
127.0.0.1 - - [02/Oct/2026 19:26:51] "POST /v1/chat/completions HTTP/1.1" 200 -
2026-10-02 19:26:53,049 - INFO - Prompt processing progress: 2048/5927
2026-10-02 19:26:54,228 - INFO - Prompt processing progress: 4096/5927
2026-10-02 19:26:55,395 - INFO - Prompt processing progress: 5926/5927
2026-10-02 19:26:55,426 - INFO - Prompt processing progress: 5927/5927
2026-10-02 19:26:58,299 - INFO - Prompt Cache: 1 sequences, 0.07 GB
2026-10-02 19:26:58,299 - INFO - - assistant: 0 sequences, 0.00 GB
2026-10-02 19:26:58,299 - INFO - - user: 0 sequences, 0.00 GB
2026-10-02 19:26:58,299 - INFO - - system: 1 sequences, 0.07 GB
127.0.0.1 - - [02/Oct/2026 19:26:58] "POST /v1/chat/completions HTTP/1.1" 200 -
2026-10-02 19:26:59,480 - INFO - Prompt processing progress: 2048/6146
2026-10-02 19:27:00,656 - INFO - Prompt processing progress: 4096/6146
2026-10-02 19:27:01,877 - INFO - Prompt processing progress: 6144/6146
2026-10-02 19:27:01,901 - INFO - Prompt processing progress: 6145/6146
2026-10-02 19:27:01,925 - INFO - Prompt processing progress: 6146/6146
2026-10-02 19:27:02,555 - INFO - Prompt Cache: 1 sequences, 0.07 GB
2026-10-02 19:27:02,555 - INFO - - assistant: 0 sequences, 0.00 GB
2026-10-02 19:27:02,555 - INFO - - user: 0 sequences, 0.00 GB
2026-10-02 19:27:02,555 - INFO - - system: 1 sequences, 0.07 GB
127.0.0.1 - - [02/Oct/2026 19:27:02] "POST /v1/chat/completions HTTP/1.1" 200 -
2026-10-02 19:27:03,735 - INFO - Prompt processing progress: 2048/6261
2026-10-02 19:27:04,911 - INFO - Prompt processing progress: 4096/6261
2026-10-02 19:27:06,131 - INFO - Prompt processing progress: 6144/6261
2026-10-02 19:27:06,457 - INFO - Prompt processing progress: 6260/6261
2026-10-02 19:27:06,484 - INFO - Prompt processing progress: 6261/6261
2026-10-02 19:27:07,292 - INFO - Prompt Cache: 1 sequences, 0.07 GB
2026-10-02 19:27:07,292 - INFO - - assistant: 0 sequences, 0.00 GB
2026-10-02 19:27:07,292 - INFO - - user: 0 sequences, 0.00 GB
2026-10-02 19:27:07,292 - INFO - - system: 1 sequences, 0.07 GB
127.0.0.1 - - [02/Oct/2026 19:27:07] "POST /v1/chat/completions HTTP/1.1" 200 -
2026-10-02 19:27:08,473 - INFO - Prompt processing progress: 2048/6510
2026-10-02 19:27:09,653 - INFO - Prompt processing progress: 4096/6510
2026-10-02 19:27:10,874 - INFO - Prompt processing progress: 6144/6510
2026-10-02 19:27:11,237 - INFO - Prompt processing progress: 6509/6510
2026-10-02 19:27:11,263 - INFO - Prompt processing progress: 6510/6510
2026-10-02 19:27:12,132 - WARNING - Failed to parse tool call (ValueError: No function provided.) — tool text was likely truncated mid-generation.
2026-10-02 19:27:12,138 - INFO - Prompt Cache: 1 sequences, 0.07 GB
2026-10-02 19:27:12,138 - INFO - - assistant: 0 sequences, 0.00 GB
2026-10-02 19:27:12,138 - INFO - - user: 0 sequences, 0.00 GB
2026-10-02 19:27:12,138 - INFO - - system: 1 sequences, 0.07 GB
127.0.0.1 - - [02/Oct/2026 19:27:12] "POST /v1/chat/completions HTTP/1.1" 200 -
2026-10-02 19:27:13,315 - INFO - Prompt processing progress: 2048/6626
2026-10-02 19:27:14,496 - INFO - Prompt processing progress: 4096/6626
2026-10-02 19:27:15,718 - INFO - Prompt processing progress: 6144/6626
2026-10-02 19:27:16,128 - INFO - Prompt processing progress: 6625/6626
2026-10-02 19:27:16,155 - INFO - Prompt processing progress: 6626/6626
2026-10-02 19:27:16,768 - INFO - Prompt Cache: 1 sequences, 0.07 GB
2026-10-02 19:27:16,768 - INFO - - assistant: 0 sequences, 0.00 GB
2026-10-02 19:27:16,768 - INFO - - user: 0 sequences, 0.00 GB
2026-10-02 19:27:16,768 - INFO - - system: 1 sequences, 0.07 GB
127.0.0.1 - - [02/Oct/2026 19:27:16] "POST /v1/chat/completions HTTP/1.1" 200 -
2026-10-02 19:27:17,948 - INFO - Prompt processing progress: 2048/6729
2026-10-02 19:27:19,129 - INFO - Prompt processing progress: 4096/6729
2026-10-02 19:27:20,350 - INFO - Prompt processing progress: 6144/6729
2026-10-02 19:27:20,812 - INFO - Prompt processing progress: 6728/6729
2026-10-02 19:27:20,851 - INFO - Prompt processing progress: 6729/6729
2026-10-02 19:27:21,735 - WARNING - Failed to parse tool call (ValueError: No function provided.) — tool text was likely truncated mid-generation.
2026-10-02 19:27:21,742 - INFO - Prompt Cache: 1 sequences, 0.07 GB
2026-10-02 19:27:21,742 - INFO - - assistant: 0 sequences, 0.00 GB
2026-10-02 19:27:21,742 - INFO - - user: 0 sequences, 0.00 GB
2026-10-02 19:27:21,742 - INFO - - system: 1 sequences, 0.07 GB
127.0.0.1 - - [02/Oct/2026 19:27:21] "POST /v1/chat/completions HTTP/1.1" 200 -
2026-10-02 19:27:22,919 - INFO - Prompt processing progress: 2048/6835
2026-10-02 19:27:24,099 - INFO - Prompt processing progress: 4096/6835
2026-10-02 19:27:25,321 - INFO - Prompt processing progress: 6144/6835
2026-10-02 19:27:25,832 - INFO - Prompt processing progress: 6834/6835
2026-10-02 19:27:25,860 - INFO - Prompt processing progress: 6835/6835
2026-10-02 19:27:26,981 - INFO - Prompt Cache: 1 sequences, 0.07 GB
2026-10-02 19:27:26,981 - INFO - - assistant: 0 sequences, 0.00 GB
2026-10-02 19:27:26,981 - INFO - - user: 0 sequences, 0.00 GB
2026-10-02 19:27:26,981 - INFO - - system: 1 sequences, 0.07 GB
127.0.0.1 - - [02/Oct/2026 19:27:26] "POST /v1/chat/completions HTTP/1.1" 200 -
2026-10-02 19:27:28,161 - INFO - Prompt processing progress: 2048/6963
2026-10-02 19:27:29,341 - INFO - Prompt processing progress: 4096/6963
2026-10-02 19:27:30,563 - INFO - Prompt processing progress: 6144/6963
2026-10-02 19:27:31,147 - INFO - Prompt processing progress: 6962/6963
2026-10-02 19:27:31,176 - INFO - Prompt processing progress: 6963/6963
2026-10-02 19:27:32,775 - INFO - Prompt Cache: 1 sequences, 0.07 GB
2026-10-02 19:27:32,775 - INFO - - assistant: 0 sequences, 0.00 GB
2026-10-02 19:27:32,775 - INFO - - user: 0 sequences, 0.00 GB
2026-10-02 19:27:32,775 - INFO - - system: 1 sequences, 0.07 GB
127.0.0.1 - - [02/Oct/2026 19:27:32] "POST /v1/chat/completions HTTP/1.1" 200 -
2026-10-02 19:27:33,955 - INFO - Prompt processing progress: 2048/8252
2026-10-02 19:27:35,135 - INFO - Prompt processing progress: 4096/8252
2026-10-02 19:27:36,355 - INFO - Prompt processing progress: 6144/8252
2026-10-02 19:27:37,621 - INFO - Prompt processing progress: 8192/8252
2026-10-02 19:27:37,816 - INFO - Prompt processing progress: 8251/8252
2026-10-02 19:27:37,843 - INFO - Prompt processing progress: 8252/8252
2026-10-02 19:27:41,450 - INFO - Prompt Cache: 1 sequences, 0.07 GB
2026-10-02 19:27:41,450 - INFO - - assistant: 0 sequences, 0.00 GB
2026-10-02 19:27:41,450 - INFO - - user: 0 sequences, 0.00 GB
2026-10-02 19:27:41,450 - INFO - - system: 1 sequences, 0.07 GB
127.0.0.1 - - [02/Oct/2026 19:27:41] "POST /v1/chat/completions HTTP/1.1" 200 -
2026-10-02 19:27:42,628 - INFO - Prompt processing progress: 2048/9031
2026-10-02 19:27:43,809 - INFO - Prompt processing progress: 4096/9031
2026-10-02 19:27:45,031 - INFO - Prompt processing progress: 6144/9031
2026-10-02 19:27:46,296 - INFO - Prompt processing progress: 8192/9031
2026-10-02 19:27:46,918 - INFO - Prompt processing progress: 9030/9031
2026-10-02 19:27:46,948 - INFO - Prompt processing progress: 9031/9031
2026-10-02 19:27:48,100 - INFO - Prompt Cache: 1 sequences, 0.07 GB
2026-10-02 19:27:48,101 - INFO - - assistant: 0 sequences, 0.00 GB
2026-10-02 19:27:48,101 - INFO - - user: 0 sequences, 0.00 GB
2026-10-02 19:27:48,101 - INFO - - system: 1 sequences, 0.07 GB
127.0.0.1 - - [02/Oct/2026 19:27:48] "POST /v1/chat/completions HTTP/1.1" 200 -
2026-10-02 19:27:49,282 - INFO - Prompt processing progress: 2048/9354
2026-10-02 19:27:50,465 - INFO - Prompt processing progress: 4096/9354
2026-10-02 19:27:51,686 - INFO - Prompt processing progress: 6144/9354
2026-10-02 19:27:52,951 - INFO - Prompt processing progress: 8192/9354
2026-10-02 19:27:53,756 - INFO - Prompt processing progress: 9353/9354
2026-10-02 19:27:53,787 - INFO - Prompt processing progress: 9354/9354
2026-10-02 19:27:55,694 - WARNING - Failed to parse tool call (ValueError: No function provided.) — tool text was likely truncated mid-generation.
2026-10-02 19:27:55,703 - INFO - Prompt Cache: 1 sequences, 0.07 GB
2026-10-02 19:27:55,703 - INFO - - assistant: 0 sequences, 0.00 GB
2026-10-02 19:27:55,703 - INFO - - user: 0 sequences, 0.00 GB
2026-10-02 19:27:55,703 - INFO - - system: 1 sequences, 0.07 GB
127.0.0.1 - - [02/Oct/2026 19:27:55] "POST /v1/chat/completions HTTP/1.1" 200 -
2026-10-02 19:27:56,880 - INFO - Prompt processing progress: 2048/9489
2026-10-02 19:27:58,059 - INFO - Prompt processing progress: 4096/9489
2026-10-02 19:27:59,280 - INFO - Prompt processing progress: 6144/9489
2026-10-02 19:28:00,546 - INFO - Prompt processing progress: 8192/9489
2026-10-02 19:28:01,438 - INFO - Prompt processing progress: 9488/9489
2026-10-02 19:28:01,481 - INFO - Prompt processing progress: 9489/9489
2026-10-02 19:28:02,855 - INFO - Prompt Cache: 1 sequences, 0.07 GB
2026-10-02 19:28:02,855 - INFO - - assistant: 0 sequences, 0.00 GB
2026-10-02 19:28:02,855 - INFO - - user: 0 sequences, 0.00 GB
2026-10-02 19:28:02,855 - INFO - - system: 1 sequences, 0.07 GB
127.0.0.1 - - [02/Oct/2026 19:28:02] "POST /v1/chat/completions HTTP/1.1" 200 -
2026-10-02 19:28:04,035 - INFO - Prompt processing progress: 2048/9680
2026-10-02 19:28:05,212 - INFO - Prompt processing progress: 4096/9680
2026-10-02 19:28:06,432 - INFO - Prompt processing progress: 6144/9680
2026-10-02 19:28:07,704 - INFO - Prompt processing progress: 8192/9680
2026-10-02 19:28:08,727 - INFO - Prompt processing progress: 9679/9680
2026-10-02 19:28:08,762 - INFO - Prompt processing progress: 9680/9680
2026-10-02 19:28:10,037 - INFO - Prompt Cache: 1 sequences, 0.07 GB
2026-10-02 19:28:10,037 - INFO - - assistant: 0 sequences, 0.00 GB
2026-10-02 19:28:10,037 - INFO - - user: 0 sequences, 0.00 GB
2026-10-02 19:28:10,037 - INFO - - system: 1 sequences, 0.07 GB
127.0.0.1 - - [02/Oct/2026 19:28:10] "POST /v1/chat/completions HTTP/1.1" 200 -
2026-10-02 19:28:11,219 - INFO - Prompt processing progress: 2048/10222
2026-10-02 19:28:12,398 - INFO - Prompt processing progress: 4096/10222
2026-10-02 19:28:13,619 - INFO - Prompt processing progress: 6144/10222
2026-10-02 19:28:14,884 - INFO - Prompt processing progress: 8192/10222
2026-10-02 19:28:16,262 - INFO - Prompt processing progress: 10221/10222
2026-10-02 19:28:16,300 - INFO - Prompt processing progress: 10222/10222
2026-10-02 19:28:17,169 - WARNING - Failed to parse tool call (ValueError: No function provided.) — tool text was likely truncated mid-generation.
2026-10-02 19:28:17,178 - INFO - Prompt Cache: 1 sequences, 0.07 GB
2026-10-02 19:28:17,178 - INFO - - assistant: 0 sequences, 0.00 GB
2026-10-02 19:28:17,178 - INFO - - user: 0 sequences, 0.00 GB
2026-10-02 19:28:17,178 - INFO - - system: 1 sequences, 0.07 GB
127.0.0.1 - - [02/Oct/2026 19:28:17] "POST /v1/chat/completions HTTP/1.1" 200 -
2026-10-02 19:28:18,359 - INFO - Prompt processing progress: 2048/10671
2026-10-02 19:28:19,539 - INFO - Prompt processing progress: 4096/10671
2026-10-02 19:28:20,760 - INFO - Prompt processing progress: 6144/10671
2026-10-02 19:28:22,029 - INFO - Prompt processing progress: 8192/10671
2026-10-02 19:28:23,349 - INFO - Prompt processing progress: 10240/10671
2026-10-02 19:28:23,762 - INFO - Prompt processing progress: 10670/10671
2026-10-02 19:28:23,792 - INFO - Prompt processing progress: 10671/10671
2026-10-02 19:28:24,662 - WARNING - Failed to parse tool call (ValueError: No function provided.) — tool text was likely truncated mid-generation.
2026-10-02 19:28:24,671 - INFO - Prompt Cache: 1 sequences, 0.07 GB
2026-10-02 19:28:24,671 - INFO - - assistant: 0 sequences, 0.00 GB
2026-10-02 19:28:24,671 - INFO - - user: 0 sequences, 0.00 GB
2026-10-02 19:28:24,672 - INFO - - system: 1 sequences, 0.07 GB
127.0.0.1 - - [02/Oct/2026 19:28:24] "POST /v1/chat/completions HTTP/1.1" 200 -
2026-10-02 19:28:25,848 - INFO - Prompt processing progress: 2048/11377
2026-10-02 19:28:27,030 - INFO - Prompt processing progress: 4096/11377
2026-10-02 19:28:28,250 - INFO - Prompt processing progress: 6144/11377
2026-10-02 19:28:29,517 - INFO - Prompt processing progress: 8192/11377
2026-10-02 19:28:30,829 - INFO - Prompt processing progress: 10240/11377
2026-10-02 19:28:31,641 - INFO - Prompt processing progress: 11376/11377
2026-10-02 19:28:31,674 - INFO - Prompt processing progress: 11377/11377
2026-10-02 19:28:36,039 - INFO - Prompt Cache: 1 sequences, 0.07 GB
2026-10-02 19:28:36,039 - INFO - - assistant: 0 sequences, 0.00 GB
2026-10-02 19:28:36,039 - INFO - - user: 0 sequences, 0.00 GB
2026-10-02 19:28:36,039 - INFO - - system: 1 sequences, 0.07 GB
127.0.0.1 - - [02/Oct/2026 19:28:36] "POST /v1/chat/completions HTTP/1.1" 200 -
2026-10-02 19:28:37,218 - INFO - Prompt processing progress: 2048/11656
2026-10-02 19:28:38,401 - INFO - Prompt processing progress: 4096/11656
2026-10-02 19:28:39,618 - INFO - Prompt processing progress: 6144/11656
2026-10-02 19:28:40,885 - INFO - Prompt processing progress: 8192/11656
2026-10-02 19:28:42,196 - INFO - Prompt processing progress: 10240/11656
2026-10-02 19:28:43,215 - INFO - Prompt processing progress: 11655/11656
2026-10-02 19:28:43,249 - INFO - Prompt processing progress: 11656/11656
2026-10-02 19:28:44,820 - INFO - Prompt Cache: 1 sequences, 0.07 GB
2026-10-02 19:28:44,820 - INFO - - assistant: 0 sequences, 0.00 GB
2026-10-02 19:28:44,820 - INFO - - user: 0 sequences, 0.00 GB
2026-10-02 19:28:44,820 - INFO - - system: 1 sequences, 0.07 GB
127.0.0.1 - - [02/Oct/2026 19:28:44] "POST /v1/chat/completions HTTP/1.1" 200 -
2026-10-02 19:28:46,000 - INFO - Prompt processing progress: 2048/11920
2026-10-02 19:28:47,179 - INFO - Prompt processing progress: 4096/11920
2026-10-02 19:28:48,400 - INFO - Prompt processing progress: 6144/11920
2026-10-02 19:28:49,668 - INFO - Prompt processing progress: 8192/11920
2026-10-02 19:28:50,989 - INFO - Prompt processing progress: 10240/11920
2026-10-02 19:28:52,173 - INFO - Prompt processing progress: 11919/11920
2026-10-02 19:28:52,209 - INFO - Prompt processing progress: 11920/11920
2026-10-02 19:28:53,758 - WARNING - Failed to parse tool call (ValueError: No function provided.) — tool text was likely truncated mid-generation.
2026-10-02 19:28:53,768 - INFO - Prompt Cache: 1 sequences, 0.07 GB
2026-10-02 19:28:53,768 - INFO - - assistant: 0 sequences, 0.00 GB
2026-10-02 19:28:53,768 - INFO - - user: 0 sequences, 0.00 GB
2026-10-02 19:28:53,768 - INFO - - system: 1 sequences, 0.07 GB
127.0.0.1 - - [02/Oct/2026 19:28:53] "POST /v1/chat/completions HTTP/1.1" 200 -
2026-10-02 19:28:54,951 - INFO - Prompt processing progress: 2048/12183
2026-10-02 19:28:56,128 - INFO - Prompt processing progress: 4096/12183
2026-10-02 19:28:57,349 - INFO - Prompt processing progress: 6144/12183
2026-10-02 19:28:58,621 - INFO - Prompt processing progress: 8192/12183
2026-10-02 19:28:59,934 - INFO - Prompt processing progress: 10240/12183
2026-10-02 19:29:01,303 - INFO - Prompt processing progress: 12182/12183
2026-10-02 19:29:01,341 - INFO - Prompt processing progress: 12183/12183
2026-10-02 19:29:07,577 - INFO - Prompt Cache: 1 sequences, 0.07 GB
2026-10-02 19:29:07,578 - INFO - - assistant: 0 sequences, 0.00 GB
2026-10-02 19:29:07,578 - INFO - - user: 0 sequences, 0.00 GB
2026-10-02 19:29:07,578 - INFO - - system: 1 sequences, 0.07 GB
127.0.0.1 - - [02/Oct/2026 19:29:07] "POST /v1/chat/completions HTTP/1.1" 200 -
2026-10-02 19:29:08,757 - INFO - Prompt processing progress: 2048/12613
2026-10-02 19:29:09,939 - INFO - Prompt processing progress: 4096/12613
2026-10-02 19:29:11,160 - INFO - Prompt processing progress: 6144/12613
2026-10-02 19:29:12,425 - INFO - Prompt processing progress: 8192/12613
2026-10-02 19:29:13,734 - INFO - Prompt processing progress: 10240/12613
2026-10-02 19:29:15,102 - INFO - Prompt processing progress: 12288/12613
2026-10-02 19:29:15,469 - INFO - Prompt processing progress: 12612/12613
2026-10-02 19:29:15,500 - INFO - Prompt processing progress: 12613/12613
2026-10-02 19:29:16,552 - INFO - Prompt Cache: 1 sequences, 0.07 GB
2026-10-02 19:29:16,552 - INFO - - assistant: 0 sequences, 0.00 GB
2026-10-02 19:29:16,552 - INFO - - user: 0 sequences, 0.00 GB
2026-10-02 19:29:16,552 - INFO - - system: 1 sequences, 0.07 GB
127.0.0.1 - - [02/Oct/2026 19:29:16] "POST /v1/chat/completions HTTP/1.1" 200 -
2026-10-02 19:29:17,731 - INFO - Prompt processing progress: 2048/13019
2026-10-02 19:29:18,913 - INFO - Prompt processing progress: 4096/13019
2026-10-02 19:29:20,133 - INFO - Prompt processing progress: 6144/13019
2026-10-02 19:29:21,399 - INFO - Prompt processing progress: 8192/13019
2026-10-02 19:29:22,716 - INFO - Prompt processing progress: 10240/13019
2026-10-02 19:29:24,084 - INFO - Prompt processing progress: 12288/13019
2026-10-02 19:29:24,670 - INFO - Prompt processing progress: 13018/13019
2026-10-02 19:29:24,702 - INFO - Prompt processing progress: 13019/13019
2026-10-02 19:29:25,686 - WARNING - Failed to parse tool call (ValueError: No function provided.) — tool text was likely truncated mid-generation.
2026-10-02 19:29:25,697 - INFO - Prompt Cache: 1 sequences, 0.07 GB
2026-10-02 19:29:25,697 - INFO - - assistant: 0 sequences, 0.00 GB
2026-10-02 19:29:25,697 - INFO - - user: 0 sequences, 0.00 GB
2026-10-02 19:29:25,697 - INFO - - system: 1 sequences, 0.07 GB
127.0.0.1 - - [02/Oct/2026 19:29:25] "POST /v1/chat/completions HTTP/1.1" 200 -
2026-10-02 19:29:26,881 - INFO - Prompt processing progress: 2048/13105
2026-10-02 19:29:28,060 - INFO - Prompt processing progress: 4096/13105
2026-10-02 19:29:29,282 - INFO - Prompt processing progress: 6144/13105
2026-10-02 19:29:30,549 - INFO - Prompt processing progress: 8192/13105
2026-10-02 19:29:31,857 - INFO - Prompt processing progress: 10240/13105
2026-10-02 19:29:33,226 - INFO - Prompt processing progress: 12288/13105
2026-10-02 19:29:33,862 - INFO - Prompt processing progress: 13104/13105
2026-10-02 19:29:33,895 - INFO - Prompt processing progress: 13105/13105
2026-10-02 19:29:35,534 - WARNING - Failed to parse tool call (ValueError: No function provided.) — tool text was likely truncated mid-generation.
2026-10-02 19:29:35,545 - INFO - Prompt Cache: 1 sequences, 0.07 GB
2026-10-02 19:29:35,545 - INFO - - assistant: 0 sequences, 0.00 GB
2026-10-02 19:29:35,545 - INFO - - user: 0 sequences, 0.00 GB
2026-10-02 19:29:35,545 - INFO - - system: 1 sequences, 0.07 GB
127.0.0.1 - - [02/Oct/2026 19:29:35] "POST /v1/chat/completions HTTP/1.1" 200 -
2026-10-02 19:29:36,724 - INFO - Prompt processing progress: 2048/13377
2026-10-02 19:29:37,902 - INFO - Prompt processing progress: 4096/13377
2026-10-02 19:29:39,121 - INFO - Prompt processing progress: 6144/13377
2026-10-02 19:29:40,387 - INFO - Prompt processing progress: 8192/13377
2026-10-02 19:29:41,701 - INFO - Prompt processing progress: 10240/13377
2026-10-02 19:29:43,068 - INFO - Prompt processing progress: 12288/13377
2026-10-02 19:29:43,867 - INFO - Prompt processing progress: 13376/13377
2026-10-02 19:29:43,902 - INFO - Prompt processing progress: 13377/13377
2026-10-02 19:29:44,884 - WARNING - Failed to parse tool call (ValueError: No function provided.) — tool text was likely truncated mid-generation.
2026-10-02 19:29:44,895 - INFO - Prompt Cache: 1 sequences, 0.07 GB
2026-10-02 19:29:44,895 - INFO - - assistant: 0 sequences, 0.00 GB
2026-10-02 19:29:44,895 - INFO - - user: 0 sequences, 0.00 GB
2026-10-02 19:29:44,895 - INFO - - system: 1 sequences, 0.07 GB
127.0.0.1 - - [02/Oct/2026 19:29:44] "POST /v1/chat/completions HTTP/1.1" 200 -
2026-10-02 19:29:46,074 - INFO - Prompt processing progress: 2048/13808
2026-10-02 19:29:47,255 - INFO - Prompt processing progress: 4096/13808
2026-10-02 19:29:48,478 - INFO - Prompt processing progress: 6144/13808
2026-10-02 19:29:49,743 - INFO - Prompt processing progress: 8192/13808
2026-10-02 19:29:51,056 - INFO - Prompt processing progress: 10240/13808
2026-10-02 19:29:52,424 - INFO - Prompt processing progress: 12288/13808
2026-10-02 19:29:53,534 - INFO - Prompt processing progress: 13807/13808
2026-10-02 19:29:53,585 - INFO - Prompt processing progress: 13808/13808
2026-10-02 19:29:54,844 - WARNING - Failed to parse tool call (ValueError: No function provided.) — tool text was likely truncated mid-generation.
2026-10-02 19:29:54,855 - INFO - Prompt Cache: 1 sequences, 0.07 GB
2026-10-02 19:29:54,855 - INFO - - assistant: 0 sequences, 0.00 GB
2026-10-02 19:29:54,855 - INFO - - user: 0 sequences, 0.00 GB
2026-10-02 19:29:54,855 - INFO - - system: 1 sequences, 0.07 GB
127.0.0.1 - - [02/Oct/2026 19:29:54] "POST /v1/chat/completions HTTP/1.1" 200 -
2026-10-02 19:29:56,040 - INFO - Prompt processing progress: 2048/13902
2026-10-02 19:29:57,219 - INFO - Prompt processing progress: 4096/13902
2026-10-02 19:29:58,442 - INFO - Prompt processing progress: 6144/13902
2026-10-02 19:29:59,710 - INFO - Prompt processing progress: 8192/13902
2026-10-02 19:30:01,025 - INFO - Prompt processing progress: 10240/13902
2026-10-02 19:30:02,393 - INFO - Prompt processing progress: 12288/13902
2026-10-02 19:30:03,578 - INFO - Prompt processing progress: 13901/13902
2026-10-02 19:30:03,617 - INFO - Prompt processing progress: 13902/13902
2026-10-02 19:30:07,329 - INFO - Prompt Cache: 1 sequences, 0.07 GB
2026-10-02 19:30:07,329 - INFO - - assistant: 0 sequences, 0.00 GB
2026-10-02 19:30:07,329 - INFO - - user: 0 sequences, 0.00 GB
2026-10-02 19:30:07,329 - INFO - - system: 1 sequences, 0.07 GB
127.0.0.1 - - [02/Oct/2026 19:30:07] "POST /v1/chat/completions HTTP/1.1" 200 -
2026-10-02 19:30:08,510 - INFO - Prompt processing progress: 2048/14266
2026-10-02 19:30:09,690 - INFO - Prompt processing progress: 4096/14266
2026-10-02 19:30:10,911 - INFO - Prompt processing progress: 6144/14266
2026-10-02 19:30:12,174 - INFO - Prompt processing progress: 8192/14266
2026-10-02 19:30:13,489 - INFO - Prompt processing progress: 10240/14266
2026-10-02 19:30:14,855 - INFO - Prompt processing progress: 12288/14266
2026-10-02 19:30:16,294 - INFO - Prompt processing progress: 14265/14266
2026-10-02 19:30:16,334 - INFO - Prompt processing progress: 14266/14266
2026-10-02 19:30:17,153 - WARNING - Failed to parse tool call (ValueError: No function provided.) — tool text was likely truncated mid-generation.
2026-10-02 19:30:17,164 - INFO - Prompt Cache: 1 sequences, 0.07 GB
2026-10-02 19:30:17,164 - INFO - - assistant: 0 sequences, 0.00 GB
2026-10-02 19:30:17,164 - INFO - - user: 0 sequences, 0.00 GB
2026-10-02 19:30:17,164 - INFO - - system: 1 sequences, 0.07 GB
127.0.0.1 - - [02/Oct/2026 19:30:17] "POST /v1/chat/completions HTTP/1.1" 200 -
2026-10-02 19:30:18,345 - INFO - Prompt processing progress: 2048/14612
2026-10-02 19:30:19,527 - INFO - Prompt processing progress: 4096/14612
2026-10-02 19:30:20,745 - INFO - Prompt processing progress: 6144/14612
2026-10-02 19:30:22,020 - INFO - Prompt processing progress: 8192/14612
2026-10-02 19:30:23,330 - INFO - Prompt processing progress: 10240/14612
2026-10-02 19:30:24,697 - INFO - Prompt processing progress: 12288/14612
2026-10-02 19:30:26,110 - INFO - Prompt processing progress: 14336/14612
2026-10-02 19:30:26,462 - INFO - Prompt processing progress: 14611/14612
2026-10-02 19:30:26,493 - INFO - Prompt processing progress: 14612/14612
2026-10-02 19:30:29,768 - INFO - Prompt Cache: 1 sequences, 0.07 GB
2026-10-02 19:30:29,768 - INFO - - assistant: 0 sequences, 0.00 GB
2026-10-02 19:30:29,769 - INFO - - user: 0 sequences, 0.00 GB
2026-10-02 19:30:29,769 - INFO - - system: 1 sequences, 0.07 GB
127.0.0.1 - - [02/Oct/2026 19:30:29] "POST /v1/chat/completions HTTP/1.1" 200 -
2026-10-02 19:30:30,951 - INFO - Prompt processing progress: 2048/15026
2026-10-02 19:30:32,131 - INFO - Prompt processing progress: 4096/15026
2026-10-02 19:30:33,353 - INFO - Prompt processing progress: 6144/15026
2026-10-02 19:30:34,619 - INFO - Prompt processing progress: 8192/15026
2026-10-02 19:30:35,932 - INFO - Prompt processing progress: 10240/15026
2026-10-02 19:30:37,297 - INFO - Prompt processing progress: 12288/15026
2026-10-02 19:30:38,720 - INFO - Prompt processing progress: 14336/15026
2026-10-02 19:30:39,296 - INFO - Prompt processing progress: 15025/15026
2026-10-02 19:30:39,329 - INFO - Prompt processing progress: 15026/15026
2026-10-02 19:30:40,150 - WARNING - Failed to parse tool call (ValueError: No function provided.) — tool text was likely truncated mid-generation.
2026-10-02 19:30:40,162 - INFO - Prompt Cache: 1 sequences, 0.07 GB
2026-10-02 19:30:40,162 - INFO - - assistant: 0 sequences, 0.00 GB
2026-10-02 19:30:40,162 - INFO - - user: 0 sequences, 0.00 GB
2026-10-02 19:30:40,162 - INFO - - system: 1 sequences, 0.07 GB
127.0.0.1 - - [02/Oct/2026 19:30:40] "POST /v1/chat/completions HTTP/1.1" 200 -
2026-10-02 19:30:41,342 - INFO - Prompt processing progress: 2048/15372
2026-10-02 19:30:42,522 - INFO - Prompt processing progress: 4096/15372
2026-10-02 19:30:43,746 - INFO - Prompt processing progress: 6144/15372
2026-10-02 19:30:45,019 - INFO - Prompt processing progress: 8192/15372
2026-10-02 19:30:46,331 - INFO - Prompt processing progress: 10240/15372
2026-10-02 19:30:47,699 - INFO - Prompt processing progress: 12288/15372
2026-10-02 19:30:49,114 - INFO - Prompt processing progress: 14336/15372
2026-10-02 19:30:49,927 - INFO - Prompt processing progress: 15371/15372
2026-10-02 19:30:49,963 - INFO - Prompt processing progress: 15372/15372
2026-10-02 19:30:51,399 - WARNING - Failed to parse tool call (ValueError: No function provided.) — tool text was likely truncated mid-generation.
2026-10-02 19:30:51,411 - INFO - Prompt Cache: 1 sequences, 0.07 GB
2026-10-02 19:30:51,411 - INFO - - assistant: 0 sequences, 0.00 GB
2026-10-02 19:30:51,411 - INFO - - user: 0 sequences, 0.00 GB
2026-10-02 19:30:51,411 - INFO - - system: 1 sequences, 0.07 GB
127.0.0.1 - - [02/Oct/2026 19:30:51] "POST /v1/chat/completions HTTP/1.1" 200 -
2026-10-02 19:30:52,590 - INFO - Prompt processing progress: 2048/15745
2026-10-02 19:30:53,768 - INFO - Prompt processing progress: 4096/15745
2026-10-02 19:30:54,987 - INFO - Prompt processing progress: 6144/15745
2026-10-02 19:30:56,255 - INFO - Prompt processing progress: 8192/15745
2026-10-02 19:30:57,565 - INFO - Prompt processing progress: 10240/15745
2026-10-02 19:30:58,933 - INFO - Prompt processing progress: 12288/15745
2026-10-02 19:31:00,342 - INFO - Prompt processing progress: 14336/15745
2026-10-02 19:31:01,399 - INFO - Prompt processing progress: 15744/15745
2026-10-02 19:31:01,438 - INFO - Prompt processing progress: 15745/15745
2026-10-02 19:31:02,595 - INFO - Prompt Cache: 1 sequences, 0.07 GB
2026-10-02 19:31:02,595 - INFO - - assistant: 0 sequences, 0.00 GB
2026-10-02 19:31:02,595 - INFO - - user: 0 sequences, 0.00 GB
2026-10-02 19:31:02,595 - INFO - - system: 1 sequences, 0.07 GB
127.0.0.1 - - [02/Oct/2026 19:31:02] "POST /v1/chat/completions HTTP/1.1" 200 -
2026-10-02 19:31:03,775 - INFO - Prompt processing progress: 2048/15831
2026-10-02 19:31:04,956 - INFO - Prompt processing progress: 4096/15831
2026-10-02 19:31:06,176 - INFO - Prompt processing progress: 6144/15831
2026-10-02 19:31:07,442 - INFO - Prompt processing progress: 8192/15831
2026-10-02 19:31:08,754 - INFO - Prompt processing progress: 10240/15831
2026-10-02 19:31:10,122 - INFO - Prompt processing progress: 12288/15831
2026-10-02 19:31:11,535 - INFO - Prompt processing progress: 14336/15831
2026-10-02 19:31:12,669 - INFO - Prompt processing progress: 15830/15831
2026-10-02 19:31:12,707 - INFO - Prompt processing progress: 15831/15831
2026-10-02 19:31:17,169 - INFO - Prompt Cache: 1 sequences, 0.07 GB
2026-10-02 19:31:17,169 - INFO - - assistant: 0 sequences, 0.00 GB
2026-10-02 19:31:17,169 - INFO - - user: 0 sequences, 0.00 GB
2026-10-02 19:31:17,169 - INFO - - system: 1 sequences, 0.07 GB
127.0.0.1 - - [02/Oct/2026 19:31:17] "POST /v1/chat/completions HTTP/1.1" 200 -
2026-10-02 19:31:18,351 - INFO - Prompt processing progress: 2048/16249
2026-10-02 19:31:19,530 - INFO - Prompt processing progress: 4096/16249
2026-10-02 19:31:20,753 - INFO - Prompt processing progress: 6144/16249
2026-10-02 19:31:22,020 - INFO - Prompt processing progress: 8192/16249
2026-10-02 19:31:23,335 - INFO - Prompt processing progress: 10240/16249
2026-10-02 19:31:24,703 - INFO - Prompt processing progress: 12288/16249
2026-10-02 19:31:26,115 - INFO - Prompt processing progress: 14336/16249
2026-10-02 19:31:27,550 - INFO - Prompt processing progress: 16248/16249
2026-10-02 19:31:27,592 - INFO - Prompt processing progress: 16249/16249
2026-10-02 19:31:28,501 - INFO - Prompt Cache: 1 sequences, 0.07 GB
2026-10-02 19:31:28,501 - INFO - - assistant: 0 sequences, 0.00 GB
2026-10-02 19:31:28,501 - INFO - - user: 0 sequences, 0.00 GB
2026-10-02 19:31:28,501 - INFO - - system: 1 sequences, 0.07 GB
127.0.0.1 - - [02/Oct/2026 19:31:28] "POST /v1/chat/completions HTTP/1.1" 200 -
2026-10-02 19:31:29,685 - INFO - Prompt processing progress: 2048/16713
2026-10-02 19:31:30,868 - INFO - Prompt processing progress: 4096/16713
2026-10-02 19:31:32,089 - INFO - Prompt processing progress: 6144/16713
2026-10-02 19:31:33,365 - INFO - Prompt processing progress: 8192/16713
2026-10-02 19:31:34,683 - INFO - Prompt processing progress: 10240/16713
2026-10-02 19:31:36,049 - INFO - Prompt processing progress: 12288/16713
2026-10-02 19:31:37,464 - INFO - Prompt processing progress: 14336/16713
2026-10-02 19:31:38,924 - INFO - Prompt processing progress: 16384/16713
2026-10-02 19:31:39,311 - INFO - Prompt processing progress: 16712/16713
2026-10-02 19:31:39,345 - INFO - Prompt processing progress: 16713/16713
2026-10-02 19:31:44,370 - INFO - Prompt Cache: 1 sequences, 0.07 GB
2026-10-02 19:31:44,370 - INFO - - assistant: 0 sequences, 0.00 GB
2026-10-02 19:31:44,370 - INFO - - user: 0 sequences, 0.00 GB
2026-10-02 19:31:44,370 - INFO - - system: 1 sequences, 0.07 GB
127.0.0.1 - - [02/Oct/2026 19:31:44] "POST /v1/chat/completions HTTP/1.1" 200 -
2026-10-02 19:31:45,551 - INFO - Prompt processing progress: 2048/17466
2026-10-02 19:31:46,732 - INFO - Prompt processing progress: 4096/17466
2026-10-02 19:31:47,952 - INFO - Prompt processing progress: 6144/17466
2026-10-02 19:31:49,218 - INFO - Prompt processing progress: 8192/17466
2026-10-02 19:31:50,529 - INFO - Prompt processing progress: 10240/17466
2026-10-02 19:31:51,887 - INFO - Prompt processing progress: 12288/17466
2026-10-02 19:31:53,301 - INFO - Prompt processing progress: 14336/17466
2026-10-02 19:31:54,757 - INFO - Prompt processing progress: 16384/17466
2026-10-02 19:31:55,630 - INFO - Prompt processing progress: 17465/17466
2026-10-02 19:31:55,666 - INFO - Prompt processing progress: 17466/17466
2026-10-02 19:31:56,322 - INFO - Prompt Cache: 1 sequences, 0.07 GB
2026-10-02 19:31:56,322 - INFO - - assistant: 0 sequences, 0.00 GB
2026-10-02 19:31:56,322 - INFO - - user: 0 sequences, 0.00 GB
2026-10-02 19:31:56,322 - INFO - - system: 1 sequences, 0.07 GB
127.0.0.1 - - [02/Oct/2026 19:31:56] "POST /v1/chat/completions HTTP/1.1" 200 -
2026-10-02 19:31:57,503 - INFO - Prompt processing progress: 2048/17546
2026-10-02 19:31:58,684 - INFO - Prompt processing progress: 4096/17546
2026-10-02 19:31:59,904 - INFO - Prompt processing progress: 6144/17546
2026-10-02 19:32:01,175 - INFO - Prompt processing progress: 8192/17546
2026-10-02 19:32:02,485 - INFO - Prompt processing progress: 10240/17546
2026-10-02 19:32:03,852 - INFO - Prompt processing progress: 12288/17546
2026-10-02 19:32:05,264 - INFO - Prompt processing progress: 14336/17546
2026-10-02 19:32:06,724 - INFO - Prompt processing progress: 16384/17546
2026-10-02 19:32:07,652 - INFO - Prompt processing progress: 17545/17546
2026-10-02 19:32:07,690 - INFO - Prompt processing progress: 17546/17546
2026-10-02 19:32:08,244 - INFO - Prompt Cache: 1 sequences, 0.07 GB
2026-10-02 19:32:08,244 - INFO - - assistant: 0 sequences, 0.00 GB
2026-10-02 19:32:08,244 - INFO - - user: 0 sequences, 0.00 GB
2026-10-02 19:32:08,244 - INFO - - system: 1 sequences, 0.07 GB
127.0.0.1 - - [02/Oct/2026 19:32:08] "POST /v1/chat/completions HTTP/1.1" 200 -
2026-10-02 19:32:09,429 - INFO - Prompt processing progress: 2048/17597
2026-10-02 19:32:10,607 - INFO - Prompt processing progress: 4096/17597
2026-10-02 19:32:11,828 - INFO - Prompt processing progress: 6144/17597
2026-10-02 19:32:13,098 - INFO - Prompt processing progress: 8192/17597
2026-10-02 19:32:14,410 - INFO - Prompt processing progress: 10240/17597
2026-10-02 19:32:15,783 - INFO - Prompt processing progress: 12288/17597
2026-10-02 19:32:17,197 - INFO - Prompt processing progress: 14336/17597
2026-10-02 19:32:18,653 - INFO - Prompt processing progress: 16384/17597
2026-10-02 19:32:19,603 - INFO - Prompt processing progress: 17596/17597
2026-10-02 19:32:19,654 - INFO - Prompt processing progress: 17597/17597
2026-10-02 19:32:20,072 - WARNING - Failed to parse tool call (ValueError: No function provided.) — tool text was likely truncated mid-generation.
2026-10-02 19:32:20,086 - INFO - Prompt Cache: 1 sequences, 0.07 GB
2026-10-02 19:32:20,086 - INFO - - assistant: 0 sequences, 0.00 GB
2026-10-02 19:32:20,086 - INFO - - user: 0 sequences, 0.00 GB
2026-10-02 19:32:20,086 - INFO - - system: 1 sequences, 0.07 GB
127.0.0.1 - - [02/Oct/2026 19:32:20] "POST /v1/chat/completions HTTP/1.1" 200 -
2026-10-02 19:32:21,270 - INFO - Prompt processing progress: 2048/18084
2026-10-02 19:32:22,453 - INFO - Prompt processing progress: 4096/18084
2026-10-02 19:32:23,676 - INFO - Prompt processing progress: 6144/18084
2026-10-02 19:32:24,943 - INFO - Prompt processing progress: 8192/18084
2026-10-02 19:32:26,255 - INFO - Prompt processing progress: 10240/18084
2026-10-02 19:32:27,625 - INFO - Prompt processing progress: 12288/18084
2026-10-02 19:32:29,040 - INFO - Prompt processing progress: 14336/18084
2026-10-02 19:32:30,500 - INFO - Prompt processing progress: 16384/18084
2026-10-02 19:32:31,823 - INFO - Prompt processing progress: 18083/18084
2026-10-02 19:32:31,878 - INFO - Prompt processing progress: 18084/18084
