ds4: Metal device Apple M5 Ultra, 256.00 GiB RAM
ds4: Metal 4 tensor API enabled for Tensor kernels
ds4: drift-patch flags hc_stable=on norm_unify=on kv_raw_f32=off rope_exp2_log2=off math_safe=off tensor_matmul=on
ds4: Metal model views created in 4.704 ms, residency requested in 791.611 ms, warmup 5.096 ms (mapped 157001.67 MiB from offset 5.09 MiB)
ds4: Metal mapped mmaped model as 1 overlapping shared buffers
ds4: metal backend initialized for graph diagnostics
ds4: memory: KV 0.31 GiB (raw 0.19 + compressed 0.13) + buffers 0.06 GiB + resident model 153.32 GiB = 153.70 GiB planned
ds4: memory detail: ctx=16384 prefill_cap=2048 raw_kv_rows=2304 compressed_kv_rows=4098 backend=metal
1003 03:07:15 ds4-server: context buffers 387.14 MiB (ctx=16384, backend=metal, prefill_chunk=2048, raw_kv_rows=2304, compressed_kv_rows=4098)
1003 03:07:15 ds4-server: 4 resident sessions request at least 1.51 GiB of context buffers, or 1.32 GiB when the model shares one prefill workspace
ds4: shared session prefill workspace enabled: cap=2048, 2.10 GiB total GPU memory; each additional session aliases this allocation
1003 03:07:15 ds4-server: batched mode enabled resident_sessions=4 prefill_quantum=2048 mixed_prefill_quantum=128 decode_coalesce_us=2000
1003 03:07:15 ds4-server: listening on http://127.0.0.1:18185
1003 03:07:16 ds4-server: chat ctx=0..8201:8201 prompt start
1003 03:07:18 ds4-server: chat ctx=0..8201:8201 prefill chunk 2048/8201 (25.0%) chunk=0.00 t/s avg=1017.99 t/s 2.012s
1003 03:07:20 ds4-server: chat ctx=0..8201:8201 prefill chunk 4096/8201 (49.9%) chunk=968.24 t/s avg=992.49 t/s 4.127s
1003 03:07:22 ds4-server: chat ctx=0..8201:8201 prefill chunk 6144/8201 (74.9%) chunk=960.54 t/s avg=981.61 t/s 6.259s
1003 03:07:24 ds4-server: chat ctx=0..8201:8201 prefill chunk 8192/8201 (99.9%) chunk=955.73 t/s avg=975.01 t/s 8.402s
1003 03:07:24 ds4-server: chat ctx=0..8201:8201 prefill chunk 8201/8201 (100.0%) chunk=65.05 t/s avg=960.26 t/s 8.540s
1003 03:07:24 ds4-server: chat ctx=0..8201:8201 prompt done 8.540s
1003 03:07:25 ds4-server: chat ctx=8201..8251:50 gen=50 decoding chunk=55.64 t/s avg=55.64 t/s 0.899s
1003 03:07:26 ds4-server: chat ctx=8251..8301:50 gen=100 decoding chunk=55.67 t/s avg=55.65 t/s 1.797s
1003 03:07:27 ds4-server: chat ctx=8301..8351:50 gen=150 decoding chunk=55.49 t/s avg=55.60 t/s 2.698s
1003 03:07:28 ds4-server: chat ctx=8351..8401:50 gen=200 decoding chunk=55.48 t/s avg=55.57 t/s 3.599s
1003 03:07:29 ds4-server: chat ctx=8401..8451:50 gen=250 decoding chunk=55.42 t/s avg=55.54 t/s 4.501s
1003 03:07:29 ds4-server: chat ctx=8451..8457:6 gen=256 decoding chunk=55.30 t/s avg=55.53 t/s 4.610s
1003 03:07:29 ds4-server: chat ctx=0..8201:8201 gen=256 finish=length 13.150s
1003 03:07:29 ds4-server: chat ctx=0..8201:8201 prompt start
1003 03:07:31 ds4-server: chat ctx=0..8201:8201 prefill chunk 2048/8201 (25.0%) chunk=0.00 t/s avg=1038.05 t/s 1.973s
1003 03:07:33 ds4-server: chat ctx=0..8201:8201 prefill chunk 4096/8201 (49.9%) chunk=969.02 t/s avg=1002.35 t/s 4.086s
1003 03:07:35 ds4-server: chat ctx=0..8201:8201 prefill chunk 6144/8201 (74.9%) chunk=961.22 t/s avg=988.25 t/s 6.217s
1003 03:07:37 ds4-server: chat ctx=0..8201:8201 prefill chunk 8192/8201 (99.9%) chunk=956.66 t/s avg=980.16 t/s 8.358s
1003 03:07:37 ds4-server: chat ctx=0..8201:8201 prefill chunk 8201/8201 (100.0%) chunk=66.72 t/s avg=965.65 t/s 8.493s
1003 03:07:37 ds4-server: chat ctx=0..8201:8201 prompt done 8.493s
1003 03:07:38 ds4-server: chat ctx=8201..8251:50 gen=50 decoding chunk=55.61 t/s avg=55.61 t/s 0.899s
1003 03:07:39 ds4-server: chat ctx=8251..8301:50 gen=100 decoding chunk=55.53 t/s avg=55.57 t/s 1.799s
1003 03:07:40 ds4-server: chat ctx=8301..8351:50 gen=150 decoding chunk=55.40 t/s avg=55.51 t/s 2.702s
1003 03:07:41 ds4-server: chat ctx=8351..8401:50 gen=200 decoding chunk=55.37 t/s avg=55.48 t/s 3.605s
1003 03:07:42 ds4-server: chat ctx=8401..8451:50 gen=250 decoding chunk=55.32 t/s avg=55.45 t/s 4.509s
1003 03:07:42 ds4-server: chat ctx=8451..8457:6 gen=256 decoding chunk=55.26 t/s avg=55.44 t/s 4.617s
1003 03:07:42 ds4-server: chat ctx=0..8201:8201 gen=256 finish=length 13.110s
1003 03:07:42 slot 0: request reuses nothing; evicting checkpoint (8457 tokens, idle 13 s, protected)
1003 03:07:42 ds4-server: live kv cache miss live=8457 prompt=8201 common=17 vision=match reason=token-mismatch
1003 03:07:42 ds4-server: chat ctx=0..8201:8201 prompt start
1003 03:07:42 slot 1: request reuses nothing; evicting checkpoint (8457 tokens, idle 0 s, protected)
1003 03:07:42 ds4-server: chat ctx=0..8201:8201 prompt start
1003 03:07:44 ds4-server: chat ctx=0..8201:8201 prefill chunk 2048/8201 (25.0%) chunk=0.00 t/s avg=1038.54 t/s 1.972s
1003 03:07:46 ds4-server: chat ctx=0..8201:8201 prefill chunk 4096/8201 (49.9%) chunk=968.22 t/s avg=1002.15 t/s 4.087s
1003 03:07:48 ds4-server: chat ctx=0..8201:8201 prefill chunk 6144/8201 (74.9%) chunk=960.49 t/s avg=987.87 t/s 6.219s
1003 03:07:50 ds4-server: chat ctx=0..8201:8201 prefill chunk 8192/8201 (99.9%) chunk=955.78 t/s avg=979.64 t/s 8.362s
1003 03:07:50 ds4-server: chat ctx=0..8201:8201 prefill chunk 8201/8201 (100.0%) chunk=66.69 t/s avg=965.14 t/s 8.497s
1003 03:07:50 ds4-server: chat ctx=0..8201:8201 prompt done 8.497s
1003 03:07:50 ds4-server: chat ctx=0..8201:8201 prompt start
1003 03:07:52 ds4-server: live kv cache miss live=8457 prompt=8201 common=17 vision=match reason=token-mismatch
1003 03:07:52 ds4-server: chat ctx=0..8201:8201 prompt start
1003 03:07:52 ds4-server: chat ctx=0..8201:8201 prefill chunk 2048/8201 (25.0%) chunk=0.00 t/s avg=195.38 t/s 10.482s
1003 03:07:53 ds4-server: chat ctx=0..8201:8201 prefill chunk 2176/8201 (26.5%) chunk=254.05 t/s avg=198.07 t/s 10.986s
1003 03:07:54 ds4-server: chat ctx=0..8201:8201 prefill chunk 2304/8201 (28.1%) chunk=84.46 t/s avg=184.30 t/s 12.502s
1003 03:07:54 ds4-server: chat ctx=0..8201:8201 prefill chunk 128/8201 (1.6%) chunk=0.00 t/s avg=62.83 t/s 2.037s
1003 03:07:55 ds4-server: chat ctx=0..8201:8201 prefill chunk 256/8201 (3.1%) chunk=275.91 t/s avg=102.35 t/s 2.501s
1003 03:07:55 ds4-server: chat ctx=0..8201:8201 prefill chunk 128/8201 (1.6%) chunk=0.00 t/s avg=28.42 t/s 4.504s
1003 03:07:55 ds4-server: chat ctx=0..8201:8201 prefill chunk 256/8201 (3.1%) chunk=275.50 t/s avg=51.52 t/s 4.969s
1003 03:07:56 ds4-server: chat ctx=0..8201:8201 prefill chunk 2432/8201 (29.7%) chunk=85.73 t/s avg=173.78 t/s 13.995s
1003 03:07:56 ds4-server: chat ctx=0..8201:8201 prefill chunk 384/8201 (4.7%) chunk=85.75 t/s avg=96.14 t/s 3.994s
1003 03:07:57 ds4-server: chat ctx=0..8201:8201 prefill chunk 384/8201 (4.7%) chunk=85.81 t/s avg=59.44 t/s 6.460s
1003 03:07:57 ds4-server: chat ctx=0..8201:8201 prefill chunk 2560/8201 (31.2%) chunk=86.55 t/s avg=165.44 t/s 15.474s
1003 03:07:58 ds4-server: chat ctx=0..8201:8201 prefill chunk 512/8201 (6.2%) chunk=86.39 t/s avg=93.50 t/s 5.476s
1003 03:07:58 ds4-server: chat ctx=0..8201:8201 prefill chunk 512/8201 (6.2%) chunk=86.21 t/s avg=64.44 t/s 7.945s
1003 03:07:59 ds4-server: chat ctx=0..8201:8201 prefill chunk 2688/8201 (32.8%) chunk=85.81 t/s avg=158.44 t/s 16.965s
1003 03:07:59 ds4-server: chat ctx=0..8201:8201 prefill chunk 640/8201 (7.8%) chunk=85.13 t/s avg=91.70 t/s 6.979s
1003 03:08:00 ds4-server: chat ctx=0..8201:8201 prefill chunk 640/8201 (7.8%) chunk=84.39 t/s avg=67.64 t/s 9.462s
1003 03:08:00 ds4-server: chat ctx=0..8201:8201 prefill chunk 2816/8201 (34.3%) chunk=84.37 t/s avg=152.36 t/s 18.482s
1003 03:08:01 ds4-server: chat ctx=0..8201:8201 prefill chunk 768/8201 (9.4%) chunk=85.52 t/s avg=90.61 t/s 8.476s
1003 03:08:01 ds4-server: chat ctx=0..8201:8201 prefill chunk 768/8201 (9.4%) chunk=86.80 t/s avg=70.22 t/s 10.937s
1003 03:08:02 ds4-server: chat ctx=0..8201:8201 prefill chunk 2944/8201 (35.9%) chunk=84.22 t/s avg=147.18 t/s 20.002s
1003 03:08:02 ds4-server: chat ctx=0..8201:8201 prefill chunk 896/8201 (10.9%) chunk=82.05 t/s avg=89.28 t/s 10.036s
1003 03:08:03 ds4-server: chat ctx=0..8201:8201 prefill chunk 896/8201 (10.9%) chunk=80.04 t/s avg=71.47 t/s 12.536s
1003 03:08:03 ds4-server: chat ctx=0..8201:8201 prefill chunk 3072/8201 (37.5%) chunk=82.67 t/s avg=142.55 t/s 21.551s
1003 03:08:04 ds4-server: chat ctx=0..8201:8201 prefill chunk 1024/8201 (12.5%) chunk=82.28 t/s avg=88.34 t/s 11.592s
1003 03:08:04 ds4-server: chat ctx=0..8201:8201 prefill chunk 1024/8201 (12.5%) chunk=81.81 t/s avg=72.62 t/s 14.101s
1003 03:08:05 ds4-server: chat ctx=0..8201:8201 prefill chunk 3200/8201 (39.0%) chunk=82.42 t/s avg=138.51 t/s 23.104s
1003 03:08:05 ds4-server: chat ctx=0..8201:8201 prefill chunk 1152/8201 (14.0%) chunk=85.39 t/s avg=88.00 t/s 13.091s
1003 03:08:06 ds4-server: chat ctx=0..8201:8201 prefill chunk 1152/8201 (14.0%) chunk=88.58 t/s avg=74.10 t/s 15.546s
1003 03:08:06 ds4-server: chat ctx=0..8201:8201 prefill chunk 3328/8201 (40.6%) chunk=88.42 t/s avg=135.55 t/s 24.551s
1003 03:08:07 ds4-server: chat ctx=0..8201:8201 prefill chunk 1280/8201 (15.6%) chunk=87.84 t/s avg=87.99 t/s 14.548s
1003 03:08:07 ds4-server: chat ctx=0..8201:8201 prefill chunk 1280/8201 (15.6%) chunk=87.19 t/s avg=75.23 t/s 17.014s
1003 03:08:08 ds4-server: chat ctx=0..8201:8201 prefill chunk 3456/8201 (42.1%) chunk=86.33 t/s avg=132.75 t/s 26.034s
1003 03:08:08 ds4-server: chat ctx=0..8201:8201 prefill chunk 1408/8201 (17.2%) chunk=85.38 t/s avg=87.74 t/s 16.047s
1003 03:08:09 ds4-server: chat ctx=0..8201:8201 prefill chunk 1408/8201 (17.2%) chunk=84.49 t/s avg=75.99 t/s 18.529s
1003 03:08:09 ds4-server: chat ctx=0..8201:8201 prefill chunk 3584/8201 (43.7%) chunk=83.77 t/s avg=130.03 t/s 27.562s
1003 03:08:10 ds4-server: chat ctx=0..8201:8201 prefill chunk 1536/8201 (18.7%) chunk=83.29 t/s avg=87.35 t/s 17.584s
1003 03:08:10 ds4-server: chat ctx=0..8201:8201 prefill chunk 1536/8201 (18.7%) chunk=82.98 t/s avg=76.53 t/s 20.071s
1003 03:08:11 ds4-server: chat ctx=0..8201:8201 prefill chunk 3712/8201 (45.3%) chunk=85.16 t/s avg=127.71 t/s 29.065s
1003 03:08:11 ds4-server: chat ctx=0..8201:8201 prefill chunk 1664/8201 (20.3%) chunk=87.39 t/s avg=87.36 t/s 19.048s
1003 03:08:12 ds4-server: chat ctx=0..8201:8201 prefill chunk 1664/8201 (20.3%) chunk=89.61 t/s avg=77.40 t/s 21.500s
1003 03:08:12 ds4-server: chat ctx=0..8201:8201 prefill chunk 3840/8201 (46.8%) chunk=88.67 t/s avg=125.87 t/s 30.508s
1003 03:08:13 ds4-server: chat ctx=0..8201:8201 prefill chunk 1792/8201 (21.9%) chunk=86.61 t/s avg=87.30 t/s 20.526s
1003 03:08:13 ds4-server: chat ctx=0..8201:8201 prefill chunk 1792/8201 (21.9%) chunk=84.74 t/s avg=77.88 t/s 23.011s
1003 03:08:14 ds4-server: chat ctx=0..8201:8201 prefill chunk 3968/8201 (48.4%) chunk=84.43 t/s avg=123.91 t/s 32.025s
1003 03:08:14 ds4-server: chat ctx=0..8201:8201 prefill chunk 1920/8201 (23.4%) chunk=83.28 t/s avg=87.02 t/s 22.063s
1003 03:08:15 ds4-server: chat ctx=0..8201:8201 prefill chunk 1920/8201 (23.4%) chunk=82.18 t/s avg=78.15 t/s 24.568s
1003 03:08:15 ds4-server: chat ctx=0..8201:8201 prefill chunk 4096/8201 (49.9%) chunk=80.82 t/s avg=121.87 t/s 33.608s
1003 03:08:16 ds4-server: chat ctx=0..8201:8201 prefill chunk 2048/8201 (25.0%) chunk=82.31 t/s avg=86.71 t/s 23.618s
1003 03:08:16 ds4-server: chat ctx=0..8201:8201 prefill chunk 2048/8201 (25.0%) chunk=83.75 t/s avg=78.48 t/s 26.097s
1003 03:08:17 ds4-server: chat ctx=0..8201:8201 prefill chunk 4224/8201 (51.5%) chunk=84.12 t/s avg=120.24 t/s 35.130s
1003 03:08:17 ds4-server: chat ctx=8201..8251:50 gen=50 decoding chunk=1.88 t/s avg=1.88 t/s 26.651s
1003 03:08:17 ds4-server: chat ctx=0..8201:8201 prefill chunk 2176/8201 (26.5%) chunk=82.39 t/s avg=86.45 t/s 25.172s
1003 03:08:18 ds4-server: chat ctx=0..8201:8201 prefill chunk 2176/8201 (26.5%) chunk=80.74 t/s avg=78.61 t/s 27.682s
1003 03:08:19 ds4-server: chat ctx=0..8201:8201 prefill chunk 4352/8201 (53.1%) chunk=80.69 t/s avg=118.53 t/s 36.716s
1003 03:08:19 ds4-server: chat ctx=0..8201:8201 prefill chunk 2304/8201 (28.1%) chunk=80.95 t/s avg=86.12 t/s 26.753s
1003 03:08:20 ds4-server: chat ctx=0..8201:8201 prefill chunk 2304/8201 (28.1%) chunk=81.25 t/s avg=78.75 t/s 29.257s
1003 03:08:20 ds4-server: chat ctx=0..8201:8201 prefill chunk 4480/8201 (54.6%) chunk=80.20 t/s avg=116.93 t/s 38.312s
1003 03:08:21 ds4-server: chat ctx=0..8201:8201 prefill chunk 2432/8201 (29.7%) chunk=79.71 t/s avg=85.76 t/s 28.359s
1003 03:08:21 ds4-server: chat ctx=0..8201:8201 prefill chunk 2432/8201 (29.7%) chunk=79.23 t/s avg=78.78 t/s 30.873s
1003 03:08:22 ds4-server: chat ctx=0..8201:8201 prefill chunk 4608/8201 (56.2%) chunk=79.56 t/s avg=115.43 t/s 39.921s
1003 03:08:22 ds4-server: chat ctx=0..8201:8201 prefill chunk 2560/8201 (31.2%) chunk=80.12 t/s avg=85.46 t/s 29.957s
1003 03:08:23 ds4-server: chat ctx=0..8201:8201 prefill chunk 2560/8201 (31.2%) chunk=80.80 t/s avg=78.87 t/s 32.457s
1003 03:08:23 ds4-server: chat ctx=0..8201:8201 prefill chunk 4736/8201 (57.7%) chunk=80.21 t/s avg=114.07 t/s 41.517s
1003 03:08:24 ds4-server: chat ctx=0..8201:8201 prefill chunk 2688/8201 (32.8%) chunk=79.99 t/s avg=85.18 t/s 31.557s
1003 03:08:24 ds4-server: chat ctx=0..8201:8201 prefill chunk 2688/8201 (32.8%) chunk=79.43 t/s avg=78.90 t/s 34.068s
1003 03:08:25 ds4-server: chat ctx=0..8201:8201 prefill chunk 4864/8201 (59.3%) chunk=80.04 t/s avg=112.81 t/s 43.116s
1003 03:08:25 ds4-server: chat ctx=0..8201:8201 prefill chunk 2816/8201 (34.3%) chunk=80.06 t/s avg=84.93 t/s 33.156s
1003 03:08:26 ds4-server: chat ctx=0..8201:8201 prefill chunk 2816/8201 (34.3%) chunk=80.30 t/s avg=78.96 t/s 35.662s
1003 03:08:27 ds4-server: chat ctx=0..8201:8201 prefill chunk 4992/8201 (60.9%) chunk=79.99 t/s avg=111.64 t/s 44.716s
1003 03:08:27 ds4-server: chat ctx=0..8201:8201 prefill chunk 2944/8201 (35.9%) chunk=77.95 t/s avg=84.60 t/s 34.798s
1003 03:08:28 ds4-server: chat ctx=0..8201:8201 prefill chunk 2944/8201 (35.9%) chunk=75.96 t/s avg=78.83 t/s 37.347s
1003 03:08:28 ds4-server: chat ctx=0..8201:8201 prefill chunk 5120/8201 (62.4%) chunk=77.34 t/s avg=110.41 t/s 46.371s
1003 03:08:29 ds4-server: chat ctx=0..8201:8201 prefill chunk 3072/8201 (37.5%) chunk=79.54 t/s avg=84.38 t/s 36.407s
1003 03:08:29 ds4-server: chat ctx=0..8201:8201 prefill chunk 3072/8201 (37.5%) chunk=81.85 t/s avg=78.95 t/s 38.911s
1003 03:08:30 ds4-server: chat ctx=0..8201:8201 prefill chunk 5248/8201 (64.0%) chunk=80.03 t/s avg=109.40 t/s 47.971s
1003 03:08:30 ds4-server: chat ctx=0..8201:8201 prefill chunk 3200/8201 (39.0%) chunk=80.63 t/s avg=84.22 t/s 37.994s
1003 03:08:31 ds4-server: chat ctx=0..8201:8201 prefill chunk 3200/8201 (39.0%) chunk=81.34 t/s avg=79.04 t/s 40.485s
1003 03:08:31 ds4-server: chat ctx=0..8201:8201 prefill chunk 5376/8201 (65.6%) chunk=81.77 t/s avg=108.53 t/s 49.536s
1003 03:08:32 ds4-server: chat ctx=0..8201:8201 prefill chunk 3328/8201 (40.6%) chunk=81.62 t/s avg=84.12 t/s 39.563s
1003 03:08:32 ds4-server: chat ctx=0..8201:8201 prefill chunk 3328/8201 (40.6%) chunk=81.39 t/s avg=79.13 t/s 42.057s
1003 03:08:33 ds4-server: chat ctx=0..8201:8201 prefill chunk 5504/8201 (67.1%) chunk=81.36 t/s avg=107.69 t/s 51.109s
1003 03:08:33 ds4-server: chat ctx=0..8201:8201 prefill chunk 3456/8201 (42.1%) chunk=80.76 t/s avg=83.99 t/s 41.147s
1003 03:08:34 ds4-server: chat ctx=0..8201:8201 prefill chunk 3456/8201 (42.1%) chunk=80.28 t/s avg=79.17 t/s 43.652s
1003 03:08:35 ds4-server: chat ctx=0..8201:8201 prefill chunk 5632/8201 (68.7%) chunk=80.84 t/s avg=106.88 t/s 52.693s
1003 03:08:35 ds4-server: chat ctx=0..8201:8201 prefill chunk 3584/8201 (43.7%) chunk=80.04 t/s avg=83.84 t/s 42.747s
1003 03:08:36 ds4-server: chat ctx=0..8201:8201 prefill chunk 3584/8201 (43.7%) chunk=79.30 t/s avg=79.18 t/s 45.266s
1003 03:08:36 ds4-server: chat ctx=0..8201:8201 prefill chunk 5760/8201 (70.2%) chunk=79.40 t/s avg=106.07 t/s 54.305s
1003 03:08:37 ds4-server: chat ctx=0..8201:8201 prefill chunk 3712/8201 (45.3%) chunk=81.39 t/s avg=83.76 t/s 44.319s
1003 03:08:37 ds4-server: chat ctx=0..8201:8201 prefill chunk 3712/8201 (45.3%) chunk=83.33 t/s avg=79.31 t/s 46.802s
1003 03:08:38 ds4-server: chat ctx=0..8201:8201 prefill chunk 5888/8201 (71.8%) chunk=84.53 t/s avg=105.48 t/s 55.819s
1003 03:08:38 ds4-server: chat ctx=0..8201:8201 prefill chunk 3840/8201 (46.8%) chunk=83.60 t/s avg=83.75 t/s 45.850s
1003 03:08:39 ds4-server: chat ctx=0..8201:8201 prefill chunk 3840/8201 (46.8%) chunk=82.90 t/s avg=79.43 t/s 48.346s
1003 03:08:39 ds4-server: chat ctx=0..8201:8201 prefill chunk 6016/8201 (73.4%) chunk=82.73 t/s avg=104.87 t/s 57.366s
1003 03:08:40 ds4-server: chat ctx=0..8201:8201 prefill chunk 3968/8201 (48.4%) chunk=82.51 t/s avg=83.71 t/s 47.402s
1003 03:08:40 ds4-server: chat ctx=0..8201:8201 prefill chunk 3968/8201 (48.4%) chunk=82.19 t/s avg=79.51 t/s 49.903s
1003 03:08:41 ds4-server: chat ctx=0..8201:8201 prefill chunk 6144/8201 (74.9%) chunk=81.80 t/s avg=104.26 t/s 58.931s
1003 03:08:41 ds4-server: chat ctx=0..8201:8201 prefill chunk 4096/8201 (49.9%) chunk=80.39 t/s avg=83.60 t/s 48.994s
1003 03:08:42 ds4-server: chat ctx=0..8201:8201 prefill chunk 4096/8201 (49.9%) chunk=79.02 t/s avg=79.50 t/s 51.523s
1003 03:08:42 ds4-server: chat ctx=0..8201:8201 prefill chunk 6272/8201 (76.5%) chunk=79.20 t/s avg=103.59 t/s 60.547s
1003 03:08:43 ds4-server: chat ctx=0..8201:8201 prefill chunk 4224/8201 (51.5%) chunk=79.63 t/s avg=83.48 t/s 50.602s
1003 03:08:43 ds4-server: chat ctx=0..8201:8201 prefill chunk 4224/8201 (51.5%) chunk=80.02 t/s avg=79.51 t/s 53.123s
1003 03:08:43 ds4-server: chat ctx=8251..8301:50 gen=100 decoding chunk=1.89 t/s avg=1.88 t/s 53.141s
1003 03:08:44 ds4-server: chat ctx=0..8201:8201 prefill chunk 6400/8201 (78.0%) chunk=79.54 t/s avg=102.97 t/s 62.156s
1003 03:08:45 ds4-server: chat ctx=0..8201:8201 prefill chunk 4352/8201 (53.1%) chunk=79.54 t/s avg=83.35 t/s 52.211s
1003 03:08:45 ds4-server: chat ctx=0..8201:8201 prefill chunk 4352/8201 (53.1%) chunk=79.50 t/s avg=79.51 t/s 54.733s
1003 03:08:46 ds4-server: chat ctx=0..8201:8201 prefill chunk 6528/8201 (79.6%) chunk=78.94 t/s avg=102.36 t/s 63.778s
1003 03:08:46 ds4-server: chat ctx=0..8201:8201 prefill chunk 4480/8201 (54.6%) chunk=78.07 t/s avg=83.19 t/s 53.850s
1003 03:08:47 ds4-server: chat ctx=0..8201:8201 prefill chunk 4480/8201 (54.6%) chunk=77.14 t/s avg=79.44 t/s 56.392s
1003 03:08:47 ds4-server: chat ctx=0..8201:8201 prefill chunk 6656/8201 (81.2%) chunk=77.71 t/s avg=101.73 t/s 65.425s
1003 03:08:48 ds4-server: chat ctx=0..8201:8201 prefill chunk 4608/8201 (56.2%) chunk=77.82 t/s avg=83.03 t/s 55.495s
1003 03:08:48 ds4-server: chat ctx=0..8201:8201 prefill chunk 4608/8201 (56.2%) chunk=78.03 t/s avg=79.40 t/s 58.032s
1003 03:08:49 ds4-server: chat ctx=0..8201:8201 prefill chunk 6784/8201 (82.7%) chunk=78.06 t/s avg=101.16 t/s 67.065s
1003 03:08:49 ds4-server: chat ctx=0..8201:8201 prefill chunk 4736/8201 (57.7%) chunk=77.45 t/s avg=82.87 t/s 57.148s
1003 03:08:50 ds4-server: chat ctx=0..8201:8201 prefill chunk 4736/8201 (57.7%) chunk=76.76 t/s avg=79.33 t/s 59.700s
1003 03:08:51 ds4-server: chat ctx=0..8201:8201 prefill chunk 6912/8201 (84.3%) chunk=77.53 t/s avg=100.59 t/s 68.716s
1003 03:08:51 ds4-server: chat ctx=0..8201:8201 prefill chunk 4864/8201 (59.3%) chunk=78.29 t/s avg=82.75 t/s 58.783s
1003 03:08:52 ds4-server: chat ctx=0..8201:8201 prefill chunk 4864/8201 (59.3%) chunk=79.21 t/s avg=79.33 t/s 61.316s
1003 03:08:52 ds4-server: chat ctx=0..8201:8201 prefill chunk 7040/8201 (85.8%) chunk=77.49 t/s avg=100.05 t/s 70.368s
1003 03:08:53 ds4-server: chat ctx=0..8201:8201 prefill chunk 4992/8201 (60.9%) chunk=77.14 t/s avg=82.59 t/s 60.442s
1003 03:08:53 ds4-server: chat ctx=0..8201:8201 prefill chunk 4992/8201 (60.9%) chunk=76.79 t/s avg=79.26 t/s 62.983s
1003 03:08:54 ds4-server: chat ctx=0..8201:8201 prefill chunk 7168/8201 (87.4%) chunk=77.89 t/s avg=99.54 t/s 72.011s
1003 03:08:54 ds4-server: chat ctx=0..8201:8201 prefill chunk 5120/8201 (62.4%) chunk=79.29 t/s avg=82.51 t/s 62.056s
1003 03:08:55 ds4-server: chat ctx=0..8201:8201 prefill chunk 5120/8201 (62.4%) chunk=80.80 t/s avg=79.30 t/s 64.567s
1003 03:08:55 ds4-server: chat ctx=0..8201:8201 prefill chunk 7296/8201 (89.0%) chunk=80.88 t/s avg=99.14 t/s 73.593s
1003 03:08:56 ds4-server: chat ctx=0..8201:8201 prefill chunk 5248/8201 (64.0%) chunk=79.18 t/s avg=82.42 t/s 63.673s
1003 03:08:57 ds4-server: chat ctx=0..8201:8201 prefill chunk 5248/8201 (64.0%) chunk=77.36 t/s avg=79.25 t/s 66.221s
1003 03:08:57 ds4-server: chat ctx=0..8201:8201 prefill chunk 7424/8201 (90.5%) chunk=75.89 t/s avg=98.62 t/s 75.280s
1003 03:08:58 ds4-server: chat ctx=0..8201:8201 prefill chunk 5376/8201 (65.6%) chunk=76.03 t/s avg=82.26 t/s 65.357s
1003 03:08:58 ds4-server: chat ctx=0..8201:8201 prefill chunk 5376/8201 (65.6%) chunk=76.39 t/s avg=79.18 t/s 67.897s
1003 03:08:59 ds4-server: chat ctx=0..8201:8201 prefill chunk 7552/8201 (92.1%) chunk=77.13 t/s avg=98.16 t/s 76.939s
1003 03:08:59 ds4-server: chat ctx=0..8201:8201 prefill chunk 5504/8201 (67.1%) chunk=77.19 t/s avg=82.13 t/s 67.015s
1003 03:09:00 ds4-server: chat ctx=0..8201:8201 prefill chunk 5504/8201 (67.1%) chunk=77.07 t/s avg=79.13 t/s 69.558s
1003 03:09:00 ds4-server: chat ctx=0..8201:8201 prefill chunk 7680/8201 (93.6%) chunk=78.23 t/s avg=97.74 t/s 78.576s
1003 03:09:01 ds4-server: chat ctx=0..8201:8201 prefill chunk 5632/8201 (68.7%) chunk=78.88 t/s avg=82.05 t/s 68.638s
1003 03:09:01 ds4-server: chat ctx=0..8201:8201 prefill chunk 5632/8201 (68.7%) chunk=79.41 t/s avg=79.13 t/s 71.170s
1003 03:09:02 ds4-server: chat ctx=0..8201:8201 prefill chunk 7808/8201 (95.2%) chunk=77.62 t/s avg=97.33 t/s 80.225s
1003 03:09:03 ds4-server: chat ctx=0..8201:8201 prefill chunk 5760/8201 (70.2%) chunk=77.88 t/s avg=81.96 t/s 70.281s
1003 03:09:03 ds4-server: chat ctx=0..8201:8201 prefill chunk 5760/8201 (70.2%) chunk=78.18 t/s avg=79.11 t/s 72.807s
1003 03:09:04 ds4-server: chat ctx=0..8201:8201 prefill chunk 7936/8201 (96.8%) chunk=79.22 t/s avg=96.97 t/s 81.841s
1003 03:09:04 ds4-server: chat ctx=0..8201:8201 prefill chunk 5888/8201 (71.8%) chunk=80.13 t/s avg=81.92 t/s 71.879s
1003 03:09:05 ds4-server: chat ctx=0..8201:8201 prefill chunk 5888/8201 (71.8%) chunk=81.20 t/s avg=79.16 t/s 74.383s
1003 03:09:05 ds4-server: chat ctx=0..8201:8201 prefill chunk 8064/8201 (98.3%) chunk=81.39 t/s avg=96.68 t/s 83.413s
1003 03:09:06 ds4-server: chat ctx=0..8201:8201 prefill chunk 6016/8201 (73.4%) chunk=81.24 t/s avg=81.90 t/s 73.454s
1003 03:09:06 ds4-server: chat ctx=0..8201:8201 prefill chunk 6016/8201 (73.4%) chunk=81.17 t/s avg=79.20 t/s 75.960s
1003 03:09:07 ds4-server: chat ctx=0..8201:8201 prefill chunk 8192/8201 (99.9%) chunk=79.25 t/s avg=96.34 t/s 85.028s
1003 03:09:07 ds4-server: chat ctx=0..8201:8201 prefill chunk 6144/8201 (74.9%) chunk=78.80 t/s avg=81.83 t/s 75.079s
1003 03:09:08 ds4-server: chat ctx=0..8201:8201 prefill chunk 6144/8201 (74.9%) chunk=78.36 t/s avg=79.18 t/s 77.594s
1003 03:09:08 ds4-server: chat ctx=0..8201:8201 prefill chunk 8201/8201 (100.0%) chunk=7.40 t/s avg=95.09 t/s 86.245s
1003 03:09:08 ds4-server: chat ctx=0..8201:8201 prompt done 86.245s
1003 03:09:09 ds4-server: chat ctx=0..8201:8201 prefill chunk 6272/8201 (76.5%) chunk=102.05 t/s avg=82.17 t/s 76.333s
1003 03:09:09 ds4-server: chat ctx=0..8201:8201 prefill chunk 6272/8201 (76.5%) chunk=100.47 t/s avg=79.53 t/s 78.868s
1003 03:09:10 ds4-server: chat ctx=0..8201:8201 prefill chunk 6400/8201 (78.0%) chunk=115.73 t/s avg=82.65 t/s 77.439s
1003 03:09:10 ds4-server: chat ctx=8301..8351:50 gen=150 decoding chunk=1.90 t/s avg=1.89 t/s 79.462s
1003 03:09:10 ds4-server: chat ctx=0..8201:8201 prefill chunk 6400/8201 (78.0%) chunk=115.29 t/s avg=80.02 t/s 79.978s
1003 03:09:11 ds4-server: chat ctx=0..8201:8201 prefill chunk 6528/8201 (79.6%) chunk=114.23 t/s avg=83.10 t/s 78.559s
1003 03:09:11 ds4-server: chat ctx=0..8201:8201 prefill chunk 6528/8201 (79.6%) chunk=113.10 t/s avg=80.48 t/s 81.110s
1003 03:09:12 ds4-server: chat ctx=0..8201:8201 prefill chunk 6656/8201 (81.2%) chunk=114.23 t/s avg=83.53 t/s 79.680s
1003 03:09:13 ds4-server: chat ctx=0..8201:8201 prefill chunk 6656/8201 (81.2%) chunk=115.59 t/s avg=80.96 t/s 82.217s
1003 03:09:13 ds4-server: chat ctx=0..8201:8201 prefill chunk 6784/8201 (82.7%) chunk=115.50 t/s avg=83.97 t/s 80.788s
1003 03:09:14 ds4-server: chat ctx=0..8201:8201 prefill chunk 6784/8201 (82.7%) chunk=115.37 t/s avg=81.41 t/s 83.327s
1003 03:09:14 ds4-server: chat ctx=0..8201:8201 prefill chunk 6912/8201 (84.3%) chunk=117.27 t/s avg=84.42 t/s 81.880s
1003 03:09:15 ds4-server: chat ctx=0..8201:8201 prefill chunk 6912/8201 (84.3%) chunk=119.00 t/s avg=81.89 t/s 84.402s
1003 03:09:15 ds4-server: chat ctx=0..8201:8201 prefill chunk 7040/8201 (85.8%) chunk=115.34 t/s avg=84.83 t/s 82.989s
1003 03:09:16 ds4-server: chat ctx=0..8201:8201 prefill chunk 7040/8201 (85.8%) chunk=111.74 t/s avg=82.29 t/s 85.548s
1003 03:09:16 ds4-server: chat ctx=0..8201:8201 prefill chunk 7168/8201 (87.4%) chunk=113.86 t/s avg=85.22 t/s 84.114s
1003 03:09:17 ds4-server: chat ctx=0..8201:8201 prefill chunk 7168/8201 (87.4%) chunk=116.13 t/s avg=82.72 t/s 86.650s
1003 03:09:18 ds4-server: chat ctx=0..8201:8201 prefill chunk 7296/8201 (89.0%) chunk=116.30 t/s avg=85.62 t/s 85.214s
1003 03:09:18 ds4-server: chat ctx=0..8201:8201 prefill chunk 7296/8201 (89.0%) chunk=116.39 t/s avg=83.15 t/s 87.750s
1003 03:09:19 ds4-server: chat ctx=0..8201:8201 prefill chunk 7424/8201 (90.5%) chunk=112.91 t/s avg=85.98 t/s 86.348s
1003 03:09:19 ds4-server: chat ctx=0..8201:8201 prefill chunk 7424/8201 (90.5%) chunk=109.93 t/s avg=83.50 t/s 88.914s
1003 03:09:20 ds4-server: chat ctx=0..8201:8201 prefill chunk 7552/8201 (92.1%) chunk=111.66 t/s avg=86.31 t/s 87.494s
1003 03:09:20 ds4-server: chat ctx=0..8201:8201 prefill chunk 7552/8201 (92.1%) chunk=113.50 t/s avg=83.87 t/s 90.042s
1003 03:09:21 ds4-server: chat ctx=0..8201:8201 prefill chunk 7680/8201 (93.6%) chunk=115.83 t/s avg=86.68 t/s 88.599s
1003 03:09:21 ds4-server: chat ctx=0..8201:8201 prefill chunk 7680/8201 (93.6%) chunk=118.35 t/s avg=84.28 t/s 91.123s
1003 03:09:22 ds4-server: chat ctx=0..8201:8201 prefill chunk 7808/8201 (95.2%) chunk=115.17 t/s avg=87.04 t/s 89.711s
1003 03:09:23 ds4-server: chat ctx=0..8201:8201 prefill chunk 7808/8201 (95.2%) chunk=111.85 t/s avg=84.62 t/s 92.268s
1003 03:09:23 ds4-server: chat ctx=0..8201:8201 prefill chunk 7936/8201 (96.8%) chunk=113.11 t/s avg=87.36 t/s 90.842s
1003 03:09:24 ds4-server: chat ctx=0..8201:8201 prefill chunk 7936/8201 (96.8%) chunk=114.53 t/s avg=84.98 t/s 93.385s
1003 03:09:24 ds4-server: chat ctx=0..8201:8201 prefill chunk 8064/8201 (98.3%) chunk=115.29 t/s avg=87.70 t/s 91.953s
1003 03:09:25 ds4-server: chat ctx=0..8201:8201 prefill chunk 8064/8201 (98.3%) chunk=115.91 t/s avg=85.34 t/s 94.490s
1003 03:09:25 ds4-server: chat ctx=0..8201:8201 prefill chunk 8192/8201 (99.9%) chunk=112.30 t/s avg=88.00 t/s 93.093s
1003 03:09:26 ds4-server: chat ctx=0..8201:8201 prefill chunk 8192/8201 (99.9%) chunk=108.82 t/s avg=85.63 t/s 95.666s
1003 03:09:26 ds4-server: chat ctx=0..8201:8201 prefill chunk 8201/8201 (100.0%) chunk=11.80 t/s avg=87.38 t/s 93.855s
1003 03:09:26 ds4-server: chat ctx=0..8201:8201 prompt done 93.855s
1003 03:09:26 ds4-server: chat ctx=0..8201:8201 prefill chunk 8201/8201 (100.0%) chunk=22.31 t/s avg=85.37 t/s 96.069s
1003 03:09:26 ds4-server: chat ctx=0..8201:8201 prompt done 96.069s
1003 03:09:27 ds4-server: chat ctx=8201..8251:50 gen=50 decoding chunk=2.57 t/s avg=2.57 t/s 19.424s
1003 03:09:28 ds4-server: chat ctx=8351..8401:50 gen=200 decoding chunk=2.78 t/s avg=2.05 t/s 97.472s
1003 03:09:30 ds4-server: chat ctx=8201..8251:50 gen=50 decoding chunk=12.91 t/s avg=12.91 t/s 3.874s
1003 03:09:30 ds4-server: chat ctx=8201..8251:50 gen=50 decoding chunk=13.18 t/s avg=13.18 t/s 3.794s
1003 03:09:31 ds4-server: chat ctx=8251..8301:50 gen=100 decoding chunk=13.38 t/s avg=4.32 t/s 23.162s
1003 03:09:32 ds4-server: chat ctx=8401..8451:50 gen=250 decoding chunk=13.37 t/s avg=2.47 t/s 101.210s
1003 03:09:32 ds4-server: chat ctx=8451..8457:6 gen=256 decoding chunk=13.38 t/s avg=2.52 t/s 101.659s
1003 03:09:32 ds4-server: chat ctx=0..8201:8201 gen=256 finish=length 110.156s
1003 03:09:32 slot 0: request reuses nothing; evicting checkpoint (8457 tokens, idle 0 s, protected)
1003 03:09:32 ds4-server: live kv cache miss live=8457 prompt=8201 common=17 vision=match reason=token-mismatch
1003 03:09:32 ds4-server: chat ctx=0..8201:8201 prompt start
1003 03:09:33 ds4-server: chat ctx=0..8201:8201 prefill chunk 128/8201 (1.6%) chunk=0.00 t/s avg=213.06 t/s 0.601s
1003 03:09:33 ds4-server: chat ctx=0..8201:8201 prefill chunk 256/8201 (3.1%) chunk=277.33 t/s avg=240.98 t/s 1.062s
1003 03:09:34 ds4-server: chat ctx=0..8201:8201 prefill chunk 384/8201 (4.7%) chunk=247.33 t/s avg=243.06 t/s 1.580s
1003 03:09:34 ds4-server: chat ctx=0..8201:8201 prefill chunk 512/8201 (6.2%) chunk=244.46 t/s avg=243.41 t/s 2.103s
1003 03:09:35 ds4-server: chat ctx=0..8201:8201 prefill chunk 640/8201 (7.8%) chunk=241.55 t/s avg=243.03 t/s 2.633s
1003 03:09:35 ds4-server: chat ctx=0..8201:8201 prefill chunk 768/8201 (9.4%) chunk=249.76 t/s avg=244.13 t/s 3.146s
1003 03:09:36 ds4-server: chat ctx=0..8201:8201 prefill chunk 896/8201 (10.9%) chunk=231.85 t/s avg=242.30 t/s 3.698s
1003 03:09:36 ds4-server: chat ctx=0..8201:8201 prefill chunk 1024/8201 (12.5%) chunk=226.54 t/s avg=240.21 t/s 4.263s
1003 03:09:37 ds4-server: chat ctx=0..8201:8201 prefill chunk 1152/8201 (14.0%) chunk=253.99 t/s avg=241.67 t/s 4.767s
1003 03:09:37 ds4-server: chat ctx=0..8201:8201 prefill chunk 1280/8201 (15.6%) chunk=248.01 t/s avg=242.29 t/s 5.283s
1003 03:09:38 ds4-server: chat ctx=0..8201:8201 prefill chunk 1408/8201 (17.2%) chunk=239.38 t/s avg=242.02 t/s 5.818s
1003 03:09:38 ds4-server: chat ctx=0..8201:8201 prefill chunk 1536/8201 (18.7%) chunk=236.40 t/s avg=241.54 t/s 6.359s
1003 03:09:39 ds4-server: chat ctx=0..8201:8201 prefill chunk 1664/8201 (20.3%) chunk=254.49 t/s avg=242.49 t/s 6.862s
1003 03:09:39 ds4-server: chat ctx=0..8201:8201 prefill chunk 1792/8201 (21.9%) chunk=237.93 t/s avg=242.16 t/s 7.400s
1003 03:09:40 ds4-server: chat ctx=0..8201:8201 prefill chunk 1920/8201 (23.4%) chunk=230.90 t/s avg=241.37 t/s 7.955s
1003 03:09:41 ds4-server: chat ctx=0..8201:8201 prefill chunk 2048/8201 (25.0%) chunk=242.03 t/s avg=241.41 t/s 8.483s
1003 03:09:41 ds4-server: chat ctx=0..8201:8201 prefill chunk 2176/8201 (26.5%) chunk=228.46 t/s avg=240.61 t/s 9.044s
1003 03:09:42 ds4-server: chat ctx=0..8201:8201 prefill chunk 2304/8201 (28.1%) chunk=230.62 t/s avg=240.03 t/s 9.599s
1003 03:09:42 ds4-server: chat ctx=0..8201:8201 prefill chunk 2432/8201 (29.7%) chunk=226.64 t/s avg=239.29 t/s 10.163s
1003 03:09:43 ds4-server: chat ctx=0..8201:8201 prefill chunk 2560/8201 (31.2%) chunk=230.95 t/s avg=238.86 t/s 10.718s
1003 03:09:43 ds4-server: chat ctx=0..8201:8201 prefill chunk 2688/8201 (32.8%) chunk=228.94 t/s avg=238.37 t/s 11.277s
1003 03:09:44 ds4-server: chat ctx=0..8201:8201 prefill chunk 2816/8201 (34.3%) chunk=229.23 t/s avg=237.94 t/s 11.835s
1003 03:09:44 ds4-server: chat ctx=8251..8301:50 gen=100 decoding chunk=3.60 t/s avg=5.63 t/s 17.769s
1003 03:09:44 ds4-server: chat ctx=0..8201:8201 prefill chunk 2944/8201 (35.9%) chunk=213.17 t/s avg=236.74 t/s 12.436s
1003 03:09:45 ds4-server: chat ctx=0..8201:8201 prefill chunk 3072/8201 (37.5%) chunk=230.15 t/s avg=236.46 t/s 12.992s
1003 03:09:45 ds4-server: chat ctx=8251..8301:50 gen=100 decoding chunk=3.36 t/s avg=5.35 t/s 18.696s
1003 03:09:46 ds4-server: chat ctx=0..8201:8201 prefill chunk 3200/8201 (39.0%) chunk=236.66 t/s avg=236.47 t/s 13.533s
1003 03:09:46 ds4-server: chat ctx=0..8201:8201 prefill chunk 3328/8201 (40.6%) chunk=233.73 t/s avg=236.36 t/s 14.080s
1003 03:09:47 ds4-server: chat ctx=0..8201:8201 prefill chunk 3456/8201 (42.1%) chunk=229.87 t/s avg=236.11 t/s 14.637s
1003 03:09:47 ds4-server: chat ctx=0..8201:8201 prefill chunk 3584/8201 (43.7%) chunk=223.27 t/s avg=235.63 t/s 15.210s
1003 03:09:48 ds4-server: chat ctx=0..8201:8201 prefill chunk 3712/8201 (45.3%) chunk=240.44 t/s avg=235.79 t/s 15.743s
1003 03:09:48 ds4-server: chat ctx=0..8201:8201 prefill chunk 3840/8201 (46.8%) chunk=232.54 t/s avg=235.68 t/s 16.293s
1003 03:09:49 ds4-server: chat ctx=0..8201:8201 prefill chunk 3968/8201 (48.4%) chunk=232.43 t/s avg=235.57 t/s 16.844s
1003 03:09:49 ds4-server: chat ctx=0..8201:8201 prefill chunk 4096/8201 (49.9%) chunk=219.19 t/s avg=235.03 t/s 17.428s
1003 03:09:50 ds4-server: chat ctx=0..8201:8201 prefill chunk 4224/8201 (51.5%) chunk=223.48 t/s avg=234.66 t/s 18.001s
1003 03:09:51 ds4-server: chat ctx=0..8201:8201 prefill chunk 4352/8201 (53.1%) chunk=222.21 t/s avg=234.27 t/s 18.577s
1003 03:09:51 ds4-server: chat ctx=0..8201:8201 prefill chunk 4480/8201 (54.6%) chunk=216.98 t/s avg=233.74 t/s 19.167s
1003 03:09:52 ds4-server: chat ctx=0..8201:8201 prefill chunk 4608/8201 (56.2%) chunk=217.11 t/s avg=233.24 t/s 19.756s
1003 03:09:52 ds4-server: chat ctx=0..8201:8201 prefill chunk 4736/8201 (57.7%) chunk=213.55 t/s avg=232.66 t/s 20.356s
1003 03:09:53 ds4-server: chat ctx=0..8201:8201 prefill chunk 4864/8201 (59.3%) chunk=218.44 t/s avg=232.27 t/s 20.942s
1003 03:09:53 ds4-server: chat ctx=8301..8351:50 gen=150 decoding chunk=2.29 t/s avg=3.34 t/s 44.967s
1003 03:09:54 ds4-server: chat ctx=0..8201:8201 prefill chunk 4992/8201 (60.9%) chunk=216.63 t/s avg=231.84 t/s 21.532s
1003 03:09:54 ds4-server: chat ctx=0..8201:8201 prefill chunk 5120/8201 (62.4%) chunk=226.08 t/s avg=231.69 t/s 22.099s
1003 03:09:55 ds4-server: chat ctx=0..8201:8201 prefill chunk 5248/8201 (64.0%) chunk=214.61 t/s avg=231.24 t/s 22.695s
1003 03:09:55 ds4-server: chat ctx=0..8201:8201 prefill chunk 5376/8201 (65.6%) chunk=215.93 t/s avg=230.85 t/s 23.288s
1003 03:09:56 ds4-server: chat ctx=0..8201:8201 prefill chunk 5504/8201 (67.1%) chunk=215.67 t/s avg=230.47 t/s 23.881s
1003 03:09:56 ds4-server: chat ctx=0..8201:8201 prefill chunk 5632/8201 (68.7%) chunk=219.38 t/s avg=230.21 t/s 24.465s
1003 03:09:57 ds4-server: chat ctx=0..8201:8201 prefill chunk 5760/8201 (70.2%) chunk=221.23 t/s avg=230.00 t/s 25.043s
1003 03:09:58 ds4-server: chat ctx=0..8201:8201 prefill chunk 5888/8201 (71.8%) chunk=230.45 t/s avg=230.01 t/s 25.599s
1003 03:09:58 ds4-server: chat ctx=0..8201:8201 prefill chunk 6016/8201 (73.4%) chunk=229.87 t/s avg=230.01 t/s 26.156s
1003 03:09:59 ds4-server: chat ctx=0..8201:8201 prefill chunk 6144/8201 (74.9%) chunk=224.39 t/s avg=229.89 t/s 26.726s
1003 03:09:59 ds4-server: chat ctx=0..8201:8201 prefill chunk 6272/8201 (76.5%) chunk=227.65 t/s avg=229.84 t/s 27.288s
1003 03:10:00 ds4-server: chat ctx=0..8201:8201 prefill chunk 6400/8201 (78.0%) chunk=223.61 t/s avg=229.71 t/s 27.861s
1003 03:10:00 ds4-server: chat ctx=0..8201:8201 prefill chunk 6528/8201 (79.6%) chunk=220.88 t/s avg=229.53 t/s 28.440s
1003 03:10:01 ds4-server: chat ctx=0..8201:8201 prefill chunk 6656/8201 (81.2%) chunk=222.91 t/s avg=229.40 t/s 29.014s
1003 03:10:02 ds4-server: chat ctx=0..8201:8201 prefill chunk 6784/8201 (82.7%) chunk=222.99 t/s avg=229.28 t/s 29.588s
1003 03:10:02 ds4-server: chat ctx=0..8201:8201 prefill chunk 6912/8201 (84.3%) chunk=230.73 t/s avg=229.31 t/s 30.143s
1003 03:10:03 ds4-server: chat ctx=0..8201:8201 prefill chunk 7040/8201 (85.8%) chunk=217.40 t/s avg=229.08 t/s 30.732s
1003 03:10:03 ds4-server: chat ctx=0..8201:8201 prefill chunk 7168/8201 (87.4%) chunk=226.61 t/s avg=229.03 t/s 31.297s
1003 03:10:04 ds4-server: chat ctx=0..8201:8201 prefill chunk 7296/8201 (89.0%) chunk=226.16 t/s avg=228.98 t/s 31.863s
1003 03:10:04 ds4-server: chat ctx=0..8201:8201 prefill chunk 7424/8201 (90.5%) chunk=214.21 t/s avg=228.71 t/s 32.460s
1003 03:10:05 ds4-server: chat ctx=0..8201:8201 prefill chunk 7552/8201 (92.1%) chunk=222.31 t/s avg=228.60 t/s 33.036s
1003 03:10:06 ds4-server: chat ctx=0..8201:8201 prefill chunk 7680/8201 (93.6%) chunk=228.62 t/s avg=228.60 t/s 33.596s
1003 03:10:06 ds4-server: chat ctx=0..8201:8201 prefill chunk 7808/8201 (95.2%) chunk=216.44 t/s avg=228.39 t/s 34.187s
1003 03:10:07 ds4-server: chat ctx=0..8201:8201 prefill chunk 7936/8201 (96.8%) chunk=222.36 t/s avg=228.29 t/s 34.763s
1003 03:10:07 ds4-server: chat ctx=0..8201:8201 prefill chunk 8064/8201 (98.3%) chunk=226.39 t/s avg=228.26 t/s 35.328s
1003 03:10:08 ds4-server: chat ctx=0..8201:8201 prefill chunk 8192/8201 (99.9%) chunk=210.32 t/s avg=227.95 t/s 35.937s
1003 03:10:08 ds4-server: chat ctx=0..8201:8201 prefill chunk 8201/8201 (100.0%) chunk=47.17 t/s avg=227.00 t/s 36.128s
1003 03:10:08 ds4-server: chat ctx=0..8201:8201 prompt done 36.128s
1003 03:10:09 ds4-server: chat ctx=8301..8351:50 gen=150 decoding chunk=2.01 t/s avg=3.52 t/s 42.586s
1003 03:10:09 ds4-server: chat ctx=8301..8351:50 gen=150 decoding chunk=2.10 t/s avg=3.53 t/s 42.505s
1003 03:10:10 ds4-server: chat ctx=8351..8401:50 gen=200 decoding chunk=2.96 t/s avg=3.23 t/s 61.875s
1003 03:10:12 ds4-server: chat ctx=8201..8251:50 gen=50 decoding chunk=13.16 t/s avg=13.16 t/s 3.798s
1003 03:10:12 ds4-server: chat ctx=8351..8401:50 gen=200 decoding chunk=13.37 t/s avg=4.32 t/s 46.326s
1003 03:10:13 ds4-server: chat ctx=8351..8401:50 gen=200 decoding chunk=13.36 t/s avg=4.32 t/s 46.248s
1003 03:10:14 ds4-server: chat ctx=8401..8451:50 gen=250 decoding chunk=13.36 t/s avg=3.81 t/s 65.617s
1003 03:10:14 ds4-server: chat ctx=8451..8457:6 gen=256 decoding chunk=13.35 t/s avg=3.87 t/s 66.067s
1003 03:10:14 ds4-server: chat ctx=0..8201:8201 gen=256 finish=length 152.312s
1003 03:10:14 slot 3: request reuses nothing; evicting checkpoint (8457 tokens, idle 0 s, protected)
1003 03:10:14 ds4-server: live kv cache miss live=8457 prompt=8201 common=17 vision=match reason=token-mismatch
1003 03:10:14 ds4-server: chat ctx=0..8201:8201 prompt start
1003 03:10:15 ds4-server: chat ctx=0..8201:8201 prefill chunk 128/8201 (1.6%) chunk=0.00 t/s avg=213.17 t/s 0.600s
1003 03:10:15 ds4-server: chat ctx=0..8201:8201 prefill chunk 256/8201 (3.1%) chunk=276.73 t/s avg=240.82 t/s 1.063s
1003 03:10:16 ds4-server: chat ctx=0..8201:8201 prefill chunk 384/8201 (4.7%) chunk=246.61 t/s avg=242.72 t/s 1.582s
1003 03:10:16 ds4-server: chat ctx=0..8201:8201 prefill chunk 512/8201 (6.2%) chunk=244.78 t/s avg=243.23 t/s 2.105s
1003 03:10:17 ds4-server: chat ctx=0..8201:8201 prefill chunk 640/8201 (7.8%) chunk=240.74 t/s avg=242.73 t/s 2.637s
1003 03:10:17 ds4-server: chat ctx=0..8201:8201 prefill chunk 768/8201 (9.4%) chunk=249.38 t/s avg=243.81 t/s 3.150s
1003 03:10:18 ds4-server: chat ctx=0..8201:8201 prefill chunk 896/8201 (10.9%) chunk=232.22 t/s avg=242.09 t/s 3.701s
1003 03:10:18 ds4-server: chat ctx=0..8201:8201 prefill chunk 1024/8201 (12.5%) chunk=228.48 t/s avg=240.30 t/s 4.261s
1003 03:10:19 ds4-server: chat ctx=0..8201:8201 prefill chunk 1152/8201 (14.0%) chunk=253.48 t/s avg=241.70 t/s 4.766s
1003 03:10:19 ds4-server: chat ctx=0..8201:8201 prefill chunk 1280/8201 (15.6%) chunk=247.91 t/s avg=242.30 t/s 5.283s
1003 03:10:20 ds4-server: chat ctx=0..8201:8201 prefill chunk 1408/8201 (17.2%) chunk=240.37 t/s avg=242.13 t/s 5.815s
1003 03:10:21 ds4-server: chat ctx=0..8201:8201 prefill chunk 1536/8201 (18.7%) chunk=237.84 t/s avg=241.76 t/s 6.353s
1003 03:10:21 ds4-server: chat ctx=0..8201:8201 prefill chunk 1664/8201 (20.3%) chunk=254.76 t/s avg=242.72 t/s 6.856s
1003 03:10:22 ds4-server: chat ctx=0..8201:8201 prefill chunk 1792/8201 (21.9%) chunk=237.40 t/s avg=242.33 t/s 7.395s
1003 03:10:22 ds4-server: chat ctx=0..8201:8201 prefill chunk 1920/8201 (23.4%) chunk=230.52 t/s avg=241.50 t/s 7.950s
1003 03:10:23 ds4-server: chat ctx=0..8201:8201 prefill chunk 2048/8201 (25.0%) chunk=242.04 t/s avg=241.54 t/s 8.479s
1003 03:10:23 ds4-server: chat ctx=0..8201:8201 prefill chunk 2176/8201 (26.5%) chunk=228.82 t/s avg=240.75 t/s 9.038s
1003 03:10:24 ds4-server: chat ctx=0..8201:8201 prefill chunk 2304/8201 (28.1%) chunk=230.14 t/s avg=240.13 t/s 9.595s
1003 03:10:24 ds4-server: chat ctx=0..8201:8201 prefill chunk 2432/8201 (29.7%) chunk=225.96 t/s avg=239.34 t/s 10.161s
1003 03:10:24 ds4-server: chat ctx=8251..8301:50 gen=100 decoding chunk=4.02 t/s avg=6.16 t/s 16.246s
1003 03:10:25 ds4-server: chat ctx=0..8201:8201 prefill chunk 2560/8201 (31.2%) chunk=230.88 t/s avg=238.91 t/s 10.715s
1003 03:10:25 ds4-server: chat ctx=0..8201:8201 prefill chunk 2688/8201 (32.8%) chunk=228.63 t/s avg=238.40 t/s 11.275s
1003 03:10:26 ds4-server: chat ctx=0..8201:8201 prefill chunk 2816/8201 (34.3%) chunk=229.18 t/s avg=237.96 t/s 11.834s
1003 03:10:27 ds4-server: chat ctx=0..8201:8201 prefill chunk 2944/8201 (35.9%) chunk=212.01 t/s avg=236.70 t/s 12.438s
1003 03:10:27 ds4-server: chat ctx=0..8201:8201 prefill chunk 3072/8201 (37.5%) chunk=230.20 t/s avg=236.42 t/s 12.994s
1003 03:10:28 ds4-server: chat ctx=0..8201:8201 prefill chunk 3200/8201 (39.0%) chunk=236.96 t/s avg=236.44 t/s 13.534s
1003 03:10:28 ds4-server: chat ctx=0..8201:8201 prefill chunk 3328/8201 (40.6%) chunk=234.23 t/s avg=236.36 t/s 14.080s
1003 03:10:28 ds4-server: chat ctx=8401..8451:50 gen=250 decoding chunk=3.16 t/s avg=4.02 t/s 62.170s
1003 03:10:29 ds4-server: chat ctx=0..8201:8201 prefill chunk 3456/8201 (42.1%) chunk=228.99 t/s avg=236.08 t/s 14.639s
1003 03:10:29 ds4-server: chat ctx=0..8201:8201 prefill chunk 3584/8201 (43.7%) chunk=223.13 t/s avg=235.59 t/s 15.213s
1003 03:10:29 ds4-server: chat ctx=8401..8451:50 gen=250 decoding chunk=2.97 t/s avg=3.96 t/s 63.072s
1003 03:10:30 ds4-server: chat ctx=0..8201:8201 prefill chunk 3712/8201 (45.3%) chunk=239.96 t/s avg=235.74 t/s 15.746s
1003 03:10:30 ds4-server: chat ctx=0..8201:8201 prefill chunk 3840/8201 (46.8%) chunk=233.17 t/s avg=235.65 t/s 16.295s
1003 03:10:31 ds4-server: chat ctx=0..8201:8201 prefill chunk 3968/8201 (48.4%) chunk=230.96 t/s avg=235.50 t/s 16.850s
1003 03:10:32 ds4-server: chat ctx=0..8201:8201 prefill chunk 4096/8201 (49.9%) chunk=219.59 t/s avg=234.96 t/s 17.432s
1003 03:10:32 ds4-server: chat ctx=8451..8457:6 gen=256 decoding chunk=1.79 t/s avg=3.91 t/s 65.521s
1003 03:10:32 ds4-server: chat ctx=0..8201:8201 gen=256 finish=length 159.376s
1003 03:10:32 slot 1: request reuses nothing; evicting checkpoint (8457 tokens, idle 0 s, protected)
1003 03:10:32 ds4-server: chat ctx=0..8201:8201 prefill chunk 4224/8201 (51.5%) chunk=223.61 t/s avg=234.60 t/s 18.005s
1003 03:10:32 ds4-server: live kv cache miss live=8457 prompt=8201 common=17 vision=match reason=token-mismatch
1003 03:10:32 ds4-server: chat ctx=0..8201:8201 prompt start
1003 03:10:33 ds4-server: chat ctx=0..8201:8201 prefill chunk 4352/8201 (53.1%) chunk=231.34 t/s avg=234.51 t/s 18.558s
1003 03:10:33 ds4-server: chat ctx=8451..8457:6 gen=256 decoding chunk=1.80 t/s avg=3.86 t/s 66.401s
1003 03:10:33 ds4-server: chat ctx=0..8201:8201 gen=256 finish=length 162.471s
1003 03:10:33 slot 2: request reuses nothing; evicting checkpoint (8457 tokens, idle 0 s, protected)
1003 03:10:33 ds4-server: live kv cache miss live=8457 prompt=8201 common=17 vision=match reason=token-mismatch
1003 03:10:33 ds4-server: chat ctx=0..8201:8201 prompt start
1003 03:10:34 ds4-server: chat ctx=0..8201:8201 prefill chunk 4480/8201 (54.6%) chunk=118.89 t/s avg=228.17 t/s 19.635s
1003 03:10:34 ds4-server: chat ctx=0..8201:8201 prefill chunk 128/8201 (1.6%) chunk=0.00 t/s avg=79.60 t/s 1.608s
1003 03:10:34 ds4-server: chat ctx=0..8201:8201 prefill chunk 256/8201 (3.1%) chunk=276.45 t/s avg=123.61 t/s 2.071s
1003 03:10:35 ds4-server: chat ctx=0..8201:8201 prefill chunk 4608/8201 (56.2%) chunk=83.41 t/s avg=217.67 t/s 21.169s
1003 03:10:36 ds4-server: chat ctx=0..8201:8201 prefill chunk 384/8201 (4.7%) chunk=83.38 t/s avg=106.48 t/s 3.606s
1003 03:10:36 ds4-server: chat ctx=0..8201:8201 prefill chunk 128/8201 (1.6%) chunk=0.00 t/s avg=49.77 t/s 2.572s
1003 03:10:36 ds4-server: chat ctx=0..8201:8201 prefill chunk 256/8201 (3.1%) chunk=275.29 t/s avg=84.30 t/s 3.037s
1003 03:10:37 ds4-server: chat ctx=0..8201:8201 prefill chunk 4736/8201 (57.7%) chunk=83.80 t/s avg=208.67 t/s 22.697s
1003 03:10:37 ds4-server: chat ctx=0..8201:8201 prefill chunk 512/8201 (6.2%) chunk=83.62 t/s avg=99.67 t/s 5.137s
1003 03:10:38 ds4-server: chat ctx=0..8201:8201 prefill chunk 384/8201 (4.7%) chunk=83.68 t/s avg=84.09 t/s 4.566s
1003 03:10:38 ds4-server: chat ctx=0..8201:8201 prefill chunk 4864/8201 (59.3%) chunk=84.26 t/s avg=200.86 t/s 24.216s
1003 03:10:39 ds4-server: chat ctx=0..8201:8201 prefill chunk 640/8201 (7.8%) chunk=83.59 t/s avg=95.98 t/s 6.668s
1003 03:10:39 ds4-server: chat ctx=0..8201:8201 prefill chunk 512/8201 (6.2%) chunk=83.27 t/s avg=83.89 t/s 6.103s
1003 03:10:40 ds4-server: chat ctx=0..8201:8201 prefill chunk 4992/8201 (60.9%) chunk=83.19 t/s avg=193.83 t/s 25.754s
1003 03:10:40 ds4-server: chat ctx=0..8201:8201 prefill chunk 768/8201 (9.4%) chunk=84.23 t/s avg=93.80 t/s 8.188s
1003 03:10:41 ds4-server: chat ctx=0..8201:8201 prefill chunk 640/8201 (7.8%) chunk=83.75 t/s avg=83.86 t/s 7.632s
1003 03:10:41 ds4-server: chat ctx=0..8201:8201 prefill chunk 5120/8201 (62.4%) chunk=85.12 t/s avg=187.83 t/s 27.258s
1003 03:10:42 ds4-server: chat ctx=0..8201:8201 prefill chunk 896/8201 (10.9%) chunk=83.05 t/s avg=92.09 t/s 9.729s
1003 03:10:42 ds4-server: chat ctx=0..8201:8201 prefill chunk 768/8201 (9.4%) chunk=84.08 t/s avg=83.90 t/s 9.154s
1003 03:10:43 ds4-server: chat ctx=0..8201:8201 prefill chunk 5248/8201 (64.0%) chunk=82.31 t/s avg=182.14 t/s 28.813s
1003 03:10:44 ds4-server: chat ctx=0..8201:8201 prefill chunk 1024/8201 (12.5%) chunk=81.91 t/s avg=90.69 t/s 11.292s
1003 03:10:44 ds4-server: chat ctx=0..8201:8201 prefill chunk 896/8201 (10.9%) chunk=79.97 t/s avg=83.31 t/s 10.755s
1003 03:10:45 ds4-server: chat ctx=0..8201:8201 prefill chunk 5376/8201 (65.6%) chunk=80.27 t/s avg=176.80 t/s 30.408s
1003 03:10:45 ds4-server: chat ctx=0..8201:8201 prefill chunk 1152/8201 (14.0%) chunk=83.01 t/s avg=89.76 t/s 12.834s
1003 03:10:46 ds4-server: chat ctx=0..8201:8201 prefill chunk 1024/8201 (12.5%) chunk=82.48 t/s avg=83.21 t/s 12.307s
1003 03:10:46 ds4-server: chat ctx=0..8201:8201 prefill chunk 5504/8201 (67.1%) chunk=82.35 t/s avg=172.20 t/s 31.962s
1003 03:10:47 ds4-server: chat ctx=0..8201:8201 prefill chunk 1280/8201 (15.6%) chunk=81.76 t/s avg=88.89 t/s 14.399s
1003 03:10:47 ds4-server: chat ctx=0..8201:8201 prefill chunk 1152/8201 (14.0%) chunk=84.75 t/s avg=83.38 t/s 13.817s
1003 03:10:48 ds4-server: chat ctx=0..8201:8201 prefill chunk 5632/8201 (68.7%) chunk=85.44 t/s avg=168.32 t/s 33.460s
1003 03:10:48 ds4-server: chat ctx=0..8201:8201 prefill chunk 1408/8201 (17.2%) chunk=84.63 t/s avg=88.49 t/s 15.912s
1003 03:10:49 ds4-server: chat ctx=0..8201:8201 prefill chunk 1280/8201 (15.6%) chunk=83.95 t/s avg=83.43 t/s 15.342s
1003 03:10:49 ds4-server: chat ctx=0..8201:8201 prefill chunk 5760/8201 (70.2%) chunk=83.98 t/s avg=164.64 t/s 34.984s
1003 03:10:50 ds4-server: chat ctx=0..8201:8201 prefill chunk 1536/8201 (18.7%) chunk=83.45 t/s avg=88.04 t/s 17.446s
1003 03:10:50 ds4-server: chat ctx=0..8201:8201 prefill chunk 1408/8201 (17.2%) chunk=82.59 t/s avg=83.36 t/s 16.892s
1003 03:10:51 ds4-server: chat ctx=0..8201:8201 prefill chunk 5888/8201 (71.8%) chunk=84.07 t/s avg=161.28 t/s 36.507s
1003 03:10:51 ds4-server: chat ctx=8301..8351:50 gen=150 decoding chunk=1.90 t/s avg=3.53 t/s 42.552s
1003 03:10:51 ds4-server: chat ctx=0..8201:8201 prefill chunk 1664/8201 (20.3%) chunk=86.27 t/s avg=87.90 t/s 18.930s
1003 03:10:52 ds4-server: chat ctx=0..8201:8201 prefill chunk 1536/8201 (18.7%) chunk=85.76 t/s avg=83.55 t/s 18.384s
1003 03:10:52 ds4-server: chat ctx=0..8201:8201 prefill chunk 6016/8201 (73.4%) chunk=85.59 t/s avg=158.31 t/s 38.003s
1003 03:10:53 ds4-server: chat ctx=0..8201:8201 prefill chunk 1792/8201 (21.9%) chunk=83.67 t/s avg=87.59 t/s 20.459s
1003 03:10:53 ds4-server: chat ctx=0..8201:8201 prefill chunk 1664/8201 (20.3%) chunk=85.85 t/s avg=83.72 t/s 19.875s
1003 03:10:54 ds4-server: chat ctx=0..8201:8201 prefill chunk 6144/8201 (74.9%) chunk=85.25 t/s avg=155.53 t/s 39.504s
1003 03:10:54 ds4-server: chat ctx=0..8201:8201 prefill chunk 1920/8201 (23.4%) chunk=84.20 t/s avg=87.35 t/s 21.980s
1003 03:10:55 ds4-server: chat ctx=0..8201:8201 prefill chunk 1792/8201 (21.9%) chunk=82.37 t/s avg=83.62 t/s 21.429s
1003 03:10:55 ds4-server: chat ctx=0..8201:8201 prefill chunk 6272/8201 (76.5%) chunk=82.63 t/s avg=152.78 t/s 41.053s
1003 03:10:56 ds4-server: chat ctx=0..8201:8201 prefill chunk 2048/8201 (25.0%) chunk=84.07 t/s avg=87.14 t/s 23.502s
1003 03:10:56 ds4-server: chat ctx=0..8201:8201 prefill chunk 1920/8201 (23.4%) chunk=83.00 t/s avg=83.58 t/s 22.971s
1003 03:10:57 ds4-server: chat ctx=0..8201:8201 prefill chunk 6400/8201 (78.0%) chunk=82.57 t/s avg=150.22 t/s 42.603s
1003 03:10:57 ds4-server: chat ctx=0..8201:8201 prefill chunk 2176/8201 (26.5%) chunk=80.99 t/s avg=86.75 t/s 25.083s
1003 03:10:58 ds4-server: chat ctx=0..8201:8201 prefill chunk 2048/8201 (25.0%) chunk=82.41 t/s avg=83.51 t/s 24.524s
1003 03:10:58 ds4-server: chat ctx=0..8201:8201 prefill chunk 6528/8201 (79.6%) chunk=81.93 t/s avg=147.81 t/s 44.166s
1003 03:10:59 ds4-server: chat ctx=0..8201:8201 prefill chunk 2304/8201 (28.1%) chunk=82.14 t/s avg=86.48 t/s 26.641s
1003 03:10:59 ds4-server: chat ctx=0..8201:8201 prefill chunk 2176/8201 (26.5%) chunk=80.53 t/s avg=83.33 t/s 26.114s
1003 03:11:00 ds4-server: chat ctx=0..8201:8201 prefill chunk 6656/8201 (81.2%) chunk=80.96 t/s avg=145.50 t/s 45.747s
1003 03:11:00 ds4-server: chat ctx=0..8201:8201 prefill chunk 2432/8201 (29.7%) chunk=80.48 t/s avg=86.14 t/s 28.232s
1003 03:11:01 ds4-server: chat ctx=0..8201:8201 prefill chunk 2304/8201 (28.1%) chunk=80.74 t/s avg=83.18 t/s 27.699s
1003 03:11:02 ds4-server: chat ctx=0..8201:8201 prefill chunk 6784/8201 (82.7%) chunk=80.61 t/s avg=143.32 t/s 47.335s
1003 03:11:02 ds4-server: chat ctx=0..8201:8201 prefill chunk 2560/8201 (31.2%) chunk=81.16 t/s avg=85.88 t/s 29.809s
1003 03:11:03 ds4-server: chat ctx=0..8201:8201 prefill chunk 2432/8201 (29.7%) chunk=80.70 t/s avg=83.04 t/s 29.286s
1003 03:11:03 ds4-server: chat ctx=0..8201:8201 prefill chunk 6912/8201 (84.3%) chunk=81.52 t/s avg=141.34 t/s 48.905s
1003 03:11:04 ds4-server: chat ctx=0..8201:8201 prefill chunk 2688/8201 (32.8%) chunk=81.22 t/s avg=85.65 t/s 31.385s
1003 03:11:04 ds4-server: chat ctx=0..8201:8201 prefill chunk 2560/8201 (31.2%) chunk=81.80 t/s avg=82.98 t/s 30.850s
1003 03:11:05 ds4-server: chat ctx=0..8201:8201 prefill chunk 7040/8201 (85.8%) chunk=80.03 t/s avg=139.39 t/s 50.504s
1003 03:11:05 ds4-server: chat ctx=0..8201:8201 prefill chunk 2816/8201 (34.3%) chunk=80.22 t/s avg=85.38 t/s 32.980s
1003 03:11:06 ds4-server: chat ctx=0..8201:8201 prefill chunk 2688/8201 (32.8%) chunk=79.88 t/s avg=82.83 t/s 32.453s
1003 03:11:06 ds4-server: chat ctx=0..8201:8201 prefill chunk 7168/8201 (87.4%) chunk=81.25 t/s avg=137.64 t/s 52.079s
1003 03:11:07 ds4-server: chat ctx=0..8201:8201 prefill chunk 2944/8201 (35.9%) chunk=79.04 t/s avg=85.09 t/s 34.600s
1003 03:11:07 ds4-server: chat ctx=0..8201:8201 prefill chunk 2816/8201 (34.3%) chunk=79.16 t/s avg=82.65 t/s 34.070s
1003 03:11:08 ds4-server: chat ctx=0..8201:8201 prefill chunk 7296/8201 (89.0%) chunk=79.37 t/s avg=135.89 t/s 53.692s
1003 03:11:08 ds4-server: chat ctx=0..8201:8201 prefill chunk 3072/8201 (37.5%) chunk=81.70 t/s avg=84.94 t/s 36.166s
1003 03:11:09 ds4-server: chat ctx=0..8201:8201 prefill chunk 2944/8201 (35.9%) chunk=79.54 t/s avg=82.51 t/s 35.679s
1003 03:11:10 ds4-server: chat ctx=0..8201:8201 prefill chunk 7424/8201 (90.5%) chunk=77.69 t/s avg=134.15 t/s 55.340s
1003 03:11:10 ds4-server: chat ctx=0..8201:8201 prefill chunk 3200/8201 (39.0%) chunk=78.30 t/s avg=84.65 t/s 37.801s
1003 03:11:11 ds4-server: chat ctx=0..8201:8201 prefill chunk 3072/8201 (37.5%) chunk=80.59 t/s avg=82.43 t/s 37.267s
1003 03:11:11 ds4-server: chat ctx=0..8201:8201 prefill chunk 7552/8201 (92.1%) chunk=81.64 t/s avg=132.71 t/s 56.908s
1003 03:11:12 ds4-server: chat ctx=0..8201:8201 prefill chunk 3328/8201 (40.6%) chunk=81.45 t/s avg=84.53 t/s 39.373s
1003 03:11:12 ds4-server: chat ctx=0..8201:8201 prefill chunk 3200/8201 (39.0%) chunk=82.06 t/s avg=82.42 t/s 38.827s
1003 03:11:13 ds4-server: chat ctx=0..8201:8201 prefill chunk 7680/8201 (93.6%) chunk=83.11 t/s avg=131.40 t/s 58.448s
1003 03:11:13 ds4-server: chat ctx=0..8201:8201 prefill chunk 3456/8201 (42.1%) chunk=82.37 t/s avg=84.44 t/s 40.927s
1003 03:11:14 ds4-server: chat ctx=0..8201:8201 prefill chunk 3328/8201 (40.6%) chunk=82.24 t/s avg=82.41 t/s 40.383s
1003 03:11:14 ds4-server: chat ctx=0..8201:8201 prefill chunk 7808/8201 (95.2%) chunk=80.54 t/s avg=130.05 t/s 60.037s
1003 03:11:15 ds4-server: chat ctx=0..8201:8201 prefill chunk 3584/8201 (43.7%) chunk=79.87 t/s avg=84.27 t/s 42.529s
1003 03:11:15 ds4-server: chat ctx=0..8201:8201 prefill chunk 3456/8201 (42.1%) chunk=79.18 t/s avg=82.29 t/s 42.000s
1003 03:11:16 ds4-server: chat ctx=0..8201:8201 prefill chunk 7936/8201 (96.8%) chunk=80.10 t/s avg=128.76 t/s 61.635s
1003 03:11:16 ds4-server: chat ctx=0..8201:8201 prefill chunk 3712/8201 (45.3%) chunk=82.16 t/s avg=84.20 t/s 44.087s
1003 03:11:17 ds4-server: chat ctx=0..8201:8201 prefill chunk 3584/8201 (43.7%) chunk=81.53 t/s avg=82.26 t/s 43.570s
1003 03:11:17 ds4-server: chat ctx=8351..8401:50 gen=200 decoding chunk=1.91 t/s avg=2.91 t/s 68.712s
1003 03:11:17 ds4-server: chat ctx=0..8201:8201 prefill chunk 8064/8201 (98.3%) chunk=81.83 t/s avg=127.60 t/s 63.199s
1003 03:11:18 ds4-server: chat ctx=0..8201:8201 prefill chunk 3840/8201 (46.8%) chunk=80.98 t/s avg=84.09 t/s 45.668s
1003 03:11:18 ds4-server: chat ctx=0..8201:8201 prefill chunk 3712/8201 (45.3%) chunk=83.04 t/s avg=82.29 t/s 45.111s
1003 03:11:19 ds4-server: chat ctx=0..8201:8201 prefill chunk 8192/8201 (99.9%) chunk=80.97 t/s avg=126.46 t/s 64.780s
1003 03:11:19 ds4-server: chat ctx=0..8201:8201 prefill chunk 3968/8201 (48.4%) chunk=80.78 t/s avg=83.97 t/s 47.252s
1003 03:11:20 ds4-server: chat ctx=0..8201:8201 prefill chunk 3840/8201 (46.8%) chunk=80.00 t/s avg=82.21 t/s 46.712s
1003 03:11:20 ds4-server: chat ctx=0..8201:8201 prefill chunk 8201/8201 (100.0%) chunk=7.61 t/s avg=124.33 t/s 65.963s
1003 03:11:20 ds4-server: chat ctx=0..8201:8201 prompt done 65.963s
1003 03:11:21 ds4-server: chat ctx=0..8201:8201 prefill chunk 4096/8201 (49.9%) chunk=102.40 t/s avg=84.45 t/s 48.502s
1003 03:11:21 ds4-server: chat ctx=0..8201:8201 prefill chunk 3968/8201 (48.4%) chunk=100.39 t/s avg=82.69 t/s 47.987s
1003 03:11:22 ds4-server: chat ctx=0..8201:8201 prefill chunk 4224/8201 (51.5%) chunk=116.90 t/s avg=85.17 t/s 49.597s
1003 03:11:22 ds4-server: chat ctx=0..8201:8201 prefill chunk 4096/8201 (49.9%) chunk=113.99 t/s avg=83.41 t/s 49.109s
1003 03:11:23 ds4-server: chat ctx=0..8201:8201 prefill chunk 4352/8201 (53.1%) chunk=113.98 t/s avg=85.80 t/s 50.720s
1003 03:11:24 ds4-server: chat ctx=0..8201:8201 prefill chunk 4224/8201 (51.5%) chunk=114.84 t/s avg=84.10 t/s 50.224s
1003 03:11:24 ds4-server: chat ctx=0..8201:8201 prefill chunk 4480/8201 (54.6%) chunk=112.78 t/s avg=86.39 t/s 51.855s
1003 03:11:25 ds4-server: chat ctx=0..8201:8201 prefill chunk 4352/8201 (53.1%) chunk=112.34 t/s avg=84.73 t/s 51.363s
1003 03:11:25 ds4-server: chat ctx=0..8201:8201 prefill chunk 4608/8201 (56.2%) chunk=112.97 t/s avg=86.96 t/s 52.988s
1003 03:11:26 ds4-server: chat ctx=0..8201:8201 prefill chunk 4480/8201 (54.6%) chunk=111.38 t/s avg=85.31 t/s 52.513s
1003 03:11:26 ds4-server: chat ctx=0..8201:8201 prefill chunk 4736/8201 (57.7%) chunk=110.61 t/s avg=87.47 t/s 54.146s
1003 03:11:27 ds4-server: chat ctx=0..8201:8201 prefill chunk 4608/8201 (56.2%) chunk=110.90 t/s avg=85.86 t/s 53.667s
1003 03:11:28 ds4-server: chat ctx=0..8201:8201 prefill chunk 4864/8201 (59.3%) chunk=111.86 t/s avg=87.97 t/s 55.290s
1003 03:11:28 ds4-server: chat ctx=0..8201:8201 prefill chunk 4736/8201 (57.7%) chunk=110.82 t/s avg=86.39 t/s 54.822s
1003 03:11:29 ds4-server: chat ctx=0..8201:8201 prefill chunk 4992/8201 (60.9%) chunk=110.15 t/s avg=88.43 t/s 56.452s
1003 03:11:29 ds4-server: chat ctx=0..8201:8201 prefill chunk 4864/8201 (59.3%) chunk=111.34 t/s avg=86.90 t/s 55.971s
1003 03:11:30 ds4-server: chat ctx=0..8201:8201 prefill chunk 5120/8201 (62.4%) chunk=114.76 t/s avg=88.94 t/s 57.567s
1003 03:11:30 ds4-server: chat ctx=0..8201:8201 prefill chunk 4992/8201 (60.9%) chunk=114.39 t/s avg=87.44 t/s 57.090s
1003 03:11:31 ds4-server: chat ctx=0..8201:8201 prefill chunk 5248/8201 (64.0%) chunk=110.51 t/s avg=89.36 t/s 58.726s
1003 03:11:32 ds4-server: chat ctx=0..8201:8201 prefill chunk 5120/8201 (62.4%) chunk=113.30 t/s avg=87.94 t/s 58.220s
1003 03:11:32 ds4-server: chat ctx=0..8201:8201 prefill chunk 5376/8201 (65.6%) chunk=113.83 t/s avg=89.82 t/s 59.850s
1003 03:11:33 ds4-server: chat ctx=0..8201:8201 prefill chunk 5248/8201 (64.0%) chunk=110.32 t/s avg=88.38 t/s 59.380s
1003 03:11:33 ds4-server: chat ctx=0..8201:8201 prefill chunk 5504/8201 (67.1%) chunk=110.51 t/s avg=90.22 t/s 61.008s
1003 03:11:34 ds4-server: chat ctx=0..8201:8201 prefill chunk 5376/8201 (65.6%) chunk=110.88 t/s avg=88.81 t/s 60.535s
1003 03:11:34 ds4-server: chat ctx=0..8201:8201 prefill chunk 5632/8201 (68.7%) chunk=111.81 t/s avg=90.61 t/s 62.153s
1003 03:11:35 ds4-server: chat ctx=0..8201:8201 prefill chunk 5504/8201 (67.1%) chunk=112.15 t/s avg=89.24 t/s 61.676s
1003 03:11:36 ds4-server: chat ctx=0..8201:8201 prefill chunk 5760/8201 (70.2%) chunk=112.52 t/s avg=91.01 t/s 63.291s
1003 03:11:36 ds4-server: chat ctx=0..8201:8201 prefill chunk 5632/8201 (68.7%) chunk=113.55 t/s avg=89.68 t/s 62.803s
1003 03:11:37 ds4-server: chat ctx=0..8201:8201 prefill chunk 5888/8201 (71.8%) chunk=115.87 t/s avg=91.44 t/s 64.395s
1003 03:11:37 ds4-server: chat ctx=0..8201:8201 prefill chunk 5760/8201 (70.2%) chunk=116.69 t/s avg=90.14 t/s 63.900s
1003 03:11:38 ds4-server: chat ctx=0..8201:8201 prefill chunk 6016/8201 (73.4%) chunk=116.52 t/s avg=91.86 t/s 65.494s
1003 03:11:38 ds4-server: chat ctx=0..8201:8201 prefill chunk 5888/8201 (71.8%) chunk=118.42 t/s avg=90.61 t/s 64.981s
1003 03:11:39 ds4-server: chat ctx=0..8201:8201 prefill chunk 6144/8201 (74.9%) chunk=117.56 t/s avg=92.28 t/s 66.583s
1003 03:11:39 ds4-server: chat ctx=0..8201:8201 prefill chunk 6016/8201 (73.4%) chunk=117.31 t/s avg=91.05 t/s 66.072s
1003 03:11:40 ds4-server: chat ctx=0..8201:8201 prefill chunk 6272/8201 (76.5%) chunk=117.57 t/s avg=92.68 t/s 67.672s
1003 03:11:40 ds4-server: chat ctx=0..8201:8201 prefill chunk 6144/8201 (74.9%) chunk=116.61 t/s avg=91.47 t/s 67.170s
1003 03:11:41 ds4-server: chat ctx=0..8201:8201 prefill chunk 6400/8201 (78.0%) chunk=115.94 t/s avg=93.06 t/s 68.776s
1003 03:11:42 ds4-server: chat ctx=0..8201:8201 prefill chunk 6272/8201 (76.5%) chunk=116.34 t/s avg=91.87 t/s 68.270s
1003 03:11:42 ds4-server: chat ctx=0..8201:8201 prefill chunk 6528/8201 (79.6%) chunk=115.06 t/s avg=93.41 t/s 69.888s
1003 03:11:43 ds4-server: chat ctx=0..8201:8201 prefill chunk 6400/8201 (78.0%) chunk=114.14 t/s avg=92.23 t/s 69.392s
1003 03:11:43 ds4-server: chat ctx=0..8201:8201 prefill chunk 6656/8201 (81.2%) chunk=115.25 t/s avg=93.75 t/s 70.999s
1003 03:11:44 ds4-server: chat ctx=0..8201:8201 prefill chunk 6528/8201 (79.6%) chunk=114.50 t/s avg=92.58 t/s 70.510s
1003 03:11:44 ds4-server: chat ctx=8401..8451:50 gen=250 decoding chunk=1.85 t/s avg=2.61 t/s 95.674s
1003 03:11:44 ds4-server: chat ctx=0..8201:8201 prefill chunk 6784/8201 (82.7%) chunk=114.34 t/s avg=94.07 t/s 72.118s
1003 03:11:45 ds4-server: chat ctx=0..8201:8201 prefill chunk 6656/8201 (81.2%) chunk=115.12 t/s avg=92.93 t/s 71.621s
1003 03:11:45 ds4-server: chat ctx=0..8201:8201 prefill chunk 6912/8201 (84.3%) chunk=117.24 t/s avg=94.41 t/s 73.210s
1003 03:11:46 ds4-server: chat ctx=0..8201:8201 prefill chunk 6784/8201 (82.7%) chunk=117.43 t/s avg=93.30 t/s 72.711s
1003 03:11:47 ds4-server: chat ctx=0..8201:8201 prefill chunk 7040/8201 (85.8%) chunk=113.60 t/s avg=94.70 t/s 74.337s
1003 03:11:47 ds4-server: chat ctx=0..8201:8201 prefill chunk 6912/8201 (84.3%) chunk=115.54 t/s avg=93.63 t/s 73.819s
1003 03:11:47 ds4-server: chat ctx=8451..8457:6 gen=256 decoding chunk=1.81 t/s avg=2.59 t/s 98.982s
1003 03:11:47 ds4-server: chat ctx=0..8201:8201 gen=256 finish=length 135.110s
1003 03:11:47 slot 0: request reuses nothing; evicting checkpoint (8457 tokens, idle 0 s, protected)
1003 03:11:48 ds4-server: chat ctx=0..8201:8201 prefill chunk 7168/8201 (87.4%) chunk=117.97 t/s avg=95.04 t/s 75.422s
1003 03:11:48 ds4-server: live kv cache miss live=8457 prompt=8201 common=17 vision=match reason=token-mismatch
1003 03:11:48 ds4-server: chat ctx=0..8201:8201 prompt start
1003 03:11:48 ds4-server: chat ctx=8201..8251:50 gen=50 decoding chunk=1.82 t/s avg=1.82 t/s 27.521s
1003 03:11:48 ds4-server: chat ctx=0..8201:8201 prefill chunk 7040/8201 (85.8%) chunk=116.34 t/s avg=93.97 t/s 74.920s
1003 03:11:49 ds4-server: chat ctx=0..8201:8201 prefill chunk 7296/8201 (89.0%) chunk=81.04 t/s avg=94.75 t/s 77.001s
1003 03:11:50 ds4-server: chat ctx=0..8201:8201 prefill chunk 7168/8201 (87.4%) chunk=82.16 t/s avg=93.73 t/s 76.477s
1003 03:11:50 ds4-server: chat ctx=0..8201:8201 prefill chunk 128/8201 (1.6%) chunk=0.00 t/s avg=60.71 t/s 2.108s
1003 03:11:50 ds4-server: chat ctx=0..8201:8201 prefill chunk 256/8201 (3.1%) chunk=274.84 t/s avg=99.45 t/s 2.574s
1003 03:11:51 ds4-server: chat ctx=0..8201:8201 prefill chunk 7424/8201 (90.5%) chunk=81.08 t/s avg=94.48 t/s 78.580s
1003 03:11:51 ds4-server: chat ctx=0..8201:8201 prefill chunk 7296/8201 (89.0%) chunk=81.03 t/s avg=93.47 t/s 78.057s
1003 03:11:52 ds4-server: chat ctx=0..8201:8201 prefill chunk 384/8201 (4.7%) chunk=81.15 t/s avg=92.50 t/s 4.151s
1003 03:11:52 ds4-server: chat ctx=0..8201:8201 prefill chunk 7552/8201 (92.1%) chunk=82.47 t/s avg=94.24 t/s 80.132s
1003 03:11:53 ds4-server: chat ctx=0..8201:8201 prefill chunk 7424/8201 (90.5%) chunk=80.94 t/s avg=93.22 t/s 79.639s
1003 03:11:53 ds4-server: chat ctx=0..8201:8201 prefill chunk 512/8201 (6.2%) chunk=80.67 t/s avg=89.23 t/s 5.738s
1003 03:11:54 ds4-server: chat ctx=0..8201:8201 prefill chunk 7680/8201 (93.6%) chunk=81.72 t/s avg=94.00 t/s 81.698s
1003 03:11:54 ds4-server: chat ctx=0..8201:8201 prefill chunk 7552/8201 (92.1%) chunk=82.63 t/s avg=93.02 t/s 81.188s
1003 03:11:55 ds4-server: chat ctx=0..8201:8201 prefill chunk 640/8201 (7.8%) chunk=82.01 t/s avg=87.68 t/s 7.299s
1003 03:11:56 ds4-server: chat ctx=0..8201:8201 prefill chunk 7808/8201 (95.2%) chunk=80.19 t/s avg=93.74 t/s 83.294s
1003 03:11:56 ds4-server: chat ctx=0..8201:8201 prefill chunk 7680/8201 (93.6%) chunk=81.25 t/s avg=92.79 t/s 82.763s
1003 03:11:57 ds4-server: chat ctx=0..8201:8201 prefill chunk 768/8201 (9.4%) chunk=82.35 t/s avg=86.75 t/s 8.853s
1003 03:11:57 ds4-server: chat ctx=0..8201:8201 prefill chunk 7936/8201 (96.8%) chunk=83.33 t/s avg=93.55 t/s 84.830s
1003 03:11:58 ds4-server: chat ctx=0..8201:8201 prefill chunk 7808/8201 (95.2%) chunk=81.49 t/s avg=92.58 t/s 84.334s
1003 03:11:58 ds4-server: chat ctx=0..8201:8201 prefill chunk 896/8201 (10.9%) chunk=79.59 t/s avg=85.65 t/s 10.461s
1003 03:11:59 ds4-server: chat ctx=0..8201:8201 prefill chunk 8064/8201 (98.3%) chunk=79.86 t/s avg=93.30 t/s 86.433s
1003 03:11:59 ds4-server: chat ctx=0..8201:8201 prefill chunk 7936/8201 (96.8%) chunk=80.66 t/s avg=92.36 t/s 85.921s
1003 03:12:00 ds4-server: chat ctx=0..8201:8201 prefill chunk 1024/8201 (12.5%) chunk=80.19 t/s avg=84.93 t/s 12.058s
1003 03:12:00 ds4-server: chat ctx=0..8201:8201 prefill chunk 8192/8201 (99.9%) chunk=78.23 t/s avg=93.02 t/s 88.069s
1003 03:12:01 ds4-server: chat ctx=0..8201:8201 prefill chunk 8064/8201 (98.3%) chunk=78.61 t/s avg=92.11 t/s 87.549s
1003 03:12:01 ds4-server: chat ctx=0..8201:8201 prefill chunk 1152/8201 (14.0%) chunk=81.13 t/s avg=84.49 t/s 13.635s
1003 03:12:01 ds4-server: chat ctx=0..8201:8201 prefill chunk 8201/8201 (100.0%) chunk=7.76 t/s avg=91.91 t/s 89.230s
1003 03:12:01 ds4-server: chat ctx=0..8201:8201 prompt done 89.230s
1003 03:12:02 ds4-server: chat ctx=0..8201:8201 prefill chunk 8192/8201 (99.9%) chunk=103.50 t/s avg=92.27 t/s 88.786s
1003 03:12:03 ds4-server: chat ctx=0..8201:8201 prefill chunk 1280/8201 (15.6%) chunk=101.37 t/s avg=85.92 t/s 14.898s
1003 03:12:03 ds4-server: chat ctx=0..8201:8201 prefill chunk 8201/8201 (100.0%) chunk=13.35 t/s avg=91.67 t/s 89.460s
1003 03:12:03 ds4-server: chat ctx=0..8201:8201 prompt done 89.460s
1003 03:12:03 ds4-server: chat ctx=0..8201:8201 prefill chunk 1408/8201 (17.2%) chunk=172.11 t/s avg=90.02 t/s 15.642s
1003 03:12:04 ds4-server: chat ctx=0..8201:8201 prefill chunk 1536/8201 (18.7%) chunk=237.30 t/s avg=94.93 t/s 16.181s
1003 03:12:04 ds4-server: chat ctx=0..8201:8201 prefill chunk 1664/8201 (20.3%) chunk=254.13 t/s avg=99.73 t/s 16.685s
1003 03:12:05 ds4-server: chat ctx=0..8201:8201 prefill chunk 1792/8201 (21.9%) chunk=239.21 t/s avg=104.07 t/s 17.220s
1003 03:12:05 ds4-server: chat ctx=0..8201:8201 prefill chunk 1920/8201 (23.4%) chunk=230.70 t/s avg=108.02 t/s 17.775s
1003 03:12:06 ds4-server: chat ctx=0..8201:8201 prefill chunk 2048/8201 (25.0%) chunk=242.05 t/s avg=111.89 t/s 18.303s
1003 03:12:07 ds4-server: chat ctx=0..8201:8201 prefill chunk 2176/8201 (26.5%) chunk=228.13 t/s avg=115.35 t/s 18.865s
1003 03:12:07 ds4-server: chat ctx=0..8201:8201 prefill chunk 2304/8201 (28.1%) chunk=231.21 t/s avg=118.65 t/s 19.418s
1003 03:12:08 ds4-server: chat ctx=0..8201:8201 prefill chunk 2432/8201 (29.7%) chunk=227.01 t/s avg=121.71 t/s 19.982s
1003 03:12:08 ds4-server: chat ctx=0..8201:8201 prefill chunk 2560/8201 (31.2%) chunk=232.13 t/s avg=124.67 t/s 20.533s
1003 03:12:09 ds4-server: chat ctx=0..8201:8201 prefill chunk 2688/8201 (32.8%) chunk=227.90 t/s avg=127.42 t/s 21.095s
1003 03:12:09 ds4-server: chat ctx=0..8201:8201 prefill chunk 2816/8201 (34.3%) chunk=229.69 t/s avg=130.05 t/s 21.652s
1003 03:12:10 ds4-server: chat ctx=0..8201:8201 prefill chunk 2944/8201 (35.9%) chunk=213.41 t/s avg=132.30 t/s 22.252s
1003 03:12:10 ds4-server: chat ctx=0..8201:8201 prefill chunk 3072/8201 (37.5%) chunk=231.23 t/s avg=134.70 t/s 22.806s
1003 03:12:11 ds4-server: chat ctx=0..8201:8201 prefill chunk 3200/8201 (39.0%) chunk=235.50 t/s avg=137.05 t/s 23.349s
1003 03:12:12 ds4-server: chat ctx=0..8201:8201 prefill chunk 3328/8201 (40.6%) chunk=234.60 t/s avg=139.28 t/s 23.895s
1003 03:12:12 ds4-server: chat ctx=0..8201:8201 prefill chunk 3456/8201 (42.1%) chunk=230.95 t/s avg=141.35 t/s 24.449s
1003 03:12:13 ds4-server: chat ctx=0..8201:8201 prefill chunk 3584/8201 (43.7%) chunk=222.96 t/s avg=143.23 t/s 25.023s
1003 03:12:13 ds4-server: chat ctx=8251..8301:50 gen=100 decoding chunk=1.99 t/s avg=1.90 t/s 52.603s
1003 03:12:13 ds4-server: chat ctx=0..8201:8201 prefill chunk 3712/8201 (45.3%) chunk=239.65 t/s avg=145.24 t/s 25.557s
1003 03:12:14 ds4-server: chat ctx=0..8201:8201 prefill chunk 3840/8201 (46.8%) chunk=233.36 t/s avg=147.09 t/s 26.106s
1003 03:12:14 ds4-server: chat ctx=0..8201:8201 prefill chunk 3968/8201 (48.4%) chunk=231.76 t/s avg=148.85 t/s 26.658s
1003 03:12:15 ds4-server: chat ctx=0..8201:8201 prefill chunk 4096/8201 (49.9%) chunk=220.77 t/s avg=150.38 t/s 27.238s
1003 03:12:15 ds4-server: chat ctx=0..8201:8201 prefill chunk 4224/8201 (51.5%) chunk=222.42 t/s avg=151.87 t/s 27.813s
1003 03:12:16 ds4-server: chat ctx=0..8201:8201 prefill chunk 4352/8201 (53.1%) chunk=223.32 t/s avg=153.31 t/s 28.387s
1003 03:12:17 ds4-server: chat ctx=0..8201:8201 prefill chunk 4480/8201 (54.6%) chunk=215.52 t/s avg=154.59 t/s 28.980s
1003 03:12:17 ds4-server: chat ctx=0..8201:8201 prefill chunk 4608/8201 (56.2%) chunk=217.47 t/s avg=155.84 t/s 29.569s
1003 03:12:18 ds4-server: chat ctx=0..8201:8201 prefill chunk 4736/8201 (57.7%) chunk=212.96 t/s avg=156.98 t/s 30.170s
1003 03:12:18 ds4-server: chat ctx=0..8201:8201 prefill chunk 4864/8201 (59.3%) chunk=219.22 t/s avg=158.16 t/s 30.754s
1003 03:12:19 ds4-server: chat ctx=0..8201:8201 prefill chunk 4992/8201 (60.9%) chunk=217.18 t/s avg=159.27 t/s 31.343s
1003 03:12:20 ds4-server: chat ctx=0..8201:8201 prefill chunk 5120/8201 (62.4%) chunk=228.11 t/s avg=160.48 t/s 31.904s
1003 03:12:20 ds4-server: chat ctx=0..8201:8201 prefill chunk 5248/8201 (64.0%) chunk=213.98 t/s avg=161.46 t/s 32.503s
1003 03:12:21 ds4-server: chat ctx=0..8201:8201 prefill chunk 5376/8201 (65.6%) chunk=216.89 t/s avg=162.45 t/s 33.093s
1003 03:12:21 ds4-server: chat ctx=0..8201:8201 prefill chunk 5504/8201 (67.1%) chunk=216.21 t/s avg=163.40 t/s 33.685s
1003 03:12:22 ds4-server: chat ctx=0..8201:8201 prefill chunk 5632/8201 (68.7%) chunk=218.83 t/s avg=164.34 t/s 34.270s
1003 03:12:23 ds4-server: chat ctx=0..8201:8201 prefill chunk 5760/8201 (70.2%) chunk=221.22 t/s avg=165.29 t/s 34.848s
1003 03:12:23 ds4-server: chat ctx=0..8201:8201 prefill chunk 5888/8201 (71.8%) chunk=229.79 t/s avg=166.30 t/s 35.405s
1003 03:12:24 ds4-server: chat ctx=0..8201:8201 prefill chunk 6016/8201 (73.4%) chunk=230.06 t/s avg=167.29 t/s 35.962s
1003 03:12:24 ds4-server: chat ctx=0..8201:8201 prefill chunk 6144/8201 (74.9%) chunk=224.55 t/s avg=168.18 t/s 36.532s
1003 03:12:25 ds4-server: chat ctx=0..8201:8201 prefill chunk 6272/8201 (76.5%) chunk=226.45 t/s avg=169.07 t/s 37.097s
1003 03:12:25 ds4-server: chat ctx=0..8201:8201 prefill chunk 6400/8201 (78.0%) chunk=224.02 t/s avg=169.90 t/s 37.668s
1003 03:12:26 ds4-server: chat ctx=0..8201:8201 prefill chunk 6528/8201 (79.6%) chunk=221.33 t/s avg=170.68 t/s 38.247s
1003 03:12:26 ds4-server: chat ctx=0..8201:8201 prefill chunk 6656/8201 (81.2%) chunk=222.53 t/s avg=171.45 t/s 38.822s
1003 03:12:27 ds4-server: chat ctx=0..8201:8201 prefill chunk 6784/8201 (82.7%) chunk=223.17 t/s avg=172.20 t/s 39.395s
1003 03:12:28 ds4-server: chat ctx=0..8201:8201 prefill chunk 6912/8201 (84.3%) chunk=232.24 t/s avg=173.03 t/s 39.947s
1003 03:12:28 ds4-server: chat ctx=0..8201:8201 prefill chunk 7040/8201 (85.8%) chunk=217.52 t/s avg=173.68 t/s 40.535s
1003 03:12:28 ds4-server: chat ctx=8201..8251:50 gen=50 decoding chunk=1.87 t/s avg=1.87 t/s 26.802s
1003 03:12:29 ds4-server: chat ctx=0..8201:8201 prefill chunk 7168/8201 (87.4%) chunk=226.05 t/s avg=174.40 t/s 41.101s
1003 03:12:29 ds4-server: chat ctx=0..8201:8201 prefill chunk 7296/8201 (89.0%) chunk=224.33 t/s avg=175.08 t/s 41.672s
1003 03:12:30 ds4-server: chat ctx=0..8201:8201 prefill chunk 7424/8201 (90.5%) chunk=215.06 t/s avg=175.65 t/s 42.267s
1003 03:12:31 ds4-server: chat ctx=0..8201:8201 prefill chunk 7552/8201 (92.1%) chunk=221.13 t/s avg=176.26 t/s 42.846s
1003 03:12:31 ds4-server: chat ctx=8201..8251:50 gen=50 decoding chunk=1.80 t/s avg=1.80 t/s 27.831s
1003 03:12:31 ds4-server: chat ctx=0..8201:8201 prefill chunk 7680/8201 (93.6%) chunk=230.67 t/s avg=176.96 t/s 43.401s
1003 03:12:32 ds4-server: chat ctx=0..8201:8201 prefill chunk 7808/8201 (95.2%) chunk=214.96 t/s avg=177.47 t/s 43.996s
1003 03:12:32 ds4-server: chat ctx=0..8201:8201 prefill chunk 7936/8201 (96.8%) chunk=223.39 t/s avg=178.06 t/s 44.569s
1003 03:12:33 ds4-server: chat ctx=0..8201:8201 prefill chunk 8064/8201 (98.3%) chunk=226.55 t/s avg=178.67 t/s 45.134s
1003 03:12:33 ds4-server: chat ctx=0..8201:8201 prefill chunk 8192/8201 (99.9%) chunk=210.30 t/s avg=179.09 t/s 45.743s
1003 03:12:34 ds4-server: chat ctx=0..8201:8201 prefill chunk 8201/8201 (100.0%) chunk=46.67 t/s avg=178.53 t/s 45.936s
1003 03:12:34 ds4-server: chat ctx=0..8201:8201 prompt done 45.936s
1003 03:12:35 ds4-server: chat ctx=8301..8351:50 gen=150 decoding chunk=2.29 t/s avg=2.01 t/s 74.483s
1003 03:12:37 ds4-server: chat ctx=8251..8301:50 gen=100 decoding chunk=5.96 t/s avg=2.84 t/s 35.191s
1003 03:12:37 ds4-server: chat ctx=8251..8301:50 gen=100 decoding chunk=7.84 t/s avg=2.92 t/s 34.207s
1003 03:12:37 ds4-server: chat ctx=8201..8251:50 gen=50 decoding chunk=13.19 t/s avg=13.19 t/s 3.791s
1003 03:12:38 ds4-server: chat ctx=8351..8401:50 gen=200 decoding chunk=13.36 t/s avg=2.56 t/s 78.225s
1003 03:12:40 ds4-server: chat ctx=8301..8351:50 gen=150 decoding chunk=13.37 t/s avg=3.85 t/s 38.930s
1003 03:12:41 ds4-server: chat ctx=8301..8351:50 gen=150 decoding chunk=13.37 t/s avg=3.95 t/s 37.947s
1003 03:12:41 ds4-server: chat ctx=8251..8301:50 gen=100 decoding chunk=13.36 t/s avg=13.27 t/s 7.533s
1003 03:12:42 ds4-server: chat ctx=8401..8451:50 gen=250 decoding chunk=13.38 t/s avg=3.05 t/s 81.963s
1003 03:12:43 ds4-server: chat ctx=8451..8457:6 gen=256 decoding chunk=13.24 t/s avg=3.11 t/s 82.416s
1003 03:12:43 ds4-server: chat ctx=0..8201:8201 gen=256 finish=length 148.379s
1003 03:12:43 slot 3: request reuses nothing; evicting checkpoint (8457 tokens, idle 0 s, protected)
1003 03:12:43 ds4-server: live kv cache miss live=8457 prompt=8201 common=17 vision=match reason=token-mismatch
1003 03:12:43 ds4-server: chat ctx=0..8201:8201 prompt start
1003 03:12:43 ds4-server: chat ctx=0..8201:8201 prefill chunk 128/8201 (1.6%) chunk=0.00 t/s avg=213.86 t/s 0.599s
1003 03:12:44 ds4-server: chat ctx=0..8201:8201 prefill chunk 256/8201 (3.1%) chunk=276.75 t/s avg=241.27 t/s 1.061s
1003 03:12:44 ds4-server: chat ctx=0..8201:8201 prefill chunk 384/8201 (4.7%) chunk=245.76 t/s avg=242.75 t/s 1.582s
1003 03:12:45 ds4-server: chat ctx=0..8201:8201 prefill chunk 512/8201 (6.2%) chunk=246.09 t/s avg=243.58 t/s 2.102s
1003 03:12:45 ds4-server: chat ctx=0..8201:8201 prefill chunk 640/8201 (7.8%) chunk=241.54 t/s avg=243.17 t/s 2.632s
1003 03:12:46 ds4-server: chat ctx=0..8201:8201 prefill chunk 768/8201 (9.4%) chunk=249.39 t/s avg=244.18 t/s 3.145s
1003 03:12:46 ds4-server: chat ctx=0..8201:8201 prefill chunk 896/8201 (10.9%) chunk=231.17 t/s avg=242.24 t/s 3.699s
1003 03:12:47 ds4-server: chat ctx=0..8201:8201 prefill chunk 1024/8201 (12.5%) chunk=228.57 t/s avg=240.44 t/s 4.259s
1003 03:12:47 ds4-server: chat ctx=0..8201:8201 prefill chunk 1152/8201 (14.0%) chunk=253.15 t/s avg=241.79 t/s 4.765s
1003 03:12:48 ds4-server: chat ctx=0..8201:8201 prefill chunk 1280/8201 (15.6%) chunk=248.95 t/s avg=242.49 t/s 5.279s
1003 03:12:48 ds4-server: chat ctx=0..8201:8201 prefill chunk 1408/8201 (17.2%) chunk=238.81 t/s avg=242.15 t/s 5.815s
1003 03:12:49 ds4-server: chat ctx=0..8201:8201 prefill chunk 1536/8201 (18.7%) chunk=236.94 t/s avg=241.70 t/s 6.355s
1003 03:12:49 ds4-server: chat ctx=0..8201:8201 prefill chunk 1664/8201 (20.3%) chunk=255.28 t/s avg=242.70 t/s 6.856s
1003 03:12:50 ds4-server: chat ctx=0..8201:8201 prefill chunk 1792/8201 (21.9%) chunk=238.10 t/s avg=242.36 t/s 7.394s
1003 03:12:51 ds4-server: chat ctx=0..8201:8201 prefill chunk 1920/8201 (23.4%) chunk=228.60 t/s avg=241.39 t/s 7.954s
1003 03:12:51 ds4-server: chat ctx=0..8201:8201 prefill chunk 2048/8201 (25.0%) chunk=243.04 t/s avg=241.50 t/s 8.480s
1003 03:12:52 ds4-server: chat ctx=0..8201:8201 prefill chunk 2176/8201 (26.5%) chunk=228.86 t/s avg=240.71 t/s 9.040s
1003 03:12:52 ds4-server: chat ctx=0..8201:8201 prefill chunk 2304/8201 (28.1%) chunk=229.86 t/s avg=240.08 t/s 9.597s
1003 03:12:53 ds4-server: chat ctx=0..8201:8201 prefill chunk 2432/8201 (29.7%) chunk=225.50 t/s avg=239.27 t/s 10.164s
1003 03:12:53 ds4-server: chat ctx=8351..8401:50 gen=200 decoding chunk=4.02 t/s avg=3.89 t/s 51.381s
1003 03:12:53 ds4-server: chat ctx=0..8201:8201 prefill chunk 2560/8201 (31.2%) chunk=232.29 t/s avg=238.91 t/s 10.715s
1003 03:12:54 ds4-server: chat ctx=0..8201:8201 prefill chunk 2688/8201 (32.8%) chunk=229.26 t/s avg=238.43 t/s 11.274s
1003 03:12:54 ds4-server: chat ctx=0..8201:8201 prefill chunk 2816/8201 (34.3%) chunk=229.17 t/s avg=238.00 t/s 11.832s
1003 03:12:55 ds4-server: chat ctx=0..8201:8201 prefill chunk 2944/8201 (35.9%) chunk=211.51 t/s avg=236.71 t/s 12.437s
1003 03:12:55 ds4-server: chat ctx=8351..8401:50 gen=200 decoding chunk=3.47 t/s avg=3.82 t/s 52.372s
1003 03:12:56 ds4-server: chat ctx=0..8201:8201 prefill chunk 3072/8201 (37.5%) chunk=231.56 t/s avg=236.49 t/s 12.990s
1003 03:12:56 ds4-server: chat ctx=0..8201:8201 prefill chunk 3200/8201 (39.0%) chunk=237.46 t/s avg=236.53 t/s 13.529s
1003 03:12:57 ds4-server: chat ctx=0..8201:8201 prefill chunk 3328/8201 (40.6%) chunk=234.77 t/s avg=236.46 t/s 14.074s
1003 03:12:57 ds4-server: chat ctx=0..8201:8201 prefill chunk 3456/8201 (42.1%) chunk=228.05 t/s avg=236.14 t/s 14.636s
1003 03:12:58 ds4-server: chat ctx=0..8201:8201 prefill chunk 3584/8201 (43.7%) chunk=224.06 t/s avg=235.68 t/s 15.207s
1003 03:12:58 ds4-server: chat ctx=0..8201:8201 prefill chunk 3712/8201 (45.3%) chunk=240.50 t/s avg=235.85 t/s 15.739s
1003 03:12:58 ds4-server: chat ctx=8301..8351:50 gen=150 decoding chunk=2.89 t/s avg=6.05 t/s 24.810s
1003 03:12:59 ds4-server: chat ctx=0..8201:8201 prefill chunk 3840/8201 (46.8%) chunk=233.31 t/s avg=235.76 t/s 16.288s
1003 03:12:59 ds4-server: chat ctx=0..8201:8201 prefill chunk 3968/8201 (48.4%) chunk=230.89 t/s avg=235.60 t/s 16.842s
1003 03:13:00 ds4-server: chat ctx=0..8201:8201 prefill chunk 4096/8201 (49.9%) chunk=220.77 t/s avg=235.11 t/s 17.422s
1003 03:13:01 ds4-server: chat ctx=0..8201:8201 prefill chunk 4224/8201 (51.5%) chunk=223.23 t/s avg=234.73 t/s 17.995s
1003 03:13:01 ds4-server: chat ctx=0..8201:8201 prefill chunk 4352/8201 (53.1%) chunk=224.55 t/s avg=234.42 t/s 18.565s
1003 03:13:02 ds4-server: chat ctx=0..8201:8201 prefill chunk 4480/8201 (54.6%) chunk=213.35 t/s avg=233.76 t/s 19.165s
1003 03:13:02 ds4-server: chat ctx=0..8201:8201 prefill chunk 4608/8201 (56.2%) chunk=216.93 t/s avg=233.25 t/s 19.755s
1003 03:13:03 ds4-server: chat ctx=0..8201:8201 prefill chunk 4736/8201 (57.7%) chunk=213.36 t/s avg=232.67 t/s 20.355s
1003 03:13:04 ds4-server: chat ctx=0..8201:8201 prefill chunk 4864/8201 (59.3%) chunk=218.29 t/s avg=232.26 t/s 20.942s
1003 03:13:04 ds4-server: chat ctx=0..8201:8201 prefill chunk 4992/8201 (60.9%) chunk=214.75 t/s avg=231.78 t/s 21.538s
1003 03:13:05 ds4-server: chat ctx=0..8201:8201 prefill chunk 5120/8201 (62.4%) chunk=227.93 t/s avg=231.68 t/s 22.099s
1003 03:13:05 ds4-server: chat ctx=0..8201:8201 prefill chunk 5248/8201 (64.0%) chunk=214.13 t/s avg=231.22 t/s 22.697s
1003 03:13:06 ds4-server: chat ctx=0..8201:8201 prefill chunk 5376/8201 (65.6%) chunk=215.72 t/s avg=230.82 t/s 23.290s
1003 03:13:07 ds4-server: chat ctx=0..8201:8201 prefill chunk 5504/8201 (67.1%) chunk=214.67 t/s avg=230.42 t/s 23.887s
1003 03:13:07 ds4-server: chat ctx=0..8201:8201 prefill chunk 5632/8201 (68.7%) chunk=221.17 t/s avg=230.20 t/s 24.465s
1003 03:13:08 ds4-server: chat ctx=0..8201:8201 prefill chunk 5760/8201 (70.2%) chunk=222.19 t/s avg=230.02 t/s 25.041s
1003 03:13:08 ds4-server: chat ctx=0..8201:8201 prefill chunk 5888/8201 (71.8%) chunk=230.98 t/s avg=230.04 t/s 25.596s
1003 03:13:09 ds4-server: chat ctx=0..8201:8201 prefill chunk 6016/8201 (73.4%) chunk=228.01 t/s avg=230.00 t/s 26.157s
1003 03:13:09 ds4-server: chat ctx=0..8201:8201 prefill chunk 6144/8201 (74.9%) chunk=225.83 t/s avg=229.91 t/s 26.724s
1003 03:13:10 ds4-server: chat ctx=0..8201:8201 prefill chunk 6272/8201 (76.5%) chunk=226.48 t/s avg=229.84 t/s 27.289s
1003 03:13:10 ds4-server: chat ctx=0..8201:8201 prefill chunk 6400/8201 (78.0%) chunk=224.34 t/s avg=229.72 t/s 27.860s
1003 03:13:11 ds4-server: chat ctx=0..8201:8201 prefill chunk 6528/8201 (79.6%) chunk=219.88 t/s avg=229.52 t/s 28.442s
1003 03:13:12 ds4-server: chat ctx=0..8201:8201 prefill chunk 6656/8201 (81.2%) chunk=224.06 t/s avg=229.41 t/s 29.013s
1003 03:13:12 ds4-server: chat ctx=0..8201:8201 prefill chunk 6784/8201 (82.7%) chunk=224.08 t/s avg=229.31 t/s 29.584s
1003 03:13:13 ds4-server: chat ctx=0..8201:8201 prefill chunk 6912/8201 (84.3%) chunk=230.98 t/s avg=229.34 t/s 30.138s
1003 03:13:13 ds4-server: chat ctx=0..8201:8201 prefill chunk 7040/8201 (85.8%) chunk=216.54 t/s avg=229.10 t/s 30.729s
1003 03:13:14 ds4-server: chat ctx=0..8201:8201 prefill chunk 7168/8201 (87.4%) chunk=225.78 t/s avg=229.04 t/s 31.296s
1003 03:13:14 ds4-server: chat ctx=0..8201:8201 prefill chunk 7296/8201 (89.0%) chunk=227.51 t/s avg=229.01 t/s 31.859s
1003 03:13:15 ds4-server: chat ctx=0..8201:8201 prefill chunk 7424/8201 (90.5%) chunk=213.60 t/s avg=228.72 t/s 32.458s
1003 03:13:16 ds4-server: chat ctx=0..8201:8201 prefill chunk 7552/8201 (92.1%) chunk=219.87 t/s avg=228.57 t/s 33.040s
1003 03:13:16 ds4-server: chat ctx=0..8201:8201 prefill chunk 7680/8201 (93.6%) chunk=229.18 t/s avg=228.58 t/s 33.599s
1003 03:13:17 ds4-server: chat ctx=0..8201:8201 prefill chunk 7808/8201 (95.2%) chunk=216.37 t/s avg=228.37 t/s 34.190s
1003 03:13:17 ds4-server: chat ctx=0..8201:8201 prefill chunk 7936/8201 (96.8%) chunk=222.62 t/s avg=228.27 t/s 34.765s
1003 03:13:18 ds4-server: chat ctx=0..8201:8201 prefill chunk 8064/8201 (98.3%) chunk=224.83 t/s avg=228.22 t/s 35.335s
1003 03:13:19 ds4-server: chat ctx=0..8201:8201 prefill chunk 8192/8201 (99.9%) chunk=211.10 t/s avg=227.93 t/s 35.941s
1003 03:13:19 ds4-server: chat ctx=0..8201:8201 prefill chunk 8201/8201 (100.0%) chunk=47.30 t/s avg=226.98 t/s 36.131s
1003 03:13:19 ds4-server: chat ctx=0..8201:8201 prompt done 36.131s
1003 03:13:19 ds4-server: chat ctx=8401..8451:50 gen=250 decoding chunk=1.90 t/s avg=3.22 t/s 77.648s
1003 03:13:19 ds4-server: chat ctx=8401..8451:50 gen=250 decoding chunk=2.06 t/s avg=3.26 t/s 76.666s
1003 03:13:20 ds4-server: chat ctx=8451..8457:6 gen=256 decoding chunk=13.32 t/s avg=3.28 t/s 78.099s
1003 03:13:20 ds4-server: chat ctx=0..8201:8201 gen=256 finish=length 167.329s
1003 03:13:20 slot 1: request reuses nothing; evicting checkpoint (8457 tokens, idle 0 s, protected)
1003 03:13:20 ds4-server: live kv cache miss live=8457 prompt=8201 common=17 vision=match reason=token-mismatch
1003 03:13:20 ds4-server: chat ctx=0..8201:8201 prompt start
1003 03:13:20 ds4-server: chat ctx=0..8201:8201 prefill chunk 128/8201 (1.6%) chunk=0.00 t/s avg=216.19 t/s 0.592s
1003 03:13:21 ds4-server: chat ctx=0..8201:8201 prefill chunk 256/8201 (3.1%) chunk=277.56 t/s avg=243.06 t/s 1.053s
1003 03:13:21 ds4-server: chat ctx=8351..8401:50 gen=200 decoding chunk=2.24 t/s avg=4.24 t/s 47.120s
1003 03:13:21 ds4-server: chat ctx=8451..8457:6 gen=256 decoding chunk=4.56 t/s avg=3.28 t/s 77.983s
1003 03:13:21 ds4-server: chat ctx=0..8201:8201 gen=256 finish=length 167.443s
1003 03:13:21 slot 2: request reuses nothing; evicting checkpoint (8457 tokens, idle 0 s, protected)
1003 03:13:21 ds4-server: chat ctx=0..8201:8201 prefill chunk 384/8201 (4.7%) chunk=247.07 t/s avg=244.38 t/s 1.571s
1003 03:13:21 ds4-server: live kv cache miss live=8457 prompt=8201 common=17 vision=match reason=token-mismatch
1003 03:13:21 ds4-server: chat ctx=0..8201:8201 prompt start
1003 03:13:22 ds4-server: chat ctx=0..8201:8201 prefill chunk 512/8201 (6.2%) chunk=253.67 t/s avg=246.64 t/s 2.076s
1003 03:13:23 ds4-server: chat ctx=0..8201:8201 prefill chunk 640/8201 (7.8%) chunk=124.03 t/s avg=205.93 t/s 3.108s
1003 03:13:23 ds4-server: chat ctx=0..8201:8201 prefill chunk 128/8201 (1.6%) chunk=0.00 t/s avg=83.36 t/s 1.535s
1003 03:13:23 ds4-server: chat ctx=0..8201:8201 prefill chunk 256/8201 (3.1%) chunk=277.17 t/s avg=128.18 t/s 1.997s
1003 03:13:24 ds4-server: chat ctx=0..8201:8201 prefill chunk 768/8201 (9.4%) chunk=128.42 t/s avg=187.11 t/s 4.105s
1003 03:13:24 ds4-server: chat ctx=0..8201:8201 prefill chunk 384/8201 (4.7%) chunk=128.26 t/s avg=128.21 t/s 2.995s
1003 03:13:25 ds4-server: chat ctx=0..8201:8201 prefill chunk 896/8201 (10.9%) chunk=123.46 t/s avg=174.27 t/s 5.141s
1003 03:13:25 ds4-server: chat ctx=0..8201:8201 prefill chunk 512/8201 (6.2%) chunk=123.30 t/s avg=126.94 t/s 4.033s
1003 03:13:26 ds4-server: chat ctx=0..8201:8201 prefill chunk 1024/8201 (12.5%) chunk=122.17 t/s avg=165.45 t/s 6.189s
1003 03:13:26 ds4-server: chat ctx=0..8201:8201 prefill chunk 640/8201 (7.8%) chunk=120.92 t/s avg=125.69 t/s 5.092s
1003 03:13:27 ds4-server: chat ctx=0..8201:8201 prefill chunk 1152/8201 (14.0%) chunk=127.60 t/s avg=160.17 t/s 7.192s
1003 03:13:27 ds4-server: chat ctx=0..8201:8201 prefill chunk 768/8201 (9.4%) chunk=130.18 t/s avg=126.42 t/s 6.075s
1003 03:13:28 ds4-server: chat ctx=0..8201:8201 prefill chunk 1280/8201 (15.6%) chunk=128.50 t/s avg=156.32 t/s 8.188s
1003 03:13:28 ds4-server: chat ctx=0..8201:8201 prefill chunk 896/8201 (10.9%) chunk=123.66 t/s avg=126.01 t/s 7.110s
1003 03:13:29 ds4-server: chat ctx=0..8201:8201 prefill chunk 1408/8201 (17.2%) chunk=122.10 t/s avg=152.44 t/s 9.237s
1003 03:13:29 ds4-server: chat ctx=0..8201:8201 prefill chunk 1024/8201 (12.5%) chunk=121.09 t/s avg=125.38 t/s 8.167s
1003 03:13:30 ds4-server: chat ctx=0..8201:8201 prefill chunk 1536/8201 (18.7%) chunk=120.24 t/s avg=149.11 t/s 10.301s
1003 03:13:30 ds4-server: chat ctx=0..8201:8201 prefill chunk 1152/8201 (14.0%) chunk=126.58 t/s avg=125.51 t/s 9.179s
1003 03:13:31 ds4-server: chat ctx=0..8201:8201 prefill chunk 1664/8201 (20.3%) chunk=131.35 t/s avg=147.57 t/s 11.276s
1003 03:13:31 ds4-server: chat ctx=0..8201:8201 prefill chunk 1280/8201 (15.6%) chunk=130.14 t/s avg=125.96 t/s 10.162s
1003 03:13:32 ds4-server: chat ctx=0..8201:8201 prefill chunk 1792/8201 (21.9%) chunk=125.65 t/s avg=145.76 t/s 12.294s
1003 03:13:32 ds4-server: chat ctx=0..8201:8201 prefill chunk 1408/8201 (17.2%) chunk=123.49 t/s avg=125.73 t/s 11.199s
1003 03:13:33 ds4-server: chat ctx=0..8201:8201 prefill chunk 1920/8201 (23.4%) chunk=121.31 t/s avg=143.83 t/s 13.349s
1003 03:13:33 ds4-server: chat ctx=0..8201:8201 prefill chunk 1536/8201 (18.7%) chunk=120.83 t/s avg=125.31 t/s 12.258s
1003 03:13:34 ds4-server: chat ctx=0..8201:8201 prefill chunk 2048/8201 (25.0%) chunk=124.28 t/s avg=142.43 t/s 14.379s
1003 03:13:34 ds4-server: chat ctx=0..8201:8201 prefill chunk 1664/8201 (20.3%) chunk=128.72 t/s avg=125.56 t/s 13.252s
1003 03:13:35 ds4-server: chat ctx=0..8201:8201 prefill chunk 2176/8201 (26.5%) chunk=124.57 t/s avg=141.23 t/s 15.407s
1003 03:13:36 ds4-server: chat ctx=0..8201:8201 prefill chunk 1792/8201 (21.9%) chunk=120.22 t/s avg=125.17 t/s 14.317s
1003 03:13:36 ds4-server: chat ctx=0..8201:8201 prefill chunk 2304/8201 (28.1%) chunk=120.67 t/s avg=139.91 t/s 16.468s
1003 03:13:37 ds4-server: chat ctx=0..8201:8201 prefill chunk 1920/8201 (23.4%) chunk=118.82 t/s avg=124.72 t/s 15.394s
1003 03:13:37 ds4-server: chat ctx=0..8201:8201 prefill chunk 2432/8201 (29.7%) chunk=117.96 t/s avg=138.55 t/s 17.553s
1003 03:13:38 ds4-server: chat ctx=0..8201:8201 prefill chunk 2048/8201 (25.0%) chunk=121.00 t/s avg=124.48 t/s 16.452s
1003 03:13:38 ds4-server: chat ctx=0..8201:8201 prefill chunk 2560/8201 (31.2%) chunk=122.43 t/s avg=137.65 t/s 18.598s
1003 03:13:39 ds4-server: chat ctx=0..8201:8201 prefill chunk 2176/8201 (26.5%) chunk=118.73 t/s avg=124.13 t/s 17.530s
1003 03:13:39 ds4-server: chat ctx=0..8201:8201 prefill chunk 2688/8201 (32.8%) chunk=117.67 t/s avg=136.54 t/s 19.686s
1003 03:13:39 ds4-server: chat ctx=8201..8251:50 gen=50 decoding chunk=2.43 t/s avg=2.43 t/s 20.589s
1003 03:13:40 ds4-server: chat ctx=0..8201:8201 prefill chunk 2304/8201 (28.1%) chunk=118.18 t/s avg=123.78 t/s 18.613s
1003 03:13:40 ds4-server: chat ctx=0..8201:8201 prefill chunk 2816/8201 (34.3%) chunk=118.53 t/s avg=135.61 t/s 20.766s
1003 03:13:41 ds4-server: chat ctx=0..8201:8201 prefill chunk 2432/8201 (29.7%) chunk=117.47 t/s avg=123.43 t/s 19.703s
1003 03:13:42 ds4-server: chat ctx=0..8201:8201 prefill chunk 2944/8201 (35.9%) chunk=113.07 t/s avg=134.44 t/s 21.898s
1003 03:13:42 ds4-server: chat ctx=0..8201:8201 prefill chunk 2560/8201 (31.2%) chunk=114.23 t/s avg=122.94 t/s 20.823s
1003 03:13:43 ds4-server: chat ctx=0..8201:8201 prefill chunk 3072/8201 (37.5%) chunk=119.16 t/s avg=133.73 t/s 22.972s
1003 03:13:43 ds4-server: chat ctx=0..8201:8201 prefill chunk 2688/8201 (32.8%) chunk=118.62 t/s avg=122.73 t/s 21.903s
1003 03:13:44 ds4-server: chat ctx=0..8201:8201 prefill chunk 3200/8201 (39.0%) chunk=119.98 t/s avg=133.12 t/s 24.039s
1003 03:13:44 ds4-server: chat ctx=0..8201:8201 prefill chunk 2816/8201 (34.3%) chunk=120.15 t/s avg=122.61 t/s 22.968s
1003 03:13:45 ds4-server: chat ctx=0..8201:8201 prefill chunk 3328/8201 (40.6%) chunk=119.62 t/s avg=132.54 t/s 25.109s
1003 03:13:45 ds4-server: chat ctx=0..8201:8201 prefill chunk 2944/8201 (35.9%) chunk=114.94 t/s avg=122.25 t/s 24.081s
1003 03:13:46 ds4-server: chat ctx=0..8201:8201 prefill chunk 3456/8201 (42.1%) chunk=113.60 t/s avg=131.73 t/s 26.236s
1003 03:13:46 ds4-server: chat ctx=0..8201:8201 prefill chunk 3072/8201 (37.5%) chunk=118.60 t/s avg=122.09 t/s 25.161s
1003 03:13:47 ds4-server: chat ctx=0..8201:8201 prefill chunk 3584/8201 (43.7%) chunk=117.14 t/s avg=131.15 t/s 27.328s
1003 03:13:47 ds4-server: chat ctx=8401..8451:50 gen=250 decoding chunk=1.90 t/s avg=3.41 t/s 73.378s
1003 03:13:47 ds4-server: chat ctx=0..8201:8201 prefill chunk 3200/8201 (39.0%) chunk=118.32 t/s avg=121.94 t/s 26.243s
1003 03:13:48 ds4-server: chat ctx=0..8201:8201 prefill chunk 3712/8201 (45.3%) chunk=122.92 t/s avg=130.84 t/s 28.370s
1003 03:13:49 ds4-server: chat ctx=0..8201:8201 prefill chunk 3328/8201 (40.6%) chunk=122.62 t/s avg=121.97 t/s 27.286s
1003 03:13:49 ds4-server: chat ctx=0..8201:8201 prefill chunk 3840/8201 (46.8%) chunk=120.62 t/s avg=130.47 t/s 29.431s
1003 03:13:50 ds4-server: chat ctx=0..8201:8201 prefill chunk 3456/8201 (42.1%) chunk=119.24 t/s avg=121.86 t/s 28.360s
1003 03:13:50 ds4-server: chat ctx=0..8201:8201 prefill chunk 3968/8201 (48.4%) chunk=118.97 t/s avg=130.07 t/s 30.507s
1003 03:13:50 ds4-server: chat ctx=8451..8457:6 gen=256 decoding chunk=1.89 t/s avg=3.34 t/s 76.556s
1003 03:13:50 ds4-server: chat ctx=0..8201:8201 gen=256 finish=length 122.492s
1003 03:13:50 slot 0: request reuses nothing; evicting checkpoint (8457 tokens, idle 0 s, protected)
1003 03:13:51 ds4-server: chat ctx=0..8201:8201 prefill chunk 3584/8201 (43.7%) chunk=117.35 t/s avg=121.70 t/s 29.451s
1003 03:13:51 ds4-server: live kv cache miss live=8457 prompt=8201 common=17 vision=match reason=token-mismatch
1003 03:13:51 ds4-server: chat ctx=0..8201:8201 prompt start
1003 03:13:51 ds4-server: chat ctx=0..8201:8201 prefill chunk 4096/8201 (49.9%) chunk=116.65 t/s avg=129.60 t/s 31.604s
1003 03:13:52 ds4-server: chat ctx=0..8201:8201 prefill chunk 3712/8201 (45.3%) chunk=123.37 t/s avg=121.75 t/s 30.488s
1003 03:13:53 ds4-server: chat ctx=0..8201:8201 prefill chunk 4224/8201 (51.5%) chunk=83.46 t/s avg=127.47 t/s 33.138s
1003 03:13:53 ds4-server: chat ctx=0..8201:8201 prefill chunk 3840/8201 (46.8%) chunk=82.55 t/s avg=119.85 t/s 32.039s
1003 03:13:53 ds4-server: chat ctx=0..8201:8201 prefill chunk 128/8201 (1.6%) chunk=0.00 t/s avg=49.47 t/s 2.588s
1003 03:13:54 ds4-server: chat ctx=0..8201:8201 prefill chunk 256/8201 (3.1%) chunk=275.78 t/s avg=83.89 t/s 3.052s
1003 03:13:54 ds4-server: chat ctx=0..8201:8201 prefill chunk 4352/8201 (53.1%) chunk=83.57 t/s avg=125.53 t/s 34.669s
1003 03:13:55 ds4-server: chat ctx=0..8201:8201 prefill chunk 3968/8201 (48.4%) chunk=83.26 t/s avg=118.18 t/s 33.576s
1003 03:13:55 ds4-server: chat ctx=0..8201:8201 prefill chunk 384/8201 (4.7%) chunk=83.16 t/s avg=83.64 t/s 4.591s
1003 03:13:56 ds4-server: chat ctx=0..8201:8201 prefill chunk 4480/8201 (54.6%) chunk=82.18 t/s avg=123.66 t/s 36.227s
1003 03:13:56 ds4-server: chat ctx=0..8201:8201 prefill chunk 4096/8201 (49.9%) chunk=80.72 t/s avg=116.49 t/s 35.162s
1003 03:13:57 ds4-server: chat ctx=0..8201:8201 prefill chunk 512/8201 (6.2%) chunk=80.67 t/s avg=82.88 t/s 6.178s
1003 03:13:57 ds4-server: chat ctx=0..8201:8201 prefill chunk 4608/8201 (56.2%) chunk=80.75 t/s avg=121.87 t/s 37.812s
1003 03:13:58 ds4-server: chat ctx=0..8201:8201 prefill chunk 4224/8201 (51.5%) chunk=81.30 t/s avg=114.98 t/s 36.736s
1003 03:13:58 ds4-server: chat ctx=0..8201:8201 prefill chunk 640/8201 (7.8%) chunk=80.80 t/s avg=82.46 t/s 7.762s
1003 03:13:59 ds4-server: chat ctx=0..8201:8201 prefill chunk 4736/8201 (57.7%) chunk=80.31 t/s avg=120.18 t/s 39.406s
1003 03:14:00 ds4-server: chat ctx=0..8201:8201 prefill chunk 4352/8201 (53.1%) chunk=80.23 t/s avg=113.54 t/s 38.332s
1003 03:14:00 ds4-server: chat ctx=0..8201:8201 prefill chunk 768/8201 (9.4%) chunk=81.08 t/s avg=82.22 t/s 9.340s
1003 03:14:01 ds4-server: chat ctx=0..8201:8201 prefill chunk 4864/8201 (59.3%) chunk=82.01 t/s avg=118.73 t/s 40.967s
1003 03:14:01 ds4-server: chat ctx=0..8201:8201 prefill chunk 4480/8201 (54.6%) chunk=81.01 t/s avg=112.25 t/s 39.912s
1003 03:14:02 ds4-server: chat ctx=0..8201:8201 prefill chunk 896/8201 (10.9%) chunk=78.97 t/s avg=81.74 t/s 10.961s
1003 03:14:02 ds4-server: chat ctx=0..8201:8201 prefill chunk 4992/8201 (60.9%) chunk=78.36 t/s avg=117.18 t/s 42.600s
1003 03:14:03 ds4-server: chat ctx=0..8201:8201 prefill chunk 4608/8201 (56.2%) chunk=78.48 t/s avg=110.92 t/s 41.543s
1003 03:14:03 ds4-server: chat ctx=0..8201:8201 prefill chunk 1024/8201 (12.5%) chunk=78.17 t/s avg=81.28 t/s 12.599s
1003 03:14:04 ds4-server: chat ctx=0..8201:8201 prefill chunk 5120/8201 (62.4%) chunk=79.67 t/s avg=115.82 t/s 44.207s
1003 03:14:04 ds4-server: chat ctx=0..8201:8201 prefill chunk 4736/8201 (57.7%) chunk=79.19 t/s avg=109.73 t/s 43.159s
1003 03:14:05 ds4-server: chat ctx=0..8201:8201 prefill chunk 1152/8201 (14.0%) chunk=81.94 t/s avg=81.35 t/s 14.161s
1003 03:14:05 ds4-server: chat ctx=0..8201:8201 prefill chunk 5248/8201 (64.0%) chunk=80.14 t/s avg=114.57 t/s 45.804s
1003 03:14:06 ds4-server: chat ctx=0..8201:8201 prefill chunk 4864/8201 (59.3%) chunk=80.81 t/s avg=108.71 t/s 44.743s
1003 03:14:06 ds4-server: chat ctx=8251..8301:50 gen=100 decoding chunk=1.88 t/s avg=2.12 t/s 47.236s
1003 03:14:06 ds4-server: chat ctx=0..8201:8201 prefill chunk 1280/8201 (15.6%) chunk=80.33 t/s avg=81.25 t/s 15.754s
1003 03:14:07 ds4-server: chat ctx=0..8201:8201 prefill chunk 5376/8201 (65.6%) chunk=80.66 t/s avg=113.44 t/s 47.391s
1003 03:14:08 ds4-server: chat ctx=0..8201:8201 prefill chunk 4992/8201 (60.9%) chunk=80.46 t/s avg=107.74 t/s 46.334s
1003 03:14:08 ds4-server: chat ctx=0..8201:8201 prefill chunk 1408/8201 (17.2%) chunk=79.55 t/s avg=81.09 t/s 17.363s
1003 03:14:09 ds4-server: chat ctx=0..8201:8201 prefill chunk 5504/8201 (67.1%) chunk=79.57 t/s avg=112.33 t/s 49.000s
1003 03:14:09 ds4-server: chat ctx=0..8201:8201 prefill chunk 5120/8201 (62.4%) chunk=81.01 t/s avg=106.86 t/s 47.914s
1003 03:14:10 ds4-server: chat ctx=0..8201:8201 prefill chunk 1536/8201 (18.7%) chunk=80.74 t/s avg=81.06 t/s 18.949s
1003 03:14:10 ds4-server: chat ctx=0..8201:8201 prefill chunk 5632/8201 (68.7%) chunk=81.30 t/s avg=111.36 t/s 50.574s
1003 03:14:11 ds4-server: chat ctx=0..8201:8201 prefill chunk 5248/8201 (64.0%) chunk=79.54 t/s avg=105.97 t/s 49.523s
1003 03:14:11 ds4-server: chat ctx=0..8201:8201 prefill chunk 1664/8201 (20.3%) chunk=81.35 t/s avg=81.08 t/s 20.522s
1003 03:14:12 ds4-server: chat ctx=0..8201:8201 prefill chunk 5760/8201 (70.2%) chunk=81.47 t/s avg=110.46 t/s 52.145s
1003 03:14:12 ds4-server: chat ctx=0..8201:8201 prefill chunk 5376/8201 (65.6%) chunk=81.58 t/s avg=105.22 t/s 51.092s
1003 03:14:13 ds4-server: chat ctx=0..8201:8201 prefill chunk 1792/8201 (21.9%) chunk=79.83 t/s avg=80.99 t/s 22.125s
1003 03:14:13 ds4-server: chat ctx=0..8201:8201 prefill chunk 5888/8201 (71.8%) chunk=80.97 t/s avg=109.59 t/s 53.726s
1003 03:14:14 ds4-server: chat ctx=0..8201:8201 prefill chunk 5504/8201 (67.1%) chunk=81.10 t/s avg=104.50 t/s 52.671s
1003 03:14:14 ds4-server: chat ctx=0..8201:8201 prefill chunk 1920/8201 (23.4%) chunk=80.13 t/s avg=80.93 t/s 23.723s
1003 03:14:15 ds4-server: chat ctx=0..8201:8201 prefill chunk 6016/8201 (73.4%) chunk=80.05 t/s avg=108.74 t/s 55.325s
1003 03:14:15 ds4-server: chat ctx=0..8201:8201 prefill chunk 5632/8201 (68.7%) chunk=80.54 t/s avg=103.80 t/s 54.260s
1003 03:14:16 ds4-server: chat ctx=0..8201:8201 prefill chunk 2048/8201 (25.0%) chunk=82.03 t/s avg=81.00 t/s 25.283s
1003 03:14:17 ds4-server: chat ctx=0..8201:8201 prefill chunk 6144/8201 (74.9%) chunk=81.55 t/s avg=107.99 t/s 56.895s
1003 03:14:17 ds4-server: chat ctx=0..8201:8201 prefill chunk 5760/8201 (70.2%) chunk=81.78 t/s avg=103.18 t/s 55.825s
1003 03:14:18 ds4-server: chat ctx=0..8201:8201 prefill chunk 2176/8201 (26.5%) chunk=80.10 t/s avg=80.95 t/s 26.881s
1003 03:14:18 ds4-server: chat ctx=0..8201:8201 prefill chunk 6272/8201 (76.5%) chunk=80.25 t/s avg=107.23 t/s 58.490s
1003 03:14:19 ds4-server: chat ctx=0..8201:8201 prefill chunk 5888/8201 (71.8%) chunk=81.35 t/s avg=102.58 t/s 57.399s
1003 03:14:19 ds4-server: chat ctx=0..8201:8201 prefill chunk 2304/8201 (28.1%) chunk=81.71 t/s avg=80.99 t/s 28.448s
1003 03:14:20 ds4-server: chat ctx=0..8201:8201 prefill chunk 6400/8201 (78.0%) chunk=81.35 t/s avg=106.55 t/s 60.063s
1003 03:14:20 ds4-server: chat ctx=0..8201:8201 prefill chunk 6016/8201 (73.4%) chunk=81.21 t/s avg=102.01 t/s 58.975s
1003 03:14:21 ds4-server: chat ctx=0..8201:8201 prefill chunk 2432/8201 (29.7%) chunk=80.63 t/s avg=80.97 t/s 30.035s
1003 03:14:21 ds4-server: chat ctx=0..8201:8201 prefill chunk 6528/8201 (79.6%) chunk=80.17 t/s avg=105.87 t/s 61.660s
1003 03:14:22 ds4-server: chat ctx=0..8201:8201 prefill chunk 6144/8201 (74.9%) chunk=79.76 t/s avg=101.42 t/s 60.579s
1003 03:14:22 ds4-server: chat ctx=0..8201:8201 prefill chunk 2560/8201 (31.2%) chunk=80.41 t/s avg=80.94 t/s 31.627s
1003 03:14:23 ds4-server: chat ctx=0..8201:8201 prefill chunk 6656/8201 (81.2%) chunk=80.90 t/s avg=105.25 t/s 63.242s
1003 03:14:23 ds4-server: chat ctx=0..8201:8201 prefill chunk 6272/8201 (76.5%) chunk=81.02 t/s avg=100.90 t/s 62.159s
1003 03:14:24 ds4-server: chat ctx=0..8201:8201 prefill chunk 2688/8201 (32.8%) chunk=80.67 t/s avg=80.93 t/s 33.214s
1003 03:14:24 ds4-server: chat ctx=0..8201:8201 prefill chunk 6784/8201 (82.7%) chunk=80.67 t/s avg=104.65 t/s 64.829s
1003 03:14:25 ds4-server: chat ctx=0..8201:8201 prefill chunk 6400/8201 (78.0%) chunk=80.23 t/s avg=100.38 t/s 63.755s
1003 03:14:26 ds4-server: chat ctx=0..8201:8201 prefill chunk 2816/8201 (34.3%) chunk=80.30 t/s avg=80.90 t/s 34.808s
1003 03:14:26 ds4-server: chat ctx=0..8201:8201 prefill chunk 6912/8201 (84.3%) chunk=81.08 t/s avg=104.08 t/s 66.407s
1003 03:14:27 ds4-server: chat ctx=0..8201:8201 prefill chunk 6528/8201 (79.6%) chunk=80.81 t/s avg=99.91 t/s 65.339s
1003 03:14:27 ds4-server: chat ctx=0..8201:8201 prefill chunk 2944/8201 (35.9%) chunk=78.74 t/s avg=80.80 t/s 36.434s
1003 03:14:28 ds4-server: chat ctx=0..8201:8201 prefill chunk 7040/8201 (85.8%) chunk=77.15 t/s avg=103.43 t/s 68.067s
1003 03:14:28 ds4-server: chat ctx=0..8201:8201 prefill chunk 6656/8201 (81.2%) chunk=77.42 t/s avg=99.36 t/s 66.992s
1003 03:14:29 ds4-server: chat ctx=0..8201:8201 prefill chunk 3072/8201 (37.5%) chunk=79.59 t/s avg=80.75 t/s 38.042s
1003 03:14:29 ds4-server: chat ctx=0..8201:8201 prefill chunk 7168/8201 (87.4%) chunk=80.92 t/s avg=102.92 t/s 69.648s
1003 03:14:30 ds4-server: chat ctx=0..8201:8201 prefill chunk 6784/8201 (82.7%) chunk=80.97 t/s avg=98.93 t/s 68.573s
1003 03:14:30 ds4-server: chat ctx=0..8201:8201 prefill chunk 3200/8201 (39.0%) chunk=81.56 t/s avg=80.79 t/s 39.611s
1003 03:14:31 ds4-server: chat ctx=0..8201:8201 prefill chunk 7296/8201 (89.0%) chunk=81.40 t/s avg=102.44 t/s 71.221s
1003 03:14:31 ds4-server: chat ctx=0..8201:8201 prefill chunk 6912/8201 (84.3%) chunk=82.15 t/s avg=98.56 t/s 70.131s
1003 03:14:32 ds4-server: chat ctx=0..8201:8201 prefill chunk 3328/8201 (40.6%) chunk=81.97 t/s avg=80.83 t/s 41.173s
1003 03:14:32 ds4-server: chat ctx=0..8201:8201 prefill chunk 7424/8201 (90.5%) chunk=80.22 t/s avg=101.96 t/s 72.816s
1003 03:14:32 ds4-server: chat ctx=8301..8351:50 gen=150 decoding chunk=1.89 t/s avg=2.04 t/s 73.698s
1003 03:14:33 ds4-server: chat ctx=0..8201:8201 prefill chunk 7040/8201 (85.8%) chunk=78.61 t/s avg=98.11 t/s 71.759s
1003 03:14:34 ds4-server: chat ctx=0..8201:8201 prefill chunk 3456/8201 (42.1%) chunk=78.01 t/s avg=80.72 t/s 42.814s
1003 03:14:34 ds4-server: chat ctx=0..8201:8201 prefill chunk 7552/8201 (92.1%) chunk=79.03 t/s avg=101.46 t/s 74.436s
1003 03:14:35 ds4-server: chat ctx=0..8201:8201 prefill chunk 7168/8201 (87.4%) chunk=80.34 t/s avg=97.72 t/s 73.353s
1003 03:14:35 ds4-server: chat ctx=0..8201:8201 prefill chunk 3584/8201 (43.7%) chunk=79.63 t/s avg=80.68 t/s 44.421s
1003 03:14:36 ds4-server: chat ctx=0..8201:8201 prefill chunk 7680/8201 (93.6%) chunk=80.56 t/s avg=101.02 t/s 76.025s
1003 03:14:36 ds4-server: chat ctx=0..8201:8201 prefill chunk 7296/8201 (89.0%) chunk=80.43 t/s avg=97.35 t/s 74.944s
1003 03:14:37 ds4-server: chat ctx=0..8201:8201 prefill chunk 3712/8201 (45.3%) chunk=82.49 t/s avg=80.74 t/s 45.973s
1003 03:14:37 ds4-server: chat ctx=0..8201:8201 prefill chunk 7808/8201 (95.2%) chunk=80.67 t/s avg=100.60 t/s 77.612s
1003 03:14:38 ds4-server: chat ctx=0..8201:8201 prefill chunk 7424/8201 (90.5%) chunk=79.15 t/s avg=96.97 t/s 76.561s
1003 03:14:38 ds4-server: chat ctx=0..8201:8201 prefill chunk 3840/8201 (46.8%) chunk=78.42 t/s avg=80.66 t/s 47.605s
1003 03:14:39 ds4-server: chat ctx=0..8201:8201 prefill chunk 7936/8201 (96.8%) chunk=79.38 t/s avg=100.17 t/s 79.224s
1003 03:14:39 ds4-server: chat ctx=0..8201:8201 prefill chunk 7552/8201 (92.1%) chunk=80.36 t/s avg=96.63 t/s 78.154s
1003 03:14:40 ds4-server: chat ctx=0..8201:8201 prefill chunk 3968/8201 (48.4%) chunk=80.13 t/s avg=80.65 t/s 49.202s
1003 03:14:40 ds4-server: chat ctx=0..8201:8201 prefill chunk 8064/8201 (98.3%) chunk=80.49 t/s avg=99.78 t/s 80.815s
1003 03:14:41 ds4-server: chat ctx=0..8201:8201 prefill chunk 7680/8201 (93.6%) chunk=81.53 t/s avg=96.33 t/s 79.724s
1003 03:14:42 ds4-server: chat ctx=0..8201:8201 prefill chunk 4096/8201 (49.9%) chunk=79.98 t/s avg=80.63 t/s 50.803s
1003 03:14:42 ds4-server: chat ctx=0..8201:8201 prefill chunk 8192/8201 (99.9%) chunk=78.06 t/s avg=99.35 t/s 82.454s
1003 03:14:43 ds4-server: chat ctx=0..8201:8201 prefill chunk 7808/8201 (95.2%) chunk=76.44 t/s avg=95.92 t/s 81.399s
1003 03:14:43 ds4-server: chat ctx=0..8201:8201 prefill chunk 4224/8201 (51.5%) chunk=76.96 t/s avg=80.51 t/s 52.466s
1003 03:14:43 ds4-server: chat ctx=0..8201:8201 prefill chunk 8201/8201 (100.0%) chunk=7.23 t/s avg=97.98 t/s 83.700s
1003 03:14:43 ds4-server: chat ctx=0..8201:8201 prompt done 83.700s
1003 03:14:44 ds4-server: chat ctx=0..8201:8201 prefill chunk 7936/8201 (96.8%) chunk=101.05 t/s avg=96.00 t/s 82.665s
1003 03:14:44 ds4-server: chat ctx=0..8201:8201 prefill chunk 4352/8201 (53.1%) chunk=99.34 t/s avg=80.96 t/s 53.754s
1003 03:14:45 ds4-server: chat ctx=0..8201:8201 prefill chunk 8064/8201 (98.3%) chunk=115.31 t/s avg=96.26 t/s 83.775s
1003 03:14:46 ds4-server: chat ctx=0..8201:8201 prefill chunk 4480/8201 (54.6%) chunk=113.20 t/s avg=81.62 t/s 54.885s
1003 03:14:46 ds4-server: chat ctx=0..8201:8201 prefill chunk 8192/8201 (99.9%) chunk=109.63 t/s avg=96.44 t/s 84.943s
1003 03:14:47 ds4-server: chat ctx=0..8201:8201 prefill chunk 4608/8201 (56.2%) chunk=110.04 t/s avg=82.21 t/s 56.048s
1003 03:14:47 ds4-server: chat ctx=0..8201:8201 prefill chunk 8201/8201 (100.0%) chunk=12.01 t/s avg=95.70 t/s 85.692s
1003 03:14:47 ds4-server: chat ctx=0..8201:8201 prompt done 85.692s
1003 03:14:48 ds4-server: chat ctx=0..8201:8201 prefill chunk 4736/8201 (57.7%) chunk=157.08 t/s avg=83.29 t/s 56.863s
1003 03:14:48 ds4-server: chat ctx=0..8201:8201 prefill chunk 4864/8201 (59.3%) chunk=218.57 t/s avg=84.67 t/s 57.449s
1003 03:14:49 ds4-server: chat ctx=0..8201:8201 prefill chunk 4992/8201 (60.9%) chunk=214.48 t/s avg=86.00 t/s 58.046s
1003 03:14:49 ds4-server: chat ctx=0..8201:8201 prefill chunk 5120/8201 (62.4%) chunk=226.77 t/s avg=87.36 t/s 58.610s
1003 03:14:50 ds4-server: chat ctx=0..8201:8201 prefill chunk 5248/8201 (64.0%) chunk=214.55 t/s avg=88.64 t/s 59.207s
1003 03:14:50 ds4-server: chat ctx=0..8201:8201 prefill chunk 5376/8201 (65.6%) chunk=216.77 t/s avg=89.90 t/s 59.797s
1003 03:14:51 ds4-server: chat ctx=0..8201:8201 prefill chunk 5504/8201 (67.1%) chunk=215.60 t/s avg=91.14 t/s 60.391s
1003 03:14:52 ds4-server: chat ctx=0..8201:8201 prefill chunk 5632/8201 (68.7%) chunk=219.09 t/s avg=92.37 t/s 60.975s
1003 03:14:52 ds4-server: chat ctx=0..8201:8201 prefill chunk 5760/8201 (70.2%) chunk=222.67 t/s avg=93.58 t/s 61.550s
1003 03:14:53 ds4-server: chat ctx=0..8201:8201 prefill chunk 5888/8201 (71.8%) chunk=230.03 t/s avg=94.81 t/s 62.106s
1003 03:14:53 ds4-server: chat ctx=0..8201:8201 prefill chunk 6016/8201 (73.4%) chunk=228.84 t/s avg=96.00 t/s 62.666s
1003 03:14:54 ds4-server: chat ctx=0..8201:8201 prefill chunk 6144/8201 (74.9%) chunk=225.37 t/s avg=97.16 t/s 63.234s
1003 03:14:54 ds4-server: chat ctx=0..8201:8201 prefill chunk 6272/8201 (76.5%) chunk=227.14 t/s avg=98.31 t/s 63.797s
1003 03:14:55 ds4-server: chat ctx=0..8201:8201 prefill chunk 6400/8201 (78.0%) chunk=224.30 t/s avg=99.43 t/s 64.368s
1003 03:14:56 ds4-server: chat ctx=0..8201:8201 prefill chunk 6528/8201 (79.6%) chunk=219.56 t/s avg=100.51 t/s 64.951s
1003 03:14:56 ds4-server: chat ctx=0..8201:8201 prefill chunk 6656/8201 (81.2%) chunk=223.12 t/s avg=101.58 t/s 65.525s
1003 03:14:57 ds4-server: chat ctx=0..8201:8201 prefill chunk 6784/8201 (82.7%) chunk=224.75 t/s avg=102.64 t/s 66.094s
1003 03:14:57 ds4-server: chat ctx=0..8201:8201 prefill chunk 6912/8201 (84.3%) chunk=232.04 t/s avg=103.71 t/s 66.646s
1003 03:14:58 ds4-server: chat ctx=0..8201:8201 prefill chunk 7040/8201 (85.8%) chunk=217.07 t/s avg=104.71 t/s 67.235s
1003 03:14:59 ds4-server: chat ctx=0..8201:8201 prefill chunk 7168/8201 (87.4%) chunk=225.67 t/s avg=105.72 t/s 67.803s
1003 03:14:59 ds4-server: chat ctx=8351..8401:50 gen=200 decoding chunk=1.92 t/s avg=2.00 t/s 99.803s
1003 03:14:59 ds4-server: chat ctx=0..8201:8201 prefill chunk 7296/8201 (89.0%) chunk=225.27 t/s avg=106.71 t/s 68.371s
1003 03:15:00 ds4-server: chat ctx=0..8201:8201 prefill chunk 7424/8201 (90.5%) chunk=214.34 t/s avg=107.64 t/s 68.968s
1003 03:15:00 ds4-server: chat ctx=0..8201:8201 prefill chunk 7552/8201 (92.1%) chunk=220.31 t/s avg=108.59 t/s 69.549s
1003 03:15:01 ds4-server: chat ctx=0..8201:8201 prefill chunk 7680/8201 (93.6%) chunk=229.21 t/s avg=109.55 t/s 70.107s
1003 03:15:01 ds4-server: chat ctx=0..8201:8201 prefill chunk 7808/8201 (95.2%) chunk=215.39 t/s avg=110.44 t/s 70.702s
1003 03:15:02 ds4-server: chat ctx=0..8201:8201 prefill chunk 7936/8201 (96.8%) chunk=221.62 t/s avg=111.34 t/s 71.279s
1003 03:15:03 ds4-server: chat ctx=0..8201:8201 prefill chunk 8064/8201 (98.3%) chunk=224.36 t/s avg=112.23 t/s 71.850s
1003 03:15:03 ds4-server: chat ctx=0..8201:8201 prefill chunk 8192/8201 (99.9%) chunk=211.37 t/s avg=113.06 t/s 72.455s
1003 03:15:03 ds4-server: chat ctx=0..8201:8201 prefill chunk 8201/8201 (100.0%) chunk=47.33 t/s avg=112.89 t/s 72.645s
1003 03:15:03 ds4-server: chat ctx=0..8201:8201 prompt done 72.645s
1003 03:15:04 ds4-server: chat ctx=8201..8251:50 gen=50 decoding chunk=2.38 t/s avg=2.38 t/s 20.976s
1003 03:15:05 ds4-server: chat ctx=8201..8251:50 gen=50 decoding chunk=2.78 t/s avg=2.78 t/s 17.971s
1003 03:15:06 ds4-server: chat ctx=8401..8451:50 gen=250 decoding chunk=6.32 t/s avg=2.32 t/s 107.708s
1003 03:15:07 ds4-server: chat ctx=8451..8457:6 gen=256 decoding chunk=13.39 t/s avg=2.37 t/s 108.156s
1003 03:15:07 ds4-server: chat ctx=0..8201:8201 gen=256 finish=length 144.288s
1003 03:15:07 slot 3: request reuses nothing; evicting checkpoint (8457 tokens, idle 0 s, protected)
1003 03:15:07 ds4-server: live kv cache miss live=8457 prompt=8201 common=17 vision=match reason=token-mismatch
1003 03:15:07 ds4-server: chat ctx=0..8201:8201 prompt start
1003 03:15:08 ds4-server: chat ctx=0..8201:8201 prefill chunk 128/8201 (1.6%) chunk=0.00 t/s avg=212.27 t/s 0.603s
1003 03:15:08 ds4-server: chat ctx=8201..8251:50 gen=50 decoding chunk=11.83 t/s avg=11.83 t/s 4.225s
1003 03:15:08 ds4-server: chat ctx=0..8201:8201 prefill chunk 256/8201 (3.1%) chunk=277.02 t/s avg=240.36 t/s 1.065s
1003 03:15:09 ds4-server: chat ctx=0..8201:8201 prefill chunk 384/8201 (4.7%) chunk=247.22 t/s avg=242.60 t/s 1.583s
1003 03:15:09 ds4-server: chat ctx=0..8201:8201 prefill chunk 512/8201 (6.2%) chunk=245.87 t/s avg=243.41 t/s 2.103s
1003 03:15:10 ds4-server: chat ctx=0..8201:8201 prefill chunk 640/8201 (7.8%) chunk=240.16 t/s avg=242.75 t/s 2.636s
1003 03:15:10 ds4-server: chat ctx=0..8201:8201 prefill chunk 768/8201 (9.4%) chunk=250.62 t/s avg=244.03 t/s 3.147s
1003 03:15:11 ds4-server: chat ctx=0..8201:8201 prefill chunk 896/8201 (10.9%) chunk=232.29 t/s avg=242.28 t/s 3.698s
1003 03:15:11 ds4-server: chat ctx=0..8201:8201 prefill chunk 1024/8201 (12.5%) chunk=228.62 t/s avg=240.48 t/s 4.258s
1003 03:15:12 ds4-server: chat ctx=0..8201:8201 prefill chunk 1152/8201 (14.0%) chunk=252.32 t/s avg=241.74 t/s 4.765s
1003 03:15:12 ds4-server: chat ctx=0..8201:8201 prefill chunk 1280/8201 (15.6%) chunk=248.67 t/s avg=242.42 t/s 5.280s
1003 03:15:13 ds4-server: chat ctx=0..8201:8201 prefill chunk 1408/8201 (17.2%) chunk=240.80 t/s avg=242.27 t/s 5.812s
1003 03:15:13 ds4-server: chat ctx=0..8201:8201 prefill chunk 1536/8201 (18.7%) chunk=237.05 t/s avg=241.83 t/s 6.352s
1003 03:15:14 ds4-server: chat ctx=0..8201:8201 prefill chunk 1664/8201 (20.3%) chunk=253.63 t/s avg=242.70 t/s 6.856s
1003 03:15:14 ds4-server: chat ctx=8251..8301:50 gen=100 decoding chunk=5.22 t/s avg=3.27 t/s 30.560s
1003 03:15:14 ds4-server: chat ctx=0..8201:8201 prefill chunk 1792/8201 (21.9%) chunk=238.21 t/s avg=242.37 t/s 7.394s
1003 03:15:15 ds4-server: chat ctx=0..8201:8201 prefill chunk 1920/8201 (23.4%) chunk=230.37 t/s avg=241.53 t/s 7.949s
1003 03:15:15 ds4-server: chat ctx=0..8201:8201 prefill chunk 2048/8201 (25.0%) chunk=243.36 t/s avg=241.64 t/s 8.475s
1003 03:15:16 ds4-server: chat ctx=0..8201:8201 prefill chunk 2176/8201 (26.5%) chunk=228.00 t/s avg=240.80 t/s 9.037s
1003 03:15:17 ds4-server: chat ctx=0..8201:8201 prefill chunk 2304/8201 (28.1%) chunk=230.32 t/s avg=240.19 t/s 9.592s
1003 03:15:17 ds4-server: chat ctx=0..8201:8201 prefill chunk 2432/8201 (29.7%) chunk=225.62 t/s avg=239.38 t/s 10.160s
1003 03:15:18 ds4-server: chat ctx=0..8201:8201 prefill chunk 2560/8201 (31.2%) chunk=232.21 t/s avg=239.01 t/s 10.711s
1003 03:15:18 ds4-server: chat ctx=0..8201:8201 prefill chunk 2688/8201 (32.8%) chunk=227.66 t/s avg=238.44 t/s 11.273s
1003 03:15:18 ds4-server: chat ctx=8251..8301:50 gen=100 decoding chunk=3.73 t/s avg=3.19 t/s 31.374s
1003 03:15:19 ds4-server: chat ctx=0..8201:8201 prefill chunk 2816/8201 (34.3%) chunk=230.23 t/s avg=238.06 t/s 11.829s
1003 03:15:19 ds4-server: chat ctx=0..8201:8201 prefill chunk 2944/8201 (35.9%) chunk=212.62 t/s avg=236.82 t/s 12.431s
1003 03:15:20 ds4-server: chat ctx=0..8201:8201 prefill chunk 3072/8201 (37.5%) chunk=231.45 t/s avg=236.60 t/s 12.984s
1003 03:15:20 ds4-server: chat ctx=0..8201:8201 prefill chunk 3200/8201 (39.0%) chunk=235.28 t/s avg=236.54 t/s 13.528s
1003 03:15:21 ds4-server: chat ctx=0..8201:8201 prefill chunk 3328/8201 (40.6%) chunk=235.40 t/s avg=236.50 t/s 14.072s
1003 03:15:22 ds4-server: chat ctx=0..8201:8201 prefill chunk 3456/8201 (42.1%) chunk=229.18 t/s avg=236.22 t/s 14.630s
1003 03:15:22 ds4-server: chat ctx=0..8201:8201 prefill chunk 3584/8201 (43.7%) chunk=224.51 t/s avg=235.78 t/s 15.201s
1003 03:15:23 ds4-server: chat ctx=0..8201:8201 prefill chunk 3712/8201 (45.3%) chunk=239.88 t/s avg=235.92 t/s 15.734s
1003 03:15:23 ds4-server: chat ctx=0..8201:8201 prefill chunk 3840/8201 (46.8%) chunk=233.27 t/s avg=235.83 t/s 16.283s
1003 03:15:24 ds4-server: chat ctx=0..8201:8201 prefill chunk 3968/8201 (48.4%) chunk=231.75 t/s avg=235.70 t/s 16.835s
1003 03:15:24 ds4-server: chat ctx=0..8201:8201 prefill chunk 4096/8201 (49.9%) chunk=220.72 t/s avg=235.20 t/s 17.415s
1003 03:15:25 ds4-server: chat ctx=0..8201:8201 prefill chunk 4224/8201 (51.5%) chunk=222.60 t/s avg=234.79 t/s 17.990s
1003 03:15:26 ds4-server: chat ctx=0..8201:8201 prefill chunk 4352/8201 (53.1%) chunk=223.73 t/s avg=234.45 t/s 18.562s
1003 03:15:26 ds4-server: chat ctx=0..8201:8201 prefill chunk 4480/8201 (54.6%) chunk=216.06 t/s avg=233.88 t/s 19.155s
1003 03:15:27 ds4-server: chat ctx=0..8201:8201 prefill chunk 4608/8201 (56.2%) chunk=217.20 t/s avg=233.39 t/s 19.744s
1003 03:15:27 ds4-server: chat ctx=0..8201:8201 prefill chunk 4736/8201 (57.7%) chunk=212.68 t/s avg=232.77 t/s 20.346s
1003 03:15:28 ds4-server: chat ctx=0..8201:8201 prefill chunk 4864/8201 (59.3%) chunk=217.46 t/s avg=232.34 t/s 20.935s
1003 03:15:28 ds4-server: chat ctx=0..8201:8201 prefill chunk 4992/8201 (60.9%) chunk=215.70 t/s avg=231.88 t/s 21.528s
1003 03:15:29 ds4-server: chat ctx=0..8201:8201 prefill chunk 5120/8201 (62.4%) chunk=226.87 t/s avg=231.76 t/s 22.092s
1003 03:15:30 ds4-server: chat ctx=0..8201:8201 prefill chunk 5248/8201 (64.0%) chunk=212.12 t/s avg=231.23 t/s 22.696s
1003 03:15:30 ds4-server: chat ctx=0..8201:8201 prefill chunk 5376/8201 (65.6%) chunk=215.99 t/s avg=230.85 t/s 23.288s
1003 03:15:31 ds4-server: chat ctx=0..8201:8201 prefill chunk 5504/8201 (67.1%) chunk=215.76 t/s avg=230.47 t/s 23.881s
1003 03:15:31 ds4-server: chat ctx=0..8201:8201 prefill chunk 5632/8201 (68.7%) chunk=220.73 t/s avg=230.24 t/s 24.461s
1003 03:15:32 ds4-server: chat ctx=0..8201:8201 prefill chunk 5760/8201 (70.2%) chunk=221.42 t/s avg=230.04 t/s 25.039s
1003 03:15:33 ds4-server: chat ctx=0..8201:8201 prefill chunk 5888/8201 (71.8%) chunk=231.36 t/s avg=230.07 t/s 25.593s
1003 03:15:33 ds4-server: chat ctx=0..8201:8201 prefill chunk 6016/8201 (73.4%) chunk=229.29 t/s avg=230.05 t/s 26.151s
1003 03:15:34 ds4-server: chat ctx=0..8201:8201 prefill chunk 6144/8201 (74.9%) chunk=225.65 t/s avg=229.96 t/s 26.718s
1003 03:15:34 ds4-server: chat ctx=0..8201:8201 prefill chunk 6272/8201 (76.5%) chunk=226.83 t/s avg=229.89 t/s 27.282s
1003 03:15:35 ds4-server: chat ctx=0..8201:8201 prefill chunk 6400/8201 (78.0%) chunk=224.29 t/s avg=229.78 t/s 27.853s
1003 03:15:35 ds4-server: chat ctx=0..8201:8201 prefill chunk 6528/8201 (79.6%) chunk=219.73 t/s avg=229.57 t/s 28.436s
1003 03:15:35 ds4-server: chat ctx=8251..8301:50 gen=100 decoding chunk=1.79 t/s avg=3.11 t/s 32.114s
1003 03:15:36 ds4-server: chat ctx=0..8201:8201 prefill chunk 6656/8201 (81.2%) chunk=223.96 t/s avg=229.46 t/s 29.007s
1003 03:15:37 ds4-server: chat ctx=0..8201:8201 prefill chunk 6784/8201 (82.7%) chunk=223.43 t/s avg=229.34 t/s 29.580s
1003 03:15:37 ds4-server: chat ctx=0..8201:8201 prefill chunk 6912/8201 (84.3%) chunk=230.23 t/s avg=229.36 t/s 30.136s
1003 03:15:38 ds4-server: chat ctx=0..8201:8201 prefill chunk 7040/8201 (85.8%) chunk=217.61 t/s avg=229.13 t/s 30.724s
1003 03:15:38 ds4-server: chat ctx=0..8201:8201 prefill chunk 7168/8201 (87.4%) chunk=226.40 t/s avg=229.09 t/s 31.290s
1003 03:15:39 ds4-server: chat ctx=0..8201:8201 prefill chunk 7296/8201 (89.0%) chunk=225.53 t/s avg=229.02 t/s 31.857s
1003 03:15:39 ds4-server: chat ctx=0..8201:8201 prefill chunk 7424/8201 (90.5%) chunk=214.98 t/s avg=228.76 t/s 32.453s
1003 03:15:40 ds4-server: chat ctx=0..8201:8201 prefill chunk 7552/8201 (92.1%) chunk=220.44 t/s avg=228.62 t/s 33.033s
1003 03:15:41 ds4-server: chat ctx=0..8201:8201 prefill chunk 7680/8201 (93.6%) chunk=230.20 t/s avg=228.64 t/s 33.589s
1003 03:15:41 ds4-server: chat ctx=0..8201:8201 prefill chunk 7808/8201 (95.2%) chunk=215.75 t/s avg=228.42 t/s 34.183s
1003 03:15:42 ds4-server: chat ctx=0..8201:8201 prefill chunk 7936/8201 (96.8%) chunk=222.21 t/s avg=228.32 t/s 34.759s
1003 03:15:42 ds4-server: chat ctx=0..8201:8201 prefill chunk 8064/8201 (98.3%) chunk=225.18 t/s avg=228.27 t/s 35.327s
1003 03:15:42 ds4-server: chat ctx=8301..8351:50 gen=150 decoding chunk=1.76 t/s avg=2.54 t/s 59.031s
1003 03:15:43 ds4-server: chat ctx=0..8201:8201 prefill chunk 8192/8201 (99.9%) chunk=210.83 t/s avg=227.97 t/s 35.934s
1003 03:15:43 ds4-server: chat ctx=0..8201:8201 prefill chunk 8201/8201 (100.0%) chunk=46.71 t/s avg=227.01 t/s 36.127s
1003 03:15:43 ds4-server: chat ctx=0..8201:8201 prompt done 36.127s
1003 03:15:44 ds4-server: chat ctx=8301..8351:50 gen=150 decoding chunk=1.98 t/s avg=2.65 t/s 56.675s
1003 03:15:46 ds4-server: chat ctx=8301..8351:50 gen=150 decoding chunk=4.82 t/s avg=3.53 t/s 42.496s
1003 03:15:47 ds4-server: chat ctx=8351..8401:50 gen=200 decoding chunk=11.40 t/s avg=3.15 t/s 63.418s
1003 03:15:47 ds4-server: chat ctx=8201..8251:50 gen=50 decoding chunk=13.19 t/s avg=13.19 t/s 3.791s
1003 03:15:47 ds4-server: chat ctx=8351..8401:50 gen=200 decoding chunk=13.38 t/s avg=3.31 t/s 60.413s
1003 03:15:50 ds4-server: chat ctx=8351..8401:50 gen=200 decoding chunk=13.39 t/s avg=4.33 t/s 46.231s
1003 03:15:50 ds4-server: chat ctx=8401..8451:50 gen=250 decoding chunk=13.38 t/s avg=3.72 t/s 67.155s
1003 03:15:51 ds4-server: chat ctx=8251..8301:50 gen=100 decoding chunk=13.37 t/s avg=13.28 t/s 7.531s
1003 03:15:51 ds4-server: chat ctx=8451..8457:6 gen=256 decoding chunk=13.30 t/s avg=3.79 t/s 67.606s
1003 03:15:51 ds4-server: chat ctx=0..8201:8201 gen=256 finish=length 151.306s
1003 03:15:51 slot 1: request reuses nothing; evicting checkpoint (8457 tokens, idle 0 s, protected)
1003 03:15:51 ds4-server: live kv cache miss live=8457 prompt=8201 common=17 vision=match reason=token-mismatch
1003 03:15:51 ds4-server: chat ctx=0..8201:8201 prompt start
1003 03:15:51 ds4-server: chat ctx=8401..8451:50 gen=250 decoding chunk=13.50 t/s avg=3.90 t/s 64.116s
1003 03:15:52 ds4-server: chat ctx=0..8201:8201 prefill chunk 128/8201 (1.6%) chunk=0.00 t/s avg=212.88 t/s 0.601s
1003 03:15:52 ds4-server: chat ctx=0..8201:8201 prefill chunk 256/8201 (3.1%) chunk=277.41 t/s avg=240.90 t/s 1.063s
1003 03:15:53 ds4-server: chat ctx=0..8201:8201 prefill chunk 384/8201 (4.7%) chunk=247.03 t/s avg=242.91 t/s 1.581s
1003 03:15:53 ds4-server: chat ctx=0..8201:8201 prefill chunk 512/8201 (6.2%) chunk=245.17 t/s avg=243.47 t/s 2.103s
1003 03:15:54 ds4-server: chat ctx=0..8201:8201 prefill chunk 640/8201 (7.8%) chunk=241.30 t/s avg=243.03 t/s 2.633s
1003 03:15:54 ds4-server: chat ctx=0..8201:8201 prefill chunk 768/8201 (9.4%) chunk=249.01 t/s avg=244.01 t/s 3.147s
1003 03:15:54 ds4-server: chat ctx=8451..8457:6 gen=256 decoding chunk=1.91 t/s avg=3.81 t/s 67.264s
1003 03:15:54 ds4-server: chat ctx=0..8201:8201 gen=256 finish=length 152.956s
1003 03:15:54 slot 2: request reuses nothing; evicting checkpoint (8457 tokens, idle 0 s, protected)
1003 03:15:55 ds4-server: chat ctx=0..8201:8201 prefill chunk 896/8201 (10.9%) chunk=232.14 t/s avg=242.24 t/s 3.699s
1003 03:15:55 ds4-server: live kv cache miss live=8457 prompt=8201 common=17 vision=match reason=token-mismatch
1003 03:15:55 ds4-server: chat ctx=0..8201:8201 prompt start
1003 03:15:55 ds4-server: chat ctx=0..8201:8201 prefill chunk 1024/8201 (12.5%) chunk=235.05 t/s avg=241.32 t/s 4.243s
1003 03:15:56 ds4-server: chat ctx=0..8201:8201 prefill chunk 1152/8201 (14.0%) chunk=127.12 t/s avg=219.42 t/s 5.250s
1003 03:15:56 ds4-server: chat ctx=0..8201:8201 prefill chunk 128/8201 (1.6%) chunk=0.00 t/s avg=82.56 t/s 1.550s
1003 03:15:57 ds4-server: chat ctx=0..8201:8201 prefill chunk 256/8201 (3.1%) chunk=276.98 t/s avg=127.21 t/s 2.012s
1003 03:15:57 ds4-server: chat ctx=0..8201:8201 prefill chunk 1280/8201 (15.6%) chunk=128.01 t/s avg=204.79 t/s 6.250s
1003 03:15:58 ds4-server: chat ctx=0..8201:8201 prefill chunk 384/8201 (4.7%) chunk=128.21 t/s avg=127.54 t/s 3.011s
1003 03:15:58 ds4-server: chat ctx=0..8201:8201 prefill chunk 1408/8201 (17.2%) chunk=126.09 t/s avg=193.80 t/s 7.265s
1003 03:15:59 ds4-server: chat ctx=0..8201:8201 prefill chunk 512/8201 (6.2%) chunk=125.69 t/s avg=127.07 t/s 4.029s
1003 03:15:59 ds4-server: chat ctx=0..8201:8201 prefill chunk 1536/8201 (18.7%) chunk=124.91 t/s avg=185.28 t/s 8.290s
1003 03:16:00 ds4-server: chat ctx=0..8201:8201 prefill chunk 640/8201 (7.8%) chunk=123.52 t/s avg=126.35 t/s 5.065s
1003 03:16:00 ds4-server: chat ctx=0..8201:8201 prefill chunk 1664/8201 (20.3%) chunk=128.18 t/s avg=179.14 t/s 9.289s
1003 03:16:01 ds4-server: chat ctx=0..8201:8201 prefill chunk 768/8201 (9.4%) chunk=130.84 t/s avg=127.07 t/s 6.044s
1003 03:16:01 ds4-server: chat ctx=0..8201:8201 prefill chunk 1792/8201 (21.9%) chunk=126.04 t/s avg=173.91 t/s 10.304s
1003 03:16:02 ds4-server: chat ctx=0..8201:8201 prefill chunk 896/8201 (10.9%) chunk=121.07 t/s avg=126.18 t/s 7.101s
1003 03:16:02 ds4-server: chat ctx=0..8201:8201 prefill chunk 1920/8201 (23.4%) chunk=119.35 t/s avg=168.76 t/s 11.377s
1003 03:16:03 ds4-server: chat ctx=0..8201:8201 prefill chunk 1024/8201 (12.5%) chunk=118.62 t/s avg=125.18 t/s 8.180s
1003 03:16:03 ds4-server: chat ctx=0..8201:8201 prefill chunk 2048/8201 (25.0%) chunk=121.51 t/s avg=164.76 t/s 12.430s
1003 03:16:04 ds4-server: chat ctx=0..8201:8201 prefill chunk 1152/8201 (14.0%) chunk=128.12 t/s avg=125.50 t/s 9.179s
1003 03:16:04 ds4-server: chat ctx=0..8201:8201 prefill chunk 2176/8201 (26.5%) chunk=124.18 t/s avg=161.65 t/s 13.461s
1003 03:16:05 ds4-server: chat ctx=0..8201:8201 prefill chunk 1280/8201 (15.6%) chunk=122.77 t/s avg=125.22 t/s 10.222s
1003 03:16:05 ds4-server: chat ctx=0..8201:8201 prefill chunk 2304/8201 (28.1%) chunk=123.16 t/s avg=158.89 t/s 14.500s
1003 03:16:06 ds4-server: chat ctx=0..8201:8201 prefill chunk 1408/8201 (17.2%) chunk=121.38 t/s avg=124.87 t/s 11.276s
1003 03:16:07 ds4-server: chat ctx=0..8201:8201 prefill chunk 2432/8201 (29.7%) chunk=120.33 t/s avg=156.26 t/s 15.564s
1003 03:16:07 ds4-server: chat ctx=8401..8451:50 gen=250 decoding chunk=2.94 t/s avg=3.95 t/s 63.240s
1003 03:16:07 ds4-server: chat ctx=0..8201:8201 prefill chunk 1536/8201 (18.7%) chunk=119.60 t/s avg=124.41 t/s 12.346s
1003 03:16:08 ds4-server: chat ctx=0..8201:8201 prefill chunk 2560/8201 (31.2%) chunk=120.97 t/s avg=154.01 t/s 16.622s
1003 03:16:08 ds4-server: chat ctx=0..8201:8201 prefill chunk 1664/8201 (20.3%) chunk=125.37 t/s avg=124.48 t/s 13.367s
1003 03:16:09 ds4-server: chat ctx=0..8201:8201 prefill chunk 2688/8201 (32.8%) chunk=124.38 t/s avg=152.28 t/s 17.651s
1003 03:16:09 ds4-server: chat ctx=0..8201:8201 prefill chunk 1792/8201 (21.9%) chunk=120.19 t/s avg=124.17 t/s 14.432s
1003 03:16:10 ds4-server: chat ctx=0..8201:8201 prefill chunk 2816/8201 (34.3%) chunk=120.47 t/s avg=150.48 t/s 18.714s
1003 03:16:10 ds4-server: chat ctx=8451..8457:6 gen=256 decoding chunk=1.90 t/s avg=3.86 t/s 66.390s
1003 03:16:10 ds4-server: chat ctx=0..8201:8201 gen=256 finish=length 139.036s
1003 03:16:10 slot 0: request reuses nothing; evicting checkpoint (8457 tokens, idle 0 s, protected)
1003 03:16:10 ds4-server: chat ctx=0..8201:8201 prefill chunk 1920/8201 (23.4%) chunk=118.13 t/s avg=123.74 t/s 15.516s
1003 03:16:10 ds4-server: live kv cache miss live=8457 prompt=8201 common=17 vision=match reason=token-mismatch
1003 03:16:10 ds4-server: chat ctx=0..8201:8201 prompt start
1003 03:16:11 ds4-server: chat ctx=0..8201:8201 prefill chunk 2944/8201 (35.9%) chunk=116.04 t/s avg=148.56 t/s 19.817s
1003 03:16:11 ds4-server: chat ctx=0..8201:8201 prefill chunk 2048/8201 (25.0%) chunk=121.61 t/s avg=123.61 t/s 16.568s
1003 03:16:12 ds4-server: chat ctx=0..8201:8201 prefill chunk 3072/8201 (37.5%) chunk=84.94 t/s avg=144.06 t/s 21.324s
1003 03:16:13 ds4-server: chat ctx=0..8201:8201 prefill chunk 2176/8201 (26.5%) chunk=83.00 t/s avg=120.15 t/s 18.111s
1003 03:16:13 ds4-server: chat ctx=0..8201:8201 prefill chunk 128/8201 (1.6%) chunk=0.00 t/s avg=49.34 t/s 2.594s
1003 03:16:13 ds4-server: chat ctx=0..8201:8201 prefill chunk 256/8201 (3.1%) chunk=275.38 t/s avg=83.68 t/s 3.059s
1003 03:16:14 ds4-server: chat ctx=0..8201:8201 prefill chunk 3200/8201 (39.0%) chunk=84.50 t/s avg=140.11 t/s 22.839s
1003 03:16:14 ds4-server: chat ctx=8301..8351:50 gen=150 decoding chunk=2.15 t/s avg=4.88 t/s 30.745s
1003 03:16:14 ds4-server: chat ctx=0..8201:8201 prefill chunk 2304/8201 (28.1%) chunk=84.83 t/s avg=117.43 t/s 19.620s
1003 03:16:15 ds4-server: chat ctx=0..8201:8201 prefill chunk 384/8201 (4.7%) chunk=84.80 t/s avg=84.05 t/s 4.569s
1003 03:16:15 ds4-server: chat ctx=0..8201:8201 prefill chunk 3328/8201 (40.6%) chunk=84.71 t/s avg=136.68 t/s 24.350s
1003 03:16:16 ds4-server: chat ctx=0..8201:8201 prefill chunk 2432/8201 (29.7%) chunk=84.14 t/s avg=115.04 t/s 21.141s
1003 03:16:16 ds4-server: chat ctx=0..8201:8201 prefill chunk 512/8201 (6.2%) chunk=84.08 t/s avg=84.06 t/s 6.091s
1003 03:16:17 ds4-server: chat ctx=0..8201:8201 prefill chunk 3456/8201 (42.1%) chunk=83.24 t/s avg=133.50 t/s 25.887s
1003 03:16:17 ds4-server: chat ctx=0..8201:8201 prefill chunk 2560/8201 (31.2%) chunk=83.90 t/s avg=112.94 t/s 22.666s
1003 03:16:18 ds4-server: chat ctx=0..8201:8201 prefill chunk 640/8201 (7.8%) chunk=83.29 t/s avg=83.90 t/s 7.628s
1003 03:16:18 ds4-server: chat ctx=0..8201:8201 prefill chunk 3584/8201 (43.7%) chunk=82.62 t/s avg=130.63 t/s 27.437s
1003 03:16:19 ds4-server: chat ctx=0..8201:8201 prefill chunk 2688/8201 (32.8%) chunk=82.36 t/s avg=110.98 t/s 24.221s
1003 03:16:19 ds4-server: chat ctx=0..8201:8201 prefill chunk 768/8201 (9.4%) chunk=83.34 t/s avg=83.81 t/s 9.164s
1003 03:16:20 ds4-server: chat ctx=0..8201:8201 prefill chunk 3712/8201 (45.3%) chunk=85.60 t/s avg=128.30 t/s 28.932s
1003 03:16:20 ds4-server: chat ctx=0..8201:8201 prefill chunk 2816/8201 (34.3%) chunk=85.62 t/s avg=109.51 t/s 25.716s
1003 03:16:21 ds4-server: chat ctx=0..8201:8201 prefill chunk 896/8201 (10.9%) chunk=83.48 t/s avg=83.76 t/s 10.697s
1003 03:16:21 ds4-server: chat ctx=0..8201:8201 prefill chunk 3840/8201 (46.8%) chunk=82.63 t/s avg=125.98 t/s 30.481s
1003 03:16:22 ds4-server: chat ctx=0..8201:8201 prefill chunk 2944/8201 (35.9%) chunk=80.45 t/s avg=107.81 t/s 27.307s
1003 03:16:23 ds4-server: chat ctx=0..8201:8201 prefill chunk 1024/8201 (12.5%) chunk=79.99 t/s avg=83.27 t/s 12.297s
1003 03:16:23 ds4-server: chat ctx=0..8201:8201 prefill chunk 3968/8201 (48.4%) chunk=79.66 t/s avg=123.66 t/s 32.088s
1003 03:16:24 ds4-server: chat ctx=0..8201:8201 prefill chunk 3072/8201 (37.5%) chunk=82.05 t/s avg=106.42 t/s 28.867s
1003 03:16:24 ds4-server: chat ctx=0..8201:8201 prefill chunk 1152/8201 (14.0%) chunk=85.04 t/s avg=83.46 t/s 13.802s
1003 03:16:25 ds4-server: chat ctx=0..8201:8201 prefill chunk 4096/8201 (49.9%) chunk=83.45 t/s avg=121.83 t/s 33.622s
1003 03:16:25 ds4-server: chat ctx=0..8201:8201 prefill chunk 3200/8201 (39.0%) chunk=84.00 t/s avg=105.30 t/s 30.390s
1003 03:16:26 ds4-server: chat ctx=0..8201:8201 prefill chunk 1280/8201 (15.6%) chunk=83.29 t/s avg=83.45 t/s 15.339s
1003 03:16:26 ds4-server: chat ctx=0..8201:8201 prefill chunk 4224/8201 (51.5%) chunk=83.96 t/s avg=120.18 t/s 35.146s
1003 03:16:27 ds4-server: chat ctx=0..8201:8201 prefill chunk 3328/8201 (40.6%) chunk=83.71 t/s avg=104.26 t/s 31.919s
1003 03:16:27 ds4-server: chat ctx=0..8201:8201 prefill chunk 1408/8201 (17.2%) chunk=82.89 t/s avg=83.40 t/s 16.883s
1003 03:16:28 ds4-server: chat ctx=0..8201:8201 prefill chunk 4352/8201 (53.1%) chunk=82.77 t/s avg=118.61 t/s 36.693s
1003 03:16:28 ds4-server: chat ctx=0..8201:8201 prefill chunk 3456/8201 (42.1%) chunk=82.19 t/s avg=103.24 t/s 33.477s
1003 03:16:29 ds4-server: chat ctx=0..8201:8201 prefill chunk 1536/8201 (18.7%) chunk=81.88 t/s avg=83.27 t/s 18.447s
1003 03:16:29 ds4-server: chat ctx=0..8201:8201 prefill chunk 4480/8201 (54.6%) chunk=80.78 t/s avg=117.04 t/s 38.277s
1003 03:16:30 ds4-server: chat ctx=0..8201:8201 prefill chunk 3584/8201 (43.7%) chunk=80.13 t/s avg=102.18 t/s 35.074s
1003 03:16:30 ds4-server: chat ctx=0..8201:8201 prefill chunk 1664/8201 (20.3%) chunk=82.05 t/s avg=83.17 t/s 20.007s
1003 03:16:31 ds4-server: chat ctx=0..8201:8201 prefill chunk 4608/8201 (56.2%) chunk=82.24 t/s avg=115.68 t/s 39.834s
1003 03:16:31 ds4-server: chat ctx=0..8201:8201 prefill chunk 3712/8201 (45.3%) chunk=84.37 t/s avg=101.44 t/s 36.591s
1003 03:16:32 ds4-server: chat ctx=0..8201:8201 prefill chunk 1792/8201 (21.9%) chunk=82.49 t/s avg=83.12 t/s 21.558s
1003 03:16:32 ds4-server: chat ctx=0..8201:8201 prefill chunk 4736/8201 (57.7%) chunk=82.08 t/s avg=114.41 t/s 41.393s
1003 03:16:33 ds4-server: chat ctx=0..8201:8201 prefill chunk 3840/8201 (46.8%) chunk=81.26 t/s avg=100.61 t/s 38.166s
1003 03:16:33 ds4-server: chat ctx=0..8201:8201 prefill chunk 1920/8201 (23.4%) chunk=80.24 t/s avg=82.93 t/s 23.153s
1003 03:16:34 ds4-server: chat ctx=0..8201:8201 prefill chunk 4864/8201 (59.3%) chunk=80.91 t/s avg=113.18 t/s 42.975s
1003 03:16:34 ds4-server: chat ctx=0..8201:8201 prefill chunk 3968/8201 (48.4%) chunk=80.76 t/s avg=99.82 t/s 39.752s
1003 03:16:35 ds4-server: chat ctx=0..8201:8201 prefill chunk 2048/8201 (25.0%) chunk=82.23 t/s avg=82.88 t/s 24.710s
1003 03:16:36 ds4-server: chat ctx=0..8201:8201 prefill chunk 4992/8201 (60.9%) chunk=81.78 t/s avg=112.08 t/s 44.540s
1003 03:16:36 ds4-server: chat ctx=0..8201:8201 prefill chunk 4096/8201 (49.9%) chunk=80.26 t/s avg=99.07 t/s 41.346s
1003 03:16:37 ds4-server: chat ctx=0..8201:8201 prefill chunk 2176/8201 (26.5%) chunk=78.67 t/s avg=82.62 t/s 26.337s
1003 03:16:37 ds4-server: chat ctx=0..8201:8201 prefill chunk 5120/8201 (62.4%) chunk=80.06 t/s avg=110.97 t/s 46.139s
1003 03:16:38 ds4-server: chat ctx=0..8201:8201 prefill chunk 4224/8201 (51.5%) chunk=80.50 t/s avg=98.38 t/s 42.936s
1003 03:16:38 ds4-server: chat ctx=0..8201:8201 prefill chunk 2304/8201 (28.1%) chunk=80.77 t/s avg=82.52 t/s 27.922s
1003 03:16:39 ds4-server: chat ctx=0..8201:8201 prefill chunk 5248/8201 (64.0%) chunk=79.08 t/s avg=109.89 t/s 47.758s
1003 03:16:39 ds4-server: chat ctx=0..8201:8201 prefill chunk 4352/8201 (53.1%) chunk=78.99 t/s avg=97.67 t/s 44.557s
1003 03:16:40 ds4-server: chat ctx=0..8201:8201 prefill chunk 2432/8201 (29.7%) chunk=78.44 t/s avg=82.29 t/s 29.554s
1003 03:16:40 ds4-server: chat ctx=8351..8401:50 gen=200 decoding chunk=1.92 t/s avg=3.53 t/s 56.733s
1003 03:16:40 ds4-server: chat ctx=0..8201:8201 prefill chunk 5376/8201 (65.6%) chunk=78.88 t/s avg=108.87 t/s 49.381s
1003 03:16:41 ds4-server: chat ctx=0..8201:8201 prefill chunk 4480/8201 (54.6%) chunk=77.82 t/s avg=96.97 t/s 46.202s
1003 03:16:41 ds4-server: chat ctx=0..8201:8201 prefill chunk 2560/8201 (31.2%) chunk=78.44 t/s avg=82.09 t/s 31.185s
1003 03:16:42 ds4-server: chat ctx=0..8201:8201 prefill chunk 5504/8201 (67.1%) chunk=78.23 t/s avg=107.89 t/s 51.017s
1003 03:16:43 ds4-server: chat ctx=0..8201:8201 prefill chunk 4608/8201 (56.2%) chunk=78.54 t/s avg=96.34 t/s 47.831s
1003 03:16:43 ds4-server: chat ctx=0..8201:8201 prefill chunk 2688/8201 (32.8%) chunk=78.27 t/s avg=81.90 t/s 32.821s
1003 03:16:44 ds4-server: chat ctx=0..8201:8201 prefill chunk 5632/8201 (68.7%) chunk=78.85 t/s avg=106.99 t/s 52.640s
1003 03:16:44 ds4-server: chat ctx=0..8201:8201 prefill chunk 4736/8201 (57.7%) chunk=78.36 t/s avg=95.74 t/s 49.465s
1003 03:16:45 ds4-server: chat ctx=0..8201:8201 prefill chunk 2816/8201 (34.3%) chunk=78.36 t/s avg=81.73 t/s 34.454s
1003 03:16:45 ds4-server: chat ctx=0..8201:8201 prefill chunk 5760/8201 (70.2%) chunk=78.63 t/s avg=106.14 t/s 54.268s
1003 03:16:46 ds4-server: chat ctx=0..8201:8201 prefill chunk 4864/8201 (59.3%) chunk=79.42 t/s avg=95.23 t/s 51.077s
1003 03:16:46 ds4-server: chat ctx=0..8201:8201 prefill chunk 2944/8201 (35.9%) chunk=77.32 t/s avg=81.53 t/s 36.110s
1003 03:16:47 ds4-server: chat ctx=0..8201:8201 prefill chunk 5888/8201 (71.8%) chunk=78.29 t/s avg=105.33 t/s 55.903s
1003 03:16:47 ds4-server: chat ctx=0..8201:8201 prefill chunk 4992/8201 (60.9%) chunk=77.90 t/s avg=94.69 t/s 52.720s
1003 03:16:48 ds4-server: chat ctx=0..8201:8201 prefill chunk 3072/8201 (37.5%) chunk=80.33 t/s avg=81.48 t/s 37.703s
1003 03:16:48 ds4-server: chat ctx=0..8201:8201 prefill chunk 6016/8201 (73.4%) chunk=80.22 t/s avg=104.63 t/s 57.498s
1003 03:16:49 ds4-server: chat ctx=0..8201:8201 prefill chunk 5120/8201 (62.4%) chunk=81.57 t/s avg=94.31 t/s 54.289s
1003 03:16:50 ds4-server: chat ctx=0..8201:8201 prefill chunk 3200/8201 (39.0%) chunk=82.08 t/s avg=81.50 t/s 39.262s
1003 03:16:50 ds4-server: chat ctx=0..8201:8201 prefill chunk 6144/8201 (74.9%) chunk=81.57 t/s avg=104.02 t/s 59.068s
1003 03:16:51 ds4-server: chat ctx=0..8201:8201 prefill chunk 5248/8201 (64.0%) chunk=79.89 t/s avg=93.90 t/s 55.891s
1003 03:16:51 ds4-server: chat ctx=0..8201:8201 prefill chunk 3328/8201 (40.6%) chunk=79.74 t/s avg=81.43 t/s 40.868s
1003 03:16:52 ds4-server: chat ctx=0..8201:8201 prefill chunk 6272/8201 (76.5%) chunk=80.04 t/s avg=103.38 t/s 60.667s
1003 03:16:52 ds4-server: chat ctx=0..8201:8201 prefill chunk 5376/8201 (65.6%) chunk=80.25 t/s avg=93.52 t/s 57.486s
1003 03:16:53 ds4-server: chat ctx=0..8201:8201 prefill chunk 3456/8201 (42.1%) chunk=79.69 t/s avg=81.37 t/s 42.474s
1003 03:16:53 ds4-server: chat ctx=0..8201:8201 prefill chunk 6400/8201 (78.0%) chunk=79.27 t/s avg=102.76 t/s 62.282s
1003 03:16:54 ds4-server: chat ctx=0..8201:8201 prefill chunk 5504/8201 (67.1%) chunk=79.30 t/s avg=93.13 t/s 59.100s
1003 03:16:54 ds4-server: chat ctx=0..8201:8201 prefill chunk 3584/8201 (43.7%) chunk=78.64 t/s avg=81.27 t/s 44.102s
1003 03:16:55 ds4-server: chat ctx=0..8201:8201 prefill chunk 6528/8201 (79.6%) chunk=78.09 t/s avg=102.13 t/s 63.921s
1003 03:16:55 ds4-server: chat ctx=0..8201:8201 prefill chunk 5632/8201 (68.7%) chunk=78.67 t/s avg=92.74 t/s 60.727s
1003 03:16:56 ds4-server: chat ctx=0..8201:8201 prefill chunk 3712/8201 (45.3%) chunk=80.51 t/s avg=81.24 t/s 45.691s
1003 03:16:56 ds4-server: chat ctx=0..8201:8201 prefill chunk 6656/8201 (81.2%) chunk=81.08 t/s avg=101.62 t/s 65.499s
1003 03:16:57 ds4-server: chat ctx=0..8201:8201 prefill chunk 5760/8201 (70.2%) chunk=81.39 t/s avg=92.46 t/s 62.300s
1003 03:16:58 ds4-server: chat ctx=0..8201:8201 prefill chunk 3840/8201 (46.8%) chunk=80.60 t/s avg=81.22 t/s 47.280s
1003 03:16:58 ds4-server: chat ctx=0..8201:8201 prefill chunk 6784/8201 (82.7%) chunk=80.65 t/s avg=101.12 t/s 67.087s
1003 03:16:59 ds4-server: chat ctx=0..8201:8201 prefill chunk 5888/8201 (71.8%) chunk=81.61 t/s avg=92.19 t/s 63.868s
1003 03:16:59 ds4-server: chat ctx=0..8201:8201 prefill chunk 3968/8201 (48.4%) chunk=81.56 t/s avg=81.23 t/s 48.849s
1003 03:17:00 ds4-server: chat ctx=0..8201:8201 prefill chunk 6912/8201 (84.3%) chunk=82.37 t/s avg=100.70 t/s 68.640s
1003 03:17:00 ds4-server: chat ctx=0..8201:8201 prefill chunk 6016/8201 (73.4%) chunk=82.21 t/s avg=91.95 t/s 65.425s
1003 03:17:01 ds4-server: chat ctx=0..8201:8201 prefill chunk 4096/8201 (49.9%) chunk=80.67 t/s avg=81.21 t/s 50.436s
1003 03:17:01 ds4-server: chat ctx=0..8201:8201 prefill chunk 7040/8201 (85.8%) chunk=78.81 t/s avg=100.19 t/s 70.265s
1003 03:17:02 ds4-server: chat ctx=0..8201:8201 prefill chunk 6144/8201 (74.9%) chunk=78.28 t/s avg=91.62 t/s 67.061s
1003 03:17:02 ds4-server: chat ctx=0..8201:8201 prefill chunk 4224/8201 (51.5%) chunk=78.67 t/s avg=81.13 t/s 52.063s
1003 03:17:03 ds4-server: chat ctx=0..8201:8201 prefill chunk 7168/8201 (87.4%) chunk=80.09 t/s avg=99.75 t/s 71.863s
1003 03:17:03 ds4-server: chat ctx=0..8201:8201 prefill chunk 6272/8201 (76.5%) chunk=80.35 t/s avg=91.36 t/s 68.654s
1003 03:17:04 ds4-server: chat ctx=0..8201:8201 prefill chunk 4352/8201 (53.1%) chunk=80.33 t/s avg=81.11 t/s 53.656s
1003 03:17:04 ds4-server: chat ctx=0..8201:8201 prefill chunk 7296/8201 (89.0%) chunk=80.16 t/s avg=99.32 t/s 73.460s
1003 03:17:05 ds4-server: chat ctx=0..8201:8201 prefill chunk 6400/8201 (78.0%) chunk=79.93 t/s avg=91.10 t/s 70.255s
1003 03:17:06 ds4-server: chat ctx=0..8201:8201 prefill chunk 4480/8201 (54.6%) chunk=78.77 t/s avg=81.04 t/s 55.281s
1003 03:17:06 ds4-server: chat ctx=0..8201:8201 prefill chunk 7424/8201 (90.5%) chunk=77.17 t/s avg=98.83 t/s 75.118s
1003 03:17:07 ds4-server: chat ctx=0..8201:8201 prefill chunk 6528/8201 (79.6%) chunk=76.62 t/s avg=90.76 t/s 71.926s
1003 03:17:07 ds4-server: chat ctx=8401..8451:50 gen=250 decoding chunk=1.86 t/s avg=2.99 t/s 83.571s
1003 03:17:07 ds4-server: chat ctx=0..8201:8201 prefill chunk 4608/8201 (56.2%) chunk=77.02 t/s avg=80.92 t/s 56.943s
1003 03:17:08 ds4-server: chat ctx=0..8201:8201 prefill chunk 7552/8201 (92.1%) chunk=78.08 t/s avg=98.39 t/s 76.758s
1003 03:17:08 ds4-server: chat ctx=0..8201:8201 prefill chunk 6656/8201 (81.2%) chunk=78.63 t/s avg=90.49 t/s 73.553s
1003 03:17:09 ds4-server: chat ctx=0..8201:8201 prefill chunk 4736/8201 (57.7%) chunk=78.10 t/s avg=80.84 t/s 58.582s
1003 03:17:09 ds4-server: chat ctx=0..8201:8201 prefill chunk 7680/8201 (93.6%) chunk=78.99 t/s avg=97.99 t/s 78.378s
1003 03:17:10 ds4-server: chat ctx=0..8201:8201 prefill chunk 6784/8201 (82.7%) chunk=78.94 t/s avg=90.24 t/s 75.175s
1003 03:17:10 ds4-server: chat ctx=8451..8457:6 gen=256 decoding chunk=1.85 t/s avg=2.95 t/s 86.820s
1003 03:17:10 ds4-server: chat ctx=0..8201:8201 gen=256 finish=length 122.947s
1003 03:17:10 slot 3: request reuses nothing; evicting checkpoint (8457 tokens, idle 0 s, protected)
1003 03:17:10 ds4-server: chat ctx=0..8201:8201 prefill chunk 4864/8201 (59.3%) chunk=79.64 t/s avg=80.81 t/s 60.190s
1003 03:17:10 ds4-server: live kv cache miss live=8457 prompt=8201 common=17 vision=match reason=token-mismatch
1003 03:17:11 ds4-server: chat ctx=0..8201:8201 prefill chunk 7808/8201 (95.2%) chunk=78.95 t/s avg=97.60 t/s 80.000s
1003 03:17:11 ds4-server: chat ctx=0..8201:8201 prompt start
1003 03:17:11 ds4-server: chat ctx=0..8201:8201 prefill chunk 6912/8201 (84.3%) chunk=80.64 t/s avg=90.04 t/s 76.762s
1003 03:17:15 ds4-server: chat ctx=0..8201:8201 prefill chunk 6144/8201 (74.9%) chunk=286.11 t/s avg=95.02 t/s 64.663s
1003 03:17:16 ds4-server: chat ctx=0..8201:8201 prefill chunk 6912/8201 (84.3%) chunk=709.56 t/s avg=105.13 t/s 65.746s
1003 03:17:17 ds4-server: chat ctx=0..8201:8201 prefill chunk 8192/8201 (99.9%) chunk=66.37 t/s avg=95.49 t/s 85.786s
1003 03:17:17 ds4-server: chat ctx=0..8201:8201 prefill chunk 8201/8201 (100.0%) chunk=67.01 t/s avg=95.45 t/s 85.920s
1003 03:17:17 ds4-server: chat ctx=0..8201:8201 prompt done 85.920s
1003 03:17:18 ds4-server: chat ctx=0..8201:8201 prefill chunk 8192/8201 (99.9%) chunk=185.51 t/s avg=97.92 t/s 83.662s
1003 03:17:19 ds4-server: chat ctx=0..8201:8201 prefill chunk 8201/8201 (100.0%) chunk=66.83 t/s avg=97.87 t/s 83.797s
1003 03:17:19 ds4-server: chat ctx=0..8201:8201 prompt done 83.797s
1003 03:17:19 ds4-server: chat ctx=0..8201:8201 prefill chunk 2048/8201 (25.0%) chunk=0.00 t/s avg=269.67 t/s 7.594s
1003 03:17:21 ds4-server: chat ctx=0..8201:8201 prefill chunk 4096/8201 (49.9%) chunk=968.09 t/s avg=421.84 t/s 9.710s
1003 03:17:22 ds4-server: chat ctx=0..8201:8201 prefill chunk 8192/8201 (99.9%) chunk=206.00 t/s avg=113.84 t/s 71.959s
1003 03:17:22 ds4-server: chat ctx=0..8201:8201 prefill chunk 8201/8201 (100.0%) chunk=66.81 t/s avg=113.75 t/s 72.094s
1003 03:17:22 ds4-server: chat ctx=0..8201:8201 prompt done 72.094s
1003 03:17:23 ds4-server: chat ctx=0..8201:8201 prefill chunk 4224/8201 (51.5%) chunk=56.35 t/s avg=352.55 t/s 11.981s
1003 03:17:24 ds4-server: chat ctx=0..8201:8201 prefill chunk 4352/8201 (53.1%) chunk=224.88 t/s avg=346.76 t/s 12.551s
1003 03:17:24 ds4-server: chat ctx=0..8201:8201 prefill chunk 4480/8201 (54.6%) chunk=215.25 t/s avg=340.81 t/s 13.145s
1003 03:17:25 ds4-server: chat ctx=0..8201:8201 prefill chunk 4608/8201 (56.2%) chunk=217.35 t/s avg=335.51 t/s 13.734s
1003 03:17:25 ds4-server: chat ctx=0..8201:8201 prefill chunk 4736/8201 (57.7%) chunk=214.00 t/s avg=330.44 t/s 14.332s
1003 03:17:26 ds4-server: chat ctx=0..8201:8201 prefill chunk 4864/8201 (59.3%) chunk=218.97 t/s avg=326.07 t/s 14.917s
1003 03:17:26 ds4-server: chat ctx=0..8201:8201 prefill chunk 4992/8201 (60.9%) chunk=215.78 t/s avg=321.86 t/s 15.510s
1003 03:17:27 ds4-server: chat ctx=0..8201:8201 prefill chunk 5120/8201 (62.4%) chunk=225.56 t/s avg=318.46 t/s 16.078s
1003 03:17:28 ds4-server: chat ctx=0..8201:8201 prefill chunk 5248/8201 (64.0%) chunk=214.15 t/s avg=314.72 t/s 16.675s
1003 03:17:28 ds4-server: chat ctx=0..8201:8201 prefill chunk 5376/8201 (65.6%) chunk=215.75 t/s avg=311.32 t/s 17.269s
1003 03:17:29 ds4-server: chat ctx=0..8201:8201 prefill chunk 5504/8201 (67.1%) chunk=215.39 t/s avg=308.13 t/s 17.863s
1003 03:17:29 ds4-server: chat ctx=0..8201:8201 prefill chunk 5632/8201 (68.7%) chunk=221.89 t/s avg=305.43 t/s 18.440s
1003 03:17:30 ds4-server: chat ctx=0..8201:8201 prefill chunk 5760/8201 (70.2%) chunk=222.86 t/s avg=302.93 t/s 19.014s
1003 03:17:31 ds4-server: chat ctx=0..8201:8201 prefill chunk 5888/8201 (71.8%) chunk=231.01 t/s avg=300.90 t/s 19.568s
1003 03:17:31 ds4-server: chat ctx=0..8201:8201 prefill chunk 6016/8201 (73.4%) chunk=228.72 t/s avg=298.89 t/s 20.128s
1003 03:17:32 ds4-server: chat ctx=0..8201:8201 prefill chunk 6144/8201 (74.9%) chunk=226.35 t/s avg=296.91 t/s 20.693s
1003 03:17:32 ds4-server: chat ctx=0..8201:8201 prefill chunk 6272/8201 (76.5%) chunk=227.14 t/s avg=295.06 t/s 21.257s
1003 03:17:33 ds4-server: chat ctx=0..8201:8201 prefill chunk 6400/8201 (78.0%) chunk=224.89 t/s avg=293.23 t/s 21.826s
1003 03:17:33 ds4-server: chat ctx=0..8201:8201 prefill chunk 6528/8201 (79.6%) chunk=220.07 t/s avg=291.33 t/s 22.408s
1003 03:17:34 ds4-server: chat ctx=0..8201:8201 prefill chunk 6656/8201 (81.2%) chunk=222.45 t/s avg=289.61 t/s 22.983s
1003 03:17:35 ds4-server: chat ctx=0..8201:8201 prefill chunk 6784/8201 (82.7%) chunk=224.07 t/s avg=288.02 t/s 23.554s
1003 03:17:35 ds4-server: chat ctx=0..8201:8201 prefill chunk 6912/8201 (84.3%) chunk=231.89 t/s avg=286.73 t/s 24.106s
1003 03:17:36 ds4-server: chat ctx=0..8201:8201 prefill chunk 7040/8201 (85.8%) chunk=216.70 t/s avg=285.06 t/s 24.697s
1003 03:17:36 ds4-server: chat ctx=0..8201:8201 prefill chunk 7168/8201 (87.4%) chunk=225.48 t/s avg=283.72 t/s 25.265s
1003 03:17:37 ds4-server: chat ctx=0..8201:8201 prefill chunk 7296/8201 (89.0%) chunk=226.77 t/s avg=282.47 t/s 25.829s
1003 03:17:37 ds4-server: chat ctx=0..8201:8201 prefill chunk 7424/8201 (90.5%) chunk=214.35 t/s avg=280.93 t/s 26.426s
1003 03:17:38 ds4-server: chat ctx=0..8201:8201 prefill chunk 7552/8201 (92.1%) chunk=220.50 t/s avg=279.63 t/s 27.007s
1003 03:17:39 ds4-server: chat ctx=0..8201:8201 prefill chunk 7680/8201 (93.6%) chunk=230.16 t/s avg=278.64 t/s 27.563s
1003 03:17:39 ds4-server: chat ctx=0..8201:8201 prefill chunk 7808/8201 (95.2%) chunk=216.67 t/s avg=277.34 t/s 28.154s
1003 03:17:40 ds4-server: chat ctx=0..8201:8201 prefill chunk 7936/8201 (96.8%) chunk=223.59 t/s avg=276.27 t/s 28.726s
1003 03:17:40 ds4-server: chat ctx=0..8201:8201 prefill chunk 8064/8201 (98.3%) chunk=224.90 t/s avg=275.27 t/s 29.295s
1003 03:17:41 ds4-server: chat ctx=0..8201:8201 prefill chunk 8192/8201 (99.9%) chunk=211.84 t/s avg=273.99 t/s 29.899s
1003 03:17:41 ds4-server: chat ctx=0..8201:8201 prefill chunk 8201/8201 (100.0%) chunk=47.38 t/s avg=272.55 t/s 30.089s
1003 03:17:41 ds4-server: chat ctx=0..8201:8201 prompt done 30.089s
1003 03:17:42 ds4-server: chat ctx=8201..8251:50 gen=50 decoding chunk=1.99 t/s avg=1.99 t/s 25.118s
1003 03:17:42 ds4-server: chat ctx=8201..8251:50 gen=50 decoding chunk=2.12 t/s avg=2.12 t/s 23.579s
1003 03:17:42 ds4-server: chat ctx=8201..8251:50 gen=50 decoding chunk=2.50 t/s avg=2.50 t/s 19.970s
1003 03:17:45 ds4-server: chat ctx=8201..8251:50 gen=50 decoding chunk=13.22 t/s avg=13.22 t/s 3.781s
1003 03:17:46 ds4-server: chat ctx=8251..8301:50 gen=100 decoding chunk=13.42 t/s avg=3.47 t/s 28.844s
1003 03:17:46 ds4-server: chat ctx=8251..8301:50 gen=100 decoding chunk=13.42 t/s avg=3.66 t/s 27.304s
1003 03:17:46 ds4-server: chat ctx=8251..8301:50 gen=100 decoding chunk=13.42 t/s avg=4.22 t/s 23.696s
1003 03:17:49 ds4-server: chat ctx=8251..8301:50 gen=100 decoding chunk=13.39 t/s avg=13.31 t/s 7.514s
1003 03:17:49 ds4-server: chat ctx=8301..8351:50 gen=150 decoding chunk=13.38 t/s avg=4.60 t/s 32.580s
1003 03:17:50 ds4-server: chat ctx=8301..8351:50 gen=150 decoding chunk=13.38 t/s avg=4.83 t/s 31.041s
1003 03:17:50 ds4-server: chat ctx=8301..8351:50 gen=150 decoding chunk=13.38 t/s avg=5.47 t/s 27.432s
1003 03:17:52 ds4-server: chat ctx=8301..8351:50 gen=150 decoding chunk=13.38 t/s avg=13.33 t/s 11.252s
1003 03:17:53 ds4-server: chat ctx=8351..8401:50 gen=200 decoding chunk=13.38 t/s avg=5.51 t/s 36.317s
1003 03:17:53 ds4-server: chat ctx=8351..8401:50 gen=200 decoding chunk=13.39 t/s avg=5.75 t/s 34.776s
1003 03:17:54 ds4-server: chat ctx=8351..8401:50 gen=200 decoding chunk=13.38 t/s avg=6.42 t/s 31.169s
1003 03:17:56 ds4-server: chat ctx=8351..8401:50 gen=200 decoding chunk=13.39 t/s avg=13.35 t/s 14.986s
1003 03:17:57 ds4-server: chat ctx=8401..8451:50 gen=250 decoding chunk=13.38 t/s avg=6.24 t/s 40.055s
1003 03:17:57 ds4-server: chat ctx=8401..8451:50 gen=250 decoding chunk=13.37 t/s avg=6.49 t/s 38.516s
1003 03:17:57 ds4-server: chat ctx=8401..8451:50 gen=250 decoding chunk=13.37 t/s avg=7.16 t/s 34.908s
1003 03:17:57 ds4-server: chat ctx=8451..8457:6 gen=256 decoding chunk=13.31 t/s avg=6.32 t/s 40.505s
1003 03:17:57 ds4-server: chat ctx=0..8201:8201 gen=256 finish=length 126.426s
1003 03:17:57 slot 1: request reuses nothing; evicting checkpoint (8457 tokens, idle 0 s, protected)
1003 03:17:57 ds4-server: live kv cache miss live=8457 prompt=8201 common=17 vision=match reason=token-mismatch
1003 03:17:57 ds4-server: chat ctx=0..8201:8201 prompt start
1003 03:17:57 ds4-server: chat ctx=8451..8457:6 gen=256 decoding chunk=13.92 t/s avg=6.57 t/s 38.947s
1003 03:17:57 ds4-server: chat ctx=0..8201:8201 gen=256 finish=length 122.744s
1003 03:17:57 slot 2: request reuses nothing; evicting checkpoint (8457 tokens, idle 0 s, protected)
1003 03:17:58 ds4-server: live kv cache miss live=8457 prompt=8201 common=17 vision=match reason=token-mismatch
1003 03:17:58 ds4-server: chat ctx=0..8201:8201 prompt start
1003 03:17:59 ds4-server: chat ctx=0..8201:8201 prefill chunk 128/8201 (1.6%) chunk=0.00 t/s avg=118.19 t/s 1.083s
1003 03:17:59 ds4-server: chat ctx=8451..8457:6 gen=256 decoding chunk=4.65 t/s avg=7.07 t/s 36.199s
1003 03:17:59 ds4-server: chat ctx=0..8201:8201 gen=256 finish=length 108.293s
1003 03:17:59 slot 0: request reuses nothing; evicting checkpoint (8457 tokens, idle 0 s, protected)
1003 03:17:59 ds4-server: chat ctx=0..8201:8201 prefill chunk 256/8201 (3.1%) chunk=277.63 t/s avg=165.80 t/s 1.544s
1003 03:17:59 ds4-server: live kv cache miss live=8457 prompt=8201 common=17 vision=match reason=token-mismatch
1003 03:17:59 ds4-server: chat ctx=0..8201:8201 prompt start
1003 03:17:59 ds4-server: chat ctx=0..8201:8201 prefill chunk 128/8201 (1.6%) chunk=0.00 t/s avg=123.45 t/s 1.037s
1003 03:17:59 ds4-server: chat ctx=0..8201:8201 prefill chunk 256/8201 (3.1%) chunk=276.66 t/s avg=170.72 t/s 1.500s
1003 03:18:00 ds4-server: chat ctx=0..8201:8201 prefill chunk 384/8201 (4.7%) chunk=87.51 t/s avg=127.71 t/s 3.007s
1003 03:18:01 ds4-server: chat ctx=0..8201:8201 prefill chunk 384/8201 (4.7%) chunk=87.48 t/s avg=129.61 t/s 2.963s
1003 03:18:01 ds4-server: chat ctx=0..8201:8201 prefill chunk 128/8201 (1.6%) chunk=0.00 t/s avg=65.83 t/s 1.944s
1003 03:18:01 ds4-server: chat ctx=0..8201:8201 prefill chunk 256/8201 (3.1%) chunk=274.43 t/s avg=106.19 t/s 2.411s
1003 03:18:02 ds4-server: chat ctx=0..8201:8201 prefill chunk 512/8201 (6.2%) chunk=87.97 t/s avg=114.75 t/s 4.462s
1003 03:18:02 ds4-server: chat ctx=0..8201:8201 prefill chunk 512/8201 (6.2%) chunk=87.55 t/s avg=115.71 t/s 4.425s
1003 03:18:03 ds4-server: chat ctx=0..8201:8201 prefill chunk 384/8201 (4.7%) chunk=87.77 t/s avg=99.25 t/s 3.869s
1003 03:18:03 ds4-server: chat ctx=0..8201:8201 prefill chunk 640/8201 (7.8%) chunk=87.32 t/s avg=107.97 t/s 5.928s
1003 03:18:04 ds4-server: chat ctx=0..8201:8201 prefill chunk 640/8201 (7.8%) chunk=86.93 t/s avg=108.53 t/s 5.897s
1003 03:18:04 ds4-server: chat ctx=0..8201:8201 prefill chunk 512/8201 (6.2%) chunk=86.56 t/s avg=95.74 t/s 5.348s
1003 03:18:05 ds4-server: chat ctx=0..8201:8201 prefill chunk 768/8201 (9.4%) chunk=87.69 t/s avg=103.96 t/s 7.387s
1003 03:18:05 ds4-server: chat ctx=0..8201:8201 prefill chunk 768/8201 (9.4%) chunk=88.71 t/s avg=104.63 t/s 7.340s
1003 03:18:06 ds4-server: chat ctx=0..8201:8201 prefill chunk 640/8201 (7.8%) chunk=88.11 t/s avg=94.11 t/s 6.801s
1003 03:18:06 ds4-server: chat ctx=0..8201:8201 prefill chunk 896/8201 (10.9%) chunk=85.88 t/s avg=100.92 t/s 8.878s
1003 03:18:07 ds4-server: chat ctx=0..8201:8201 prefill chunk 896/8201 (10.9%) chunk=83.83 t/s avg=101.05 t/s 8.867s
1003 03:18:07 ds4-server: chat ctx=0..8201:8201 prefill chunk 768/8201 (9.4%) chunk=84.89 t/s avg=92.44 t/s 8.308s
1003 03:18:08 ds4-server: chat ctx=0..8201:8201 prefill chunk 1024/8201 (12.5%) chunk=84.32 t/s avg=98.50 t/s 10.396s
1003 03:18:08 ds4-server: chat ctx=0..8201:8201 prefill chunk 1024/8201 (12.5%) chunk=83.90 t/s avg=98.53 t/s 10.393s
1003 03:18:09 ds4-server: chat ctx=0..8201:8201 prefill chunk 896/8201 (10.9%) chunk=81.81 t/s avg=90.75 t/s 9.873s
1003 03:18:09 ds4-server: chat ctx=0..8201:8201 prefill chunk 1152/8201 (14.0%) chunk=84.85 t/s avg=96.77 t/s 11.905s
1003 03:18:10 ds4-server: chat ctx=0..8201:8201 prefill chunk 1152/8201 (14.0%) chunk=87.90 t/s avg=97.22 t/s 11.849s
1003 03:18:10 ds4-server: chat ctx=0..8201:8201 prefill chunk 1024/8201 (12.5%) chunk=87.49 t/s avg=90.33 t/s 11.336s
1003 03:18:11 ds4-server: chat ctx=0..8201:8201 prefill chunk 1280/8201 (15.6%) chunk=86.81 t/s avg=95.67 t/s 13.379s
1003 03:18:11 ds4-server: chat ctx=0..8201:8201 prefill chunk 1280/8201 (15.6%) chunk=86.15 t/s avg=95.99 t/s 13.335s
1003 03:18:12 ds4-server: chat ctx=0..8201:8201 prefill chunk 1152/8201 (14.0%) chunk=89.51 t/s avg=90.24 t/s 12.766s
1003 03:18:12 ds4-server: chat ctx=0..8201:8201 prefill chunk 1408/8201 (17.2%) chunk=88.50 t/s avg=94.97 t/s 14.825s
1003 03:18:12 ds4-server: chat ctx=8401..8451:50 gen=250 decoding chunk=3.08 t/s avg=8.00 t/s 31.237s
1003 03:18:13 ds4-server: chat ctx=0..8201:8201 prefill chunk 1408/8201 (17.2%) chunk=87.57 t/s avg=95.16 t/s 14.796s
1003 03:18:13 ds4-server: chat ctx=0..8201:8201 prefill chunk 1280/8201 (15.6%) chunk=86.74 t/s avg=89.88 t/s 14.242s
1003 03:18:14 ds4-server: chat ctx=0..8201:8201 prefill chunk 1536/8201 (18.7%) chunk=86.38 t/s avg=94.19 t/s 16.307s
1003 03:18:14 ds4-server: chat ctx=0..8201:8201 prefill chunk 1536/8201 (18.7%) chunk=85.89 t/s avg=94.31 t/s 16.287s
1003 03:18:15 ds4-server: chat ctx=0..8201:8201 prefill chunk 1408/8201 (17.2%) chunk=85.03 t/s avg=89.41 t/s 15.747s
1003 03:18:15 ds4-server: chat ctx=0..8201:8201 prefill chunk 1664/8201 (20.3%) chunk=87.13 t/s avg=93.61 t/s 17.776s
1003 03:18:15 ds4-server: chat ctx=8451..8457:6 gen=256 decoding chunk=2.03 t/s avg=7.49 t/s 34.188s
1003 03:18:15 ds4-server: chat ctx=0..8201:8201 gen=256 finish=length 64.278s
1003 03:18:15 slot 3: request reuses nothing; evicting checkpoint (8457 tokens, idle 0 s, protected)
1003 03:18:16 ds4-server: chat ctx=0..8201:8201 prefill chunk 1664/8201 (20.3%) chunk=89.48 t/s avg=93.92 t/s 17.717s
1003 03:18:16 ds4-server: live kv cache miss live=8457 prompt=8201 common=17 vision=match reason=token-mismatch
1003 03:18:16 ds4-server: chat ctx=0..8201:8201 prefill chunk 1536/8201 (18.7%) chunk=90.24 t/s avg=89.48 t/s 17.166s
1003 03:18:16 ds4-server: chat ctx=0..8201:8201 prompt start
1003 03:18:17 ds4-server: chat ctx=0..8201:8201 prefill chunk 1792/8201 (21.9%) chunk=89.14 t/s avg=93.27 t/s 19.212s
1003 03:18:17 ds4-server: chat ctx=0..8201:8201 prefill chunk 2048/8201 (25.0%) chunk=226.67 t/s avg=105.51 t/s 19.411s
1003 03:18:19 ds4-server: chat ctx=0..8201:8201 prefill chunk 3712/8201 (45.3%) chunk=929.86 t/s avg=175.09 t/s 21.201s
1003 03:18:22 ds4-server: chat ctx=0..8201:8201 prefill chunk 2048/8201 (25.0%) chunk=88.51 t/s avg=89.24 t/s 22.951s
1003 03:18:24 ds4-server: chat ctx=0..8201:8201 prefill chunk 3584/8201 (43.7%) chunk=910.38 t/s avg=145.47 t/s 24.638s
1003 03:18:24 ds4-server: chat ctx=0..8201:8201 prefill chunk 2048/8201 (25.0%) chunk=33.65 t/s avg=76.36 t/s 26.821s
1003 03:18:26 ds4-server: chat ctx=0..8201:8201 prefill chunk 3840/8201 (46.8%) chunk=946.57 t/s avg=133.73 t/s 28.714s
1003 03:18:27 ds4-server: chat ctx=0..8201:8201 prefill chunk 4096/8201 (49.9%) chunk=49.66 t/s avg=141.56 t/s 28.934s
1003 03:18:29 ds4-server: chat ctx=0..8201:8201 prefill chunk 5760/8201 (70.2%) chunk=926.44 t/s avg=187.44 t/s 30.730s
1003 03:18:29 ds4-server: chat ctx=0..8201:8201 prefill chunk 2048/8201 (25.0%) chunk=0.00 t/s avg=163.48 t/s 12.528s
1003 03:18:31 ds4-server: chat ctx=0..8201:8201 prefill chunk 4096/8201 (49.9%) chunk=967.90 t/s avg=279.71 t/s 14.644s
1003 03:18:32 ds4-server: chat ctx=0..8201:8201 prefill chunk 4096/8201 (49.9%) chunk=63.75 t/s avg=125.38 t/s 32.669s
1003 03:18:33 ds4-server: chat ctx=0..8201:8201 prefill chunk 5632/8201 (68.7%) chunk=907.70 t/s avg=163.91 t/s 34.361s
1003 03:18:34 ds4-server: chat ctx=0..8201:8201 prefill chunk 4096/8201 (49.9%) chunk=32.61 t/s avg=112.03 t/s 36.563s
1003 03:18:36 ds4-server: chat ctx=0..8201:8201 prefill chunk 5888/8201 (71.8%) chunk=940.40 t/s avg=153.06 t/s 38.469s
1003 03:18:37 ds4-server: chat ctx=0..8201:8201 prefill chunk 6144/8201 (74.9%) chunk=48.25 t/s avg=158.80 t/s 38.689s
1003 03:18:38 ds4-server: chat ctx=0..8201:8201 prefill chunk 7808/8201 (95.2%) chunk=918.50 t/s avg=192.79 t/s 40.501s
1003 03:18:41 ds4-server: chat ctx=0..8201:8201 prefill chunk 6144/8201 (74.9%) chunk=209.24 t/s avg=251.48 t/s 24.431s
1003 03:18:41 ds4-server: chat ctx=0..8201:8201 prefill chunk 6144/8201 (74.9%) chunk=63.19 t/s avg=144.69 t/s 42.464s
1003 03:18:43 ds4-server: chat ctx=0..8201:8201 prefill chunk 7680/8201 (93.6%) chunk=897.97 t/s avg=173.85 t/s 44.175s
1003 03:18:44 ds4-server: chat ctx=0..8201:8201 prefill chunk 6144/8201 (74.9%) chunk=32.38 t/s avg=132.48 t/s 46.376s
1003 03:18:46 ds4-server: chat ctx=0..8201:8201 prefill chunk 7936/8201 (96.8%) chunk=934.58 t/s avg=164.33 t/s 48.293s
1003 03:18:47 ds4-server: chat ctx=0..8201:8201 prefill chunk 8192/8201 (99.9%) chunk=47.81 t/s avg=168.80 t/s 48.532s
1003 03:18:47 ds4-server: chat ctx=0..8201:8201 prefill chunk 8201/8201 (100.0%) chunk=67.09 t/s avg=168.51 t/s 48.666s
1003 03:18:47 ds4-server: chat ctx=0..8201:8201 prompt done 48.666s
1003 03:18:49 ds4-server: chat ctx=0..8201:8201 prefill chunk 8192/8201 (99.9%) chunk=250.55 t/s avg=251.25 t/s 32.605s
1003 03:18:50 ds4-server: chat ctx=0..8201:8201 prefill chunk 8192/8201 (99.9%) chunk=78.89 t/s avg=161.69 t/s 50.665s
1003 03:18:50 ds4-server: chat ctx=0..8201:8201 prefill chunk 8201/8201 (100.0%) chunk=67.03 t/s avg=161.44 t/s 50.799s
1003 03:18:50 ds4-server: chat ctx=0..8201:8201 prompt done 50.799s
1003 03:18:51 ds4-server: chat ctx=0..8201:8201 prefill chunk 8192/8201 (99.9%) chunk=53.45 t/s avg=154.33 t/s 53.083s
1003 03:18:51 ds4-server: chat ctx=0..8201:8201 prefill chunk 8201/8201 (100.0%) chunk=67.74 t/s avg=154.11 t/s 53.216s
1003 03:18:51 ds4-server: chat ctx=0..8201:8201 prompt done 53.216s
1003 03:18:51 ds4-server: chat ctx=0..8201:8201 prefill chunk 8201/8201 (100.0%) chunk=4.26 t/s avg=236.22 t/s 34.718s
1003 03:18:51 ds4-server: chat ctx=0..8201:8201 prompt done 34.718s
1003 03:18:54 ds4-server: chat ctx=8201..8251:50 gen=50 decoding chunk=6.59 t/s avg=6.59 t/s 7.592s
1003 03:18:54 ds4-server: chat ctx=8201..8251:50 gen=50 decoding chunk=10.94 t/s avg=10.94 t/s 4.571s
1003 03:18:55 ds4-server: chat ctx=8201..8251:50 gen=50 decoding chunk=12.93 t/s avg=12.93 t/s 3.866s
1003 03:18:55 ds4-server: chat ctx=8201..8251:50 gen=50 decoding chunk=13.21 t/s avg=13.21 t/s 3.785s
1003 03:18:58 ds4-server: chat ctx=8251..8301:50 gen=100 decoding chunk=13.41 t/s avg=8.83 t/s 11.321s
1003 03:18:58 ds4-server: chat ctx=8251..8301:50 gen=100 decoding chunk=13.41 t/s avg=12.05 t/s 8.300s
1003 03:18:58 ds4-server: chat ctx=8251..8301:50 gen=100 decoding chunk=13.41 t/s avg=13.17 t/s 7.595s
1003 03:18:58 ds4-server: chat ctx=8251..8301:50 gen=100 decoding chunk=13.41 t/s avg=13.31 t/s 7.514s
1003 03:19:02 ds4-server: chat ctx=8301..8351:50 gen=150 decoding chunk=13.38 t/s avg=9.96 t/s 15.058s
1003 03:19:02 ds4-server: chat ctx=8301..8351:50 gen=150 decoding chunk=13.37 t/s avg=12.46 t/s 12.038s
1003 03:19:02 ds4-server: chat ctx=8301..8351:50 gen=150 decoding chunk=13.37 t/s avg=13.23 t/s 11.334s
1003 03:19:02 ds4-server: chat ctx=8301..8351:50 gen=150 decoding chunk=13.38 t/s avg=13.33 t/s 11.252s
1003 03:19:05 ds4-server: chat ctx=8351..8401:50 gen=200 decoding chunk=13.38 t/s avg=10.64 t/s 18.795s
1003 03:19:06 ds4-server: chat ctx=8351..8401:50 gen=200 decoding chunk=13.38 t/s avg=12.68 t/s 15.775s
1003 03:19:06 ds4-server: chat ctx=8351..8401:50 gen=200 decoding chunk=13.38 t/s avg=13.27 t/s 15.070s
1003 03:19:06 ds4-server: chat ctx=8351..8401:50 gen=200 decoding chunk=13.38 t/s avg=13.34 t/s 14.989s
1003 03:19:09 ds4-server: chat ctx=8401..8451:50 gen=250 decoding chunk=13.40 t/s avg=11.10 t/s 22.525s
1003 03:19:09 ds4-server: chat ctx=8401..8451:50 gen=250 decoding chunk=13.40 t/s avg=12.82 t/s 19.505s
1003 03:19:09 ds4-server: chat ctx=8401..8451:50 gen=250 decoding chunk=13.40 t/s avg=13.30 t/s 18.802s
1003 03:19:10 ds4-server: chat ctx=8401..8451:50 gen=250 decoding chunk=13.40 t/s avg=13.35 t/s 18.722s
1003 03:19:10 ds4-server: chat ctx=8451..8457:6 gen=256 decoding chunk=13.32 t/s avg=11.14 t/s 22.976s
1003 03:19:10 ds4-server: chat ctx=0..8201:8201 gen=256 finish=length 71.642s
1003 03:19:10 slot 2: request reuses nothing; evicting checkpoint (8457 tokens, idle 0 s, protected)
1003 03:19:10 ds4-server: live kv cache miss live=8457 prompt=8201 common=17 vision=match reason=token-mismatch
1003 03:19:10 ds4-server: chat ctx=0..8201:8201 prompt start
1003 03:19:10 ds4-server: chat ctx=8451..8457:6 gen=256 decoding chunk=14.45 t/s avg=12.85 t/s 19.921s
1003 03:19:10 ds4-server: chat ctx=0..8201:8201 gen=256 finish=length 70.720s
1003 03:19:10 slot 0: request reuses nothing; evicting checkpoint (8457 tokens, idle 0 s, protected)
1003 03:19:10 ds4-server: live kv cache miss live=8457 prompt=8201 common=17 vision=match reason=token-mismatch
1003 03:19:10 ds4-server: chat ctx=0..8201:8201 prompt start
1003 03:19:10 ds4-server: chat ctx=0..8201:8201 prefill chunk 128/8201 (1.6%) chunk=0.00 t/s avg=219.92 t/s 0.582s
1003 03:19:11 ds4-server: chat ctx=0..8201:8201 prefill chunk 256/8201 (3.1%) chunk=278.38 t/s avg=245.72 t/s 1.042s
1003 03:19:11 ds4-server: chat ctx=8451..8457:6 gen=256 decoding chunk=4.65 t/s avg=12.74 t/s 20.091s
1003 03:19:11 ds4-server: chat ctx=0..8201:8201 gen=256 finish=length 73.307s
1003 03:19:11 slot 1: request reuses nothing; evicting checkpoint (8457 tokens, idle 0 s, protected)
1003 03:19:11 ds4-server: live kv cache miss live=8457 prompt=8201 common=17 vision=match reason=token-mismatch
1003 03:19:11 ds4-server: chat ctx=0..8201:8201 prompt start
1003 03:19:12 ds4-server: chat ctx=0..8201:8201 prefill chunk 384/8201 (4.7%) chunk=128.10 t/s avg=188.14 t/s 2.041s
1003 03:19:12 ds4-server: chat ctx=0..8201:8201 prefill chunk 128/8201 (1.6%) chunk=0.00 t/s avg=86.66 t/s 1.477s
1003 03:19:12 ds4-server: chat ctx=8451..8457:6 gen=256 decoding chunk=2.83 t/s avg=12.28 t/s 20.839s
1003 03:19:12 ds4-server: chat ctx=0..8201:8201 gen=256 finish=length 55.557s
1003 03:19:12 slot 3: request reuses nothing; evicting checkpoint (8457 tokens, idle 0 s, protected)
1003 03:19:12 ds4-server: chat ctx=0..8201:8201 prefill chunk 256/8201 (3.1%) chunk=277.31 t/s avg=132.05 t/s 1.939s
1003 03:19:12 ds4-server: live kv cache miss live=8457 prompt=8201 common=17 vision=match reason=token-mismatch
1003 03:19:13 ds4-server: chat ctx=0..8201:8201 prompt start
1003 03:19:13 ds4-server: chat ctx=0..8201:8201 prefill chunk 512/8201 (6.2%) chunk=89.75 t/s avg=147.67 t/s 3.467s
1003 03:19:17 ds4-server: chat ctx=0..8201:8201 prefill chunk 2048/8201 (25.0%) chunk=384.32 t/s avg=310.24 t/s 6.601s
1003 03:19:18 ds4-server: chat ctx=0..8201:8201 prefill chunk 2304/8201 (28.1%) chunk=398.01 t/s avg=318.03 t/s 7.245s
1003 03:19:18 ds4-server: chat ctx=0..8201:8201 prefill chunk 128/8201 (1.6%) chunk=0.00 t/s avg=20.49 t/s 6.247s
1003 03:19:19 ds4-server: chat ctx=0..8201:8201 prefill chunk 2048/8201 (25.0%) chunk=1041.25 t/s avg=253.13 t/s 8.091s
1003 03:19:20 ds4-server: chat ctx=0..8201:8201 prefill chunk 2176/8201 (26.5%) chunk=253.22 t/s avg=253.14 t/s 8.596s
1003 03:19:21 ds4-server: chat ctx=0..8201:8201 prefill chunk 2048/8201 (25.0%) chunk=185.32 t/s avg=174.21 t/s 11.756s
1003 03:19:22 ds4-server: chat ctx=0..8201:8201 prefill chunk 2560/8201 (31.2%) chunk=606.20 t/s avg=203.17 t/s 12.600s
1003 03:19:22 ds4-server: chat ctx=0..8201:8201 prefill chunk 2048/8201 (25.0%) chunk=0.00 t/s avg=213.33 t/s 9.600s
1003 03:19:24 ds4-server: chat ctx=0..8201:8201 prefill chunk 4096/8201 (49.9%) chunk=968.74 t/s avg=349.66 t/s 11.714s
1003 03:19:26 ds4-server: chat ctx=0..8201:8201 prefill chunk 4096/8201 (49.9%) chunk=204.12 t/s avg=255.62 t/s 16.024s
1003 03:19:27 ds4-server: chat ctx=0..8201:8201 prefill chunk 4352/8201 (53.1%) chunk=394.36 t/s avg=261.02 t/s 16.673s
1003 03:19:29 ds4-server: chat ctx=0..8201:8201 prefill chunk 4096/8201 (49.9%) chunk=211.66 t/s avg=231.84 t/s 17.667s
1003 03:19:29 ds4-server: chat ctx=0..8201:8201 prefill chunk 4224/8201 (51.5%) chunk=247.66 t/s avg=232.29 t/s 18.184s
1003 03:19:31 ds4-server: chat ctx=0..8201:8201 prefill chunk 4096/8201 (49.9%) chunk=173.47 t/s avg=190.91 t/s 21.455s
1003 03:19:32 ds4-server: chat ctx=0..8201:8201 prefill chunk 4608/8201 (56.2%) chunk=599.54 t/s avg=206.56 t/s 22.309s
1003 03:19:34 ds4-server: chat ctx=0..8201:8201 prefill chunk 6144/8201 (74.9%) chunk=210.58 t/s avg=286.57 t/s 21.440s
1003 03:19:36 ds4-server: chat ctx=0..8201:8201 prefill chunk 6144/8201 (74.9%) chunk=197.09 t/s avg=238.46 t/s 25.765s
1003 03:19:37 ds4-server: chat ctx=0..8201:8201 prefill chunk 6400/8201 (78.0%) chunk=394.23 t/s avg=242.29 t/s 26.415s
1003 03:19:39 ds4-server: chat ctx=0..8201:8201 prefill chunk 6144/8201 (74.9%) chunk=207.75 t/s avg=224.02 t/s 27.426s
1003 03:19:39 ds4-server: chat ctx=0..8201:8201 prefill chunk 6272/8201 (76.5%) chunk=252.68 t/s avg=224.54 t/s 27.933s
1003 03:19:41 ds4-server: chat ctx=0..8201:8201 prefill chunk 6144/8201 (74.9%) chunk=172.46 t/s avg=196.83 t/s 31.215s
1003 03:19:42 ds4-server: chat ctx=0..8201:8201 prefill chunk 6656/8201 (81.2%) chunk=587.38 t/s avg=207.44 t/s 32.087s
1003 03:19:44 ds4-server: chat ctx=0..8201:8201 prefill chunk 8192/8201 (99.9%) chunk=209.21 t/s avg=262.32 t/s 31.229s
1003 03:19:46 ds4-server: chat ctx=0..8201:8201 prefill chunk 8192/8201 (99.9%) chunk=195.83 t/s avg=230.34 t/s 35.565s
1003 03:19:46 ds4-server: chat ctx=0..8201:8201 prefill chunk 8201/8201 (100.0%) chunk=66.60 t/s avg=229.72 t/s 35.701s
1003 03:19:46 ds4-server: chat ctx=0..8201:8201 prompt done 35.701s
1003 03:19:48 ds4-server: chat ctx=0..8201:8201 prefill chunk 8192/8201 (99.9%) chunk=218.47 t/s avg=223.09 t/s 36.721s
1003 03:19:48 ds4-server: chat ctx=0..8201:8201 prefill chunk 8201/8201 (100.0%) chunk=66.37 t/s avg=222.51 t/s 36.857s
1003 03:19:48 ds4-server: chat ctx=0..8201:8201 prompt done 36.857s
1003 03:19:50 ds4-server: chat ctx=0..8201:8201 prefill chunk 8192/8201 (99.9%) chunk=189.14 t/s avg=203.74 t/s 40.208s
1003 03:19:50 ds4-server: chat ctx=0..8201:8201 prefill chunk 8201/8201 (100.0%) chunk=66.16 t/s avg=203.28 t/s 40.344s
1003 03:19:50 ds4-server: chat ctx=0..8201:8201 prompt done 40.344s
1003 03:19:50 ds4-server: chat ctx=0..8201:8201 prefill chunk 8201/8201 (100.0%) chunk=1.42 t/s avg=218.25 t/s 37.577s
1003 03:19:50 ds4-server: chat ctx=0..8201:8201 prompt done 37.577s
1003 03:19:54 ds4-server: chat ctx=8201..8251:50 gen=50 decoding chunk=6.49 t/s avg=6.49 t/s 7.708s
1003 03:19:54 ds4-server: chat ctx=8201..8251:50 gen=50 decoding chunk=8.88 t/s avg=8.88 t/s 5.629s
1003 03:19:54 ds4-server: chat ctx=8201..8251:50 gen=50 decoding chunk=12.92 t/s avg=12.92 t/s 3.870s
1003 03:19:54 ds4-server: chat ctx=8201..8251:50 gen=50 decoding chunk=13.21 t/s avg=13.21 t/s 3.786s
1003 03:19:57 ds4-server: chat ctx=8251..8301:50 gen=100 decoding chunk=13.40 t/s avg=8.74 t/s 11.439s
1003 03:19:57 ds4-server: chat ctx=8251..8301:50 gen=100 decoding chunk=13.41 t/s avg=10.69 t/s 9.358s
1003 03:19:58 ds4-server: chat ctx=8251..8301:50 gen=100 decoding chunk=13.41 t/s avg=13.16 t/s 7.600s
1003 03:19:58 ds4-server: chat ctx=8251..8301:50 gen=100 decoding chunk=13.40 t/s avg=13.30 t/s 7.517s
1003 03:20:01 ds4-server: chat ctx=8301..8351:50 gen=150 decoding chunk=13.37 t/s avg=9.88 t/s 15.178s
1003 03:20:01 ds4-server: chat ctx=8301..8351:50 gen=150 decoding chunk=13.37 t/s avg=11.45 t/s 13.098s
1003 03:20:01 ds4-server: chat ctx=8301..8351:50 gen=150 decoding chunk=13.37 t/s avg=13.23 t/s 11.340s
1003 03:20:02 ds4-server: chat ctx=8301..8351:50 gen=150 decoding chunk=13.37 t/s avg=13.33 t/s 11.257s
1003 03:20:05 ds4-server: chat ctx=8351..8401:50 gen=200 decoding chunk=13.37 t/s avg=10.57 t/s 18.918s
1003 03:20:05 ds4-server: chat ctx=8351..8401:50 gen=200 decoding chunk=13.37 t/s avg=11.88 t/s 16.838s
1003 03:20:05 ds4-server: chat ctx=8351..8401:50 gen=200 decoding chunk=13.37 t/s avg=13.26 t/s 15.080s
1003 03:20:05 ds4-server: chat ctx=8351..8401:50 gen=200 decoding chunk=13.37 t/s avg=13.34 t/s 14.996s
1003 03:20:09 ds4-server: chat ctx=8401..8451:50 gen=250 decoding chunk=13.38 t/s avg=11.04 t/s 22.654s
1003 03:20:09 ds4-server: chat ctx=8401..8451:50 gen=250 decoding chunk=13.38 t/s avg=12.15 t/s 20.575s
1003 03:20:09 ds4-server: chat ctx=8401..8451:50 gen=250 decoding chunk=13.38 t/s avg=13.29 t/s 18.817s
1003 03:20:09 ds4-server: chat ctx=8401..8451:50 gen=250 decoding chunk=13.38 t/s avg=13.35 t/s 18.733s
1003 03:20:09 ds4-server: chat ctx=8451..8457:6 gen=256 decoding chunk=13.36 t/s avg=11.08 t/s 23.103s
1003 03:20:09 ds4-server: chat ctx=0..8201:8201 gen=256 finish=length 58.804s
1003 03:20:09 slot 0: request reuses nothing; evicting checkpoint (8457 tokens, idle 0 s, protected)
1003 03:20:09 ds4-server: live kv cache miss live=8457 prompt=8201 common=17 vision=match reason=token-mismatch
1003 03:20:09 ds4-server: chat ctx=0..8201:8201 prompt start
1003 03:20:09 ds4-server: chat ctx=8451..8457:6 gen=256 decoding chunk=13.93 t/s avg=12.19 t/s 21.005s
1003 03:20:09 ds4-server: chat ctx=0..8201:8201 gen=256 finish=length 57.862s
1003 03:20:09 slot 1: request reuses nothing; evicting checkpoint (8457 tokens, idle 0 s, protected)
1003 03:20:09 ds4-server: live kv cache miss live=8457 prompt=8201 common=17 vision=match reason=token-mismatch
1003 03:20:10 ds4-server: chat ctx=0..8201:8201 prompt start
1003 03:20:10 ds4-server: chat ctx=8451..8457:6 gen=256 decoding chunk=7.09 t/s avg=13.02 t/s 19.663s
1003 03:20:10 ds4-server: chat ctx=0..8201:8201 gen=256 finish=length 60.007s
1003 03:20:10 slot 2: request reuses nothing; evicting checkpoint (8457 tokens, idle 0 s, protected)
1003 03:20:10 ds4-server: live kv cache miss live=8457 prompt=8201 common=17 vision=match reason=token-mismatch
1003 03:20:10 ds4-server: chat ctx=0..8201:8201 prompt start
1003 03:20:10 ds4-server: chat ctx=0..8201:8201 prefill chunk 128/8201 (1.6%) chunk=0.00 t/s avg=120.63 t/s 1.061s
1003 03:20:11 ds4-server: chat ctx=0..8201:8201 prefill chunk 256/8201 (3.1%) chunk=277.20 t/s avg=168.11 t/s 1.523s
1003 03:20:11 ds4-server: chat ctx=0..8201:8201 prefill chunk 128/8201 (1.6%) chunk=0.00 t/s avg=126.22 t/s 1.014s
1003 03:20:11 ds4-server: chat ctx=8451..8457:6 gen=256 decoding chunk=3.59 t/s avg=12.55 t/s 20.406s
1003 03:20:11 ds4-server: chat ctx=0..8201:8201 gen=256 finish=length 57.983s
1003 03:20:11 slot 3: request reuses nothing; evicting checkpoint (8457 tokens, idle 0 s, protected)
1003 03:20:11 ds4-server: chat ctx=0..8201:8201 prefill chunk 256/8201 (3.1%) chunk=276.94 t/s avg=173.40 t/s 1.476s
1003 03:20:11 ds4-server: live kv cache miss live=8457 prompt=8201 common=17 vision=match reason=token-mismatch
1003 03:20:12 ds4-server: chat ctx=0..8201:8201 prompt start
1003 03:20:12 ds4-server: chat ctx=0..8201:8201 prefill chunk 384/8201 (4.7%) chunk=89.62 t/s avg=130.12 t/s 2.951s
1003 03:20:14 ds4-server: chat ctx=0..8201:8201 prefill chunk 2048/8201 (25.0%) chunk=662.88 t/s avg=489.99 t/s 4.180s
1003 03:20:14 ds4-server: chat ctx=0..8201:8201 prefill chunk 2304/8201 (28.1%) chunk=399.06 t/s avg=477.89 t/s 4.821s
1003 03:20:14 ds4-server: chat ctx=0..8201:8201 prefill chunk 128/8201 (1.6%) chunk=0.00 t/s avg=29.86 t/s 4.287s
1003 03:20:16 ds4-server: chat ctx=0..8201:8201 prefill chunk 2048/8201 (25.0%) chunk=1040.48 t/s avg=333.97 t/s 6.132s
1003 03:20:17 ds4-server: chat ctx=0..8201:8201 prefill chunk 2176/8201 (26.5%) chunk=252.72 t/s avg=327.77 t/s 6.639s
1003 03:20:20 ds4-server: chat ctx=0..8201:8201 prefill chunk 2048/8201 (25.0%) chunk=198.60 t/s avg=180.76 t/s 11.330s
1003 03:20:21 ds4-server: chat ctx=0..8201:8201 prefill chunk 2432/8201 (29.7%) chunk=519.03 t/s avg=201.50 t/s 12.070s
1003 03:20:23 ds4-server: chat ctx=0..8201:8201 prefill chunk 4096/8201 (49.9%) chunk=208.10 t/s avg=304.94 t/s 13.432s
1003 03:20:24 ds4-server: chat ctx=0..8201:8201 prefill chunk 4352/8201 (53.1%) chunk=395.61 t/s avg=309.11 t/s 14.079s
1003 03:20:26 ds4-server: chat ctx=0..8201:8201 prefill chunk 4096/8201 (49.9%) chunk=215.77 t/s avg=263.63 t/s 15.537s
1003 03:20:26 ds4-server: chat ctx=0..8201:8201 prefill chunk 4224/8201 (51.5%) chunk=247.68 t/s avg=263.12 t/s 16.054s
1003 03:20:26 ds4-server: chat ctx=0..8201:8201 prefill chunk 2048/8201 (25.0%) chunk=0.00 t/s avg=139.99 t/s 14.630s
1003 03:20:28 ds4-server: chat ctx=0..8201:8201 prefill chunk 4096/8201 (49.9%) chunk=968.03 t/s avg=244.61 t/s 16.745s
1003 03:20:30 ds4-server: chat ctx=0..8201:8201 prefill chunk 4096/8201 (49.9%) chunk=185.87 t/s avg=194.84 t/s 21.022s
1003 03:20:31 ds4-server: chat ctx=0..8201:8201 prefill chunk 4480/8201 (54.6%) chunk=516.01 t/s avg=205.82 t/s 21.767s
1003 03:20:33 ds4-server: chat ctx=0..8201:8201 prefill chunk 6144/8201 (74.9%) chunk=197.66 t/s avg=265.45 t/s 23.145s
1003 03:20:33 ds4-server: chat ctx=0..8201:8201 prefill chunk 6400/8201 (78.0%) chunk=394.26 t/s avg=268.97 t/s 23.795s
1003 03:20:35 ds4-server: chat ctx=0..8201:8201 prefill chunk 6144/8201 (74.9%) chunk=208.32 t/s avg=243.13 t/s 25.270s
1003 03:20:36 ds4-server: chat ctx=0..8201:8201 prefill chunk 6272/8201 (76.5%) chunk=251.21 t/s avg=243.29 t/s 25.780s
1003 03:20:38 ds4-server: chat ctx=0..8201:8201 prefill chunk 6144/8201 (74.9%) chunk=210.21 t/s avg=231.95 t/s 26.488s
1003 03:20:40 ds4-server: chat ctx=0..8201:8201 prefill chunk 6144/8201 (74.9%) chunk=184.69 t/s avg=199.63 t/s 30.776s
1003 03:20:41 ds4-server: chat ctx=0..8201:8201 prefill chunk 6528/8201 (79.6%) chunk=504.15 t/s avg=206.99 t/s 31.538s
1003 03:20:43 ds4-server: chat ctx=0..8201:8201 prefill chunk 8192/8201 (99.9%) chunk=196.17 t/s avg=248.77 t/s 32.930s
1003 03:20:43 ds4-server: chat ctx=0..8201:8201 prefill chunk 8201/8201 (100.0%) chunk=66.42 t/s avg=248.02 t/s 33.065s
1003 03:20:43 ds4-server: chat ctx=0..8201:8201 prompt done 33.065s
1003 03:20:45 ds4-server: chat ctx=0..8201:8201 prefill chunk 8192/8201 (99.9%) chunk=218.87 t/s avg=237.09 t/s 34.552s
1003 03:20:45 ds4-server: chat ctx=0..8201:8201 prefill chunk 8201/8201 (100.0%) chunk=66.30 t/s avg=236.42 t/s 34.688s
1003 03:20:45 ds4-server: chat ctx=0..8201:8201 prompt done 34.688s
1003 03:20:47 ds4-server: chat ctx=0..8201:8201 prefill chunk 8192/8201 (99.9%) chunk=228.20 t/s avg=231.00 t/s 35.463s
1003 03:20:49 ds4-server: chat ctx=0..8201:8201 prefill chunk 8192/8201 (99.9%) chunk=201.29 t/s avg=205.80 t/s 39.805s
1003 03:20:49 ds4-server: chat ctx=0..8201:8201 prefill chunk 8201/8201 (100.0%) chunk=66.67 t/s avg=205.33 t/s 39.940s
1003 03:20:49 ds4-server: chat ctx=0..8201:8201 prompt done 39.940s
1003 03:20:49 ds4-server: chat ctx=0..8201:8201 prefill chunk 8201/8201 (100.0%) chunk=4.05 t/s avg=217.61 t/s 37.686s
1003 03:20:49 ds4-server: chat ctx=0..8201:8201 prompt done 37.686s
1003 03:20:53 ds4-server: chat ctx=8201..8251:50 gen=50 decoding chunk=5.04 t/s avg=5.04 t/s 9.917s
1003 03:20:53 ds4-server: chat ctx=8201..8251:50 gen=50 decoding chunk=6.38 t/s avg=6.38 t/s 7.836s
1003 03:20:53 ds4-server: chat ctx=8201..8251:50 gen=50 decoding chunk=12.93 t/s avg=12.93 t/s 3.868s
1003 03:20:53 ds4-server: chat ctx=8201..8251:50 gen=50 decoding chunk=13.20 t/s avg=13.20 t/s 3.787s
1003 03:20:56 ds4-server: chat ctx=8251..8301:50 gen=100 decoding chunk=13.39 t/s avg=7.33 t/s 13.650s
1003 03:20:56 ds4-server: chat ctx=8251..8301:50 gen=100 decoding chunk=13.40 t/s avg=8.64 t/s 11.568s
1003 03:20:57 ds4-server: chat ctx=8251..8301:50 gen=100 decoding chunk=13.39 t/s avg=13.16 t/s 7.601s
1003 03:20:57 ds4-server: chat ctx=8251..8301:50 gen=100 decoding chunk=13.40 t/s avg=13.30 t/s 7.517s
1003 03:21:00 ds4-server: chat ctx=8301..8351:50 gen=150 decoding chunk=13.37 t/s avg=8.63 t/s 17.389s
1003 03:21:00 ds4-server: chat ctx=8301..8351:50 gen=150 decoding chunk=13.37 t/s avg=9.80 t/s 15.308s
1003 03:21:00 ds4-server: chat ctx=8301..8351:50 gen=150 decoding chunk=13.37 t/s avg=13.23 t/s 11.341s
1003 03:21:01 ds4-server: chat ctx=8301..8351:50 gen=150 decoding chunk=13.36 t/s avg=13.32 t/s 11.260s
1003 03:21:04 ds4-server: chat ctx=8351..8401:50 gen=200 decoding chunk=13.36 t/s avg=9.46 t/s 21.132s
1003 03:21:04 ds4-server: chat ctx=8351..8401:50 gen=200 decoding chunk=13.36 t/s avg=10.50 t/s 19.050s
1003 03:21:04 ds4-server: chat ctx=8351..8401:50 gen=200 decoding chunk=13.36 t/s avg=13.26 t/s 15.084s
1003 03:21:04 ds4-server: chat ctx=8351..8401:50 gen=200 decoding chunk=13.37 t/s avg=13.33 t/s 15.001s
1003 03:21:08 ds4-server: chat ctx=8401..8451:50 gen=250 decoding chunk=13.37 t/s avg=10.05 t/s 24.872s
1003 03:21:08 ds4-server: chat ctx=8401..8451:50 gen=250 decoding chunk=13.36 t/s avg=10.97 t/s 22.792s
1003 03:21:08 ds4-server: chat ctx=8401..8451:50 gen=250 decoding chunk=13.37 t/s avg=13.28 t/s 18.825s
1003 03:21:08 ds4-server: chat ctx=8401..8451:50 gen=250 decoding chunk=13.36 t/s avg=13.34 t/s 18.743s
1003 03:21:08 ds4-server: chat ctx=8451..8457:6 gen=256 decoding chunk=13.33 t/s avg=10.11 t/s 25.322s
1003 03:21:08 ds4-server: chat ctx=0..8201:8201 gen=256 finish=length 58.388s
1003 03:21:08 slot 1: request reuses nothing; evicting checkpoint (8457 tokens, idle 0 s, protected)
1003 03:21:08 ds4-server: live kv cache miss live=8457 prompt=8201 common=17 vision=match reason=token-mismatch
1003 03:21:08 ds4-server: chat ctx=0..8201:8201 prompt start
1003 03:21:08 ds4-server: chat ctx=8451..8457:6 gen=256 decoding chunk=13.94 t/s avg=11.02 t/s 23.222s
1003 03:21:08 ds4-server: chat ctx=0..8201:8201 gen=256 finish=length 57.911s
1003 03:21:08 slot 2: request reuses nothing; evicting checkpoint (8457 tokens, idle 0 s, protected)
1003 03:21:09 ds4-server: live kv cache miss live=8457 prompt=8201 common=17 vision=match reason=token-mismatch
1003 03:21:09 ds4-server: chat ctx=0..8201:8201 prompt start
1003 03:21:09 ds4-server: chat ctx=0..8201:8201 prefill chunk 128/8201 (1.6%) chunk=0.00 t/s avg=226.19 t/s 0.566s
1003 03:21:09 ds4-server: chat ctx=0..8201:8201 prefill chunk 256/8201 (3.1%) chunk=277.45 t/s avg=249.21 t/s 1.027s
1003 03:21:09 ds4-server: chat ctx=8451..8457:6 gen=256 decoding chunk=4.71 t/s avg=12.74 t/s 20.097s
1003 03:21:09 ds4-server: chat ctx=0..8201:8201 gen=256 finish=length 60.037s
1003 03:21:09 slot 0: request reuses nothing; evicting checkpoint (8457 tokens, idle 0 s, protected)
1003 03:21:10 ds4-server: live kv cache miss live=8457 prompt=8201 common=17 vision=match reason=token-mismatch
1003 03:21:10 ds4-server: chat ctx=0..8201:8201 prompt start
1003 03:21:10 ds4-server: chat ctx=0..8201:8201 prefill chunk 384/8201 (4.7%) chunk=127.88 t/s avg=189.33 t/s 2.028s
1003 03:21:10 ds4-server: chat ctx=0..8201:8201 prefill chunk 128/8201 (1.6%) chunk=0.00 t/s avg=86.46 t/s 1.480s
1003 03:21:10 ds4-server: chat ctx=8451..8457:6 gen=256 decoding chunk=2.85 t/s avg=12.28 t/s 20.846s
1003 03:21:10 ds4-server: chat ctx=0..8201:8201 gen=256 finish=length 58.533s
1003 03:21:10 slot 3: request reuses nothing; evicting checkpoint (8457 tokens, idle 0 s, protected)
1003 03:21:11 ds4-server: chat ctx=0..8201:8201 prefill chunk 256/8201 (3.1%) chunk=276.95 t/s avg=131.78 t/s 1.943s
1003 03:21:11 ds4-server: live kv cache miss live=8457 prompt=8201 common=17 vision=match reason=token-mismatch
1003 03:21:11 ds4-server: chat ctx=0..8201:8201 prompt start
1003 03:21:12 ds4-server: chat ctx=0..8201:8201 prefill chunk 512/8201 (6.2%) chunk=89.63 t/s avg=148.13 t/s 3.456s
1003 03:21:13 ds4-server: chat ctx=0..8201:8201 prefill chunk 2048/8201 (25.0%) chunk=662.57 t/s avg=440.69 t/s 4.647s
1003 03:21:14 ds4-server: chat ctx=0..8201:8201 prefill chunk 2304/8201 (28.1%) chunk=398.75 t/s avg=435.60 t/s 5.289s
1003 03:21:16 ds4-server: chat ctx=0..8201:8201 prefill chunk 128/8201 (1.6%) chunk=0.00 t/s avg=20.47 t/s 6.253s
1003 03:21:18 ds4-server: chat ctx=0..8201:8201 prefill chunk 2048/8201 (25.0%) chunk=1040.69 t/s avg=252.89 t/s 8.098s
1003 03:21:18 ds4-server: chat ctx=0..8201:8201 prefill chunk 2176/8201 (26.5%) chunk=253.94 t/s avg=252.96 t/s 8.602s
1003 03:21:20 ds4-server: chat ctx=0..8201:8201 prefill chunk 2048/8201 (25.0%) chunk=185.26 t/s avg=174.34 t/s 11.747s
1003 03:21:21 ds4-server: chat ctx=0..8201:8201 prefill chunk 2560/8201 (31.2%) chunk=606.43 t/s avg=203.31 t/s 12.591s
1003 03:21:23 ds4-server: chat ctx=0..8201:8201 prefill chunk 4096/8201 (49.9%) chunk=207.76 t/s avg=294.37 t/s 13.914s
1003 03:21:23 ds4-server: chat ctx=0..8201:8201 prefill chunk 4352/8201 (53.1%) chunk=395.31 t/s avg=298.86 t/s 14.562s
1003 03:21:23 ds4-server: chat ctx=0..8201:8201 prefill chunk 2048/8201 (25.0%) chunk=0.00 t/s avg=168.73 t/s 12.138s
1003 03:21:25 ds4-server: chat ctx=0..8201:8201 prefill chunk 4096/8201 (49.9%) chunk=968.39 t/s avg=287.39 t/s 14.253s
1003 03:21:27 ds4-server: chat ctx=0..8201:8201 prefill chunk 4096/8201 (49.9%) chunk=211.72 t/s avg=231.80 t/s 17.671s
1003 03:21:28 ds4-server: chat ctx=0..8201:8201 prefill chunk 4224/8201 (51.5%) chunk=246.43 t/s avg=232.21 t/s 18.190s
1003 03:21:30 ds4-server: chat ctx=0..8201:8201 prefill chunk 4096/8201 (49.9%) chunk=173.47 t/s avg=190.99 t/s 21.446s
1003 03:21:30 ds4-server: chat ctx=0..8201:8201 prefill chunk 4608/8201 (56.2%) chunk=599.57 t/s avg=206.63 t/s 22.300s
1003 03:21:32 ds4-server: chat ctx=0..8201:8201 prefill chunk 6144/8201 (74.9%) chunk=197.42 t/s avg=259.91 t/s 23.639s
1003 03:21:33 ds4-server: chat ctx=0..8201:8201 prefill chunk 6400/8201 (78.0%) chunk=394.47 t/s avg=263.51 t/s 24.288s
1003 03:21:35 ds4-server: chat ctx=0..8201:8201 prefill chunk 6144/8201 (74.9%) chunk=210.23 t/s avg=256.06 t/s 23.994s
1003 03:21:37 ds4-server: chat ctx=0..8201:8201 prefill chunk 6144/8201 (74.9%) chunk=207.83 t/s avg=224.00 t/s 27.428s
1003 03:21:38 ds4-server: chat ctx=0..8201:8201 prefill chunk 6272/8201 (76.5%) chunk=252.04 t/s avg=224.51 t/s 27.936s
1003 03:21:39 ds4-server: chat ctx=0..8201:8201 prefill chunk 6144/8201 (74.9%) chunk=172.54 t/s avg=196.91 t/s 31.203s
1003 03:21:40 ds4-server: chat ctx=0..8201:8201 prefill chunk 6656/8201 (81.2%) chunk=587.78 t/s avg=207.52 t/s 32.074s
1003 03:21:42 ds4-server: chat ctx=0..8201:8201 prefill chunk 8192/8201 (99.9%) chunk=196.11 t/s avg=245.08 t/s 33.426s
1003 03:21:42 ds4-server: chat ctx=0..8201:8201 prefill chunk 8201/8201 (100.0%) chunk=66.35 t/s avg=244.36 t/s 33.561s
1003 03:21:42 ds4-server: chat ctx=0..8201:8201 prompt done 33.561s
1003 03:21:44 ds4-server: chat ctx=0..8201:8201 prefill chunk 8192/8201 (99.9%) chunk=220.58 t/s avg=246.16 t/s 33.279s
1003 03:21:46 ds4-server: chat ctx=0..8201:8201 prefill chunk 8192/8201 (99.9%) chunk=218.00 t/s avg=222.95 t/s 36.744s
1003 03:21:47 ds4-server: chat ctx=0..8201:8201 prefill chunk 8201/8201 (100.0%) chunk=66.63 t/s avg=222.38 t/s 36.879s
1003 03:21:47 ds4-server: chat ctx=0..8201:8201 prompt done 36.879s
1003 03:21:48 ds4-server: chat ctx=0..8201:8201 prefill chunk 8192/8201 (99.9%) chunk=188.62 t/s avg=203.70 t/s 40.217s
1003 03:21:48 ds4-server: chat ctx=0..8201:8201 prefill chunk 8201/8201 (100.0%) chunk=66.53 t/s avg=203.24 t/s 40.352s
1003 03:21:48 ds4-server: chat ctx=0..8201:8201 prompt done 40.352s
1003 03:21:49 ds4-server: chat ctx=0..8201:8201 prefill chunk 8201/8201 (100.0%) chunk=2.09 t/s avg=218.15 t/s 37.594s
1003 03:21:49 ds4-server: chat ctx=0..8201:8201 prompt done 37.594s
1003 03:21:52 ds4-server: chat ctx=8201..8251:50 gen=50 decoding chunk=5.11 t/s avg=5.11 t/s 9.789s
1003 03:21:52 ds4-server: chat ctx=8201..8251:50 gen=50 decoding chunk=8.89 t/s avg=8.89 t/s 5.621s
1003 03:21:52 ds4-server: chat ctx=8201..8251:50 gen=50 decoding chunk=12.95 t/s avg=12.95 t/s 3.862s
1003 03:21:52 ds4-server: chat ctx=8201..8251:50 gen=50 decoding chunk=13.23 t/s avg=13.23 t/s 3.779s
1003 03:21:56 ds4-server: chat ctx=8251..8301:50 gen=100 decoding chunk=13.39 t/s avg=7.39 t/s 13.524s
1003 03:21:56 ds4-server: chat ctx=8251..8301:50 gen=100 decoding chunk=13.39 t/s avg=10.69 t/s 9.356s
1003 03:21:56 ds4-server: chat ctx=8251..8301:50 gen=100 decoding chunk=13.39 t/s avg=13.16 t/s 7.597s
1003 03:21:56 ds4-server: chat ctx=8251..8301:50 gen=100 decoding chunk=13.39 t/s avg=13.31 t/s 7.514s
1003 03:21:59 ds4-server: chat ctx=8301..8351:50 gen=150 decoding chunk=13.37 t/s avg=8.69 t/s 17.262s
1003 03:22:00 ds4-server: chat ctx=8301..8351:50 gen=150 decoding chunk=13.37 t/s avg=11.45 t/s 13.095s
1003 03:22:00 ds4-server: chat ctx=8301..8351:50 gen=150 decoding chunk=13.37 t/s avg=13.23 t/s 11.336s
1003 03:22:00 ds4-server: chat ctx=8301..8351:50 gen=150 decoding chunk=13.37 t/s avg=13.33 t/s 11.254s
1003 03:22:03 ds4-server: chat ctx=8351..8401:50 gen=200 decoding chunk=13.37 t/s avg=9.52 t/s 21.003s
1003 03:22:03 ds4-server: chat ctx=8351..8401:50 gen=200 decoding chunk=13.37 t/s avg=11.88 t/s 16.835s
1003 03:22:04 ds4-server: chat ctx=8351..8401:50 gen=200 decoding chunk=13.37 t/s avg=13.27 t/s 15.076s
1003 03:22:04 ds4-server: chat ctx=8351..8401:50 gen=200 decoding chunk=13.37 t/s avg=13.34 t/s 14.994s
1003 03:22:07 ds4-server: chat ctx=8401..8451:50 gen=250 decoding chunk=13.37 t/s avg=10.10 t/s 24.743s
1003 03:22:07 ds4-server: chat ctx=8401..8451:50 gen=250 decoding chunk=13.37 t/s avg=12.15 t/s 20.576s
1003 03:22:07 ds4-server: chat ctx=8401..8451:50 gen=250 decoding chunk=13.36 t/s avg=13.28 t/s 18.819s
1003 03:22:07 ds4-server: chat ctx=8401..8451:50 gen=250 decoding chunk=13.36 t/s avg=13.34 t/s 18.737s
1003 03:22:07 ds4-server: chat ctx=8451..8457:6 gen=256 decoding chunk=13.31 t/s avg=10.16 t/s 25.194s
1003 03:22:07 ds4-server: chat ctx=0..8201:8201 gen=256 finish=length 58.755s
1003 03:22:07 slot 2: request reuses nothing; evicting checkpoint (8457 tokens, idle 0 s, protected)
1003 03:22:07 ds4-server: live kv cache miss live=8457 prompt=8201 common=17 vision=match reason=token-mismatch
1003 03:22:07 ds4-server: chat ctx=0..8201:8201 prompt start
1003 03:22:08 ds4-server: chat ctx=8451..8457:6 gen=256 decoding chunk=14.46 t/s avg=12.20 t/s 20.991s
1003 03:22:08 ds4-server: chat ctx=0..8201:8201 gen=256 finish=length 57.870s
1003 03:22:08 slot 0: request reuses nothing; evicting checkpoint (8457 tokens, idle 0 s, protected)
1003 03:22:08 ds4-server: live kv cache miss live=8457 prompt=8201 common=17 vision=match reason=token-mismatch
1003 03:22:08 ds4-server: chat ctx=0..8201:8201 prompt start
1003 03:22:08 ds4-server: chat ctx=0..8201:8201 prefill chunk 128/8201 (1.6%) chunk=0.00 t/s avg=219.12 t/s 0.584s
1003 03:22:09 ds4-server: chat ctx=0..8201:8201 prefill chunk 256/8201 (3.1%) chunk=276.84 t/s avg=244.62 t/s 1.047s
1003 03:22:09 ds4-server: chat ctx=8451..8457:6 gen=256 decoding chunk=4.64 t/s avg=12.73 t/s 20.112s
1003 03:22:09 ds4-server: chat ctx=0..8201:8201 gen=256 finish=length 60.465s
1003 03:22:09 slot 1: request reuses nothing; evicting checkpoint (8457 tokens, idle 0 s, protected)
1003 03:22:09 ds4-server: live kv cache miss live=8457 prompt=8201 common=17 vision=match reason=token-mismatch
1003 03:22:09 ds4-server: chat ctx=0..8201:8201 prompt start
1003 03:22:10 ds4-server: chat ctx=0..8201:8201 prefill chunk 384/8201 (4.7%) chunk=128.01 t/s avg=187.64 t/s 2.046s
1003 03:22:10 ds4-server: chat ctx=0..8201:8201 prefill chunk 128/8201 (1.6%) chunk=0.00 t/s avg=86.47 t/s 1.480s
1003 03:22:10 ds4-server: chat ctx=8451..8457:6 gen=256 decoding chunk=2.83 t/s avg=12.27 t/s 20.860s
1003 03:22:10 ds4-server: chat ctx=0..8201:8201 gen=256 finish=length 58.454s
1003 03:22:10 slot 3: request reuses nothing; evicting checkpoint (8457 tokens, idle 0 s, protected)
1003 03:22:10 ds4-server: chat ctx=0..8201:8201 prefill chunk 256/8201 (3.1%) chunk=276.93 t/s avg=131.79 t/s 1.943s
1003 03:22:10 ds4-server: live kv cache miss live=8457 prompt=8201 common=17 vision=match reason=token-mismatch
1003 03:22:10 ds4-server: chat ctx=0..8201:8201 prompt start
1003 03:22:11 ds4-server: chat ctx=0..8201:8201 prefill chunk 512/8201 (6.2%) chunk=89.74 t/s avg=147.43 t/s 3.473s
1003 03:22:13 ds4-server: chat ctx=0..8201:8201 prefill chunk 2048/8201 (25.0%) chunk=662.69 t/s avg=440.75 t/s 4.647s
1003 03:22:13 ds4-server: chat ctx=0..8201:8201 prefill chunk 2304/8201 (28.1%) chunk=399.35 t/s avg=435.73 t/s 5.288s
1003 03:22:13 ds4-server: chat ctx=0..8201:8201 prefill chunk 128/8201 (1.6%) chunk=0.00 t/s avg=29.85 t/s 4.288s
1003 03:22:15 ds4-server: chat ctx=0..8201:8201 prefill chunk 2048/8201 (25.0%) chunk=1040.22 t/s avg=333.89 t/s 6.134s
1003 03:22:16 ds4-server: chat ctx=0..8201:8201 prefill chunk 2176/8201 (26.5%) chunk=253.60 t/s avg=327.79 t/s 6.638s
1003 03:22:17 ds4-server: chat ctx=0..8201:8201 prefill chunk 2048/8201 (25.0%) chunk=242.72 t/s avg=208.95 t/s 9.801s
1003 03:22:18 ds4-server: chat ctx=0..8201:8201 prefill chunk 2560/8201 (31.2%) chunk=605.83 t/s avg=240.46 t/s 10.646s
1003 03:22:22 ds4-server: chat ctx=0..8201:8201 prefill chunk 4096/8201 (49.9%) chunk=207.76 t/s avg=294.40 t/s 13.913s
1003 03:22:23 ds4-server: chat ctx=0..8201:8201 prefill chunk 4352/8201 (53.1%) chunk=393.88 t/s avg=298.84 t/s 14.563s
1003 03:22:25 ds4-server: chat ctx=0..8201:8201 prefill chunk 4096/8201 (49.9%) chunk=215.33 t/s avg=263.33 t/s 15.555s
1003 03:22:25 ds4-server: chat ctx=0..8201:8201 prefill chunk 4224/8201 (51.5%) chunk=246.94 t/s avg=262.80 t/s 16.073s
1003 03:22:27 ds4-server: chat ctx=0..8201:8201 prefill chunk 4096/8201 (49.9%) chunk=176.51 t/s avg=211.70 t/s 19.348s
1003 03:22:28 ds4-server: chat ctx=0..8201:8201 prefill chunk 4608/8201 (56.2%) chunk=601.24 t/s avg=228.12 t/s 20.200s
1003 03:22:28 ds4-server: chat ctx=0..8201:8201 prefill chunk 2048/8201 (25.0%) chunk=0.00 t/s avg=119.11 t/s 17.194s
1003 03:22:30 ds4-server: chat ctx=0..8201:8201 prefill chunk 4096/8201 (49.9%) chunk=968.78 t/s avg=212.14 t/s 19.308s
1003 03:22:32 ds4-server: chat ctx=0..8201:8201 prefill chunk 6144/8201 (74.9%) chunk=197.53 t/s avg=259.95 t/s 23.635s
1003 03:22:32 ds4-server: chat ctx=0..8201:8201 prefill chunk 6400/8201 (78.0%) chunk=394.57 t/s avg=263.55 t/s 24.284s
1003 03:22:34 ds4-server: chat ctx=0..8201:8201 prefill chunk 6144/8201 (74.9%) chunk=208.30 t/s avg=242.94 t/s 25.291s
1003 03:22:35 ds4-server: chat ctx=0..8201:8201 prefill chunk 6272/8201 (76.5%) chunk=251.56 t/s avg=243.11 t/s 25.799s
1003 03:22:37 ds4-server: chat ctx=0..8201:8201 prefill chunk 6144/8201 (74.9%) chunk=172.92 t/s avg=211.26 t/s 29.083s
1003 03:22:37 ds4-server: chat ctx=0..8201:8201 prefill chunk 6656/8201 (81.2%) chunk=587.61 t/s avg=222.21 t/s 29.954s
1003 03:22:40 ds4-server: chat ctx=0..8201:8201 prefill chunk 6144/8201 (74.9%) chunk=209.61 t/s avg=211.29 t/s 29.078s
1003 03:22:41 ds4-server: chat ctx=0..8201:8201 prefill chunk 8192/8201 (99.9%) chunk=196.16 t/s avg=245.13 t/s 33.419s
1003 03:22:42 ds4-server: chat ctx=0..8201:8201 prefill chunk 8201/8201 (100.0%) chunk=66.69 t/s avg=244.41 t/s 33.554s
1003 03:22:42 ds4-server: chat ctx=0..8201:8201 prompt done 33.554s
1003 03:22:44 ds4-server: chat ctx=0..8201:8201 prefill chunk 8192/8201 (99.9%) chunk=218.84 t/s avg=236.95 t/s 34.573s
1003 03:22:44 ds4-server: chat ctx=0..8201:8201 prefill chunk 8201/8201 (100.0%) chunk=66.47 t/s avg=236.28 t/s 34.708s
1003 03:22:44 ds4-server: chat ctx=0..8201:8201 prompt done 34.708s
1003 03:22:46 ds4-server: chat ctx=0..8201:8201 prefill chunk 8192/8201 (99.9%) chunk=189.43 t/s avg=215.23 t/s 38.062s
1003 03:22:46 ds4-server: chat ctx=0..8201:8201 prefill chunk 8201/8201 (100.0%) chunk=66.49 t/s avg=214.70 t/s 38.198s
1003 03:22:46 ds4-server: chat ctx=0..8201:8201 prompt done 38.198s
1003 03:22:48 ds4-server: chat ctx=0..8201:8201 prefill chunk 8192/8201 (99.9%) chunk=245.20 t/s avg=218.86 t/s 37.431s
1003 03:22:48 ds4-server: chat ctx=0..8201:8201 prefill chunk 8201/8201 (100.0%) chunk=46.86 t/s avg=217.98 t/s 37.623s
1003 03:22:48 ds4-server: chat ctx=0..8201:8201 prompt done 37.623s
1003 03:22:51 ds4-server: chat ctx=8201..8251:50 gen=50 decoding chunk=5.09 t/s avg=5.09 t/s 9.826s
1003 03:22:52 ds4-server: chat ctx=8201..8251:50 gen=50 decoding chunk=6.45 t/s avg=6.45 t/s 7.747s
1003 03:22:52 ds4-server: chat ctx=8201..8251:50 gen=50 decoding chunk=8.35 t/s avg=8.35 t/s 5.991s
1003 03:22:52 ds4-server: chat ctx=8201..8251:50 gen=50 decoding chunk=13.22 t/s avg=13.22 t/s 3.783s
1003 03:22:55 ds4-server: chat ctx=8251..8301:50 gen=100 decoding chunk=13.41 t/s avg=7.38 t/s 13.555s
1003 03:22:55 ds4-server: chat ctx=8251..8301:50 gen=100 decoding chunk=13.41 t/s avg=8.71 t/s 11.476s
1003 03:22:55 ds4-server: chat ctx=8251..8301:50 gen=100 decoding chunk=13.41 t/s avg=10.29 t/s 9.720s
1003 03:22:56 ds4-server: chat ctx=8251..8301:50 gen=100 decoding chunk=13.41 t/s avg=13.31 t/s 7.513s
1003 03:22:59 ds4-server: chat ctx=8301..8351:50 gen=150 decoding chunk=13.38 t/s avg=8.67 t/s 17.294s
1003 03:22:59 ds4-server: chat ctx=8301..8351:50 gen=150 decoding chunk=13.37 t/s avg=9.86 t/s 15.214s
1003 03:22:59 ds4-server: chat ctx=8301..8351:50 gen=150 decoding chunk=13.37 t/s avg=11.15 t/s 13.458s
1003 03:22:59 ds4-server: chat ctx=8301..8351:50 gen=150 decoding chunk=13.37 t/s avg=13.33 t/s 11.251s
1003 03:23:03 ds4-server: chat ctx=8351..8401:50 gen=200 decoding chunk=13.37 t/s avg=9.51 t/s 21.033s
1003 03:23:03 ds4-server: chat ctx=8351..8401:50 gen=200 decoding chunk=13.37 t/s avg=10.55 t/s 18.954s
1003 03:23:03 ds4-server: chat ctx=8351..8401:50 gen=200 decoding chunk=13.37 t/s avg=11.63 t/s 17.197s
1003 03:23:03 ds4-server: chat ctx=8351..8401:50 gen=200 decoding chunk=13.37 t/s avg=13.34 t/s 14.991s
1003 03:23:06 ds4-server: chat ctx=8401..8451:50 gen=250 decoding chunk=13.36 t/s avg=10.09 t/s 24.775s
1003 03:23:06 ds4-server: chat ctx=8401..8451:50 gen=250 decoding chunk=13.36 t/s avg=11.02 t/s 22.695s
1003 03:23:07 ds4-server: chat ctx=8401..8451:50 gen=250 decoding chunk=13.36 t/s avg=11.94 t/s 20.940s
1003 03:23:07 ds4-server: chat ctx=8401..8451:50 gen=250 decoding chunk=13.36 t/s avg=13.34 t/s 18.734s
1003 03:23:07 ds4-server: chat ctx=8451..8457:6 gen=256 decoding chunk=13.34 t/s avg=10.15 t/s 25.224s
1003 03:23:07 ds4-server: chat ctx=0..8201:8201 gen=256 finish=length 58.779s
1003 03:23:07 slot 0: request reuses nothing; evicting checkpoint (8457 tokens, idle 0 s, protected)
1003 03:23:07 ds4-server: live kv cache miss live=8457 prompt=8201 common=17 vision=match reason=token-mismatch
1003 03:23:07 ds4-server: chat ctx=0..8201:8201 prompt start
1003 03:23:07 ds4-server: chat ctx=8451..8457:6 gen=256 decoding chunk=13.88 t/s avg=11.07 t/s 23.128s
1003 03:23:07 ds4-server: chat ctx=0..8201:8201 gen=256 finish=length 57.836s
1003 03:23:07 slot 1: request reuses nothing; evicting checkpoint (8457 tokens, idle 0 s, protected)
1003 03:23:07 ds4-server: live kv cache miss live=8457 prompt=8201 common=17 vision=match reason=token-mismatch
1003 03:23:07 ds4-server: chat ctx=0..8201:8201 prompt start
1003 03:23:07 ds4-server: chat ctx=8451..8457:6 gen=256 decoding chunk=7.07 t/s avg=11.75 t/s 21.789s
1003 03:23:07 ds4-server: chat ctx=0..8201:8201 gen=256 finish=length 59.987s
1003 03:23:07 slot 2: request reuses nothing; evicting checkpoint (8457 tokens, idle 0 s, protected)
1003 03:23:08 ds4-server: live kv cache miss live=8457 prompt=8201 common=17 vision=match reason=token-mismatch
1003 03:23:08 ds4-server: chat ctx=0..8201:8201 prompt start
1003 03:23:08 ds4-server: chat ctx=0..8201:8201 prefill chunk 128/8201 (1.6%) chunk=0.00 t/s avg=120.36 t/s 1.063s
1003 03:23:08 ds4-server: chat ctx=0..8201:8201 prefill chunk 256/8201 (3.1%) chunk=277.58 t/s avg=167.91 t/s 1.525s
1003 03:23:08 ds4-server: chat ctx=0..8201:8201 prefill chunk 128/8201 (1.6%) chunk=0.00 t/s avg=126.10 t/s 1.015s
1003 03:23:09 ds4-server: chat ctx=0..8201:8201 prefill chunk 256/8201 (3.1%) chunk=276.72 t/s avg=173.25 t/s 1.478s
1003 03:23:09 ds4-server: chat ctx=8451..8457:6 gen=256 decoding chunk=2.88 t/s avg=12.30 t/s 20.815s
1003 03:23:09 ds4-server: chat ctx=0..8201:8201 gen=256 finish=length 58.438s
1003 03:23:09 slot 3: request reuses nothing; evicting checkpoint (8457 tokens, idle 0 s, protected)
1003 03:23:09 ds4-server: live kv cache miss live=8457 prompt=8201 common=17 vision=match reason=token-mismatch
1003 03:23:10 ds4-server: chat ctx=0..8201:8201 prefill chunk 384/8201 (4.7%) chunk=88.53 t/s avg=129.28 t/s 2.970s
1003 03:23:10 ds4-server: chat ctx=0..8201:8201 prompt start
1003 03:23:10 ds4-server: chat ctx=0..8201:8201 prefill chunk 384/8201 (4.7%) chunk=89.48 t/s avg=132.05 t/s 2.908s
1003 03:23:10 ds4-server: chat ctx=0..8201:8201 prefill chunk 128/8201 (1.6%) chunk=0.00 t/s avg=53.94 t/s 2.373s
1003 03:23:12 ds4-server: chat ctx=0..8201:8201 prefill chunk 2048/8201 (25.0%) chunk=1041.57 t/s avg=485.75 t/s 4.216s
1003 03:23:13 ds4-server: chat ctx=0..8201:8201 prefill chunk 2176/8201 (26.5%) chunk=252.67 t/s avg=460.75 t/s 4.723s
1003 03:23:16 ds4-server: chat ctx=0..8201:8201 prefill chunk 2048/8201 (25.0%) chunk=258.18 t/s avg=217.51 t/s 9.416s
1003 03:23:17 ds4-server: chat ctx=0..8201:8201 prefill chunk 2432/8201 (29.7%) chunk=519.27 t/s avg=239.49 t/s 10.155s
1003 03:23:19 ds4-server: chat ctx=0..8201:8201 prefill chunk 2048/8201 (25.0%) chunk=198.45 t/s avg=181.35 t/s 11.293s
1003 03:23:19 ds4-server: chat ctx=0..8201:8201 prefill chunk 2432/8201 (29.7%) chunk=519.82 t/s avg=202.13 t/s 12.032s
1003 03:23:21 ds4-server: chat ctx=0..8201:8201 prefill chunk 4096/8201 (49.9%) chunk=218.93 t/s avg=303.57 t/s 13.493s
1003 03:23:22 ds4-server: chat ctx=0..8201:8201 prefill chunk 4224/8201 (51.5%) chunk=246.62 t/s avg=301.46 t/s 14.012s
1003 03:23:22 ds4-server: chat ctx=0..8201:8201 prefill chunk 2048/8201 (25.0%) chunk=0.00 t/s avg=169.19 t/s 12.105s
1003 03:23:24 ds4-server: chat ctx=0..8201:8201 prefill chunk 4096/8201 (49.9%) chunk=968.48 t/s avg=288.05 t/s 14.220s
1003 03:23:26 ds4-server: chat ctx=0..8201:8201 prefill chunk 4096/8201 (49.9%) chunk=188.52 t/s avg=215.79 t/s 18.982s
1003 03:23:27 ds4-server: chat ctx=0..8201:8201 prefill chunk 4480/8201 (54.6%) chunk=514.73 t/s avg=227.09 t/s 19.728s
1003 03:23:28 ds4-server: chat ctx=0..8201:8201 prefill chunk 4096/8201 (49.9%) chunk=185.77 t/s avg=195.15 t/s 20.989s
1003 03:23:29 ds4-server: chat ctx=0..8201:8201 prefill chunk 4480/8201 (54.6%) chunk=514.61 t/s avg=206.12 t/s 21.735s
1003 03:23:31 ds4-server: chat ctx=0..8201:8201 prefill chunk 6144/8201 (74.9%) chunk=208.69 t/s avg=264.69 t/s 23.212s
1003 03:23:32 ds4-server: chat ctx=0..8201:8201 prefill chunk 6272/8201 (76.5%) chunk=251.26 t/s avg=264.40 t/s 23.721s
1003 03:23:34 ds4-server: chat ctx=0..8201:8201 prefill chunk 6144/8201 (74.9%) chunk=210.58 t/s avg=256.59 t/s 23.945s
1003 03:23:36 ds4-server: chat ctx=0..8201:8201 prefill chunk 6144/8201 (74.9%) chunk=185.05 t/s avg=213.93 t/s 28.720s
1003 03:23:36 ds4-server: chat ctx=0..8201:8201 prefill chunk 6528/8201 (79.6%) chunk=504.91 t/s avg=221.44 t/s 29.480s
1003 03:23:38 ds4-server: chat ctx=0..8201:8201 prefill chunk 6144/8201 (74.9%) chunk=184.48 t/s avg=199.77 t/s 30.755s
1003 03:23:39 ds4-server: chat ctx=0..8201:8201 prefill chunk 6528/8201 (79.6%) chunk=504.51 t/s avg=207.13 t/s 31.516s
1003 03:23:41 ds4-server: chat ctx=0..8201:8201 prefill chunk 8192/8201 (99.9%) chunk=206.93 t/s avg=248.25 t/s 33.000s
1003 03:23:41 ds4-server: chat ctx=0..8201:8201 prefill chunk 8201/8201 (100.0%) chunk=66.37 t/s avg=247.50 t/s 33.135s
1003 03:23:41 ds4-server: chat ctx=0..8201:8201 prompt done 33.135s
1003 03:23:43 ds4-server: chat ctx=0..8201:8201 prefill chunk 8192/8201 (99.9%) chunk=217.31 t/s avg=245.50 t/s 33.369s
1003 03:23:45 ds4-server: chat ctx=0..8201:8201 prefill chunk 8192/8201 (99.9%) chunk=191.31 t/s avg=214.57 t/s 38.178s
1003 03:23:45 ds4-server: chat ctx=0..8201:8201 prefill chunk 8201/8201 (100.0%) chunk=66.61 t/s avg=214.05 t/s 38.314s
1003 03:23:45 ds4-server: chat ctx=0..8201:8201 prompt done 38.314s
1003 03:23:47 ds4-server: chat ctx=0..8201:8201 prefill chunk 8192/8201 (99.9%) chunk=204.34 t/s avg=206.56 t/s 39.660s
1003 03:23:47 ds4-server: chat ctx=0..8201:8201 prefill chunk 8201/8201 (100.0%) chunk=66.64 t/s avg=206.08 t/s 39.795s
1003 03:23:47 ds4-server: chat ctx=0..8201:8201 prompt done 39.795s
1003 03:23:47 ds4-server: chat ctx=0..8201:8201 prefill chunk 8201/8201 (100.0%) chunk=2.14 t/s avg=218.21 t/s 37.584s
1003 03:23:47 ds4-server: chat ctx=0..8201:8201 prompt done 37.584s
1003 03:23:51 ds4-server: chat ctx=8201..8251:50 gen=50 decoding chunk=5.16 t/s avg=5.16 t/s 9.694s
1003 03:23:51 ds4-server: chat ctx=8201..8251:50 gen=50 decoding chunk=8.73 t/s avg=8.73 t/s 5.728s
1003 03:23:51 ds4-server: chat ctx=8201..8251:50 gen=50 decoding chunk=12.93 t/s avg=12.93 t/s 3.867s
1003 03:23:51 ds4-server: chat ctx=8201..8251:50 gen=50 decoding chunk=13.21 t/s avg=13.21 t/s 3.786s
1003 03:23:55 ds4-server: chat ctx=8251..8301:50 gen=100 decoding chunk=13.40 t/s avg=7.45 t/s 13.426s
1003 03:23:55 ds4-server: chat ctx=8251..8301:50 gen=100 decoding chunk=13.40 t/s avg=10.57 t/s 9.460s
1003 03:23:55 ds4-server: chat ctx=8251..8301:50 gen=100 decoding chunk=13.39 t/s avg=13.16 t/s 7.600s
1003 03:23:55 ds4-server: chat ctx=8251..8301:50 gen=100 decoding chunk=13.40 t/s avg=13.30 t/s 7.518s
1003 03:23:58 ds4-server: chat ctx=8301..8351:50 gen=150 decoding chunk=13.39 t/s avg=8.74 t/s 17.162s
1003 03:23:58 ds4-server: chat ctx=8301..8351:50 gen=150 decoding chunk=13.38 t/s avg=11.37 t/s 13.198s
1003 03:23:59 ds4-server: chat ctx=8301..8351:50 gen=150 decoding chunk=13.37 t/s avg=13.23 t/s 11.340s
1003 03:23:59 ds4-server: chat ctx=8301..8351:50 gen=150 decoding chunk=13.37 t/s avg=13.32 t/s 11.258s
1003 03:24:02 ds4-server: chat ctx=8351..8401:50 gen=200 decoding chunk=13.37 t/s avg=9.57 t/s 20.903s
1003 03:24:02 ds4-server: chat ctx=8351..8401:50 gen=200 decoding chunk=13.37 t/s avg=11.81 t/s 16.938s
1003 03:24:02 ds4-server: chat ctx=8351..8401:50 gen=200 decoding chunk=13.38 t/s avg=13.26 t/s 15.078s
1003 03:24:02 ds4-server: chat ctx=8351..8401:50 gen=200 decoding chunk=13.38 t/s avg=13.34 t/s 14.996s
1003 03:24:06 ds4-server: chat ctx=8401..8451:50 gen=250 decoding chunk=13.35 t/s avg=10.14 t/s 24.647s
1003 03:24:06 ds4-server: chat ctx=8401..8451:50 gen=250 decoding chunk=13.35 t/s avg=12.09 t/s 20.683s
1003 03:24:06 ds4-server: chat ctx=8401..8451:50 gen=250 decoding chunk=13.35 t/s avg=13.28 t/s 18.824s
1003 03:24:06 ds4-server: chat ctx=8401..8451:50 gen=250 decoding chunk=13.35 t/s avg=13.34 t/s 18.742s
1003 03:24:06 ds4-server: chat ctx=8451..8457:6 gen=256 decoding chunk=13.32 t/s avg=10.20 t/s 25.098s
1003 03:24:06 ds4-server: chat ctx=0..8201:8201 gen=256 finish=length 58.233s
1003 03:24:06 slot 2: request reuses nothing; evicting checkpoint (8457 tokens, idle 0 s, protected)
1003 03:24:06 ds4-server: live kv cache miss live=8457 prompt=8201 common=17 vision=match reason=token-mismatch
1003 03:24:06 ds4-server: chat ctx=0..8201:8201 prompt start
1003 03:24:06 ds4-server: chat ctx=8451..8457:6 gen=256 decoding chunk=14.48 t/s avg=12.13 t/s 21.097s
1003 03:24:06 ds4-server: chat ctx=0..8201:8201 gen=256 finish=length 59.411s
1003 03:24:06 slot 0: request reuses nothing; evicting checkpoint (8457 tokens, idle 0 s, protected)
1003 03:24:07 ds4-server: live kv cache miss live=8457 prompt=8201 common=17 vision=match reason=token-mismatch
1003 03:24:07 ds4-server: chat ctx=0..8201:8201 prompt start
1003 03:24:07 ds4-server: chat ctx=0..8201:8201 prefill chunk 128/8201 (1.6%) chunk=0.00 t/s avg=219.44 t/s 0.583s
1003 03:24:07 ds4-server: chat ctx=0..8201:8201 prefill chunk 256/8201 (3.1%) chunk=277.78 t/s avg=245.19 t/s 1.044s
1003 03:24:07 ds4-server: chat ctx=8451..8457:6 gen=256 decoding chunk=4.65 t/s avg=12.73 t/s 20.115s
1003 03:24:07 ds4-server: chat ctx=0..8201:8201 gen=256 finish=length 59.910s
1003 03:24:07 slot 1: request reuses nothing; evicting checkpoint (8457 tokens, idle 0 s, protected)
1003 03:24:08 ds4-server: live kv cache miss live=8457 prompt=8201 common=17 vision=match reason=token-mismatch
1003 03:24:08 ds4-server: chat ctx=0..8201:8201 prompt start
1003 03:24:08 ds4-server: chat ctx=0..8201:8201 prefill chunk 384/8201 (4.7%) chunk=128.01 t/s avg=187.87 t/s 2.044s
1003 03:24:08 ds4-server: chat ctx=0..8201:8201 prefill chunk 128/8201 (1.6%) chunk=0.00 t/s avg=86.56 t/s 1.479s
1003 03:24:08 ds4-server: chat ctx=8451..8457:6 gen=256 decoding chunk=2.83 t/s avg=12.27 t/s 20.863s
1003 03:24:08 ds4-server: chat ctx=0..8201:8201 gen=256 finish=length 58.447s
1003 03:24:08 slot 3: request reuses nothing; evicting checkpoint (8457 tokens, idle 0 s, protected)
1003 03:24:09 ds4-server: chat ctx=0..8201:8201 prefill chunk 256/8201 (3.1%) chunk=277.74 t/s avg=131.98 t/s 1.940s
1003 03:24:09 ds4-server: live kv cache miss live=8457 prompt=8201 common=17 vision=match reason=token-mismatch
1003 03:24:09 ds4-server: chat ctx=0..8201:8201 prompt start
1003 03:24:10 ds4-server: chat ctx=0..8201:8201 prefill chunk 512/8201 (6.2%) chunk=89.73 t/s avg=147.53 t/s 3.471s
1003 03:24:13 ds4-server: chat ctx=0..8201:8201 prefill chunk 2048/8201 (25.0%) chunk=384.12 t/s avg=310.08 t/s 6.605s
1003 03:24:14 ds4-server: chat ctx=0..8201:8201 prefill chunk 2304/8201 (28.1%) chunk=399.12 t/s avg=317.96 t/s 7.246s
1003 03:24:14 ds4-server: chat ctx=0..8201:8201 prefill chunk 128/8201 (1.6%) chunk=0.00 t/s avg=20.49 t/s 6.248s
1003 03:24:16 ds4-server: chat ctx=0..8201:8201 prefill chunk 2048/8201 (25.0%) chunk=1040.40 t/s avg=253.05 t/s 8.093s
1003 03:24:16 ds4-server: chat ctx=0..8201:8201 prefill chunk 2176/8201 (26.5%) chunk=253.97 t/s avg=253.10 t/s 8.597s
1003 03:24:18 ds4-server: chat ctx=0..8201:8201 prefill chunk 2048/8201 (25.0%) chunk=185.35 t/s avg=174.19 t/s 11.757s
1003 03:24:19 ds4-server: chat ctx=0..8201:8201 prefill chunk 2560/8201 (31.2%) chunk=606.12 t/s avg=203.14 t/s 12.602s
1003 03:24:19 ds4-server: chat ctx=0..8201:8201 prefill chunk 2048/8201 (25.0%) chunk=0.00 t/s avg=213.34 t/s 9.600s
1003 03:24:21 ds4-server: chat ctx=0..8201:8201 prefill chunk 4096/8201 (49.9%) chunk=968.81 t/s avg=349.68 t/s 11.713s
1003 03:24:23 ds4-server: chat ctx=0..8201:8201 prefill chunk 4096/8201 (49.9%) chunk=204.16 t/s avg=255.62 t/s 16.024s
1003 03:24:24 ds4-server: chat ctx=0..8201:8201 prefill chunk 4352/8201 (53.1%) chunk=394.82 t/s avg=261.03 t/s 16.672s
1003 03:24:26 ds4-server: chat ctx=0..8201:8201 prefill chunk 4096/8201 (49.9%) chunk=211.70 t/s avg=231.85 t/s 17.667s
1003 03:24:26 ds4-server: chat ctx=0..8201:8201 prefill chunk 4224/8201 (51.5%) chunk=245.99 t/s avg=232.25 t/s 18.187s
1003 03:24:28 ds4-server: chat ctx=0..8201:8201 prefill chunk 4096/8201 (49.9%) chunk=173.41 t/s avg=190.87 t/s 21.460s
1003 03:24:29 ds4-server: chat ctx=0..8201:8201 prefill chunk 4608/8201 (56.2%) chunk=599.40 t/s avg=206.51 t/s 22.314s
1003 03:24:31 ds4-server: chat ctx=0..8201:8201 prefill chunk 6144/8201 (74.9%) chunk=210.48 t/s avg=286.52 t/s 21.443s
1003 03:24:33 ds4-server: chat ctx=0..8201:8201 prefill chunk 6144/8201 (74.9%) chunk=196.99 t/s avg=238.42 t/s 25.769s
1003 03:24:33 ds4-server: chat ctx=0..8201:8201 prefill chunk 6400/8201 (78.0%) chunk=393.67 t/s avg=242.24 t/s 26.420s
1003 03:24:35 ds4-server: chat ctx=0..8201:8201 prefill chunk 6144/8201 (74.9%) chunk=207.71 t/s avg=223.98 t/s 27.431s
1003 03:24:36 ds4-server: chat ctx=0..8201:8201 prefill chunk 6272/8201 (76.5%) chunk=251.75 t/s avg=224.49 t/s 27.939s
1003 03:24:37 ds4-server: chat ctx=0..8201:8201 prefill chunk 6144/8201 (74.9%) chunk=172.43 t/s avg=196.78 t/s 31.222s
1003 03:24:38 ds4-server: chat ctx=0..8201:8201 prefill chunk 6656/8201 (81.2%) chunk=586.95 t/s avg=207.39 t/s 32.094s
1003 03:24:40 ds4-server: chat ctx=0..8201:8201 prefill chunk 8192/8201 (99.9%) chunk=209.16 t/s avg=262.27 t/s 31.235s
1003 03:24:42 ds4-server: chat ctx=0..8201:8201 prefill chunk 8192/8201 (99.9%) chunk=195.81 t/s avg=230.30 t/s 35.571s
1003 03:24:43 ds4-server: chat ctx=0..8201:8201 prefill chunk 8201/8201 (100.0%) chunk=66.62 t/s avg=229.68 t/s 35.707s
1003 03:24:43 ds4-server: chat ctx=0..8201:8201 prompt done 35.707s
1003 03:24:45 ds4-server: chat ctx=0..8201:8201 prefill chunk 8192/8201 (99.9%) chunk=218.49 t/s avg=223.05 t/s 36.727s
1003 03:24:45 ds4-server: chat ctx=0..8201:8201 prefill chunk 8201/8201 (100.0%) chunk=66.60 t/s avg=222.48 t/s 36.862s
1003 03:24:45 ds4-server: chat ctx=0..8201:8201 prompt done 36.862s
1003 03:24:46 ds4-server: chat ctx=0..8201:8201 prefill chunk 8192/8201 (99.9%) chunk=189.12 t/s avg=203.70 t/s 40.216s
1003 03:24:47 ds4-server: chat ctx=0..8201:8201 prefill chunk 8201/8201 (100.0%) chunk=66.17 t/s avg=203.24 t/s 40.352s
1003 03:24:47 ds4-server: chat ctx=0..8201:8201 prompt done 40.352s
1003 03:24:47 ds4-server: chat ctx=0..8201:8201 prefill chunk 8201/8201 (100.0%) chunk=1.42 t/s avg=218.22 t/s 37.582s
1003 03:24:47 ds4-server: chat ctx=0..8201:8201 prompt done 37.582s
1003 03:24:50 ds4-server: chat ctx=8201..8251:50 gen=50 decoding chunk=6.49 t/s avg=6.49 t/s 7.706s
1003 03:24:50 ds4-server: chat ctx=8201..8251:50 gen=50 decoding chunk=8.89 t/s avg=8.89 t/s 5.627s
1003 03:24:50 ds4-server: chat ctx=8201..8251:50 gen=50 decoding chunk=12.93 t/s avg=12.93 t/s 3.868s
1003 03:24:51 ds4-server: chat ctx=8201..8251:50 gen=50 decoding chunk=13.21 t/s avg=13.21 t/s 3.784s
1003 03:24:54 ds4-server: chat ctx=8251..8301:50 gen=100 decoding chunk=13.41 t/s avg=8.74 t/s 11.436s
1003 03:24:54 ds4-server: chat ctx=8251..8301:50 gen=100 decoding chunk=13.41 t/s avg=10.69 t/s 9.356s
1003 03:24:54 ds4-server: chat ctx=8251..8301:50 gen=100 decoding chunk=13.41 t/s avg=13.16 t/s 7.597s
1003 03:24:54 ds4-server: chat ctx=8251..8301:50 gen=100 decoding chunk=13.41 t/s avg=13.31 t/s 7.513s
1003 03:24:58 ds4-server: chat ctx=8301..8351:50 gen=150 decoding chunk=13.38 t/s avg=9.89 t/s 15.174s
1003 03:24:58 ds4-server: chat ctx=8301..8351:50 gen=150 decoding chunk=13.37 t/s avg=11.45 t/s 13.095s
1003 03:24:58 ds4-server: chat ctx=8301..8351:50 gen=150 decoding chunk=13.37 t/s avg=13.23 t/s 11.336s
1003 03:24:58 ds4-server: chat ctx=8301..8351:50 gen=150 decoding chunk=13.37 t/s avg=13.33 t/s 11.253s
1003 03:25:01 ds4-server: chat ctx=8351..8401:50 gen=200 decoding chunk=13.39 t/s avg=10.58 t/s 18.909s
1003 03:25:02 ds4-server: chat ctx=8351..8401:50 gen=200 decoding chunk=13.39 t/s avg=11.88 t/s 16.828s
1003 03:25:02 ds4-server: chat ctx=8351..8401:50 gen=200 decoding chunk=13.39 t/s avg=13.27 t/s 15.070s
1003 03:25:02 ds4-server: chat ctx=8351..8401:50 gen=200 decoding chunk=13.39 t/s avg=13.35 t/s 14.986s
1003 03:25:05 ds4-server: chat ctx=8401..8451:50 gen=250 decoding chunk=13.37 t/s avg=11.04 t/s 22.648s
1003 03:25:05 ds4-server: chat ctx=8401..8451:50 gen=250 decoding chunk=13.37 t/s avg=12.15 t/s 20.569s
1003 03:25:05 ds4-server: chat ctx=8401..8451:50 gen=250 decoding chunk=13.36 t/s avg=13.29 t/s 18.812s
1003 03:25:06 ds4-server: chat ctx=8401..8451:50 gen=250 decoding chunk=13.36 t/s avg=13.35 t/s 18.729s
1003 03:25:06 ds4-server: chat ctx=8451..8457:6 gen=256 decoding chunk=13.29 t/s avg=11.08 t/s 23.100s
1003 03:25:06 ds4-server: chat ctx=0..8201:8201 gen=256 finish=length 58.807s
1003 03:25:06 slot 0: request reuses nothing; evicting checkpoint (8457 tokens, idle 0 s, protected)
1003 03:25:06 ds4-server: live kv cache miss live=8457 prompt=8201 common=17 vision=match reason=token-mismatch
1003 03:25:06 ds4-server: chat ctx=0..8201:8201 prompt start
1003 03:25:06 ds4-server: chat ctx=8451..8457:6 gen=256 decoding chunk=13.85 t/s avg=12.19 t/s 21.002s
1003 03:25:06 ds4-server: chat ctx=0..8201:8201 gen=256 finish=length 57.864s
1003 03:25:06 slot 1: request reuses nothing; evicting checkpoint (8457 tokens, idle 0 s, protected)
1003 03:25:06 ds4-server: live kv cache miss live=8457 prompt=8201 common=17 vision=match reason=token-mismatch
1003 03:25:06 ds4-server: chat ctx=0..8201:8201 prompt start
1003 03:25:06 ds4-server: chat ctx=8451..8457:6 gen=256 decoding chunk=7.08 t/s avg=13.02 t/s 19.659s
1003 03:25:06 ds4-server: chat ctx=0..8201:8201 gen=256 finish=length 60.011s
1003 03:25:06 slot 2: request reuses nothing; evicting checkpoint (8457 tokens, idle 0 s, protected)
1003 03:25:07 ds4-server: live kv cache miss live=8457 prompt=8201 common=17 vision=match reason=token-mismatch
1003 03:25:07 ds4-server: chat ctx=0..8201:8201 prompt start
1003 03:25:07 ds4-server: chat ctx=0..8201:8201 prefill chunk 128/8201 (1.6%) chunk=0.00 t/s avg=120.53 t/s 1.062s
1003 03:25:07 ds4-server: chat ctx=0..8201:8201 prefill chunk 256/8201 (3.1%) chunk=277.46 t/s avg=168.05 t/s 1.523s
1003 03:25:07 ds4-server: chat ctx=0..8201:8201 prefill chunk 128/8201 (1.6%) chunk=0.00 t/s avg=126.16 t/s 1.015s
1003 03:25:07 ds4-server: chat ctx=8451..8457:6 gen=256 decoding chunk=3.59 t/s avg=12.55 t/s 20.402s
1003 03:25:07 ds4-server: chat ctx=0..8201:8201 gen=256 finish=length 57.985s
1003 03:25:07 slot 3: request reuses nothing; evicting checkpoint (8457 tokens, idle 0 s, protected)
1003 03:25:08 ds4-server: chat ctx=0..8201:8201 prefill chunk 256/8201 (3.1%) chunk=276.86 t/s avg=173.34 t/s 1.477s
1003 03:25:08 ds4-server: live kv cache miss live=8457 prompt=8201 common=17 vision=match reason=token-mismatch
1003 03:25:08 ds4-server: chat ctx=0..8201:8201 prompt start
1003 03:25:09 ds4-server: chat ctx=0..8201:8201 prefill chunk 384/8201 (4.7%) chunk=89.58 t/s avg=130.07 t/s 2.952s
1003 03:25:10 ds4-server: chat ctx=0..8201:8201 prefill chunk 2048/8201 (25.0%) chunk=662.56 t/s avg=489.77 t/s 4.182s
1003 03:25:11 ds4-server: chat ctx=0..8201:8201 prefill chunk 2304/8201 (28.1%) chunk=399.61 t/s avg=477.79 t/s 4.822s
1003 03:25:11 ds4-server: chat ctx=0..8201:8201 prefill chunk 128/8201 (1.6%) chunk=0.00 t/s avg=29.86 t/s 4.287s
1003 03:25:13 ds4-server: chat ctx=0..8201:8201 prefill chunk 2048/8201 (25.0%) chunk=1040.74 t/s avg=333.99 t/s 6.132s
1003 03:25:13 ds4-server: chat ctx=0..8201:8201 prefill chunk 2176/8201 (26.5%) chunk=253.06 t/s avg=327.82 t/s 6.638s
1003 03:25:17 ds4-server: chat ctx=0..8201:8201 prefill chunk 2048/8201 (25.0%) chunk=198.67 t/s avg=180.79 t/s 11.328s
1003 03:25:18 ds4-server: chat ctx=0..8201:8201 prefill chunk 2432/8201 (29.7%) chunk=518.64 t/s avg=201.52 t/s 12.068s
1003 03:25:20 ds4-server: chat ctx=0..8201:8201 prefill chunk 4096/8201 (49.9%) chunk=208.13 t/s avg=304.94 t/s 13.432s
1003 03:25:20 ds4-server: chat ctx=0..8201:8201 prefill chunk 4352/8201 (53.1%) chunk=394.95 t/s avg=309.08 t/s 14.080s
1003 03:25:22 ds4-server: chat ctx=0..8201:8201 prefill chunk 4096/8201 (49.9%) chunk=215.76 t/s avg=263.64 t/s 15.536s
1003 03:25:23 ds4-server: chat ctx=0..8201:8201 prefill chunk 4224/8201 (51.5%) chunk=247.52 t/s avg=263.12 t/s 16.053s
1003 03:25:23 ds4-server: chat ctx=0..8201:8201 prefill chunk 2048/8201 (25.0%) chunk=0.00 t/s avg=139.99 t/s 14.629s
1003 03:25:25 ds4-server: chat ctx=0..8201:8201 prefill chunk 4096/8201 (49.9%) chunk=968.43 t/s avg=244.62 t/s 16.744s
1003 03:25:27 ds4-server: chat ctx=0..8201:8201 prefill chunk 4096/8201 (49.9%) chunk=185.88 t/s avg=194.86 t/s 21.020s
1003 03:25:27 ds4-server: chat ctx=0..8201:8201 prefill chunk 4480/8201 (54.6%) chunk=515.05 t/s avg=205.83 t/s 21.766s
1003 03:25:29 ds4-server: chat ctx=0..8201:8201 prefill chunk 6144/8201 (74.9%) chunk=197.70 t/s avg=265.46 t/s 23.144s
1003 03:25:30 ds4-server: chat ctx=0..8201:8201 prefill chunk 6400/8201 (78.0%) chunk=393.84 t/s avg=268.97 t/s 23.794s
1003 03:25:32 ds4-server: chat ctx=0..8201:8201 prefill chunk 6144/8201 (74.9%) chunk=208.37 t/s avg=243.15 t/s 25.268s
1003 03:25:33 ds4-server: chat ctx=0..8201:8201 prefill chunk 6272/8201 (76.5%) chunk=251.29 t/s avg=243.31 t/s 25.777s
1003 03:25:35 ds4-server: chat ctx=0..8201:8201 prefill chunk 6144/8201 (74.9%) chunk=210.24 t/s avg=231.98 t/s 26.485s
1003 03:25:36 ds4-server: chat ctx=0..8201:8201 prefill chunk 6144/8201 (74.9%) chunk=184.69 t/s avg=199.64 t/s 30.776s
1003 03:25:37 ds4-server: chat ctx=0..8201:8201 prefill chunk 6528/8201 (79.6%) chunk=504.41 t/s avg=207.00 t/s 31.537s
1003 03:25:39 ds4-server: chat ctx=0..8201:8201 prefill chunk 8192/8201 (99.9%) chunk=196.21 t/s avg=248.79 t/s 32.927s
1003 03:25:39 ds4-server: chat ctx=0..8201:8201 prefill chunk 8201/8201 (100.0%) chunk=66.55 t/s avg=248.04 t/s 33.063s
1003 03:25:39 ds4-server: chat ctx=0..8201:8201 prompt done 33.063s
1003 03:25:41 ds4-server: chat ctx=0..8201:8201 prefill chunk 8192/8201 (99.9%) chunk=218.96 t/s avg=237.13 t/s 34.546s
1003 03:25:41 ds4-server: chat ctx=0..8201:8201 prefill chunk 8201/8201 (100.0%) chunk=66.23 t/s avg=236.46 t/s 34.682s
1003 03:25:41 ds4-server: chat ctx=0..8201:8201 prompt done 34.682s
1003 03:25:44 ds4-server: chat ctx=0..8201:8201 prefill chunk 8192/8201 (99.9%) chunk=228.30 t/s avg=231.05 t/s 35.456s
1003 03:25:46 ds4-server: chat ctx=0..8201:8201 prefill chunk 8192/8201 (99.9%) chunk=201.40 t/s avg=205.83 t/s 39.799s
1003 03:25:46 ds4-server: chat ctx=0..8201:8201 prefill chunk 8201/8201 (100.0%) chunk=66.81 t/s avg=205.36 t/s 39.934s
1003 03:25:46 ds4-server: chat ctx=0..8201:8201 prompt done 39.934s
1003 03:25:46 ds4-server: chat ctx=0..8201:8201 prefill chunk 8201/8201 (100.0%) chunk=4.05 t/s avg=217.65 t/s 37.679s
1003 03:25:46 ds4-server: chat ctx=0..8201:8201 prompt done 37.679s
1003 03:25:49 ds4-server: chat ctx=8201..8251:50 gen=50 decoding chunk=5.05 t/s avg=5.05 t/s 9.911s
1003 03:25:49 ds4-server: chat ctx=8201..8251:50 gen=50 decoding chunk=6.38 t/s avg=6.38 t/s 7.832s
1003 03:25:50 ds4-server: chat ctx=8201..8251:50 gen=50 decoding chunk=12.94 t/s avg=12.94 t/s 3.864s
1003 03:25:50 ds4-server: chat ctx=8201..8251:50 gen=50 decoding chunk=13.22 t/s avg=13.22 t/s 3.783s
1003 03:25:53 ds4-server: chat ctx=8251..8301:50 gen=100 decoding chunk=13.41 t/s avg=7.33 t/s 13.639s
1003 03:25:53 ds4-server: chat ctx=8251..8301:50 gen=100 decoding chunk=13.41 t/s avg=8.65 t/s 11.560s
1003 03:25:53 ds4-server: chat ctx=8251..8301:50 gen=100 decoding chunk=13.41 t/s avg=13.17 t/s 7.593s
1003 03:25:53 ds4-server: chat ctx=8251..8301:50 gen=100 decoding chunk=13.42 t/s avg=13.32 t/s 7.510s
1003 03:25:57 ds4-server: chat ctx=8301..8351:50 gen=150 decoding chunk=13.38 t/s avg=8.63 t/s 17.376s
1003 03:25:57 ds4-server: chat ctx=8301..8351:50 gen=150 decoding chunk=13.38 t/s avg=9.81 t/s 15.298s
1003 03:25:57 ds4-server: chat ctx=8301..8351:50 gen=150 decoding chunk=13.38 t/s avg=13.24 t/s 11.331s
1003 03:25:57 ds4-server: chat ctx=8301..8351:50 gen=150 decoding chunk=13.37 t/s avg=13.33 t/s 11.250s
1003 03:26:00 ds4-server: chat ctx=8351..8401:50 gen=200 decoding chunk=13.37 t/s avg=9.47 t/s 21.117s
1003 03:26:00 ds4-server: chat ctx=8351..8401:50 gen=200 decoding chunk=13.37 t/s avg=10.51 t/s 19.037s
1003 03:26:01 ds4-server: chat ctx=8351..8401:50 gen=200 decoding chunk=13.37 t/s avg=13.27 t/s 15.072s
1003 03:26:01 ds4-server: chat ctx=8351..8401:50 gen=200 decoding chunk=13.38 t/s avg=13.34 t/s 14.988s
1003 03:26:04 ds4-server: chat ctx=8401..8451:50 gen=250 decoding chunk=13.37 t/s avg=10.06 t/s 24.858s
1003 03:26:04 ds4-server: chat ctx=8401..8451:50 gen=250 decoding chunk=13.36 t/s avg=10.97 t/s 22.781s
1003 03:26:04 ds4-server: chat ctx=8401..8451:50 gen=250 decoding chunk=13.36 t/s avg=13.29 t/s 18.815s
1003 03:26:05 ds4-server: chat ctx=8401..8451:50 gen=250 decoding chunk=13.35 t/s avg=13.34 t/s 18.734s
1003 03:26:05 ds4-server: chat ctx=8451..8457:6 gen=256 decoding chunk=13.27 t/s avg=10.11 t/s 25.310s
1003 03:26:05 ds4-server: chat ctx=0..8201:8201 gen=256 finish=length 58.373s
1003 03:26:05 slot 1: request reuses nothing; evicting checkpoint (8457 tokens, idle 0 s, protected)
1003 03:26:05 ds4-server: live kv cache miss live=8457 prompt=8201 common=17 vision=match reason=token-mismatch
1003 03:26:05 ds4-server: chat ctx=0..8201:8201 prompt start
1003 03:26:05 ds4-server: chat ctx=8451..8457:6 gen=256 decoding chunk=13.87 t/s avg=11.03 t/s 23.213s
1003 03:26:05 ds4-server: chat ctx=0..8201:8201 gen=256 finish=length 57.895s
1003 03:26:05 slot 2: request reuses nothing; evicting checkpoint (8457 tokens, idle 0 s, protected)
1003 03:26:05 ds4-server: live kv cache miss live=8457 prompt=8201 common=17 vision=match reason=token-mismatch
1003 03:26:05 ds4-server: chat ctx=0..8201:8201 prompt start
1003 03:26:06 ds4-server: chat ctx=0..8201:8201 prefill chunk 128/8201 (1.6%) chunk=0.00 t/s avg=118.22 t/s 1.083s
1003 03:26:06 ds4-server: chat ctx=8451..8457:6 gen=256 decoding chunk=4.65 t/s avg=12.73 t/s 20.106s
1003 03:26:06 ds4-server: chat ctx=0..8201:8201 gen=256 finish=length 60.040s
1003 03:26:06 slot 0: request reuses nothing; evicting checkpoint (8457 tokens, idle 0 s, protected)
1003 03:26:06 ds4-server: chat ctx=0..8201:8201 prefill chunk 256/8201 (3.1%) chunk=276.61 t/s avg=165.64 t/s 1.545s
1003 03:26:06 ds4-server: live kv cache miss live=8457 prompt=8201 common=17 vision=match reason=token-mismatch
1003 03:26:06 ds4-server: chat ctx=0..8201:8201 prompt start
1003 03:26:06 ds4-server: chat ctx=0..8201:8201 prefill chunk 128/8201 (1.6%) chunk=0.00 t/s avg=123.40 t/s 1.037s
1003 03:26:07 ds4-server: chat ctx=0..8201:8201 prefill chunk 256/8201 (3.1%) chunk=278.16 t/s avg=170.96 t/s 1.497s
1003 03:26:07 ds4-server: chat ctx=8451..8457:6 gen=256 decoding chunk=2.86 t/s avg=12.29 t/s 20.834s
1003 03:26:07 ds4-server: chat ctx=0..8201:8201 gen=256 finish=length 58.513s
1003 03:26:07 slot 3: request reuses nothing; evicting checkpoint (8457 tokens, idle 0 s, protected)
1003 03:26:07 ds4-server: live kv cache miss live=8457 prompt=8201 common=17 vision=match reason=token-mismatch
1003 03:26:08 ds4-server: chat ctx=0..8201:8201 prefill chunk 384/8201 (4.7%) chunk=88.85 t/s avg=128.59 t/s 2.986s
1003 03:26:08 ds4-server: chat ctx=0..8201:8201 prompt start
1003 03:26:08 ds4-server: chat ctx=0..8201:8201 prefill chunk 384/8201 (4.7%) chunk=89.68 t/s avg=131.29 t/s 2.925s
1003 03:26:10 ds4-server: chat ctx=0..8201:8201 prefill chunk 128/8201 (1.6%) chunk=0.00 t/s avg=33.26 t/s 3.849s
1003 03:26:12 ds4-server: chat ctx=0..8201:8201 prefill chunk 2048/8201 (25.0%) chunk=1040.39 t/s avg=359.65 t/s 5.694s
1003 03:26:12 ds4-server: chat ctx=0..8201:8201 prefill chunk 2176/8201 (26.5%) chunk=253.36 t/s avg=350.99 t/s 6.200s
1003 03:26:14 ds4-server: chat ctx=0..8201:8201 prefill chunk 2048/8201 (25.0%) chunk=258.27 t/s avg=217.20 t/s 9.429s
1003 03:26:15 ds4-server: chat ctx=0..8201:8201 prefill chunk 2432/8201 (29.7%) chunk=519.08 t/s avg=239.16 t/s 10.169s
1003 03:26:16 ds4-server: chat ctx=0..8201:8201 prefill chunk 2048/8201 (25.0%) chunk=198.49 t/s avg=181.11 t/s 11.308s
1003 03:26:17 ds4-server: chat ctx=0..8201:8201 prefill chunk 2432/8201 (29.7%) chunk=519.55 t/s avg=201.87 t/s 12.047s
1003 03:26:17 ds4-server: chat ctx=0..8201:8201 prefill chunk 2048/8201 (25.0%) chunk=0.00 t/s avg=213.60 t/s 9.588s
1003 03:26:19 ds4-server: chat ctx=0..8201:8201 prefill chunk 4096/8201 (49.9%) chunk=968.59 t/s avg=350.01 t/s 11.702s
1003 03:26:21 ds4-server: chat ctx=0..8201:8201 prefill chunk 4096/8201 (49.9%) chunk=215.32 t/s avg=270.96 t/s 15.116s
1003 03:26:22 ds4-server: chat ctx=0..8201:8201 prefill chunk 4224/8201 (51.5%) chunk=248.40 t/s avg=270.22 t/s 15.632s
1003 03:26:24 ds4-server: chat ctx=0..8201:8201 prefill chunk 4096/8201 (49.9%) chunk=188.73 t/s avg=215.74 t/s 18.986s
1003 03:26:24 ds4-server: chat ctx=0..8201:8201 prefill chunk 4480/8201 (54.6%) chunk=515.73 t/s avg=227.06 t/s 19.730s
1003 03:26:26 ds4-server: chat ctx=0..8201:8201 prefill chunk 4096/8201 (49.9%) chunk=185.89 t/s avg=195.06 t/s 20.999s
1003 03:26:27 ds4-server: chat ctx=0..8201:8201 prefill chunk 4480/8201 (54.6%) chunk=516.11 t/s avg=206.04 t/s 21.743s
1003 03:26:29 ds4-server: chat ctx=0..8201:8201 prefill chunk 6144/8201 (74.9%) chunk=210.82 t/s avg=286.88 t/s 21.417s
1003 03:26:31 ds4-server: chat ctx=0..8201:8201 prefill chunk 6144/8201 (74.9%) chunk=208.32 t/s avg=247.26 t/s 24.848s
1003 03:26:32 ds4-server: chat ctx=0..8201:8201 prefill chunk 6272/8201 (76.5%) chunk=252.00 t/s avg=247.36 t/s 25.356s
1003 03:26:33 ds4-server: chat ctx=0..8201:8201 prefill chunk 6144/8201 (74.9%) chunk=185.04 t/s avg=213.90 t/s 28.723s
1003 03:26:34 ds4-server: chat ctx=0..8201:8201 prefill chunk 6528/8201 (79.6%) chunk=504.89 t/s avg=221.41 t/s 29.484s
1003 03:26:36 ds4-server: chat ctx=0..8201:8201 prefill chunk 6144/8201 (74.9%) chunk=184.54 t/s avg=199.74 t/s 30.760s
1003 03:26:37 ds4-server: chat ctx=0..8201:8201 prefill chunk 6528/8201 (79.6%) chunk=504.13 t/s avg=207.10 t/s 31.521s
1003 03:26:39 ds4-server: chat ctx=0..8201:8201 prefill chunk 8192/8201 (99.9%) chunk=209.26 t/s avg=262.53 t/s 31.204s
1003 03:26:41 ds4-server: chat ctx=0..8201:8201 prefill chunk 8192/8201 (99.9%) chunk=206.71 t/s avg=236.46 t/s 34.645s
1003 03:26:41 ds4-server: chat ctx=0..8201:8201 prefill chunk 8201/8201 (100.0%) chunk=66.70 t/s avg=235.80 t/s 34.779s
1003 03:26:41 ds4-server: chat ctx=0..8201:8201 prompt done 34.780s
1003 03:26:43 ds4-server: chat ctx=0..8201:8201 prefill chunk 8192/8201 (99.9%) chunk=191.81 t/s avg=214.68 t/s 38.159s
1003 03:26:43 ds4-server: chat ctx=0..8201:8201 prefill chunk 8201/8201 (100.0%) chunk=66.55 t/s avg=214.16 t/s 38.294s
1003 03:26:43 ds4-server: chat ctx=0..8201:8201 prompt done 38.294s
1003 03:26:45 ds4-server: chat ctx=0..8201:8201 prefill chunk 8192/8201 (99.9%) chunk=204.95 t/s avg=206.66 t/s 39.640s
1003 03:26:45 ds4-server: chat ctx=0..8201:8201 prefill chunk 8201/8201 (100.0%) chunk=66.37 t/s avg=206.18 t/s 39.776s
1003 03:26:45 ds4-server: chat ctx=0..8201:8201 prompt done 39.776s
1003 03:26:45 ds4-server: chat ctx=0..8201:8201 prefill chunk 8201/8201 (100.0%) chunk=1.42 t/s avg=218.41 t/s 37.549s
1003 03:26:45 ds4-server: chat ctx=0..8201:8201 prompt done 37.549s
1003 03:26:49 ds4-server: chat ctx=8201..8251:50 gen=50 decoding chunk=6.58 t/s avg=6.58 t/s 7.603s
1003 03:26:49 ds4-server: chat ctx=8201..8251:50 gen=50 decoding chunk=8.73 t/s avg=8.73 t/s 5.727s
1003 03:26:49 ds4-server: chat ctx=8201..8251:50 gen=50 decoding chunk=12.93 t/s avg=12.93 t/s 3.867s
1003 03:26:49 ds4-server: chat ctx=8201..8251:50 gen=50 decoding chunk=13.21 t/s avg=13.21 t/s 3.785s
1003 03:26:52 ds4-server: chat ctx=8251..8301:50 gen=100 decoding chunk=13.40 t/s avg=8.82 t/s 11.334s
1003 03:26:52 ds4-server: chat ctx=8251..8301:50 gen=100 decoding chunk=13.41 t/s avg=10.57 t/s 9.456s
1003 03:26:53 ds4-server: chat ctx=8251..8301:50 gen=100 decoding chunk=13.41 t/s avg=13.16 t/s 7.597s
1003 03:26:53 ds4-server: chat ctx=8251..8301:50 gen=100 decoding chunk=13.41 t/s avg=13.31 t/s 7.513s
1003 03:26:56 ds4-server: chat ctx=8301..8351:50 gen=150 decoding chunk=13.38 t/s avg=9.95 t/s 15.070s
1003 03:26:56 ds4-server: chat ctx=8301..8351:50 gen=150 decoding chunk=13.38 t/s avg=11.37 t/s 13.194s
1003 03:26:56 ds4-server: chat ctx=8301..8351:50 gen=150 decoding chunk=13.38 t/s avg=13.23 t/s 11.334s
1003 03:26:56 ds4-server: chat ctx=8301..8351:50 gen=150 decoding chunk=13.38 t/s avg=13.33 t/s 11.251s
1003 03:27:00 ds4-server: chat ctx=8351..8401:50 gen=200 decoding chunk=13.38 t/s avg=10.63 t/s 18.806s
1003 03:27:00 ds4-server: chat ctx=8351..8401:50 gen=200 decoding chunk=13.38 t/s avg=11.81 t/s 16.930s
1003 03:27:00 ds4-server: chat ctx=8351..8401:50 gen=200 decoding chunk=13.38 t/s avg=13.27 t/s 15.071s
1003 03:27:00 ds4-server: chat ctx=8351..8401:50 gen=200 decoding chunk=13.38 t/s avg=13.34 t/s 14.989s
1003 03:27:04 ds4-server: chat ctx=8401..8451:50 gen=250 decoding chunk=13.34 t/s avg=11.08 t/s 22.554s
1003 03:27:04 ds4-server: chat ctx=8401..8451:50 gen=250 decoding chunk=13.34 t/s avg=12.09 t/s 20.677s
1003 03:27:04 ds4-server: chat ctx=8401..8451:50 gen=250 decoding chunk=13.34 t/s avg=13.28 t/s 18.819s
1003 03:27:04 ds4-server: chat ctx=8401..8451:50 gen=250 decoding chunk=13.34 t/s avg=13.34 t/s 18.736s
1003 03:27:04 ds4-server: chat ctx=8451..8457:6 gen=256 decoding chunk=13.32 t/s avg=11.13 t/s 23.004s
1003 03:27:04 ds4-server: chat ctx=0..8201:8201 gen=256 finish=length 57.784s
1003 03:27:04 slot 0: request reuses nothing; evicting checkpoint (8457 tokens, idle 0 s, protected)
1003 03:27:04 ds4-server: live kv cache miss live=8457 prompt=8201 common=17 vision=match reason=token-mismatch
1003 03:27:04 ds4-server: chat ctx=0..8201:8201 prompt start
1003 03:27:04 ds4-server: chat ctx=8451..8457:6 gen=256 decoding chunk=13.89 t/s avg=12.13 t/s 21.109s
1003 03:27:04 ds4-server: chat ctx=0..8201:8201 gen=256 finish=length 59.404s
1003 03:27:04 slot 1: request reuses nothing; evicting checkpoint (8457 tokens, idle 0 s, protected)
1003 03:27:04 ds4-server: live kv cache miss live=8457 prompt=8201 common=17 vision=match reason=token-mismatch
1003 03:27:05 ds4-server: chat ctx=0..8201:8201 prompt start
1003 03:27:05 ds4-server: chat ctx=8451..8457:6 gen=256 decoding chunk=7.09 t/s avg=13.02 t/s 19.665s
1003 03:27:05 ds4-server: chat ctx=0..8201:8201 gen=256 finish=length 59.442s
1003 03:27:05 slot 2: request reuses nothing; evicting checkpoint (8457 tokens, idle 0 s, protected)
1003 03:27:05 ds4-server: live kv cache miss live=8457 prompt=8201 common=17 vision=match reason=token-mismatch
1003 03:27:05 ds4-server: chat ctx=0..8201:8201 prompt start
1003 03:27:05 ds4-server: chat ctx=0..8201:8201 prefill chunk 128/8201 (1.6%) chunk=0.00 t/s avg=120.60 t/s 1.061s
1003 03:27:06 ds4-server: chat ctx=0..8201:8201 prefill chunk 256/8201 (3.1%) chunk=276.80 t/s avg=168.00 t/s 1.524s
1003 03:27:06 ds4-server: chat ctx=0..8201:8201 prefill chunk 128/8201 (1.6%) chunk=0.00 t/s avg=125.97 t/s 1.016s
1003 03:27:06 ds4-server: chat ctx=8451..8457:6 gen=256 decoding chunk=3.58 t/s avg=12.54 t/s 20.410s
1003 03:27:06 ds4-server: chat ctx=0..8201:8201 gen=256 finish=length 57.959s
1003 03:27:06 slot 3: request reuses nothing; evicting checkpoint (8457 tokens, idle 0 s, protected)
1003 03:27:06 ds4-server: chat ctx=0..8201:8201 prefill chunk 256/8201 (3.1%) chunk=276.83 t/s avg=173.15 t/s 1.478s
1003 03:27:06 ds4-server: live kv cache miss live=8457 prompt=8201 common=17 vision=match reason=token-mismatch
1003 03:27:07 ds4-server: chat ctx=0..8201:8201 prompt start
1003 03:27:07 ds4-server: chat ctx=0..8201:8201 prefill chunk 384/8201 (4.7%) chunk=89.73 t/s avg=130.16 t/s 2.950s
1003 03:27:09 ds4-server: chat ctx=0..8201:8201 prefill chunk 2048/8201 (25.0%) chunk=663.20 t/s avg=489.89 t/s 4.181s
1003 03:27:09 ds4-server: chat ctx=0..8201:8201 prefill chunk 2304/8201 (28.1%) chunk=399.11 t/s avg=477.81 t/s 4.822s
1003 03:27:09 ds4-server: chat ctx=0..8201:8201 prefill chunk 128/8201 (1.6%) chunk=0.00 t/s avg=29.86 t/s 4.286s
1003 03:27:11 ds4-server: chat ctx=0..8201:8201 prefill chunk 2048/8201 (25.0%) chunk=1039.44 t/s avg=333.90 t/s 6.134s
1003 03:27:12 ds4-server: chat ctx=0..8201:8201 prefill chunk 2176/8201 (26.5%) chunk=253.12 t/s avg=327.75 t/s 6.639s
1003 03:27:15 ds4-server: chat ctx=0..8201:8201 prefill chunk 2048/8201 (25.0%) chunk=198.53 t/s avg=180.73 t/s 11.332s
1003 03:27:16 ds4-server: chat ctx=0..8201:8201 prefill chunk 2432/8201 (29.7%) chunk=519.14 t/s avg=201.47 t/s 12.071s
1003 03:27:18 ds4-server: chat ctx=0..8201:8201 prefill chunk 4096/8201 (49.9%) chunk=208.03 t/s avg=304.85 t/s 13.436s
1003 03:27:19 ds4-server: chat ctx=0..8201:8201 prefill chunk 4352/8201 (53.1%) chunk=395.92 t/s avg=309.04 t/s 14.083s
1003 03:27:21 ds4-server: chat ctx=0..8201:8201 prefill chunk 4096/8201 (49.9%) chunk=215.76 t/s avg=263.61 t/s 15.538s
1003 03:27:21 ds4-server: chat ctx=0..8201:8201 prefill chunk 4224/8201 (51.5%) chunk=247.82 t/s avg=263.10 t/s 16.055s
1003 03:27:21 ds4-server: chat ctx=0..8201:8201 prefill chunk 2048/8201 (25.0%) chunk=0.00 t/s avg=139.98 t/s 14.630s
1003 03:27:23 ds4-server: chat ctx=0..8201:8201 prefill chunk 4096/8201 (49.9%) chunk=968.56 t/s avg=244.61 t/s 16.745s
1003 03:27:25 ds4-server: chat ctx=0..8201:8201 prefill chunk 4096/8201 (49.9%) chunk=185.91 t/s avg=194.84 t/s 21.022s
1003 03:27:26 ds4-server: chat ctx=0..8201:8201 prefill chunk 4480/8201 (54.6%) chunk=515.34 t/s avg=205.82 t/s 21.767s
1003 03:27:28 ds4-server: chat ctx=0..8201:8201 prefill chunk 6144/8201 (74.9%) chunk=197.72 t/s avg=265.45 t/s 23.146s
1003 03:27:28 ds4-server: chat ctx=0..8201:8201 prefill chunk 6400/8201 (78.0%) chunk=394.19 t/s avg=268.96 t/s 23.795s
1003 03:27:30 ds4-server: chat ctx=0..8201:8201 prefill chunk 6144/8201 (74.9%) chunk=208.41 t/s avg=243.16 t/s 25.267s
1003 03:27:31 ds4-server: chat ctx=0..8201:8201 prefill chunk 6272/8201 (76.5%) chunk=252.49 t/s avg=243.34 t/s 25.774s
1003 03:27:33 ds4-server: chat ctx=0..8201:8201 prefill chunk 6144/8201 (74.9%) chunk=210.33 t/s avg=232.01 t/s 26.482s
1003 03:27:35 ds4-server: chat ctx=0..8201:8201 prefill chunk 6144/8201 (74.9%) chunk=184.83 t/s avg=199.68 t/s 30.770s
1003 03:27:36 ds4-server: chat ctx=0..8201:8201 prefill chunk 6528/8201 (79.6%) chunk=504.68 t/s avg=207.04 t/s 31.531s
1003 03:27:38 ds4-server: chat ctx=0..8201:8201 prefill chunk 8192/8201 (99.9%) chunk=196.33 t/s avg=248.82 t/s 32.923s
1003 03:27:38 ds4-server: chat ctx=0..8201:8201 prefill chunk 8201/8201 (100.0%) chunk=66.58 t/s avg=248.08 t/s 33.058s
1003 03:27:38 ds4-server: chat ctx=0..8201:8201 prompt done 33.058s
1003 03:27:40 ds4-server: chat ctx=0..8201:8201 prefill chunk 8192/8201 (99.9%) chunk=218.99 t/s avg=237.16 t/s 34.542s
1003 03:27:40 ds4-server: chat ctx=0..8201:8201 prefill chunk 8201/8201 (100.0%) chunk=66.40 t/s avg=236.49 t/s 34.677s
1003 03:27:40 ds4-server: chat ctx=0..8201:8201 prompt done 34.677s
1003 03:27:42 ds4-server: chat ctx=0..8201:8201 prefill chunk 8192/8201 (99.9%) chunk=228.26 t/s avg=231.06 t/s 35.454s
1003 03:27:44 ds4-server: chat ctx=0..8201:8201 prefill chunk 8192/8201 (99.9%) chunk=201.32 t/s avg=205.85 t/s 39.796s
1003 03:27:44 ds4-server: chat ctx=0..8201:8201 prefill chunk 8201/8201 (100.0%) chunk=66.74 t/s avg=205.38 t/s 39.931s
1003 03:27:44 ds4-server: chat ctx=0..8201:8201 prompt done 39.931s
1003 03:27:44 ds4-server: chat ctx=0..8201:8201 prefill chunk 8201/8201 (100.0%) chunk=4.05 t/s avg=217.67 t/s 37.677s
1003 03:27:44 ds4-server: chat ctx=0..8201:8201 prompt done 37.677s
1003 03:27:48 ds4-server: chat ctx=8201..8251:50 gen=50 decoding chunk=5.04 t/s avg=5.04 t/s 9.915s
1003 03:27:48 ds4-server: chat ctx=8201..8251:50 gen=50 decoding chunk=6.38 t/s avg=6.38 t/s 7.836s
1003 03:27:48 ds4-server: chat ctx=8201..8251:50 gen=50 decoding chunk=12.93 t/s avg=12.93 t/s 3.866s
1003 03:27:48 ds4-server: chat ctx=8201..8251:50 gen=50 decoding chunk=13.21 t/s avg=13.21 t/s 3.785s
1003 03:27:51 ds4-server: chat ctx=8251..8301:50 gen=100 decoding chunk=13.42 t/s avg=7.33 t/s 13.639s
1003 03:27:51 ds4-server: chat ctx=8251..8301:50 gen=100 decoding chunk=13.43 t/s avg=8.65 t/s 11.559s
1003 03:27:52 ds4-server: chat ctx=8251..8301:50 gen=100 decoding chunk=13.43 t/s avg=13.18 t/s 7.589s
1003 03:27:52 ds4-server: chat ctx=8251..8301:50 gen=100 decoding chunk=13.44 t/s avg=13.33 t/s 7.505s
1003 03:27:55 ds4-server: chat ctx=8301..8351:50 gen=150 decoding chunk=13.38 t/s avg=8.63 t/s 17.376s
1003 03:27:55 ds4-server: chat ctx=8301..8351:50 gen=150 decoding chunk=13.37 t/s avg=9.81 t/s 15.297s
1003 03:27:55 ds4-server: chat ctx=8301..8351:50 gen=150 decoding chunk=13.38 t/s avg=13.24 t/s 11.327s
1003 03:27:55 ds4-server: chat ctx=8301..8351:50 gen=150 decoding chunk=13.37 t/s avg=13.34 t/s 11.245s
1003 03:27:59 ds4-server: chat ctx=8351..8401:50 gen=200 decoding chunk=13.38 t/s avg=9.47 t/s 21.113s
1003 03:27:59 ds4-server: chat ctx=8351..8401:50 gen=200 decoding chunk=13.39 t/s avg=10.51 t/s 19.032s
1003 03:27:59 ds4-server: chat ctx=8351..8401:50 gen=200 decoding chunk=13.38 t/s avg=13.28 t/s 15.064s
1003 03:27:59 ds4-server: chat ctx=8351..8401:50 gen=200 decoding chunk=13.39 t/s avg=13.35 t/s 14.980s
1003 03:28:03 ds4-server: chat ctx=8401..8451:50 gen=250 decoding chunk=13.36 t/s avg=10.06 t/s 24.854s
1003 03:28:03 ds4-server: chat ctx=8401..8451:50 gen=250 decoding chunk=13.35 t/s avg=10.98 t/s 22.777s
1003 03:28:03 ds4-server: chat ctx=8401..8451:50 gen=250 decoding chunk=13.35 t/s avg=13.29 t/s 18.809s
1003 03:28:03 ds4-server: chat ctx=8401..8451:50 gen=250 decoding chunk=13.34 t/s avg=13.35 t/s 18.728s
1003 03:28:03 ds4-server: chat ctx=8451..8457:6 gen=256 decoding chunk=13.26 t/s avg=10.12 t/s 25.307s
1003 03:28:03 ds4-server: chat ctx=0..8201:8201 gen=256 finish=length 58.365s
1003 03:28:03 slot 1: request reuses nothing; evicting checkpoint (8457 tokens, idle 0 s, protected)
1003 03:28:03 ds4-server: live kv cache miss live=8457 prompt=8201 common=17 vision=match reason=token-mismatch
1003 03:28:03 ds4-server: chat ctx=0..8201:8201 prompt start
1003 03:28:03 ds4-server: chat ctx=8451..8457:6 gen=256 decoding chunk=13.87 t/s avg=11.03 t/s 23.209s
1003 03:28:03 ds4-server: chat ctx=0..8201:8201 gen=256 finish=length 57.887s
1003 03:28:03 slot 2: request reuses nothing; evicting checkpoint (8457 tokens, idle 0 s, protected)
1003 03:28:04 ds4-server: live kv cache miss live=8457 prompt=8201 common=17 vision=match reason=token-mismatch
1003 03:28:04 ds4-server: chat ctx=0..8201:8201 prompt start
1003 03:28:04 ds4-server: chat ctx=0..8201:8201 prefill chunk 128/8201 (1.6%) chunk=0.00 t/s avg=225.90 t/s 0.567s
1003 03:28:04 ds4-server: chat ctx=0..8201:8201 prefill chunk 256/8201 (3.1%) chunk=277.80 t/s avg=249.18 t/s 1.027s
1003 03:28:04 ds4-server: chat ctx=8451..8457:6 gen=256 decoding chunk=4.71 t/s avg=12.75 t/s 20.083s
1003 03:28:04 ds4-server: chat ctx=0..8201:8201 gen=256 finish=length 60.014s
1003 03:28:05 ds4-server: chat ctx=0..8201:8201 prefill chunk 384/8201 (4.7%) chunk=128.06 t/s avg=189.45 t/s 2.027s
1003 03:28:05 ds4-server: chat ctx=0..8201:8201 prefill chunk 128/8201 (1.6%) chunk=0.00 t/s avg=86.58 t/s 1.478s
1003 03:28:05 ds4-server: chat ctx=8451..8457:6 gen=256 decoding chunk=2.85 t/s avg=12.29 t/s 20.831s
1003 03:28:05 ds4-server: chat ctx=0..8201:8201 gen=256 finish=length 58.508s
1003 03:28:06 ds4-server: chat ctx=0..8201:8201 prefill chunk 256/8201 (3.1%) chunk=277.23 t/s avg=131.95 t/s 1.940s
1003 03:28:06 ds4-server: chat ctx=0..8201:8201 prefill chunk 512/8201 (6.2%) chunk=135.67 t/s avg=172.37 t/s 2.970s
1003 03:28:08 ds4-server: chat ctx=0..8201:8201 prefill chunk 2048/8201 (25.0%) chunk=807.16 t/s avg=492.28 t/s 4.160s
1003 03:28:08 ds4-server: chat ctx=0..8201:8201 prefill chunk 2304/8201 (28.1%) chunk=397.84 t/s avg=479.63 t/s 4.804s
1003 03:28:10 ds4-server: chat ctx=0..8201:8201 prefill chunk 2048/8201 (25.0%) chunk=386.10 t/s avg=294.73 t/s 6.949s
1003 03:28:11 ds4-server: chat ctx=0..8201:8201 prefill chunk 2560/8201 (31.2%) chunk=605.94 t/s avg=328.47 t/s 7.794s
1003 03:28:13 ds4-server: chat ctx=0..8201:8201 prefill chunk 4096/8201 (49.9%) chunk=415.51 t/s avg=449.29 t/s 9.117s
1003 03:28:13 ds4-server: chat ctx=0..8201:8201 prefill chunk 4352/8201 (53.1%) chunk=394.02 t/s avg=445.62 t/s 9.766s
1003 03:28:15 ds4-server: chat ctx=0..8201:8201 prefill chunk 4096/8201 (49.9%) chunk=362.71 t/s avg=340.53 t/s 12.028s
1003 03:28:16 ds4-server: chat ctx=0..8201:8201 prefill chunk 4608/8201 (56.2%) chunk=601.45 t/s avg=357.77 t/s 12.880s
1003 03:28:18 ds4-server: chat ctx=0..8201:8201 prefill chunk 6144/8201 (74.9%) chunk=402.32 t/s avg=432.06 t/s 14.220s
1003 03:28:18 ds4-server: chat ctx=0..8201:8201 prefill chunk 6400/8201 (78.0%) chunk=393.29 t/s avg=430.36 t/s 14.871s
1003 03:28:20 ds4-server: chat ctx=0..8201:8201 prefill chunk 6144/8201 (74.9%) chunk=360.30 t/s avg=358.40 t/s 17.143s
1003 03:28:21 ds4-server: chat ctx=0..8201:8201 prefill chunk 6656/8201 (81.2%) chunk=588.62 t/s avg=369.52 t/s 18.013s
1003 03:28:23 ds4-server: chat ctx=0..8201:8201 prefill chunk 8192/8201 (99.9%) chunk=398.63 t/s avg=422.99 t/s 19.367s
1003 03:28:23 ds4-server: chat ctx=0..8201:8201 prefill chunk 8201/8201 (100.0%) chunk=66.00 t/s avg=420.50 t/s 19.503s
1003 03:28:23 ds4-server: chat ctx=0..8201:8201 prompt done 19.503s
1003 03:28:25 ds4-server: chat ctx=0..8201:8201 prefill chunk 8192/8201 (99.9%) chunk=407.10 t/s avg=376.03 t/s 21.786s
1003 03:28:25 ds4-server: chat ctx=0..8201:8201 prefill chunk 8201/8201 (100.0%) chunk=66.36 t/s avg=374.11 t/s 21.921s
1003 03:28:25 ds4-server: chat ctx=0..8201:8201 prompt done 21.921s
1003 03:28:27 ds4-server: chat ctx=8201..8251:50 gen=50 decoding chunk=13.24 t/s avg=13.24 t/s 3.778s
1003 03:28:27 ds4-server: chat ctx=8201..8251:50 gen=50 decoding chunk=25.43 t/s avg=25.43 t/s 1.966s
1003 03:28:29 ds4-server: chat ctx=8251..8301:50 gen=100 decoding chunk=25.63 t/s avg=17.46 t/s 5.728s
1003 03:28:29 ds4-server: chat ctx=8251..8301:50 gen=100 decoding chunk=25.65 t/s avg=25.54 t/s 3.915s
1003 03:28:31 ds4-server: chat ctx=8301..8351:50 gen=150 decoding chunk=25.66 t/s avg=19.54 t/s 7.676s
1003 03:28:31 ds4-server: chat ctx=8301..8351:50 gen=150 decoding chunk=25.65 t/s avg=25.58 t/s 5.865s
1003 03:28:33 ds4-server: chat ctx=8351..8401:50 gen=200 decoding chunk=25.57 t/s avg=20.76 t/s 9.632s
1003 03:28:33 ds4-server: chat ctx=8351..8401:50 gen=200 decoding chunk=25.58 t/s avg=25.58 t/s 7.819s
1003 03:28:35 ds4-server: chat ctx=8401..8451:50 gen=250 decoding chunk=25.55 t/s avg=21.57 t/s 11.589s
1003 03:28:35 ds4-server: chat ctx=8401..8451:50 gen=250 decoding chunk=25.54 t/s avg=25.57 t/s 9.777s
1003 03:28:35 ds4-server: chat ctx=8451..8457:6 gen=256 decoding chunk=25.56 t/s avg=21.65 t/s 11.824s
1003 03:28:35 ds4-server: chat ctx=0..8201:8201 gen=256 finish=length 31.327s
1003 03:28:35 ds4-server: chat ctx=8451..8457:6 gen=256 decoding chunk=28.08 t/s avg=25.62 t/s 9.991s
1003 03:28:35 ds4-server: chat ctx=0..8201:8201 gen=256 finish=length 31.912s
1003 03:28:35 ds4-server: shutdown requested, draining requests
