ds4: Metal device Apple M5 Ultra, 256.00 GiB RAM
ds4: Metal 4 tensor API enabled for Tensor kernels
ds4: drift-patch flags hc_stable=on norm_unify=on kv_raw_f32=off rope_exp2_log2=off math_safe=off tensor_matmul=on
ds4: Metal model views created in 7.825 ms, residency requested in 839.533 ms, warmup 4.793 ms (mapped 157001.67 MiB from offset 5.09 MiB)
ds4: Metal mapped mmaped model as 1 overlapping shared buffers
ds4: metal backend initialized for graph diagnostics
ds4: memory: KV 2.20 GiB (raw 0.19 + compressed 2.01) + buffers 1.00 GiB + resident model 153.32 GiB = 156.52 GiB planned
ds4: memory detail: ctx=262144 prefill_cap=2048 raw_kv_rows=2304 compressed_kv_rows=65538 backend=metal
1002 12:35:19 ds4-server: context buffers 3274.64 MiB (ctx=262144, backend=metal, prefill_chunk=2048, raw_kv_rows=2304, compressed_kv_rows=65538)
1002 12:35:19 ds4-server: listening on http://127.0.0.1:18185
1002 12:35:19 ds4-server: chat ctx=0..200007:200007 prompt start
1002 12:35:19 ds4-server: chat ctx=0..200007:200007 prefill chunk 0/200007 (0.0%) chunk=0.00 t/s avg=0.00 t/s 0.000s
1002 12:35:21 ds4-server: chat ctx=0..200007:200007 prefill chunk 2048/200007 (1.0%) chunk=991.12 t/s avg=991.03 t/s 2.067s
1002 12:35:23 ds4-server: chat ctx=0..200007:200007 prefill chunk 4096/200007 (2.0%) chunk=944.00 t/s avg=966.95 t/s 4.236s
1002 12:35:26 ds4-server: chat ctx=0..200007:200007 prefill chunk 6144/200007 (3.1%) chunk=946.80 t/s avg=960.14 t/s 6.399s
1002 12:35:28 ds4-server: chat ctx=0..200007:200007 prefill chunk 8192/200007 (4.1%) chunk=944.45 t/s avg=956.17 t/s 8.568s
1002 12:35:30 ds4-server: chat ctx=0..200007:200007 prefill chunk 10240/200007 (5.1%) chunk=918.79 t/s avg=948.45 t/s 10.797s
1002 12:35:32 ds4-server: chat ctx=0..200007:200007 prefill chunk 12288/200007 (6.1%) chunk=917.69 t/s avg=943.18 t/s 13.028s
1002 12:35:34 ds4-server: chat ctx=0..200007:200007 prefill chunk 14336/200007 (7.2%) chunk=906.89 t/s avg=937.82 t/s 15.287s
1002 12:35:37 ds4-server: chat ctx=0..200007:200007 prefill chunk 16384/200007 (8.2%) chunk=896.54 t/s avg=932.45 t/s 17.571s
1002 12:35:39 ds4-server: chat ctx=0..200007:200007 prefill chunk 18432/200007 (9.2%) chunk=888.39 t/s avg=927.34 t/s 19.876s
1002 12:35:41 ds4-server: chat ctx=0..200007:200007 prefill chunk 20480/200007 (10.2%) chunk=882.82 t/s avg=922.69 t/s 22.196s
1002 12:35:44 ds4-server: chat ctx=0..200007:200007 prefill chunk 22528/200007 (11.3%) chunk=875.20 t/s avg=918.16 t/s 24.536s
1002 12:35:46 ds4-server: chat ctx=0..200007:200007 prefill chunk 24576/200007 (12.3%) chunk=870.34 t/s avg=913.98 t/s 26.889s
1002 12:35:48 ds4-server: chat ctx=0..200007:200007 prefill chunk 26624/200007 (13.3%) chunk=858.68 t/s avg=909.47 t/s 29.274s
1002 12:35:51 ds4-server: chat ctx=0..200007:200007 prefill chunk 28672/200007 (14.3%) chunk=854.00 t/s avg=905.27 t/s 31.672s
1002 12:35:53 ds4-server: chat ctx=0..200007:200007 prefill chunk 30720/200007 (15.4%) chunk=848.40 t/s avg=901.24 t/s 34.086s
1002 12:35:56 ds4-server: chat ctx=0..200007:200007 prefill chunk 32768/200007 (16.4%) chunk=843.38 t/s avg=897.39 t/s 36.515s
1002 12:35:58 ds4-server: chat ctx=0..200007:200007 prefill chunk 34816/200007 (17.4%) chunk=828.00 t/s avg=892.99 t/s 38.988s
1002 12:36:01 ds4-server: chat ctx=0..200007:200007 prefill chunk 36864/200007 (18.4%) chunk=819.95 t/s avg=888.59 t/s 41.486s
1002 12:36:03 ds4-server: chat ctx=0..200007:200007 prefill chunk 38912/200007 (19.5%) chunk=815.90 t/s avg=884.45 t/s 43.996s
1002 12:36:06 ds4-server: chat ctx=0..200007:200007 prefill chunk 40960/200007 (20.5%) chunk=806.57 t/s avg=880.20 t/s 46.535s
1002 12:36:08 ds4-server: chat ctx=0..200007:200007 prefill chunk 43008/200007 (21.5%) chunk=793.57 t/s avg=875.65 t/s 49.116s
1002 12:36:11 ds4-server: chat ctx=0..200007:200007 prefill chunk 45056/200007 (22.5%) chunk=798.85 t/s avg=871.84 t/s 51.679s
1002 12:36:13 ds4-server: chat ctx=0..200007:200007 prefill chunk 47104/200007 (23.6%) chunk=787.77 t/s avg=867.81 t/s 54.279s
1002 12:36:16 ds4-server: chat ctx=0..200007:200007 prefill chunk 49152/200007 (24.6%) chunk=785.62 t/s avg=864.04 t/s 56.886s
1002 12:36:19 ds4-server: chat ctx=0..200007:200007 prefill chunk 51200/200007 (25.6%) chunk=774.43 t/s avg=860.06 t/s 59.531s
1002 12:36:21 ds4-server: chat ctx=0..200007:200007 prefill chunk 53248/200007 (26.6%) chunk=774.74 t/s avg=856.44 t/s 62.174s
1002 12:36:24 ds4-server: chat ctx=0..200007:200007 prefill chunk 55296/200007 (27.6%) chunk=766.04 t/s avg=852.71 t/s 64.847s
1002 12:36:27 ds4-server: chat ctx=0..200007:200007 prefill chunk 57344/200007 (28.7%) chunk=762.21 t/s avg=849.11 t/s 67.534s
1002 12:36:29 ds4-server: chat ctx=0..200007:200007 prefill chunk 59392/200007 (29.7%) chunk=748.58 t/s avg=845.19 t/s 70.270s
1002 12:36:32 ds4-server: chat ctx=0..200007:200007 prefill chunk 61440/200007 (30.7%) chunk=748.21 t/s avg=841.56 t/s 73.007s
1002 12:36:35 ds4-server: chat ctx=0..200007:200007 prefill chunk 63488/200007 (31.7%) chunk=740.23 t/s avg=837.86 t/s 75.774s
1002 12:36:38 ds4-server: chat ctx=0..200007:200007 prefill chunk 65536/200007 (32.8%) chunk=741.28 t/s avg=834.46 t/s 78.537s
1002 12:36:41 ds4-server: chat ctx=0..200007:200007 prefill chunk 67584/200007 (33.8%) chunk=729.17 t/s avg=830.82 t/s 81.346s
1002 12:36:43 ds4-server: chat ctx=0..200007:200007 prefill chunk 69632/200007 (34.8%) chunk=723.48 t/s avg=827.21 t/s 84.176s
1002 12:36:46 ds4-server: chat ctx=0..200007:200007 prefill chunk 71680/200007 (35.8%) chunk=717.12 t/s avg=823.60 t/s 87.032s
1002 12:36:49 ds4-server: chat ctx=0..200007:200007 prefill chunk 73728/200007 (36.9%) chunk=716.80 t/s avg=820.21 t/s 89.889s
1002 12:36:52 ds4-server: chat ctx=0..200007:200007 prefill chunk 75776/200007 (37.9%) chunk=698.98 t/s avg=816.38 t/s 92.819s
1002 12:36:55 ds4-server: chat ctx=0..200007:200007 prefill chunk 77824/200007 (38.9%) chunk=704.53 t/s avg=812.98 t/s 95.726s
1002 12:36:58 ds4-server: chat ctx=0..200007:200007 prefill chunk 79872/200007 (39.9%) chunk=699.40 t/s avg=809.61 t/s 98.655s
1002 12:37:01 ds4-server: chat ctx=0..200007:200007 prefill chunk 81920/200007 (41.0%) chunk=695.39 t/s avg=806.30 t/s 101.600s
1002 12:37:04 ds4-server: chat ctx=0..200007:200007 prefill chunk 83968/200007 (42.0%) chunk=686.97 t/s avg=802.90 t/s 104.581s
1002 12:37:07 ds4-server: chat ctx=0..200007:200007 prefill chunk 86016/200007 (43.0%) chunk=684.96 t/s avg=799.62 t/s 107.571s
1002 12:37:10 ds4-server: chat ctx=0..200007:200007 prefill chunk 88064/200007 (44.0%) chunk=679.05 t/s avg=796.33 t/s 110.587s
1002 12:37:13 ds4-server: chat ctx=0..200007:200007 prefill chunk 90112/200007 (45.1%) chunk=675.69 t/s avg=793.12 t/s 113.618s
1002 12:37:16 ds4-server: chat ctx=0..200007:200007 prefill chunk 92160/200007 (46.1%) chunk=663.47 t/s avg=789.69 t/s 116.705s
1002 12:37:19 ds4-server: chat ctx=0..200007:200007 prefill chunk 94208/200007 (47.1%) chunk=667.17 t/s avg=786.55 t/s 119.774s
1002 12:37:22 ds4-server: chat ctx=0..200007:200007 prefill chunk 96256/200007 (48.1%) chunk=660.84 t/s avg=783.38 t/s 122.873s
1002 12:37:25 ds4-server: chat ctx=0..200007:200007 prefill chunk 98304/200007 (49.2%) chunk=659.92 t/s avg=780.33 t/s 125.977s
1002 12:37:28 ds4-server: chat ctx=0..200007:200007 prefill chunk 100352/200007 (50.2%) chunk=647.02 t/s avg=777.07 t/s 129.142s
1002 12:37:32 ds4-server: chat ctx=0..200007:200007 prefill chunk 102400/200007 (51.2%) chunk=645.71 t/s avg=773.92 t/s 132.314s
1002 12:37:35 ds4-server: chat ctx=0..200007:200007 prefill chunk 104448/200007 (52.2%) chunk=636.47 t/s avg=770.65 t/s 135.532s
1002 12:37:38 ds4-server: chat ctx=0..200007:200007 prefill chunk 106496/200007 (53.2%) chunk=638.31 t/s avg=767.59 t/s 138.740s
1002 12:37:41 ds4-server: chat ctx=0..200007:200007 prefill chunk 108544/200007 (54.3%) chunk=631.51 t/s avg=764.49 t/s 141.983s
1002 12:37:44 ds4-server: chat ctx=0..200007:200007 prefill chunk 110592/200007 (55.3%) chunk=633.33 t/s avg=761.57 t/s 145.217s
1002 12:37:48 ds4-server: chat ctx=0..200007:200007 prefill chunk 112640/200007 (56.3%) chunk=627.52 t/s avg=758.62 t/s 148.480s
1002 12:37:51 ds4-server: chat ctx=0..200007:200007 prefill chunk 114688/200007 (57.3%) chunk=622.30 t/s avg=755.66 t/s 151.771s
1002 12:37:54 ds4-server: chat ctx=0..200007:200007 prefill chunk 116736/200007 (58.4%) chunk=615.79 t/s avg=752.66 t/s 155.097s
1002 12:37:58 ds4-server: chat ctx=0..200007:200007 prefill chunk 118784/200007 (59.4%) chunk=613.84 t/s avg=749.74 t/s 158.434s
1002 12:38:01 ds4-server: chat ctx=0..200007:200007 prefill chunk 120832/200007 (60.4%) chunk=609.28 t/s avg=746.82 t/s 161.795s
1002 12:38:04 ds4-server: chat ctx=0..200007:200007 prefill chunk 122880/200007 (61.4%) chunk=607.60 t/s avg=743.98 t/s 165.166s
1002 12:38:08 ds4-server: chat ctx=0..200007:200007 prefill chunk 124928/200007 (62.5%) chunk=600.81 t/s avg=741.09 t/s 168.574s
1002 12:38:11 ds4-server: chat ctx=0..200007:200007 prefill chunk 126976/200007 (63.5%) chunk=597.84 t/s avg=738.23 t/s 172.000s
1002 12:38:15 ds4-server: chat ctx=0..200007:200007 prefill chunk 129024/200007 (64.5%) chunk=590.97 t/s avg=735.32 t/s 175.465s
1002 12:38:18 ds4-server: chat ctx=0..200007:200007 prefill chunk 131072/200007 (65.5%) chunk=591.22 t/s avg=732.53 t/s 178.929s
1002 12:38:22 ds4-server: chat ctx=0..200007:200007 prefill chunk 133120/200007 (66.6%) chunk=582.64 t/s avg=729.65 t/s 182.444s
1002 12:38:25 ds4-server: chat ctx=0..200007:200007 prefill chunk 135168/200007 (67.6%) chunk=579.49 t/s avg=726.79 t/s 185.979s
1002 12:38:29 ds4-server: chat ctx=0..200007:200007 prefill chunk 137216/200007 (68.6%) chunk=578.66 t/s avg=724.03 t/s 189.518s
1002 12:38:32 ds4-server: chat ctx=0..200007:200007 prefill chunk 139264/200007 (69.6%) chunk=575.48 t/s avg=721.29 t/s 193.077s
1002 12:38:36 ds4-server: chat ctx=0..200007:200007 prefill chunk 141312/200007 (70.7%) chunk=568.99 t/s avg=718.50 t/s 196.676s
1002 12:38:39 ds4-server: chat ctx=0..200007:200007 prefill chunk 143360/200007 (71.7%) chunk=568.15 t/s avg=715.80 t/s 200.281s
1002 12:38:43 ds4-server: chat ctx=0..200007:200007 prefill chunk 145408/200007 (72.7%) chunk=556.76 t/s avg=712.93 t/s 203.959s
1002 12:38:47 ds4-server: chat ctx=0..200007:200007 prefill chunk 147456/200007 (73.7%) chunk=561.75 t/s avg=710.27 t/s 207.605s
1002 12:38:50 ds4-server: chat ctx=0..200007:200007 prefill chunk 149504/200007 (74.7%) chunk=556.58 t/s avg=707.60 t/s 211.284s
1002 12:38:54 ds4-server: chat ctx=0..200007:200007 prefill chunk 151552/200007 (75.8%) chunk=556.45 t/s avg=705.01 t/s 214.965s
1002 12:38:58 ds4-server: chat ctx=0..200007:200007 prefill chunk 153600/200007 (76.8%) chunk=550.99 t/s avg=702.39 t/s 218.682s
1002 12:39:02 ds4-server: chat ctx=0..200007:200007 prefill chunk 155648/200007 (77.8%) chunk=550.61 t/s avg=699.85 t/s 222.401s
1002 12:39:05 ds4-server: chat ctx=0..200007:200007 prefill chunk 157696/200007 (78.8%) chunk=544.19 t/s avg=697.26 t/s 226.165s
1002 12:39:09 ds4-server: chat ctx=0..200007:200007 prefill chunk 159744/200007 (79.9%) chunk=543.01 t/s avg=694.73 t/s 229.936s
1002 12:39:13 ds4-server: chat ctx=0..200007:200007 prefill chunk 161792/200007 (80.9%) chunk=535.45 t/s avg=692.12 t/s 233.761s
1002 12:39:17 ds4-server: chat ctx=0..200007:200007 prefill chunk 163840/200007 (81.9%) chunk=533.20 t/s avg=689.56 t/s 237.602s
1002 12:39:21 ds4-server: chat ctx=0..200007:200007 prefill chunk 165888/200007 (82.9%) chunk=532.51 t/s avg=687.05 t/s 241.448s
1002 12:39:24 ds4-server: chat ctx=0..200007:200007 prefill chunk 167936/200007 (84.0%) chunk=533.91 t/s avg=684.66 t/s 245.284s
1002 12:39:28 ds4-server: chat ctx=0..200007:200007 prefill chunk 169984/200007 (85.0%) chunk=527.37 t/s avg=682.21 t/s 249.167s
1002 12:39:32 ds4-server: chat ctx=0..200007:200007 prefill chunk 172032/200007 (86.0%) chunk=528.23 t/s avg=679.85 t/s 253.045s
1002 12:39:36 ds4-server: chat ctx=0..200007:200007 prefill chunk 174080/200007 (87.0%) chunk=525.84 t/s avg=677.51 t/s 256.939s
1002 12:39:40 ds4-server: chat ctx=0..200007:200007 prefill chunk 176128/200007 (88.1%) chunk=528.26 t/s avg=675.30 t/s 260.816s
1002 12:39:44 ds4-server: chat ctx=0..200007:200007 prefill chunk 178176/200007 (89.1%) chunk=524.05 t/s avg=673.06 t/s 264.724s
1002 12:39:48 ds4-server: chat ctx=0..200007:200007 prefill chunk 180224/200007 (90.1%) chunk=524.07 t/s avg=670.90 t/s 268.632s
1002 12:39:52 ds4-server: chat ctx=0..200007:200007 prefill chunk 182272/200007 (91.1%) chunk=518.06 t/s avg=668.68 t/s 272.585s
1002 12:39:56 ds4-server: chat ctx=0..200007:200007 prefill chunk 184320/200007 (92.2%) chunk=516.92 t/s avg=666.50 t/s 276.547s
1002 12:40:00 ds4-server: chat ctx=0..200007:200007 prefill chunk 186368/200007 (93.2%) chunk=513.18 t/s avg=664.32 t/s 280.538s
1002 12:40:04 ds4-server: chat ctx=0..200007:200007 prefill chunk 188416/200007 (94.2%) chunk=512.49 t/s avg=662.19 t/s 284.534s
1002 12:40:08 ds4-server: chat ctx=0..200007:200007 prefill chunk 190464/200007 (95.2%) chunk=506.51 t/s avg=660.01 t/s 288.577s
1002 12:40:12 ds4-server: chat ctx=0..200007:200007 prefill chunk 192512/200007 (96.3%) chunk=506.02 t/s avg=657.88 t/s 292.625s
1002 12:40:16 ds4-server: chat ctx=0..200007:200007 prefill chunk 194560/200007 (97.3%) chunk=502.22 t/s avg=655.74 t/s 296.703s
1002 12:40:20 ds4-server: chat ctx=0..200007:200007 prefill chunk 196608/200007 (98.3%) chunk=501.21 t/s avg=653.64 t/s 300.789s
1002 12:40:24 ds4-server: chat ctx=0..200007:200007 prefill chunk 198656/200007 (99.3%) chunk=495.06 t/s avg=651.49 t/s 304.926s
1002 12:40:28 ds4-server: chat ctx=0..200007:200007 prefill chunk 200007/200007 (100.0%) chunk=343.82 t/s avg=647.58 t/s 308.855s
1002 12:40:28 ds4-server: chat ctx=0..200007:200007 prompt done 308.855s
1002 12:40:28 ds4-server: chat ctx=200007..200022:15 gen=15 decoding chunk=36.93 t/s avg=36.93 t/s 0.406s
1002 12:40:28 ds4-server: chat ctx=0..200007:200007 gen=15 finish=stop 309.262s
1002 12:40:29 ds4-server: live kv cache miss live=200022 prompt=200004 common=30 vision=match reason=token-mismatch
1002 12:40:29 ds4-server: chat ctx=0..200004:200004 prompt start
1002 12:40:29 ds4-server: chat ctx=0..200004:200004 prefill chunk 0/200004 (0.0%) chunk=0.00 t/s avg=0.00 t/s 0.000s
1002 12:40:31 ds4-server: chat ctx=0..200004:200004 prefill chunk 2048/200004 (1.0%) chunk=1037.46 t/s avg=1037.38 t/s 1.974s
1002 12:40:33 ds4-server: chat ctx=0..200004:200004 prefill chunk 4096/200004 (2.0%) chunk=959.47 t/s avg=996.91 t/s 4.109s
1002 12:40:35 ds4-server: chat ctx=0..200004:200004 prefill chunk 6144/200004 (3.1%) chunk=952.43 t/s avg=981.63 t/s 6.259s
1002 12:40:37 ds4-server: chat ctx=0..200004:200004 prefill chunk 8192/200004 (4.1%) chunk=950.46 t/s avg=973.65 t/s 8.414s
1002 12:40:39 ds4-server: chat ctx=0..200004:200004 prefill chunk 10240/200004 (5.1%) chunk=931.60 t/s avg=964.94 t/s 10.612s
1002 12:40:41 ds4-server: chat ctx=0..200004:200004 prefill chunk 12288/200004 (6.1%) chunk=926.86 t/s avg=958.37 t/s 12.822s
1002 12:40:44 ds4-server: chat ctx=0..200004:200004 prefill chunk 14336/200004 (7.2%) chunk=918.47 t/s avg=952.46 t/s 15.052s
1002 12:40:46 ds4-server: chat ctx=0..200004:200004 prefill chunk 16384/200004 (8.2%) chunk=914.32 t/s avg=947.52 t/s 17.291s
1002 12:40:48 ds4-server: chat ctx=0..200004:200004 prefill chunk 18432/200004 (9.2%) chunk=898.92 t/s avg=941.86 t/s 19.570s
1002 12:40:50 ds4-server: chat ctx=0..200004:200004 prefill chunk 20480/200004 (10.2%) chunk=893.38 t/s avg=936.78 t/s 21.862s
1002 12:40:53 ds4-server: chat ctx=0..200004:200004 prefill chunk 22528/200004 (11.3%) chunk=887.56 t/s avg=932.08 t/s 24.170s
1002 12:40:55 ds4-server: chat ctx=0..200004:200004 prefill chunk 24576/200004 (12.3%) chunk=883.92 t/s avg=927.87 t/s 26.487s
1002 12:40:57 ds4-server: chat ctx=0..200004:200004 prefill chunk 26624/200004 (13.3%) chunk=869.11 t/s avg=923.07 t/s 28.843s
1002 12:41:00 ds4-server: chat ctx=0..200004:200004 prefill chunk 28672/200004 (14.3%) chunk=863.43 t/s avg=918.54 t/s 31.215s
1002 12:41:02 ds4-server: chat ctx=0..200004:200004 prefill chunk 30720/200004 (15.4%) chunk=855.36 t/s avg=914.03 t/s 33.609s
1002 12:41:05 ds4-server: chat ctx=0..200004:200004 prefill chunk 32768/200004 (16.4%) chunk=851.56 t/s avg=909.86 t/s 36.014s
1002 12:41:07 ds4-server: chat ctx=0..200004:200004 prefill chunk 34816/200004 (17.4%) chunk=838.10 t/s avg=905.30 t/s 38.458s
1002 12:41:09 ds4-server: chat ctx=0..200004:200004 prefill chunk 36864/200004 (18.4%) chunk=833.32 t/s avg=900.98 t/s 40.916s
1002 12:41:12 ds4-server: chat ctx=0..200004:200004 prefill chunk 38912/200004 (19.5%) chunk=826.78 t/s avg=896.74 t/s 43.393s
1002 12:41:14 ds4-server: chat ctx=0..200004:200004 prefill chunk 40960/200004 (20.5%) chunk=823.09 t/s avg=892.75 t/s 45.881s
1002 12:41:17 ds4-server: chat ctx=0..200004:200004 prefill chunk 43008/200004 (21.5%) chunk=810.84 t/s avg=888.47 t/s 48.407s
1002 12:41:19 ds4-server: chat ctx=0..200004:200004 prefill chunk 45056/200004 (22.5%) chunk=806.93 t/s avg=884.41 t/s 50.945s
1002 12:41:22 ds4-server: chat ctx=0..200004:200004 prefill chunk 47104/200004 (23.6%) chunk=799.86 t/s avg=880.37 t/s 53.505s
1002 12:41:25 ds4-server: chat ctx=0..200004:200004 prefill chunk 49152/200004 (24.6%) chunk=799.01 t/s avg=876.65 t/s 56.068s
1002 12:41:27 ds4-server: chat ctx=0..200004:200004 prefill chunk 51200/200004 (25.6%) chunk=784.97 t/s avg=872.57 t/s 58.677s
1002 12:41:30 ds4-server: chat ctx=0..200004:200004 prefill chunk 53248/200004 (26.6%) chunk=781.68 t/s avg=868.69 t/s 61.297s
1002 12:41:32 ds4-server: chat ctx=0..200004:200004 prefill chunk 55296/200004 (27.6%) chunk=775.19 t/s avg=864.82 t/s 63.939s
1002 12:41:35 ds4-server: chat ctx=0..200004:200004 prefill chunk 57344/200004 (28.7%) chunk=771.99 t/s avg=861.12 t/s 66.592s
1002 12:41:38 ds4-server: chat ctx=0..200004:200004 prefill chunk 59392/200004 (29.7%) chunk=762.28 t/s avg=857.29 t/s 69.279s
1002 12:41:41 ds4-server: chat ctx=0..200004:200004 prefill chunk 61440/200004 (30.7%) chunk=759.48 t/s avg=853.63 t/s 71.975s
1002 12:41:43 ds4-server: chat ctx=0..200004:200004 prefill chunk 63488/200004 (31.7%) chunk=753.28 t/s avg=849.97 t/s 74.694s
1002 12:41:46 ds4-server: chat ctx=0..200004:200004 prefill chunk 65536/200004 (32.8%) chunk=751.07 t/s avg=846.49 t/s 77.421s
1002 12:41:49 ds4-server: chat ctx=0..200004:200004 prefill chunk 67584/200004 (33.8%) chunk=737.96 t/s avg=842.74 t/s 80.196s
1002 12:41:52 ds4-server: chat ctx=0..200004:200004 prefill chunk 69632/200004 (34.8%) chunk=734.50 t/s avg=839.10 t/s 82.984s
1002 12:41:54 ds4-server: chat ctx=0..200004:200004 prefill chunk 71680/200004 (35.8%) chunk=728.49 t/s avg=835.47 t/s 85.796s
1002 12:41:57 ds4-server: chat ctx=0..200004:200004 prefill chunk 73728/200004 (36.9%) chunk=726.81 t/s avg=832.02 t/s 88.613s
1002 12:42:00 ds4-server: chat ctx=0..200004:200004 prefill chunk 75776/200004 (37.9%) chunk=717.32 t/s avg=828.44 t/s 91.468s
1002 12:42:03 ds4-server: chat ctx=0..200004:200004 prefill chunk 77824/200004 (38.9%) chunk=713.57 t/s avg=824.94 t/s 94.338s
1002 12:42:06 ds4-server: chat ctx=0..200004:200004 prefill chunk 79872/200004 (39.9%) chunk=710.31 t/s avg=821.54 t/s 97.222s
1002 12:42:09 ds4-server: chat ctx=0..200004:200004 prefill chunk 81920/200004 (41.0%) chunk=706.39 t/s avg=818.21 t/s 100.121s
1002 12:42:12 ds4-server: chat ctx=0..200004:200004 prefill chunk 83968/200004 (42.0%) chunk=696.93 t/s avg=814.75 t/s 103.060s
1002 12:42:15 ds4-server: chat ctx=0..200004:200004 prefill chunk 86016/200004 (43.0%) chunk=693.69 t/s avg=811.38 t/s 106.012s
1002 12:42:18 ds4-server: chat ctx=0..200004:200004 prefill chunk 88064/200004 (44.0%) chunk=689.26 t/s avg=808.05 t/s 108.983s
1002 12:42:21 ds4-server: chat ctx=0..200004:200004 prefill chunk 90112/200004 (45.1%) chunk=686.45 t/s avg=804.81 t/s 111.967s
1002 12:42:24 ds4-server: chat ctx=0..200004:200004 prefill chunk 92160/200004 (46.1%) chunk=678.05 t/s avg=801.48 t/s 114.987s
1002 12:42:27 ds4-server: chat ctx=0..200004:200004 prefill chunk 94208/200004 (47.1%) chunk=677.33 t/s avg=798.30 t/s 118.011s
1002 12:42:30 ds4-server: chat ctx=0..200004:200004 prefill chunk 96256/200004 (48.1%) chunk=670.89 t/s avg=795.09 t/s 121.063s
1002 12:42:33 ds4-server: chat ctx=0..200004:200004 prefill chunk 98304/200004 (49.2%) chunk=668.88 t/s avg=791.97 t/s 124.125s
1002 12:42:36 ds4-server: chat ctx=0..200004:200004 prefill chunk 100352/200004 (50.2%) chunk=660.15 t/s avg=788.76 t/s 127.228s
1002 12:42:39 ds4-server: chat ctx=0..200004:200004 prefill chunk 102400/200004 (51.2%) chunk=657.85 t/s avg=785.63 t/s 130.341s
1002 12:42:42 ds4-server: chat ctx=0..200004:200004 prefill chunk 104448/200004 (52.2%) chunk=652.51 t/s avg=782.50 t/s 133.479s
1002 12:42:45 ds4-server: chat ctx=0..200004:200004 prefill chunk 106496/200004 (53.2%) chunk=650.45 t/s avg=779.46 t/s 136.628s
1002 12:42:48 ds4-server: chat ctx=0..200004:200004 prefill chunk 108544/200004 (54.3%) chunk=642.19 t/s avg=776.33 t/s 139.817s
1002 12:42:52 ds4-server: chat ctx=0..200004:200004 prefill chunk 110592/200004 (55.3%) chunk=640.72 t/s avg=773.30 t/s 143.013s
1002 12:42:55 ds4-server: chat ctx=0..200004:200004 prefill chunk 112640/200004 (56.3%) chunk=636.63 t/s avg=770.29 t/s 146.230s
1002 12:42:58 ds4-server: chat ctx=0..200004:200004 prefill chunk 114688/200004 (57.3%) chunk=634.22 t/s avg=767.35 t/s 149.460s
1002 12:43:01 ds4-server: chat ctx=0..200004:200004 prefill chunk 116736/200004 (58.4%) chunk=626.97 t/s avg=764.35 t/s 152.726s
1002 12:43:05 ds4-server: chat ctx=0..200004:200004 prefill chunk 118784/200004 (59.4%) chunk=624.48 t/s avg=761.41 t/s 156.006s
1002 12:43:08 ds4-server: chat ctx=0..200004:200004 prefill chunk 120832/200004 (60.4%) chunk=620.44 t/s avg=758.49 t/s 159.306s
1002 12:43:11 ds4-server: chat ctx=0..200004:200004 prefill chunk 122880/200004 (61.4%) chunk=618.15 t/s avg=755.63 t/s 162.620s
1002 12:43:15 ds4-server: chat ctx=0..200004:200004 prefill chunk 124928/200004 (62.5%) chunk=611.94 t/s avg=752.73 t/s 165.966s
1002 12:43:18 ds4-server: chat ctx=0..200004:200004 prefill chunk 126976/200004 (63.5%) chunk=609.41 t/s avg=749.89 t/s 169.327s
1002 12:43:21 ds4-server: chat ctx=0..200004:200004 prefill chunk 129024/200004 (64.5%) chunk=605.93 t/s avg=747.07 t/s 172.707s
1002 12:43:25 ds4-server: chat ctx=0..200004:200004 prefill chunk 131072/200004 (65.5%) chunk=603.28 t/s avg=744.30 t/s 176.102s
1002 12:43:28 ds4-server: chat ctx=0..200004:200004 prefill chunk 133120/200004 (66.6%) chunk=592.50 t/s avg=741.38 t/s 179.558s
1002 12:43:32 ds4-server: chat ctx=0..200004:200004 prefill chunk 135168/200004 (67.6%) chunk=590.34 t/s avg=738.51 t/s 183.027s
1002 12:43:35 ds4-server: chat ctx=0..200004:200004 prefill chunk 137216/200004 (68.6%) chunk=587.09 t/s avg=735.68 t/s 186.516s
1002 12:43:39 ds4-server: chat ctx=0..200004:200004 prefill chunk 139264/200004 (69.6%) chunk=585.19 t/s avg=732.91 t/s 190.016s
1002 12:43:42 ds4-server: chat ctx=0..200004:200004 prefill chunk 141312/200004 (70.7%) chunk=579.23 t/s avg=730.10 t/s 193.551s
1002 12:43:46 ds4-server: chat ctx=0..200004:200004 prefill chunk 143360/200004 (71.7%) chunk=577.37 t/s avg=727.35 t/s 197.098s
1002 12:43:49 ds4-server: chat ctx=0..200004:200004 prefill chunk 145408/200004 (72.7%) chunk=573.95 t/s avg=724.62 t/s 200.667s
1002 12:43:53 ds4-server: chat ctx=0..200004:200004 prefill chunk 147456/200004 (73.7%) chunk=571.83 t/s avg=721.95 t/s 204.248s
1002 12:43:56 ds4-server: chat ctx=0..200004:200004 prefill chunk 149504/200004 (74.8%) chunk=566.67 t/s avg=719.25 t/s 207.862s
1002 12:44:00 ds4-server: chat ctx=0..200004:200004 prefill chunk 151552/200004 (75.8%) chunk=563.62 t/s avg=716.57 t/s 211.496s
1002 12:44:04 ds4-server: chat ctx=0..200004:200004 prefill chunk 153600/200004 (76.8%) chunk=561.31 t/s avg=713.94 t/s 215.144s
1002 12:44:07 ds4-server: chat ctx=0..200004:200004 prefill chunk 155648/200004 (77.8%) chunk=557.66 t/s avg=711.32 t/s 218.817s
1002 12:44:11 ds4-server: chat ctx=0..200004:200004 prefill chunk 157696/200004 (78.8%) chunk=553.89 t/s avg=708.70 t/s 222.514s
1002 12:44:15 ds4-server: chat ctx=0..200004:200004 prefill chunk 159744/200004 (79.9%) chunk=552.28 t/s avg=706.14 t/s 226.223s
1002 12:44:18 ds4-server: chat ctx=0..200004:200004 prefill chunk 161792/200004 (80.9%) chunk=549.16 t/s avg=703.59 t/s 229.952s
1002 12:44:22 ds4-server: chat ctx=0..200004:200004 prefill chunk 163840/200004 (81.9%) chunk=547.56 t/s avg=701.09 t/s 233.692s
1002 12:44:26 ds4-server: chat ctx=0..200004:200004 prefill chunk 165888/200004 (82.9%) chunk=542.01 t/s avg=698.56 t/s 237.471s
1002 12:44:30 ds4-server: chat ctx=0..200004:200004 prefill chunk 167936/200004 (84.0%) chunk=540.00 t/s avg=696.07 t/s 241.263s
1002 12:44:34 ds4-server: chat ctx=0..200004:200004 prefill chunk 169984/200004 (85.0%) chunk=537.31 t/s avg=693.60 t/s 245.075s
1002 12:44:37 ds4-server: chat ctx=0..200004:200004 prefill chunk 172032/200004 (86.0%) chunk=535.08 t/s avg=691.16 t/s 248.902s
1002 12:44:41 ds4-server: chat ctx=0..200004:200004 prefill chunk 174080/200004 (87.0%) chunk=529.81 t/s avg=688.69 t/s 252.768s
1002 12:44:45 ds4-server: chat ctx=0..200004:200004 prefill chunk 176128/200004 (88.1%) chunk=528.16 t/s avg=686.27 t/s 256.646s
1002 12:44:49 ds4-server: chat ctx=0..200004:200004 prefill chunk 178176/200004 (89.1%) chunk=525.33 t/s avg=683.86 t/s 260.544s
1002 12:44:53 ds4-server: chat ctx=0..200004:200004 prefill chunk 180224/200004 (90.1%) chunk=523.39 t/s avg=681.49 t/s 264.457s
1002 12:44:57 ds4-server: chat ctx=0..200004:200004 prefill chunk 182272/200004 (91.1%) chunk=518.78 t/s avg=679.09 t/s 268.405s
1002 12:45:01 ds4-server: chat ctx=0..200004:200004 prefill chunk 184320/200004 (92.2%) chunk=516.57 t/s avg=676.73 t/s 272.369s
1002 12:45:05 ds4-server: chat ctx=0..200004:200004 prefill chunk 186368/200004 (93.2%) chunk=514.05 t/s avg=674.38 t/s 276.353s
1002 12:45:09 ds4-server: chat ctx=0..200004:200004 prefill chunk 188416/200004 (94.2%) chunk=512.22 t/s avg=672.07 t/s 280.352s
1002 12:45:13 ds4-server: chat ctx=0..200004:200004 prefill chunk 190464/200004 (95.2%) chunk=507.62 t/s avg=669.74 t/s 284.386s
1002 12:45:17 ds4-server: chat ctx=0..200004:200004 prefill chunk 192512/200004 (96.3%) chunk=505.83 t/s avg=667.44 t/s 288.435s
1002 12:45:21 ds4-server: chat ctx=0..200004:200004 prefill chunk 194560/200004 (97.3%) chunk=503.17 t/s avg=665.15 t/s 292.505s
1002 12:45:25 ds4-server: chat ctx=0..200004:200004 prefill chunk 196608/200004 (98.3%) chunk=501.56 t/s avg=662.90 t/s 296.589s
1002 12:45:29 ds4-server: chat ctx=0..200004:200004 prefill chunk 198656/200004 (99.3%) chunk=497.21 t/s avg=660.63 t/s 300.708s
1002 12:45:32 ds4-server: chat ctx=0..200004:200004 prefill chunk 200004/200004 (100.0%) chunk=435.10 t/s avg=658.33 t/s 303.806s
1002 12:45:32 ds4-server: chat ctx=0..200004:200004 prompt done 303.806s
1002 12:45:33 ds4-server: chat ctx=200004..200018:14 gen=14 decoding chunk=37.02 t/s avg=37.02 t/s 0.378s
1002 12:45:33 ds4-server: chat ctx=0..200004:200004 gen=14 finish=stop 304.184s
1002 12:45:33 ds4-server: live kv cache miss live=200018 prompt=200032 common=30 vision=match reason=token-mismatch
1002 12:45:33 ds4-server: chat ctx=0..200032:200032 prompt start
1002 12:45:33 ds4-server: chat ctx=0..200032:200032 prefill chunk 0/200032 (0.0%) chunk=0.00 t/s avg=0.00 t/s 0.000s
1002 12:45:35 ds4-server: chat ctx=0..200032:200032 prefill chunk 2048/200032 (1.0%) chunk=1034.70 t/s avg=1034.62 t/s 1.979s
1002 12:45:37 ds4-server: chat ctx=0..200032:200032 prefill chunk 4096/200032 (2.0%) chunk=959.87 t/s avg=995.84 t/s 4.113s
1002 12:45:39 ds4-server: chat ctx=0..200032:200032 prefill chunk 6144/200032 (3.1%) chunk=952.71 t/s avg=981.04 t/s 6.263s
1002 12:45:41 ds4-server: chat ctx=0..200032:200032 prefill chunk 8192/200032 (4.1%) chunk=950.12 t/s avg=973.12 t/s 8.418s
1002 12:45:43 ds4-server: chat ctx=0..200032:200032 prefill chunk 10240/200032 (5.1%) chunk=931.43 t/s avg=964.49 t/s 10.617s
1002 12:45:46 ds4-server: chat ctx=0..200032:200032 prefill chunk 12288/200032 (6.1%) chunk=925.87 t/s avg=957.83 t/s 12.829s
1002 12:45:48 ds4-server: chat ctx=0..200032:200032 prefill chunk 14336/200032 (7.2%) chunk=918.27 t/s avg=951.97 t/s 15.059s
1002 12:45:50 ds4-server: chat ctx=0..200032:200032 prefill chunk 16384/200032 (8.2%) chunk=914.00 t/s avg=947.05 t/s 17.300s
1002 12:45:52 ds4-server: chat ctx=0..200032:200032 prefill chunk 18432/200032 (9.2%) chunk=899.45 t/s avg=941.52 t/s 19.577s
1002 12:45:55 ds4-server: chat ctx=0..200032:200032 prefill chunk 20480/200032 (10.2%) chunk=893.31 t/s avg=936.46 t/s 21.870s
1002 12:45:57 ds4-server: chat ctx=0..200032:200032 prefill chunk 22528/200032 (11.3%) chunk=886.55 t/s avg=931.69 t/s 24.180s
1002 12:45:59 ds4-server: chat ctx=0..200032:200032 prefill chunk 24576/200032 (12.3%) chunk=884.86 t/s avg=927.60 t/s 26.494s
1002 12:46:02 ds4-server: chat ctx=0..200032:200032 prefill chunk 26624/200032 (13.3%) chunk=868.44 t/s avg=922.77 t/s 28.852s
1002 12:46:04 ds4-server: chat ctx=0..200032:200032 prefill chunk 28672/200032 (14.3%) chunk=861.83 t/s avg=918.13 t/s 31.229s
1002 12:46:06 ds4-server: chat ctx=0..200032:200032 prefill chunk 30720/200032 (15.4%) chunk=854.43 t/s avg=913.59 t/s 33.626s
1002 12:46:09 ds4-server: chat ctx=0..200032:200032 prefill chunk 32768/200032 (16.4%) chunk=850.80 t/s avg=909.39 t/s 36.033s
1002 12:46:11 ds4-server: chat ctx=0..200032:200032 prefill chunk 34816/200032 (17.4%) chunk=837.02 t/s avg=904.79 t/s 38.480s
1002 12:46:14 ds4-server: chat ctx=0..200032:200032 prefill chunk 36864/200032 (18.4%) chunk=833.08 t/s avg=900.49 t/s 40.938s
1002 12:46:16 ds4-server: chat ctx=0..200032:200032 prefill chunk 38912/200032 (19.5%) chunk=826.58 t/s avg=896.27 t/s 43.416s
1002 12:46:19 ds4-server: chat ctx=0..200032:200032 prefill chunk 40960/200032 (20.5%) chunk=822.45 t/s avg=892.26 t/s 45.906s
1002 12:46:21 ds4-server: chat ctx=0..200032:200032 prefill chunk 43008/200032 (21.5%) chunk=810.56 t/s avg=888.00 t/s 48.432s
1002 12:46:24 ds4-server: chat ctx=0..200032:200032 prefill chunk 45056/200032 (22.5%) chunk=806.66 t/s avg=883.95 t/s 50.971s
1002 12:46:26 ds4-server: chat ctx=0..200032:200032 prefill chunk 47104/200032 (23.5%) chunk=800.61 t/s avg=879.97 t/s 53.529s
1002 12:46:29 ds4-server: chat ctx=0..200032:200032 prefill chunk 49152/200032 (24.6%) chunk=798.65 t/s avg=876.25 t/s 56.094s
1002 12:46:32 ds4-server: chat ctx=0..200032:200032 prefill chunk 51200/200032 (25.6%) chunk=785.30 t/s avg=872.21 t/s 58.702s
1002 12:46:34 ds4-server: chat ctx=0..200032:200032 prefill chunk 53248/200032 (26.6%) chunk=782.31 t/s avg=868.37 t/s 61.319s
1002 12:46:37 ds4-server: chat ctx=0..200032:200032 prefill chunk 55296/200032 (27.6%) chunk=776.25 t/s avg=864.57 t/s 63.958s
1002 12:46:39 ds4-server: chat ctx=0..200032:200032 prefill chunk 57344/200032 (28.7%) chunk=773.01 t/s avg=860.93 t/s 66.607s
1002 12:46:42 ds4-server: chat ctx=0..200032:200032 prefill chunk 59392/200032 (29.7%) chunk=763.60 t/s avg=857.16 t/s 69.289s
1002 12:46:45 ds4-server: chat ctx=0..200032:200032 prefill chunk 61440/200032 (30.7%) chunk=759.79 t/s avg=853.52 t/s 71.985s
1002 12:46:48 ds4-server: chat ctx=0..200032:200032 prefill chunk 63488/200032 (31.7%) chunk=744.66 t/s avg=849.51 t/s 74.735s
1002 12:46:50 ds4-server: chat ctx=0..200032:200032 prefill chunk 65536/200032 (32.8%) chunk=742.39 t/s avg=845.70 t/s 77.493s
1002 12:46:53 ds4-server: chat ctx=0..200032:200032 prefill chunk 67584/200032 (33.8%) chunk=731.24 t/s avg=841.70 t/s 80.294s
1002 12:46:56 ds4-server: chat ctx=0..200032:200032 prefill chunk 69632/200032 (34.8%) chunk=721.86 t/s avg=837.61 t/s 83.131s
1002 12:46:59 ds4-server: chat ctx=0..200032:200032 prefill chunk 71680/200032 (35.8%) chunk=718.86 t/s avg=833.68 t/s 85.980s
1002 12:47:02 ds4-server: chat ctx=0..200032:200032 prefill chunk 73728/200032 (36.9%) chunk=716.75 t/s avg=829.92 t/s 88.838s
1002 12:47:05 ds4-server: chat ctx=0..200032:200032 prefill chunk 75776/200032 (37.9%) chunk=706.93 t/s avg=826.03 t/s 91.735s
1002 12:47:07 ds4-server: chat ctx=0..200032:200032 prefill chunk 77824/200032 (38.9%) chunk=704.99 t/s avg=822.32 t/s 94.640s
1002 12:47:10 ds4-server: chat ctx=0..200032:200032 prefill chunk 79872/200032 (39.9%) chunk=701.71 t/s avg=818.71 t/s 97.558s
1002 12:47:13 ds4-server: chat ctx=0..200032:200032 prefill chunk 81920/200032 (41.0%) chunk=690.84 t/s avg=814.94 t/s 100.523s
1002 12:47:16 ds4-server: chat ctx=0..200032:200032 prefill chunk 83968/200032 (42.0%) chunk=686.16 t/s avg=811.23 t/s 103.507s
1002 12:47:19 ds4-server: chat ctx=0..200032:200032 prefill chunk 86016/200032 (43.0%) chunk=684.88 t/s avg=807.68 t/s 106.498s
1002 12:47:22 ds4-server: chat ctx=0..200032:200032 prefill chunk 88064/200032 (44.0%) chunk=680.00 t/s avg=804.17 t/s 109.510s
1002 12:47:25 ds4-server: chat ctx=0..200032:200032 prefill chunk 90112/200032 (45.0%) chunk=678.30 t/s avg=800.79 t/s 112.529s
1002 12:47:28 ds4-server: chat ctx=0..200032:200032 prefill chunk 92160/200032 (46.1%) chunk=668.60 t/s avg=797.29 t/s 115.592s
1002 12:47:31 ds4-server: chat ctx=0..200032:200032 prefill chunk 94208/200032 (47.1%) chunk=666.64 t/s avg=793.91 t/s 118.664s
1002 12:47:35 ds4-server: chat ctx=0..200032:200032 prefill chunk 96256/200032 (48.1%) chunk=660.46 t/s avg=790.51 t/s 121.765s
1002 12:47:38 ds4-server: chat ctx=0..200032:200032 prefill chunk 98304/200032 (49.1%) chunk=658.12 t/s avg=787.21 t/s 124.877s
1002 12:47:41 ds4-server: chat ctx=0..200032:200032 prefill chunk 100352/200032 (50.2%) chunk=653.04 t/s avg=783.92 t/s 128.013s
1002 12:47:44 ds4-server: chat ctx=0..200032:200032 prefill chunk 102400/200032 (51.2%) chunk=649.21 t/s avg=780.68 t/s 131.168s
1002 12:47:47 ds4-server: chat ctx=0..200032:200032 prefill chunk 104448/200032 (52.2%) chunk=641.86 t/s avg=777.38 t/s 134.358s
1002 12:47:50 ds4-server: chat ctx=0..200032:200032 prefill chunk 106496/200032 (53.2%) chunk=639.72 t/s avg=774.18 t/s 137.560s
1002 12:47:54 ds4-server: chat ctx=0..200032:200032 prefill chunk 108544/200032 (54.3%) chunk=629.36 t/s avg=770.83 t/s 140.814s
1002 12:47:57 ds4-server: chat ctx=0..200032:200032 prefill chunk 110592/200032 (55.3%) chunk=632.68 t/s avg=767.73 t/s 144.051s
1002 12:48:00 ds4-server: chat ctx=0..200032:200032 prefill chunk 112640/200032 (56.3%) chunk=625.70 t/s avg=764.57 t/s 147.324s
1002 12:48:03 ds4-server: chat ctx=0..200032:200032 prefill chunk 114688/200032 (57.3%) chunk=623.38 t/s avg=761.49 t/s 150.609s
1002 12:48:07 ds4-server: chat ctx=0..200032:200032 prefill chunk 116736/200032 (58.4%) chunk=620.03 t/s avg=758.46 t/s 153.912s
1002 12:48:10 ds4-server: chat ctx=0..200032:200032 prefill chunk 118784/200032 (59.4%) chunk=613.34 t/s avg=755.38 t/s 157.251s
1002 12:48:13 ds4-server: chat ctx=0..200032:200032 prefill chunk 120832/200032 (60.4%) chunk=610.86 t/s avg=752.36 t/s 160.604s
1002 12:48:17 ds4-server: chat ctx=0..200032:200032 prefill chunk 122880/200032 (61.4%) chunk=609.45 t/s avg=749.43 t/s 163.964s
1002 12:48:20 ds4-server: chat ctx=0..200032:200032 prefill chunk 124928/200032 (62.5%) chunk=603.90 t/s avg=746.48 t/s 167.356s
1002 12:48:24 ds4-server: chat ctx=0..200032:200032 prefill chunk 126976/200032 (63.5%) chunk=601.01 t/s avg=743.58 t/s 170.763s
1002 12:48:27 ds4-server: chat ctx=0..200032:200032 prefill chunk 129024/200032 (64.5%) chunk=597.54 t/s avg=740.71 t/s 174.191s
1002 12:48:31 ds4-server: chat ctx=0..200032:200032 prefill chunk 131072/200032 (65.5%) chunk=584.61 t/s avg=737.63 t/s 177.694s
1002 12:48:34 ds4-server: chat ctx=0..200032:200032 prefill chunk 133120/200032 (66.5%) chunk=581.81 t/s avg=734.60 t/s 181.214s
1002 12:48:38 ds4-server: chat ctx=0..200032:200032 prefill chunk 135168/200032 (67.6%) chunk=579.75 t/s avg=731.64 t/s 184.746s
1002 12:48:41 ds4-server: chat ctx=0..200032:200032 prefill chunk 137216/200032 (68.6%) chunk=578.44 t/s avg=728.76 t/s 188.287s
1002 12:48:45 ds4-server: chat ctx=0..200032:200032 prefill chunk 139264/200032 (69.6%) chunk=576.91 t/s avg=725.95 t/s 191.837s
1002 12:48:48 ds4-server: chat ctx=0..200032:200032 prefill chunk 141312/200032 (70.6%) chunk=571.09 t/s avg=723.11 t/s 195.423s
1002 12:48:52 ds4-server: chat ctx=0..200032:200032 prefill chunk 143360/200032 (71.7%) chunk=570.39 t/s avg=720.35 t/s 199.014s
1002 12:48:55 ds4-server: chat ctx=0..200032:200032 prefill chunk 145408/200032 (72.7%) chunk=560.24 t/s avg=717.46 t/s 202.669s
1002 12:48:59 ds4-server: chat ctx=0..200032:200032 prefill chunk 147456/200032 (73.7%) chunk=560.19 t/s avg=714.68 t/s 206.325s
1002 12:49:03 ds4-server: chat ctx=0..200032:200032 prefill chunk 149504/200032 (74.7%) chunk=556.54 t/s avg=711.91 t/s 210.005s
1002 12:49:06 ds4-server: chat ctx=0..200032:200032 prefill chunk 151552/200032 (75.8%) chunk=557.53 t/s avg=709.25 t/s 213.678s
1002 12:49:10 ds4-server: chat ctx=0..200032:200032 prefill chunk 153600/200032 (76.8%) chunk=553.71 t/s avg=706.61 t/s 217.377s
1002 12:49:14 ds4-server: chat ctx=0..200032:200032 prefill chunk 155648/200032 (77.8%) chunk=548.63 t/s avg=703.94 t/s 221.110s
1002 12:49:18 ds4-server: chat ctx=0..200032:200032 prefill chunk 157696/200032 (78.8%) chunk=545.22 t/s avg=701.29 t/s 224.866s
1002 12:49:21 ds4-server: chat ctx=0..200032:200032 prefill chunk 159744/200032 (79.9%) chunk=538.74 t/s avg=698.59 t/s 228.668s
1002 12:49:25 ds4-server: chat ctx=0..200032:200032 prefill chunk 161792/200032 (80.9%) chunk=540.12 t/s avg=696.00 t/s 232.459s
1002 12:49:29 ds4-server: chat ctx=0..200032:200032 prefill chunk 163840/200032 (81.9%) chunk=538.43 t/s avg=693.46 t/s 236.263s
1002 12:49:33 ds4-server: chat ctx=0..200032:200032 prefill chunk 165888/200032 (82.9%) chunk=529.89 t/s avg=690.83 t/s 240.128s
1002 12:49:37 ds4-server: chat ctx=0..200032:200032 prefill chunk 167936/200032 (84.0%) chunk=531.76 t/s avg=688.32 t/s 243.979s
1002 12:49:41 ds4-server: chat ctx=0..200032:200032 prefill chunk 169984/200032 (85.0%) chunk=530.34 t/s avg=685.86 t/s 247.841s
1002 12:49:44 ds4-server: chat ctx=0..200032:200032 prefill chunk 172032/200032 (86.0%) chunk=535.22 t/s avg=683.57 t/s 251.668s
1002 12:49:48 ds4-server: chat ctx=0..200032:200032 prefill chunk 174080/200032 (87.0%) chunk=530.20 t/s avg=681.25 t/s 255.530s
1002 12:49:52 ds4-server: chat ctx=0..200032:200032 prefill chunk 176128/200032 (88.0%) chunk=527.79 t/s avg=678.95 t/s 259.411s
1002 12:49:56 ds4-server: chat ctx=0..200032:200032 prefill chunk 178176/200032 (89.1%) chunk=525.38 t/s avg=676.68 t/s 263.309s
1002 12:50:00 ds4-server: chat ctx=0..200032:200032 prefill chunk 180224/200032 (90.1%) chunk=523.56 t/s avg=674.44 t/s 267.220s
1002 12:50:04 ds4-server: chat ctx=0..200032:200032 prefill chunk 182272/200032 (91.1%) chunk=518.41 t/s avg=672.17 t/s 271.171s
1002 12:50:08 ds4-server: chat ctx=0..200032:200032 prefill chunk 184320/200032 (92.1%) chunk=516.49 t/s avg=669.92 t/s 275.136s
1002 12:50:12 ds4-server: chat ctx=0..200032:200032 prefill chunk 186368/200032 (93.2%) chunk=514.33 t/s avg=667.70 t/s 279.118s
1002 12:50:16 ds4-server: chat ctx=0..200032:200032 prefill chunk 188416/200032 (94.2%) chunk=512.57 t/s avg=665.51 t/s 283.114s
1002 12:50:20 ds4-server: chat ctx=0..200032:200032 prefill chunk 190464/200032 (95.2%) chunk=507.50 t/s avg=663.29 t/s 287.149s
1002 12:50:24 ds4-server: chat ctx=0..200032:200032 prefill chunk 192512/200032 (96.2%) chunk=505.50 t/s avg=661.10 t/s 291.201s
1002 12:50:28 ds4-server: chat ctx=0..200032:200032 prefill chunk 194560/200032 (97.3%) chunk=503.40 t/s avg=658.92 t/s 295.269s
1002 12:50:32 ds4-server: chat ctx=0..200032:200032 prefill chunk 196608/200032 (98.3%) chunk=501.40 t/s avg=656.78 t/s 299.354s
1002 12:50:36 ds4-server: chat ctx=0..200032:200032 prefill chunk 198656/200032 (99.3%) chunk=496.94 t/s avg=654.60 t/s 303.475s
1002 12:50:39 ds4-server: chat ctx=0..200032:200032 prefill chunk 200032/200032 (100.0%) chunk=443.04 t/s avg=652.46 t/s 306.581s
1002 12:50:39 ds4-server: chat ctx=0..200032:200032 prompt done 306.581s
1002 12:50:40 ds4-server: chat ctx=200032..200046:14 gen=14 decoding chunk=37.06 t/s avg=37.06 t/s 0.378s
1002 12:50:40 ds4-server: chat ctx=0..200032:200032 gen=14 finish=stop 306.959s
1002 12:50:40 ds4-server: live kv cache miss live=200046 prompt=200009 common=30 vision=match reason=token-mismatch
1002 12:50:40 ds4-server: chat ctx=0..200009:200009 prompt start
1002 12:50:40 ds4-server: chat ctx=0..200009:200009 prefill chunk 0/200009 (0.0%) chunk=0.00 t/s avg=0.00 t/s 0.000s
1002 12:50:42 ds4-server: chat ctx=0..200009:200009 prefill chunk 2048/200009 (1.0%) chunk=1037.50 t/s avg=1037.43 t/s 1.974s
1002 12:50:44 ds4-server: chat ctx=0..200009:200009 prefill chunk 4096/200009 (2.0%) chunk=959.02 t/s avg=996.69 t/s 4.110s
1002 12:50:46 ds4-server: chat ctx=0..200009:200009 prefill chunk 6144/200009 (3.1%) chunk=952.45 t/s avg=981.49 t/s 6.260s
1002 12:50:48 ds4-server: chat ctx=0..200009:200009 prefill chunk 8192/200009 (4.1%) chunk=949.34 t/s avg=973.25 t/s 8.417s
1002 12:50:50 ds4-server: chat ctx=0..200009:200009 prefill chunk 10240/200009 (5.1%) chunk=931.87 t/s avg=964.68 t/s 10.615s
1002 12:50:53 ds4-server: chat ctx=0..200009:200009 prefill chunk 12288/200009 (6.1%) chunk=926.30 t/s avg=958.07 t/s 12.826s
1002 12:50:55 ds4-server: chat ctx=0..200009:200009 prefill chunk 14336/200009 (7.2%) chunk=918.98 t/s avg=952.28 t/s 15.054s
1002 12:50:57 ds4-server: chat ctx=0..200009:200009 prefill chunk 16384/200009 (8.2%) chunk=914.10 t/s avg=947.33 t/s 17.295s
1002 12:50:59 ds4-server: chat ctx=0..200009:200009 prefill chunk 18432/200009 (9.2%) chunk=898.22 t/s avg=941.61 t/s 19.575s
1002 12:51:02 ds4-server: chat ctx=0..200009:200009 prefill chunk 20480/200009 (10.2%) chunk=893.10 t/s avg=936.53 t/s 21.868s
1002 12:51:04 ds4-server: chat ctx=0..200009:200009 prefill chunk 22528/200009 (11.3%) chunk=886.73 t/s avg=931.77 t/s 24.178s
1002 12:51:06 ds4-server: chat ctx=0..200009:200009 prefill chunk 24576/200009 (12.3%) chunk=882.79 t/s avg=927.48 t/s 26.498s
1002 12:51:09 ds4-server: chat ctx=0..200009:200009 prefill chunk 26624/200009 (13.3%) chunk=867.91 t/s avg=922.61 t/s 28.857s
1002 12:51:11 ds4-server: chat ctx=0..200009:200009 prefill chunk 28672/200009 (14.3%) chunk=862.91 t/s avg=918.07 t/s 31.231s
1002 12:51:13 ds4-server: chat ctx=0..200009:200009 prefill chunk 30720/200009 (15.4%) chunk=855.84 t/s avg=913.64 t/s 33.624s
1002 12:51:16 ds4-server: chat ctx=0..200009:200009 prefill chunk 32768/200009 (16.4%) chunk=851.05 t/s avg=909.46 t/s 36.030s
1002 12:51:18 ds4-server: chat ctx=0..200009:200009 prefill chunk 34816/200009 (17.4%) chunk=838.16 t/s avg=904.93 t/s 38.474s
1002 12:51:21 ds4-server: chat ctx=0..200009:200009 prefill chunk 36864/200009 (18.4%) chunk=832.65 t/s avg=900.59 t/s 40.933s
1002 12:51:23 ds4-server: chat ctx=0..200009:200009 prefill chunk 38912/200009 (19.5%) chunk=826.82 t/s avg=896.38 t/s 43.410s
1002 12:51:26 ds4-server: chat ctx=0..200009:200009 prefill chunk 40960/200009 (20.5%) chunk=822.38 t/s avg=892.37 t/s 45.900s
1002 12:51:28 ds4-server: chat ctx=0..200009:200009 prefill chunk 43008/200009 (21.5%) chunk=810.26 t/s avg=888.08 t/s 48.428s
1002 12:51:31 ds4-server: chat ctx=0..200009:200009 prefill chunk 45056/200009 (22.5%) chunk=806.53 t/s avg=884.02 t/s 50.967s
1002 12:51:33 ds4-server: chat ctx=0..200009:200009 prefill chunk 47104/200009 (23.6%) chunk=799.78 t/s avg=879.99 t/s 53.528s
1002 12:51:36 ds4-server: chat ctx=0..200009:200009 prefill chunk 49152/200009 (24.6%) chunk=798.71 t/s avg=876.27 t/s 56.092s
1002 12:51:39 ds4-server: chat ctx=0..200009:200009 prefill chunk 51200/200009 (25.6%) chunk=785.45 t/s avg=872.24 t/s 58.700s
1002 12:51:41 ds4-server: chat ctx=0..200009:200009 prefill chunk 53248/200009 (26.6%) chunk=782.48 t/s avg=868.41 t/s 61.317s
1002 12:51:44 ds4-server: chat ctx=0..200009:200009 prefill chunk 55296/200009 (27.6%) chunk=776.04 t/s avg=864.60 t/s 63.956s
1002 12:51:46 ds4-server: chat ctx=0..200009:200009 prefill chunk 57344/200009 (28.7%) chunk=772.47 t/s avg=860.93 t/s 66.607s
1002 12:51:49 ds4-server: chat ctx=0..200009:200009 prefill chunk 59392/200009 (29.7%) chunk=757.87 t/s avg=856.91 t/s 69.309s
1002 12:51:52 ds4-server: chat ctx=0..200009:200009 prefill chunk 61440/200009 (30.7%) chunk=751.20 t/s avg=852.91 t/s 72.036s
1002 12:51:55 ds4-server: chat ctx=0..200009:200009 prefill chunk 63488/200009 (31.7%) chunk=744.09 t/s avg=848.90 t/s 74.788s
1002 12:51:57 ds4-server: chat ctx=0..200009:200009 prefill chunk 65536/200009 (32.8%) chunk=732.83 t/s avg=844.72 t/s 77.583s
1002 12:52:00 ds4-server: chat ctx=0..200009:200009 prefill chunk 67584/200009 (33.8%) chunk=724.96 t/s avg=840.52 t/s 80.408s
1002 12:52:03 ds4-server: chat ctx=0..200009:200009 prefill chunk 69632/200009 (34.8%) chunk=723.53 t/s avg=836.54 t/s 83.238s
1002 12:52:06 ds4-server: chat ctx=0..200009:200009 prefill chunk 71680/200009 (35.8%) chunk=718.36 t/s avg=832.62 t/s 86.089s
1002 12:52:09 ds4-server: chat ctx=0..200009:200009 prefill chunk 73728/200009 (36.9%) chunk=717.88 t/s avg=828.94 t/s 88.942s
1002 12:52:12 ds4-server: chat ctx=0..200009:200009 prefill chunk 75776/200009 (37.9%) chunk=706.86 t/s avg=825.09 t/s 91.839s
1002 12:52:15 ds4-server: chat ctx=0..200009:200009 prefill chunk 77824/200009 (38.9%) chunk=703.82 t/s avg=821.37 t/s 94.749s
1002 12:52:18 ds4-server: chat ctx=0..200009:200009 prefill chunk 79872/200009 (39.9%) chunk=688.87 t/s avg=817.34 t/s 97.722s
1002 12:52:21 ds4-server: chat ctx=0..200009:200009 prefill chunk 81920/200009 (41.0%) chunk=694.63 t/s avg=813.74 t/s 100.671s
1002 12:52:24 ds4-server: chat ctx=0..200009:200009 prefill chunk 83968/200009 (42.0%) chunk=685.91 t/s avg=810.06 t/s 103.656s
1002 12:52:26 ds4-server: chat ctx=0..200009:200009 prefill chunk 86016/200009 (43.0%) chunk=686.18 t/s avg=806.59 t/s 106.641s
1002 12:52:29 ds4-server: chat ctx=0..200009:200009 prefill chunk 88064/200009 (44.0%) chunk=680.76 t/s avg=803.14 t/s 109.649s
1002 12:52:33 ds4-server: chat ctx=0..200009:200009 prefill chunk 90112/200009 (45.1%) chunk=678.50 t/s avg=799.80 t/s 112.668s
1002 12:52:36 ds4-server: chat ctx=0..200009:200009 prefill chunk 92160/200009 (46.1%) chunk=660.33 t/s avg=796.07 t/s 115.769s
1002 12:52:39 ds4-server: chat ctx=0..200009:200009 prefill chunk 94208/200009 (47.1%) chunk=665.97 t/s avg=792.70 t/s 118.845s
1002 12:52:42 ds4-server: chat ctx=0..200009:200009 prefill chunk 96256/200009 (48.1%) chunk=662.29 t/s avg=789.39 t/s 121.937s
1002 12:52:45 ds4-server: chat ctx=0..200009:200009 prefill chunk 98304/200009 (49.1%) chunk=659.57 t/s avg=786.17 t/s 125.042s
1002 12:52:48 ds4-server: chat ctx=0..200009:200009 prefill chunk 100352/200009 (50.2%) chunk=649.52 t/s avg=782.81 t/s 128.195s
1002 12:52:51 ds4-server: chat ctx=0..200009:200009 prefill chunk 102400/200009 (51.2%) chunk=648.31 t/s avg=779.57 t/s 131.354s
1002 12:52:54 ds4-server: chat ctx=0..200009:200009 prefill chunk 104448/200009 (52.2%) chunk=638.49 t/s avg=776.21 t/s 134.562s
1002 12:52:58 ds4-server: chat ctx=0..200009:200009 prefill chunk 106496/200009 (53.2%) chunk=637.14 t/s avg=772.97 t/s 137.776s
1002 12:53:01 ds4-server: chat ctx=0..200009:200009 prefill chunk 108544/200009 (54.3%) chunk=633.77 t/s avg=769.78 t/s 141.007s
1002 12:53:04 ds4-server: chat ctx=0..200009:200009 prefill chunk 110592/200009 (55.3%) chunk=631.14 t/s avg=766.66 t/s 144.252s
1002 12:53:07 ds4-server: chat ctx=0..200009:200009 prefill chunk 112640/200009 (56.3%) chunk=626.49 t/s avg=763.55 t/s 147.521s
1002 12:53:11 ds4-server: chat ctx=0..200009:200009 prefill chunk 114688/200009 (57.3%) chunk=623.78 t/s avg=760.51 t/s 150.804s
1002 12:53:14 ds4-server: chat ctx=0..200009:200009 prefill chunk 116736/200009 (58.4%) chunk=608.17 t/s avg=757.18 t/s 154.172s
1002 12:53:17 ds4-server: chat ctx=0..200009:200009 prefill chunk 118784/200009 (59.4%) chunk=612.98 t/s avg=754.12 t/s 157.513s
1002 12:53:21 ds4-server: chat ctx=0..200009:200009 prefill chunk 120832/200009 (60.4%) chunk=611.27 t/s avg=751.15 t/s 160.863s
1002 12:53:24 ds4-server: chat ctx=0..200009:200009 prefill chunk 122880/200009 (61.4%) chunk=607.52 t/s avg=748.20 t/s 164.235s
1002 12:53:27 ds4-server: chat ctx=0..200009:200009 prefill chunk 124928/200009 (62.5%) chunk=600.00 t/s avg=745.18 t/s 167.648s
1002 12:53:31 ds4-server: chat ctx=0..200009:200009 prefill chunk 126976/200009 (63.5%) chunk=595.97 t/s avg=742.18 t/s 171.084s
1002 12:53:34 ds4-server: chat ctx=0..200009:200009 prefill chunk 129024/200009 (64.5%) chunk=593.93 t/s avg=739.25 t/s 174.533s
1002 12:53:38 ds4-server: chat ctx=0..200009:200009 prefill chunk 131072/200009 (65.5%) chunk=585.55 t/s avg=736.24 t/s 178.030s
1002 12:53:41 ds4-server: chat ctx=0..200009:200009 prefill chunk 133120/200009 (66.6%) chunk=582.78 t/s avg=733.26 t/s 181.544s
1002 12:53:45 ds4-server: chat ctx=0..200009:200009 prefill chunk 135168/200009 (67.6%) chunk=581.23 t/s avg=730.37 t/s 185.068s
1002 12:53:48 ds4-server: chat ctx=0..200009:200009 prefill chunk 137216/200009 (68.6%) chunk=578.94 t/s avg=727.53 t/s 188.605s
1002 12:53:52 ds4-server: chat ctx=0..200009:200009 prefill chunk 139264/200009 (69.6%) chunk=578.35 t/s avg=724.78 t/s 192.146s
1002 12:53:56 ds4-server: chat ctx=0..200009:200009 prefill chunk 141312/200009 (70.7%) chunk=567.87 t/s avg=721.89 t/s 195.753s
1002 12:53:59 ds4-server: chat ctx=0..200009:200009 prefill chunk 143360/200009 (71.7%) chunk=566.61 t/s avg=719.07 t/s 199.367s
1002 12:54:03 ds4-server: chat ctx=0..200009:200009 prefill chunk 145408/200009 (72.7%) chunk=562.81 t/s avg=716.27 t/s 203.006s
1002 12:54:06 ds4-server: chat ctx=0..200009:200009 prefill chunk 147456/200009 (73.7%) chunk=564.47 t/s avg=713.61 t/s 206.634s
1002 12:54:10 ds4-server: chat ctx=0..200009:200009 prefill chunk 149504/200009 (74.7%) chunk=559.70 t/s avg=710.93 t/s 210.294s
1002 12:54:14 ds4-server: chat ctx=0..200009:200009 prefill chunk 151552/200009 (75.8%) chunk=554.90 t/s avg=708.24 t/s 213.984s
1002 12:54:18 ds4-server: chat ctx=0..200009:200009 prefill chunk 153600/200009 (76.8%) chunk=555.12 t/s avg=705.64 t/s 217.674s
1002 12:54:21 ds4-server: chat ctx=0..200009:200009 prefill chunk 155648/200009 (77.8%) chunk=546.92 t/s avg=702.96 t/s 221.418s
1002 12:54:25 ds4-server: chat ctx=0..200009:200009 prefill chunk 157696/200009 (78.8%) chunk=543.06 t/s avg=700.28 t/s 225.189s
1002 12:54:29 ds4-server: chat ctx=0..200009:200009 prefill chunk 159744/200009 (79.9%) chunk=543.08 t/s avg=697.69 t/s 228.961s
1002 12:54:33 ds4-server: chat ctx=0..200009:200009 prefill chunk 161792/200009 (80.9%) chunk=540.33 t/s avg=695.13 t/s 232.751s
1002 12:54:36 ds4-server: chat ctx=0..200009:200009 prefill chunk 163840/200009 (81.9%) chunk=538.60 t/s avg=692.61 t/s 236.553s
1002 12:54:40 ds4-server: chat ctx=0..200009:200009 prefill chunk 165888/200009 (82.9%) chunk=525.10 t/s avg=689.90 t/s 240.453s
1002 12:54:44 ds4-server: chat ctx=0..200009:200009 prefill chunk 167936/200009 (84.0%) chunk=531.56 t/s avg=687.40 t/s 244.306s
1002 12:54:48 ds4-server: chat ctx=0..200009:200009 prefill chunk 169984/200009 (85.0%) chunk=529.41 t/s avg=684.94 t/s 248.175s
1002 12:54:52 ds4-server: chat ctx=0..200009:200009 prefill chunk 172032/200009 (86.0%) chunk=535.22 t/s avg=682.66 t/s 252.001s
1002 12:54:56 ds4-server: chat ctx=0..200009:200009 prefill chunk 174080/200009 (87.0%) chunk=530.48 t/s avg=680.37 t/s 255.862s
1002 12:55:00 ds4-server: chat ctx=0..200009:200009 prefill chunk 176128/200009 (88.1%) chunk=528.20 t/s avg=678.10 t/s 259.739s
1002 12:55:03 ds4-server: chat ctx=0..200009:200009 prefill chunk 178176/200009 (89.1%) chunk=525.34 t/s avg=675.84 t/s 263.637s
1002 12:55:07 ds4-server: chat ctx=0..200009:200009 prefill chunk 180224/200009 (90.1%) chunk=523.18 t/s avg=673.60 t/s 267.552s
1002 12:55:11 ds4-server: chat ctx=0..200009:200009 prefill chunk 182272/200009 (91.1%) chunk=518.79 t/s avg=671.35 t/s 271.500s
1002 12:55:15 ds4-server: chat ctx=0..200009:200009 prefill chunk 184320/200009 (92.2%) chunk=516.79 t/s avg=669.13 t/s 275.463s
1002 12:55:19 ds4-server: chat ctx=0..200009:200009 prefill chunk 186368/200009 (93.2%) chunk=514.34 t/s avg=666.92 t/s 279.444s
1002 12:55:23 ds4-server: chat ctx=0..200009:200009 prefill chunk 188416/200009 (94.2%) chunk=512.42 t/s avg=664.74 t/s 283.441s
1002 12:55:27 ds4-server: chat ctx=0..200009:200009 prefill chunk 190464/200009 (95.2%) chunk=508.08 t/s avg=662.55 t/s 287.472s
1002 12:55:31 ds4-server: chat ctx=0..200009:200009 prefill chunk 192512/200009 (96.3%) chunk=506.23 t/s avg=660.38 t/s 291.518s
1002 12:55:35 ds4-server: chat ctx=0..200009:200009 prefill chunk 194560/200009 (97.3%) chunk=503.86 t/s avg=658.23 t/s 295.582s
1002 12:55:40 ds4-server: chat ctx=0..200009:200009 prefill chunk 196608/200009 (98.3%) chunk=501.90 t/s avg=656.10 t/s 299.663s
1002 12:55:44 ds4-server: chat ctx=0..200009:200009 prefill chunk 198656/200009 (99.3%) chunk=497.28 t/s avg=653.94 t/s 303.781s
1002 12:55:48 ds4-server: chat ctx=0..200009:200009 prefill chunk 200009/200009 (100.0%) chunk=343.39 t/s avg=649.97 t/s 307.721s
1002 12:55:48 ds4-server: chat ctx=0..200009:200009 prompt done 307.722s
1002 12:55:48 ds4-server: chat ctx=200009..200025:16 gen=16 decoding chunk=37.08 t/s avg=37.08 t/s 0.431s
1002 12:55:48 ds4-server: chat ctx=0..200009:200009 gen=16 finish=stop 308.153s
1002 12:55:48 ds4-server: live kv cache miss live=200025 prompt=200006 common=30 vision=match reason=token-mismatch
1002 12:55:48 ds4-server: chat ctx=0..200006:200006 prompt start
1002 12:55:48 ds4-server: chat ctx=0..200006:200006 prefill chunk 0/200006 (0.0%) chunk=0.00 t/s avg=0.00 t/s 0.000s
1002 12:55:50 ds4-server: chat ctx=0..200006:200006 prefill chunk 2048/200006 (1.0%) chunk=1037.13 t/s avg=1037.05 t/s 1.975s
1002 12:55:52 ds4-server: chat ctx=0..200006:200006 prefill chunk 4096/200006 (2.0%) chunk=959.44 t/s avg=996.74 t/s 4.109s
1002 12:55:54 ds4-server: chat ctx=0..200006:200006 prefill chunk 6144/200006 (3.1%) chunk=951.58 t/s avg=981.22 t/s 6.262s
1002 12:55:57 ds4-server: chat ctx=0..200006:200006 prefill chunk 8192/200006 (4.1%) chunk=949.68 t/s avg=973.14 t/s 8.418s
1002 12:55:59 ds4-server: chat ctx=0..200006:200006 prefill chunk 10240/200006 (5.1%) chunk=931.17 t/s avg=964.44 t/s 10.618s
1002 12:56:01 ds4-server: chat ctx=0..200006:200006 prefill chunk 12288/200006 (6.1%) chunk=926.05 t/s avg=957.82 t/s 12.829s
1002 12:56:03 ds4-server: chat ctx=0..200006:200006 prefill chunk 14336/200006 (7.2%) chunk=919.07 t/s avg=952.09 t/s 15.057s
1002 12:56:05 ds4-server: chat ctx=0..200006:200006 prefill chunk 16384/200006 (8.2%) chunk=913.96 t/s avg=947.15 t/s 17.298s
1002 12:56:08 ds4-server: chat ctx=0..200006:200006 prefill chunk 18432/200006 (9.2%) chunk=897.25 t/s avg=941.33 t/s 19.581s
1002 12:56:10 ds4-server: chat ctx=0..200006:200006 prefill chunk 20480/200006 (10.2%) chunk=893.41 t/s avg=936.31 t/s 21.873s
1002 12:56:12 ds4-server: chat ctx=0..200006:200006 prefill chunk 22528/200006 (11.3%) chunk=887.94 t/s avg=931.70 t/s 24.180s
1002 12:56:15 ds4-server: chat ctx=0..200006:200006 prefill chunk 24576/200006 (12.3%) chunk=883.90 t/s avg=927.52 t/s 26.497s
1002 12:56:17 ds4-server: chat ctx=0..200006:200006 prefill chunk 26624/200006 (13.3%) chunk=868.64 t/s avg=922.71 t/s 28.854s
1002 12:56:19 ds4-server: chat ctx=0..200006:200006 prefill chunk 28672/200006 (14.3%) chunk=863.33 t/s avg=918.20 t/s 31.226s
1002 12:56:22 ds4-server: chat ctx=0..200006:200006 prefill chunk 30720/200006 (15.4%) chunk=855.82 t/s avg=913.76 t/s 33.620s
1002 12:56:24 ds4-server: chat ctx=0..200006:200006 prefill chunk 32768/200006 (16.4%) chunk=850.51 t/s avg=909.53 t/s 36.027s
1002 12:56:27 ds4-server: chat ctx=0..200006:200006 prefill chunk 34816/200006 (17.4%) chunk=837.69 t/s avg=904.96 t/s 38.472s
1002 12:56:29 ds4-server: chat ctx=0..200006:200006 prefill chunk 36864/200006 (18.4%) chunk=832.96 t/s avg=900.64 t/s 40.931s
1002 12:56:31 ds4-server: chat ctx=0..200006:200006 prefill chunk 38912/200006 (19.5%) chunk=826.03 t/s avg=896.38 t/s 43.410s
1002 12:56:34 ds4-server: chat ctx=0..200006:200006 prefill chunk 40960/200006 (20.5%) chunk=822.78 t/s avg=892.39 t/s 45.899s
1002 12:56:37 ds4-server: chat ctx=0..200006:200006 prefill chunk 43008/200006 (21.5%) chunk=810.49 t/s avg=888.11 t/s 48.426s
1002 12:56:39 ds4-server: chat ctx=0..200006:200006 prefill chunk 45056/200006 (22.5%) chunk=807.17 t/s avg=884.08 t/s 50.964s
1002 12:56:42 ds4-server: chat ctx=0..200006:200006 prefill chunk 47104/200006 (23.6%) chunk=800.45 t/s avg=880.08 t/s 53.522s
1002 12:56:44 ds4-server: chat ctx=0..200006:200006 prefill chunk 49152/200006 (24.6%) chunk=799.70 t/s avg=876.41 t/s 56.083s
1002 12:56:47 ds4-server: chat ctx=0..200006:200006 prefill chunk 51200/200006 (25.6%) chunk=785.22 t/s avg=872.36 t/s 58.691s
1002 12:56:49 ds4-server: chat ctx=0..200006:200006 prefill chunk 53248/200006 (26.6%) chunk=782.01 t/s avg=868.50 t/s 61.310s
1002 12:56:52 ds4-server: chat ctx=0..200006:200006 prefill chunk 55296/200006 (27.6%) chunk=776.36 t/s avg=864.70 t/s 63.948s
1002 12:56:55 ds4-server: chat ctx=0..200006:200006 prefill chunk 57344/200006 (28.7%) chunk=773.33 t/s avg=861.07 t/s 66.596s
1002 12:56:57 ds4-server: chat ctx=0..200006:200006 prefill chunk 59392/200006 (29.7%) chunk=763.82 t/s avg=857.30 t/s 69.278s
1002 12:57:00 ds4-server: chat ctx=0..200006:200006 prefill chunk 61440/200006 (30.7%) chunk=760.13 t/s avg=853.67 t/s 71.972s
1002 12:57:03 ds4-server: chat ctx=0..200006:200006 prefill chunk 63488/200006 (31.7%) chunk=753.82 t/s avg=850.03 t/s 74.689s
1002 12:57:05 ds4-server: chat ctx=0..200006:200006 prefill chunk 65536/200006 (32.8%) chunk=751.27 t/s avg=846.56 t/s 77.415s
1002 12:57:08 ds4-server: chat ctx=0..200006:200006 prefill chunk 67584/200006 (33.8%) chunk=738.28 t/s avg=842.81 t/s 80.189s
1002 12:57:11 ds4-server: chat ctx=0..200006:200006 prefill chunk 69632/200006 (34.8%) chunk=734.42 t/s avg=839.17 t/s 82.977s
1002 12:57:14 ds4-server: chat ctx=0..200006:200006 prefill chunk 71680/200006 (35.8%) chunk=729.13 t/s avg=835.57 t/s 85.786s
1002 12:57:17 ds4-server: chat ctx=0..200006:200006 prefill chunk 73728/200006 (36.9%) chunk=726.05 t/s avg=832.08 t/s 88.607s
1002 12:57:20 ds4-server: chat ctx=0..200006:200006 prefill chunk 75776/200006 (37.9%) chunk=716.52 t/s avg=828.47 t/s 91.465s
1002 12:57:22 ds4-server: chat ctx=0..200006:200006 prefill chunk 77824/200006 (38.9%) chunk=713.27 t/s avg=824.96 t/s 94.337s
1002 12:57:25 ds4-server: chat ctx=0..200006:200006 prefill chunk 79872/200006 (39.9%) chunk=709.88 t/s avg=821.55 t/s 97.222s
1002 12:57:28 ds4-server: chat ctx=0..200006:200006 prefill chunk 81920/200006 (41.0%) chunk=706.72 t/s avg=818.22 t/s 100.119s
1002 12:57:31 ds4-server: chat ctx=0..200006:200006 prefill chunk 83968/200006 (42.0%) chunk=696.64 t/s avg=814.75 t/s 103.059s
1002 12:57:34 ds4-server: chat ctx=0..200006:200006 prefill chunk 86016/200006 (43.0%) chunk=693.96 t/s avg=811.39 t/s 106.010s
1002 12:57:37 ds4-server: chat ctx=0..200006:200006 prefill chunk 88064/200006 (44.0%) chunk=689.42 t/s avg=808.07 t/s 108.981s
1002 12:57:40 ds4-server: chat ctx=0..200006:200006 prefill chunk 90112/200006 (45.1%) chunk=686.57 t/s avg=804.83 t/s 111.964s
1002 12:57:43 ds4-server: chat ctx=0..200006:200006 prefill chunk 92160/200006 (46.1%) chunk=677.79 t/s avg=801.49 t/s 114.986s
1002 12:57:46 ds4-server: chat ctx=0..200006:200006 prefill chunk 94208/200006 (47.1%) chunk=676.78 t/s avg=798.29 t/s 118.012s
1002 12:57:49 ds4-server: chat ctx=0..200006:200006 prefill chunk 96256/200006 (48.1%) chunk=671.46 t/s avg=795.10 t/s 121.062s
1002 12:57:52 ds4-server: chat ctx=0..200006:200006 prefill chunk 98304/200006 (49.2%) chunk=668.70 t/s avg=791.98 t/s 124.124s
1002 12:57:55 ds4-server: chat ctx=0..200006:200006 prefill chunk 100352/200006 (50.2%) chunk=660.16 t/s avg=788.77 t/s 127.227s
1002 12:57:58 ds4-server: chat ctx=0..200006:200006 prefill chunk 102400/200006 (51.2%) chunk=658.22 t/s avg=785.65 t/s 130.338s
1002 12:58:02 ds4-server: chat ctx=0..200006:200006 prefill chunk 104448/200006 (52.2%) chunk=652.15 t/s avg=782.51 t/s 133.478s
1002 12:58:05 ds4-server: chat ctx=0..200006:200006 prefill chunk 106496/200006 (53.2%) chunk=650.48 t/s avg=779.47 t/s 136.627s
1002 12:58:08 ds4-server: chat ctx=0..200006:200006 prefill chunk 108544/200006 (54.3%) chunk=641.58 t/s avg=776.32 t/s 139.819s
1002 12:58:11 ds4-server: chat ctx=0..200006:200006 prefill chunk 110592/200006 (55.3%) chunk=639.40 t/s avg=773.25 t/s 143.022s
1002 12:58:14 ds4-server: chat ctx=0..200006:200006 prefill chunk 112640/200006 (56.3%) chunk=635.62 t/s avg=770.22 t/s 146.244s
1002 12:58:18 ds4-server: chat ctx=0..200006:200006 prefill chunk 114688/200006 (57.3%) chunk=633.46 t/s avg=767.26 t/s 149.477s
1002 12:58:21 ds4-server: chat ctx=0..200006:200006 prefill chunk 116736/200006 (58.4%) chunk=625.95 t/s avg=764.23 t/s 152.749s
1002 12:58:24 ds4-server: chat ctx=0..200006:200006 prefill chunk 118784/200006 (59.4%) chunk=623.67 t/s avg=761.28 t/s 156.033s
1002 12:58:27 ds4-server: chat ctx=0..200006:200006 prefill chunk 120832/200006 (60.4%) chunk=620.14 t/s avg=758.35 t/s 159.335s
1002 12:58:31 ds4-server: chat ctx=0..200006:200006 prefill chunk 122880/200006 (61.4%) chunk=617.38 t/s avg=755.48 t/s 162.652s
1002 12:58:34 ds4-server: chat ctx=0..200006:200006 prefill chunk 124928/200006 (62.5%) chunk=611.42 t/s avg=752.57 t/s 166.002s
1002 12:58:37 ds4-server: chat ctx=0..200006:200006 prefill chunk 126976/200006 (63.5%) chunk=609.07 t/s avg=749.72 t/s 169.365s
1002 12:58:41 ds4-server: chat ctx=0..200006:200006 prefill chunk 129024/200006 (64.5%) chunk=605.48 t/s avg=746.90 t/s 172.747s
1002 12:58:44 ds4-server: chat ctx=0..200006:200006 prefill chunk 131072/200006 (65.5%) chunk=602.84 t/s avg=744.12 t/s 176.144s
1002 12:58:48 ds4-server: chat ctx=0..200006:200006 prefill chunk 133120/200006 (66.6%) chunk=592.24 t/s avg=741.19 t/s 179.602s
1002 12:58:51 ds4-server: chat ctx=0..200006:200006 prefill chunk 135168/200006 (67.6%) chunk=590.40 t/s avg=738.34 t/s 183.071s
1002 12:58:55 ds4-server: chat ctx=0..200006:200006 prefill chunk 137216/200006 (68.6%) chunk=587.14 t/s avg=735.51 t/s 186.559s
1002 12:58:58 ds4-server: chat ctx=0..200006:200006 prefill chunk 139264/200006 (69.6%) chunk=585.30 t/s avg=732.74 t/s 190.058s
1002 12:59:02 ds4-server: chat ctx=0..200006:200006 prefill chunk 141312/200006 (70.7%) chunk=578.91 t/s avg=729.93 t/s 193.596s
1002 12:59:05 ds4-server: chat ctx=0..200006:200006 prefill chunk 143360/200006 (71.7%) chunk=577.29 t/s avg=727.19 t/s 197.144s
1002 12:59:09 ds4-server: chat ctx=0..200006:200006 prefill chunk 145408/200006 (72.7%) chunk=573.59 t/s avg=724.45 t/s 200.714s
1002 12:59:12 ds4-server: chat ctx=0..200006:200006 prefill chunk 147456/200006 (73.7%) chunk=571.94 t/s avg=721.78 t/s 204.295s
1002 12:59:16 ds4-server: chat ctx=0..200006:200006 prefill chunk 149504/200006 (74.7%) chunk=566.16 t/s avg=719.07 t/s 207.912s
1002 12:59:20 ds4-server: chat ctx=0..200006:200006 prefill chunk 151552/200006 (75.8%) chunk=564.52 t/s avg=716.42 t/s 211.540s
1002 12:59:23 ds4-server: chat ctx=0..200006:200006 prefill chunk 153600/200006 (76.8%) chunk=561.42 t/s avg=713.79 t/s 215.188s
1002 12:59:27 ds4-server: chat ctx=0..200006:200006 prefill chunk 155648/200006 (77.8%) chunk=559.08 t/s avg=711.20 t/s 218.851s
1002 12:59:31 ds4-server: chat ctx=0..200006:200006 prefill chunk 157696/200006 (78.8%) chunk=553.86 t/s avg=708.59 t/s 222.549s
1002 12:59:34 ds4-server: chat ctx=0..200006:200006 prefill chunk 159744/200006 (79.9%) chunk=552.05 t/s avg=706.02 t/s 226.259s
1002 12:59:38 ds4-server: chat ctx=0..200006:200006 prefill chunk 161792/200006 (80.9%) chunk=548.65 t/s avg=703.47 t/s 229.992s
1002 12:59:42 ds4-server: chat ctx=0..200006:200006 prefill chunk 163840/200006 (81.9%) chunk=547.57 t/s avg=700.97 t/s 233.732s
1002 12:59:46 ds4-server: chat ctx=0..200006:200006 prefill chunk 165888/200006 (82.9%) chunk=541.89 t/s avg=698.44 t/s 237.511s
1002 12:59:49 ds4-server: chat ctx=0..200006:200006 prefill chunk 167936/200006 (84.0%) chunk=540.52 t/s avg=695.96 t/s 241.300s
1002 12:59:53 ds4-server: chat ctx=0..200006:200006 prefill chunk 169984/200006 (85.0%) chunk=537.56 t/s avg=693.50 t/s 245.110s
1002 12:59:57 ds4-server: chat ctx=0..200006:200006 prefill chunk 172032/200006 (86.0%) chunk=535.65 t/s avg=691.08 t/s 248.933s
1002 13:00:01 ds4-server: chat ctx=0..200006:200006 prefill chunk 174080/200006 (87.0%) chunk=530.26 t/s avg=688.62 t/s 252.795s
1002 13:00:05 ds4-server: chat ctx=0..200006:200006 prefill chunk 176128/200006 (88.1%) chunk=528.21 t/s avg=686.20 t/s 256.673s
1002 13:00:09 ds4-server: chat ctx=0..200006:200006 prefill chunk 178176/200006 (89.1%) chunk=525.20 t/s avg=683.79 t/s 260.572s
1002 13:00:13 ds4-server: chat ctx=0..200006:200006 prefill chunk 180224/200006 (90.1%) chunk=523.40 t/s avg=681.41 t/s 264.485s
1002 13:00:17 ds4-server: chat ctx=0..200006:200006 prefill chunk 182272/200006 (91.1%) chunk=518.79 t/s avg=679.02 t/s 268.433s
1002 13:00:20 ds4-server: chat ctx=0..200006:200006 prefill chunk 184320/200006 (92.2%) chunk=516.46 t/s avg=676.66 t/s 272.398s
1002 13:00:24 ds4-server: chat ctx=0..200006:200006 prefill chunk 186368/200006 (93.2%) chunk=514.57 t/s avg=674.32 t/s 276.378s
1002 13:00:28 ds4-server: chat ctx=0..200006:200006 prefill chunk 188416/200006 (94.2%) chunk=512.74 t/s avg=672.02 t/s 280.372s
1002 13:00:32 ds4-server: chat ctx=0..200006:200006 prefill chunk 190464/200006 (95.2%) chunk=508.01 t/s avg=669.70 t/s 284.404s
1002 13:00:37 ds4-server: chat ctx=0..200006:200006 prefill chunk 192512/200006 (96.3%) chunk=506.15 t/s avg=667.40 t/s 288.450s
1002 13:00:41 ds4-server: chat ctx=0..200006:200006 prefill chunk 194560/200006 (97.3%) chunk=503.62 t/s avg=665.12 t/s 292.517s
1002 13:00:45 ds4-server: chat ctx=0..200006:200006 prefill chunk 196608/200006 (98.3%) chunk=501.98 t/s avg=662.88 t/s 296.596s
1002 13:00:49 ds4-server: chat ctx=0..200006:200006 prefill chunk 198656/200006 (99.3%) chunk=496.99 t/s avg=660.61 t/s 300.717s
1002 13:00:53 ds4-server: chat ctx=0..200006:200006 prefill chunk 200006/200006 (100.0%) chunk=343.16 t/s avg=656.51 t/s 304.651s
1002 13:00:53 ds4-server: chat ctx=0..200006:200006 prompt done 304.652s
1002 13:00:53 ds4-server: chat ctx=200006..200021:15 gen=15 decoding chunk=37.12 t/s avg=37.12 t/s 0.404s
1002 13:00:53 ds4-server: chat ctx=0..200006:200006 gen=15 finish=stop 305.056s
1002 13:00:53 ds4-server: live kv cache miss live=200021 prompt=200006 common=30 vision=match reason=token-mismatch
1002 13:00:53 ds4-server: chat ctx=0..200006:200006 prompt start
1002 13:00:53 ds4-server: chat ctx=0..200006:200006 prefill chunk 0/200006 (0.0%) chunk=0.00 t/s avg=0.00 t/s 0.000s
1002 13:00:55 ds4-server: chat ctx=0..200006:200006 prefill chunk 2048/200006 (1.0%) chunk=1037.81 t/s avg=1037.73 t/s 1.974s
1002 13:00:57 ds4-server: chat ctx=0..200006:200006 prefill chunk 4096/200006 (2.0%) chunk=960.27 t/s avg=997.50 t/s 4.106s
1002 13:00:59 ds4-server: chat ctx=0..200006:200006 prefill chunk 6144/200006 (3.1%) chunk=951.73 t/s avg=981.76 t/s 6.258s
1002 13:01:02 ds4-server: chat ctx=0..200006:200006 prefill chunk 8192/200006 (4.1%) chunk=949.49 t/s avg=973.49 t/s 8.415s
1002 13:01:04 ds4-server: chat ctx=0..200006:200006 prefill chunk 10240/200006 (5.1%) chunk=931.37 t/s avg=964.77 t/s 10.614s
1002 13:01:06 ds4-server: chat ctx=0..200006:200006 prefill chunk 12288/200006 (6.1%) chunk=926.62 t/s avg=958.19 t/s 12.824s
1002 13:01:08 ds4-server: chat ctx=0..200006:200006 prefill chunk 14336/200006 (7.2%) chunk=919.04 t/s avg=952.39 t/s 15.053s
1002 13:01:11 ds4-server: chat ctx=0..200006:200006 prefill chunk 16384/200006 (8.2%) chunk=914.30 t/s avg=947.46 t/s 17.293s
1002 13:01:13 ds4-server: chat ctx=0..200006:200006 prefill chunk 18432/200006 (9.2%) chunk=897.98 t/s avg=941.69 t/s 19.573s
1002 13:01:15 ds4-server: chat ctx=0..200006:200006 prefill chunk 20480/200006 (10.2%) chunk=894.39 t/s avg=936.74 t/s 21.863s
1002 13:01:17 ds4-server: chat ctx=0..200006:200006 prefill chunk 22528/200006 (11.3%) chunk=888.17 t/s avg=932.11 t/s 24.169s
1002 13:01:20 ds4-server: chat ctx=0..200006:200006 prefill chunk 24576/200006 (12.3%) chunk=883.84 t/s avg=927.88 t/s 26.486s
1002 13:01:22 ds4-server: chat ctx=0..200006:200006 prefill chunk 26624/200006 (13.3%) chunk=868.55 t/s avg=923.03 t/s 28.844s
1002 13:01:24 ds4-server: chat ctx=0..200006:200006 prefill chunk 28672/200006 (14.3%) chunk=862.84 t/s avg=918.46 t/s 31.218s
1002 13:01:27 ds4-server: chat ctx=0..200006:200006 prefill chunk 30720/200006 (15.4%) chunk=856.27 t/s avg=914.03 t/s 33.609s
1002 13:01:29 ds4-server: chat ctx=0..200006:200006 prefill chunk 32768/200006 (16.4%) chunk=850.76 t/s avg=909.80 t/s 36.017s
1002 13:01:32 ds4-server: chat ctx=0..200006:200006 prefill chunk 34816/200006 (17.4%) chunk=837.73 t/s avg=905.22 t/s 38.461s
1002 13:01:34 ds4-server: chat ctx=0..200006:200006 prefill chunk 36864/200006 (18.4%) chunk=833.16 t/s avg=900.89 t/s 40.919s
1002 13:01:37 ds4-server: chat ctx=0..200006:200006 prefill chunk 38912/200006 (19.5%) chunk=826.43 t/s avg=896.64 t/s 43.398s
1002 13:01:39 ds4-server: chat ctx=0..200006:200006 prefill chunk 40960/200006 (20.5%) chunk=823.36 t/s avg=892.67 t/s 45.885s
1002 13:01:42 ds4-server: chat ctx=0..200006:200006 prefill chunk 43008/200006 (21.5%) chunk=810.64 t/s avg=888.39 t/s 48.411s
1002 13:01:44 ds4-server: chat ctx=0..200006:200006 prefill chunk 45056/200006 (22.5%) chunk=806.80 t/s avg=884.32 t/s 50.950s
1002 13:01:47 ds4-server: chat ctx=0..200006:200006 prefill chunk 47104/200006 (23.6%) chunk=801.09 t/s avg=880.35 t/s 53.506s
1002 13:01:49 ds4-server: chat ctx=0..200006:200006 prefill chunk 49152/200006 (24.6%) chunk=799.39 t/s avg=876.65 t/s 56.068s
1002 13:01:52 ds4-server: chat ctx=0..200006:200006 prefill chunk 51200/200006 (25.6%) chunk=785.78 t/s avg=872.61 t/s 58.675s
1002 13:01:55 ds4-server: chat ctx=0..200006:200006 prefill chunk 53248/200006 (26.6%) chunk=782.32 t/s avg=868.75 t/s 61.292s
1002 13:01:57 ds4-server: chat ctx=0..200006:200006 prefill chunk 55296/200006 (27.6%) chunk=776.01 t/s avg=864.93 t/s 63.932s
1002 13:02:00 ds4-server: chat ctx=0..200006:200006 prefill chunk 57344/200006 (28.7%) chunk=773.40 t/s avg=861.29 t/s 66.580s
1002 13:02:02 ds4-server: chat ctx=0..200006:200006 prefill chunk 59392/200006 (29.7%) chunk=764.48 t/s avg=857.54 t/s 69.259s
1002 13:02:05 ds4-server: chat ctx=0..200006:200006 prefill chunk 61440/200006 (30.7%) chunk=760.40 t/s avg=853.90 t/s 71.952s
1002 13:02:08 ds4-server: chat ctx=0..200006:200006 prefill chunk 63488/200006 (31.7%) chunk=753.73 t/s avg=850.26 t/s 74.669s
1002 13:02:11 ds4-server: chat ctx=0..200006:200006 prefill chunk 65536/200006 (32.8%) chunk=752.01 t/s avg=846.80 t/s 77.392s
1002 13:02:13 ds4-server: chat ctx=0..200006:200006 prefill chunk 67584/200006 (33.8%) chunk=738.05 t/s avg=843.04 t/s 80.167s
1002 13:02:16 ds4-server: chat ctx=0..200006:200006 prefill chunk 69632/200006 (34.8%) chunk=735.27 t/s avg=839.42 t/s 82.953s
1002 13:02:19 ds4-server: chat ctx=0..200006:200006 prefill chunk 71680/200006 (35.8%) chunk=729.92 t/s avg=835.84 t/s 85.758s
1002 13:02:22 ds4-server: chat ctx=0..200006:200006 prefill chunk 73728/200006 (36.9%) chunk=727.22 t/s avg=832.38 t/s 88.575s
1002 13:02:25 ds4-server: chat ctx=0..200006:200006 prefill chunk 75776/200006 (37.9%) chunk=717.38 t/s avg=828.79 t/s 91.429s
1002 13:02:28 ds4-server: chat ctx=0..200006:200006 prefill chunk 77824/200006 (38.9%) chunk=714.46 t/s avg=825.32 t/s 94.296s
1002 13:02:30 ds4-server: chat ctx=0..200006:200006 prefill chunk 79872/200006 (39.9%) chunk=710.77 t/s avg=821.92 t/s 97.177s
1002 13:02:33 ds4-server: chat ctx=0..200006:200006 prefill chunk 81920/200006 (41.0%) chunk=707.05 t/s avg=818.60 t/s 100.074s
1002 13:02:36 ds4-server: chat ctx=0..200006:200006 prefill chunk 83968/200006 (42.0%) chunk=696.52 t/s avg=815.11 t/s 103.014s
1002 13:02:39 ds4-server: chat ctx=0..200006:200006 prefill chunk 86016/200006 (43.0%) chunk=694.41 t/s avg=811.75 t/s 105.963s
1002 13:02:42 ds4-server: chat ctx=0..200006:200006 prefill chunk 88064/200006 (44.0%) chunk=689.64 t/s avg=808.42 t/s 108.933s
1002 13:02:45 ds4-server: chat ctx=0..200006:200006 prefill chunk 90112/200006 (45.1%) chunk=686.82 t/s avg=805.18 t/s 111.915s
1002 13:02:48 ds4-server: chat ctx=0..200006:200006 prefill chunk 92160/200006 (46.1%) chunk=677.96 t/s avg=801.84 t/s 114.936s
1002 13:02:51 ds4-server: chat ctx=0..200006:200006 prefill chunk 94208/200006 (47.1%) chunk=677.03 t/s avg=798.64 t/s 117.961s
1002 13:02:54 ds4-server: chat ctx=0..200006:200006 prefill chunk 96256/200006 (48.1%) chunk=671.86 t/s avg=795.44 t/s 121.009s
1002 13:02:57 ds4-server: chat ctx=0..200006:200006 prefill chunk 98304/200006 (49.2%) chunk=668.72 t/s avg=792.32 t/s 124.072s
1002 13:03:00 ds4-server: chat ctx=0..200006:200006 prefill chunk 100352/200006 (50.2%) chunk=659.78 t/s avg=789.08 t/s 127.176s
1002 13:03:04 ds4-server: chat ctx=0..200006:200006 prefill chunk 102400/200006 (51.2%) chunk=657.91 t/s avg=785.95 t/s 130.289s
1002 13:03:07 ds4-server: chat ctx=0..200006:200006 prefill chunk 104448/200006 (52.2%) chunk=652.68 t/s avg=782.81 t/s 133.426s
1002 13:03:10 ds4-server: chat ctx=0..200006:200006 prefill chunk 106496/200006 (53.2%) chunk=650.42 t/s avg=779.76 t/s 136.575s
1002 13:03:13 ds4-server: chat ctx=0..200006:200006 prefill chunk 108544/200006 (54.3%) chunk=642.41 t/s avg=776.63 t/s 139.763s
1002 13:03:16 ds4-server: chat ctx=0..200006:200006 prefill chunk 110592/200006 (55.3%) chunk=639.82 t/s avg=773.57 t/s 142.964s
1002 13:03:19 ds4-server: chat ctx=0..200006:200006 prefill chunk 112640/200006 (56.3%) chunk=636.36 t/s avg=770.54 t/s 146.182s
1002 13:03:23 ds4-server: chat ctx=0..200006:200006 prefill chunk 114688/200006 (57.3%) chunk=633.56 t/s avg=767.58 t/s 149.415s
1002 13:03:26 ds4-server: chat ctx=0..200006:200006 prefill chunk 116736/200006 (58.4%) chunk=625.87 t/s avg=764.54 t/s 152.687s
1002 13:03:29 ds4-server: chat ctx=0..200006:200006 prefill chunk 118784/200006 (59.4%) chunk=623.61 t/s avg=761.58 t/s 155.971s
1002 13:03:33 ds4-server: chat ctx=0..200006:200006 prefill chunk 120832/200006 (60.4%) chunk=619.18 t/s avg=758.62 t/s 159.279s
1002 13:03:36 ds4-server: chat ctx=0..200006:200006 prefill chunk 122880/200006 (61.4%) chunk=617.43 t/s avg=755.74 t/s 162.596s
1002 13:03:39 ds4-server: chat ctx=0..200006:200006 prefill chunk 124928/200006 (62.5%) chunk=611.08 t/s avg=752.82 t/s 165.947s
1002 13:03:43 ds4-server: chat ctx=0..200006:200006 prefill chunk 126976/200006 (63.5%) chunk=608.67 t/s avg=749.95 t/s 169.312s
1002 13:03:46 ds4-server: chat ctx=0..200006:200006 prefill chunk 129024/200006 (64.5%) chunk=605.11 t/s avg=747.11 t/s 172.696s
1002 13:03:49 ds4-server: chat ctx=0..200006:200006 prefill chunk 131072/200006 (65.5%) chunk=602.78 t/s avg=744.33 t/s 176.094s
1002 13:03:53 ds4-server: chat ctx=0..200006:200006 prefill chunk 133120/200006 (66.6%) chunk=593.05 t/s avg=741.42 t/s 179.547s
1002 13:03:56 ds4-server: chat ctx=0..200006:200006 prefill chunk 135168/200006 (67.6%) chunk=590.32 t/s avg=738.56 t/s 183.017s
1002 13:04:00 ds4-server: chat ctx=0..200006:200006 prefill chunk 137216/200006 (68.6%) chunk=586.57 t/s avg=735.71 t/s 186.508s
1002 13:04:03 ds4-server: chat ctx=0..200006:200006 prefill chunk 139264/200006 (69.6%) chunk=585.47 t/s avg=732.94 t/s 190.006s
1002 13:04:07 ds4-server: chat ctx=0..200006:200006 prefill chunk 141312/200006 (70.7%) chunk=579.12 t/s avg=730.13 t/s 193.543s
1002 13:04:10 ds4-server: chat ctx=0..200006:200006 prefill chunk 143360/200006 (71.7%) chunk=577.58 t/s avg=727.39 t/s 197.088s
1002 13:04:14 ds4-server: chat ctx=0..200006:200006 prefill chunk 145408/200006 (72.7%) chunk=573.64 t/s avg=724.65 t/s 200.659s
1002 13:04:17 ds4-server: chat ctx=0..200006:200006 prefill chunk 147456/200006 (73.7%) chunk=572.03 t/s avg=721.98 t/s 204.239s
1002 13:04:21 ds4-server: chat ctx=0..200006:200006 prefill chunk 149504/200006 (74.7%) chunk=566.52 t/s avg=719.27 t/s 207.854s
1002 13:04:25 ds4-server: chat ctx=0..200006:200006 prefill chunk 151552/200006 (75.8%) chunk=563.93 t/s avg=716.61 t/s 211.486s
1002 13:04:28 ds4-server: chat ctx=0..200006:200006 prefill chunk 153600/200006 (76.8%) chunk=561.54 t/s avg=713.98 t/s 215.133s
1002 13:04:32 ds4-server: chat ctx=0..200006:200006 prefill chunk 155648/200006 (77.8%) chunk=559.29 t/s avg=711.39 t/s 218.794s
1002 13:04:36 ds4-server: chat ctx=0..200006:200006 prefill chunk 157696/200006 (78.8%) chunk=554.33 t/s avg=708.78 t/s 222.489s
1002 13:04:39 ds4-server: chat ctx=0..200006:200006 prefill chunk 159744/200006 (79.9%) chunk=552.09 t/s avg=706.21 t/s 226.199s
1002 13:04:43 ds4-server: chat ctx=0..200006:200006 prefill chunk 161792/200006 (80.9%) chunk=548.42 t/s avg=703.65 t/s 229.933s
1002 13:04:47 ds4-server: chat ctx=0..200006:200006 prefill chunk 163840/200006 (81.9%) chunk=547.36 t/s avg=701.15 t/s 233.674s
1002 13:04:51 ds4-server: chat ctx=0..200006:200006 prefill chunk 165888/200006 (82.9%) chunk=541.75 t/s avg=698.61 t/s 237.455s
1002 13:04:54 ds4-server: chat ctx=0..200006:200006 prefill chunk 167936/200006 (84.0%) chunk=540.46 t/s avg=696.12 t/s 241.244s
1002 13:04:58 ds4-server: chat ctx=0..200006:200006 prefill chunk 169984/200006 (85.0%) chunk=537.75 t/s avg=693.66 t/s 245.053s
1002 13:05:02 ds4-server: chat ctx=0..200006:200006 prefill chunk 172032/200006 (86.0%) chunk=535.16 t/s avg=691.23 t/s 248.880s
1002 13:05:06 ds4-server: chat ctx=0..200006:200006 prefill chunk 174080/200006 (87.0%) chunk=530.04 t/s avg=688.76 t/s 252.743s
1002 13:05:10 ds4-server: chat ctx=0..200006:200006 prefill chunk 176128/200006 (88.1%) chunk=528.25 t/s avg=686.34 t/s 256.620s
1002 13:05:14 ds4-server: chat ctx=0..200006:200006 prefill chunk 178176/200006 (89.1%) chunk=525.53 t/s avg=683.93 t/s 260.517s
1002 13:05:18 ds4-server: chat ctx=0..200006:200006 prefill chunk 180224/200006 (90.1%) chunk=523.10 t/s avg=681.55 t/s 264.433s
1002 13:05:22 ds4-server: chat ctx=0..200006:200006 prefill chunk 182272/200006 (91.1%) chunk=518.24 t/s avg=679.15 t/s 268.384s
1002 13:05:26 ds4-server: chat ctx=0..200006:200006 prefill chunk 184320/200006 (92.2%) chunk=516.77 t/s avg=676.78 t/s 272.348s
1002 13:05:30 ds4-server: chat ctx=0..200006:200006 prefill chunk 186368/200006 (93.2%) chunk=514.31 t/s avg=674.44 t/s 276.330s
1002 13:05:34 ds4-server: chat ctx=0..200006:200006 prefill chunk 188416/200006 (94.2%) chunk=512.45 t/s avg=672.13 t/s 280.326s
1002 13:05:38 ds4-server: chat ctx=0..200006:200006 prefill chunk 190464/200006 (95.2%) chunk=507.48 t/s avg=669.79 t/s 284.362s
1002 13:05:42 ds4-server: chat ctx=0..200006:200006 prefill chunk 192512/200006 (96.3%) chunk=506.02 t/s avg=667.50 t/s 288.409s
1002 13:05:46 ds4-server: chat ctx=0..200006:200006 prefill chunk 194560/200006 (97.3%) chunk=503.56 t/s avg=665.22 t/s 292.476s
1002 13:05:50 ds4-server: chat ctx=0..200006:200006 prefill chunk 196608/200006 (98.3%) chunk=501.62 t/s avg=662.96 t/s 296.559s
1002 13:05:54 ds4-server: chat ctx=0..200006:200006 prefill chunk 198656/200006 (99.3%) chunk=497.08 t/s avg=660.69 t/s 300.679s
1002 13:05:58 ds4-server: chat ctx=0..200006:200006 prefill chunk 200006/200006 (100.0%) chunk=343.08 t/s avg=656.59 t/s 304.614s
1002 13:05:58 ds4-server: chat ctx=0..200006:200006 prompt done 304.614s
1002 13:05:58 ds4-server: chat ctx=200006..200022:16 gen=16 decoding chunk=37.09 t/s avg=37.09 t/s 0.431s
1002 13:05:58 ds4-server: chat ctx=0..200006:200006 gen=16 finish=stop 305.046s
1002 13:05:58 ds4-server: live kv cache miss live=200022 prompt=200008 common=30 vision=match reason=token-mismatch
1002 13:05:58 ds4-server: chat ctx=0..200008:200008 prompt start
1002 13:05:58 ds4-server: chat ctx=0..200008:200008 prefill chunk 0/200008 (0.0%) chunk=0.00 t/s avg=0.00 t/s 0.000s
1002 13:06:00 ds4-server: chat ctx=0..200008:200008 prefill chunk 2048/200008 (1.0%) chunk=1034.50 t/s avg=1034.43 t/s 1.980s
1002 13:06:02 ds4-server: chat ctx=0..200008:200008 prefill chunk 4096/200008 (2.0%) chunk=959.87 t/s avg=995.75 t/s 4.113s
1002 13:06:05 ds4-server: chat ctx=0..200008:200008 prefill chunk 6144/200008 (3.1%) chunk=952.13 t/s avg=980.78 t/s 6.264s
1002 13:06:07 ds4-server: chat ctx=0..200008:200008 prefill chunk 8192/200008 (4.1%) chunk=949.43 t/s avg=972.75 t/s 8.422s
1002 13:06:09 ds4-server: chat ctx=0..200008:200008 prefill chunk 10240/200008 (5.1%) chunk=932.27 t/s avg=964.37 t/s 10.618s
1002 13:06:11 ds4-server: chat ctx=0..200008:200008 prefill chunk 12288/200008 (6.1%) chunk=927.01 t/s avg=957.94 t/s 12.828s
1002 13:06:13 ds4-server: chat ctx=0..200008:200008 prefill chunk 14336/200008 (7.2%) chunk=918.99 t/s avg=952.17 t/s 15.056s
1002 13:06:16 ds4-server: chat ctx=0..200008:200008 prefill chunk 16384/200008 (8.2%) chunk=913.96 t/s avg=947.22 t/s 17.297s
1002 13:06:18 ds4-server: chat ctx=0..200008:200008 prefill chunk 18432/200008 (9.2%) chunk=899.89 t/s avg=941.72 t/s 19.573s
1002 13:06:20 ds4-server: chat ctx=0..200008:200008 prefill chunk 20480/200008 (10.2%) chunk=894.37 t/s avg=936.76 t/s 21.863s
1002 13:06:23 ds4-server: chat ctx=0..200008:200008 prefill chunk 22528/200008 (11.3%) chunk=887.41 t/s avg=932.05 t/s 24.170s
1002 13:06:25 ds4-server: chat ctx=0..200008:200008 prefill chunk 24576/200008 (12.3%) chunk=883.11 t/s avg=927.76 t/s 26.489s
1002 13:06:27 ds4-server: chat ctx=0..200008:200008 prefill chunk 26624/200008 (13.3%) chunk=869.17 t/s avg=922.98 t/s 28.846s
1002 13:06:30 ds4-server: chat ctx=0..200008:200008 prefill chunk 28672/200008 (14.3%) chunk=862.59 t/s avg=918.39 t/s 31.220s
1002 13:06:32 ds4-server: chat ctx=0..200008:200008 prefill chunk 30720/200008 (15.4%) chunk=856.99 t/s avg=914.02 t/s 33.610s
1002 13:06:34 ds4-server: chat ctx=0..200008:200008 prefill chunk 32768/200008 (16.4%) chunk=852.00 t/s avg=909.88 t/s 36.014s
1002 13:06:37 ds4-server: chat ctx=0..200008:200008 prefill chunk 34816/200008 (17.4%) chunk=839.08 t/s avg=905.39 t/s 38.454s
1002 13:06:39 ds4-server: chat ctx=0..200008:200008 prefill chunk 36864/200008 (18.4%) chunk=833.59 t/s avg=901.07 t/s 40.911s
1002 13:06:42 ds4-server: chat ctx=0..200008:200008 prefill chunk 38912/200008 (19.5%) chunk=826.70 t/s avg=896.83 t/s 43.388s
1002 13:06:44 ds4-server: chat ctx=0..200008:200008 prefill chunk 40960/200008 (20.5%) chunk=823.35 t/s avg=892.84 t/s 45.876s
1002 13:06:47 ds4-server: chat ctx=0..200008:200008 prefill chunk 43008/200008 (21.5%) chunk=810.71 t/s avg=888.56 t/s 48.402s
1002 13:06:49 ds4-server: chat ctx=0..200008:200008 prefill chunk 45056/200008 (22.5%) chunk=807.78 t/s avg=884.54 t/s 50.937s
1002 13:06:52 ds4-server: chat ctx=0..200008:200008 prefill chunk 47104/200008 (23.6%) chunk=800.40 t/s avg=880.51 t/s 53.496s
1002 13:06:54 ds4-server: chat ctx=0..200008:200008 prefill chunk 49152/200008 (24.6%) chunk=786.29 t/s avg=876.14 t/s 56.101s
1002 13:06:57 ds4-server: chat ctx=0..200008:200008 prefill chunk 51200/200008 (25.6%) chunk=776.89 t/s avg=871.68 t/s 58.737s
1002 13:07:00 ds4-server: chat ctx=0..200008:200008 prefill chunk 53248/200008 (26.6%) chunk=771.53 t/s avg=867.35 t/s 61.391s
1002 13:07:02 ds4-server: chat ctx=0..200008:200008 prefill chunk 55296/200008 (27.6%) chunk=759.63 t/s avg=862.82 t/s 64.087s
1002 13:07:05 ds4-server: chat ctx=0..200008:200008 prefill chunk 57344/200008 (28.7%) chunk=758.20 t/s avg=858.59 t/s 66.789s
1002 13:07:08 ds4-server: chat ctx=0..200008:200008 prefill chunk 59392/200008 (29.7%) chunk=750.89 t/s avg=854.36 t/s 69.516s
1002 13:07:11 ds4-server: chat ctx=0..200008:200008 prefill chunk 61440/200008 (30.7%) chunk=748.18 t/s avg=850.34 t/s 72.253s
1002 13:07:13 ds4-server: chat ctx=0..200008:200008 prefill chunk 63488/200008 (31.7%) chunk=743.08 t/s avg=846.40 t/s 75.009s
1002 13:07:16 ds4-server: chat ctx=0..200008:200008 prefill chunk 65536/200008 (32.8%) chunk=742.68 t/s avg=842.72 t/s 77.767s
1002 13:07:19 ds4-server: chat ctx=0..200008:200008 prefill chunk 67584/200008 (33.8%) chunk=719.74 t/s avg=838.38 t/s 80.612s
1002 13:07:22 ds4-server: chat ctx=0..200008:200008 prefill chunk 69632/200008 (34.8%) chunk=721.06 t/s avg=834.39 t/s 83.453s
1002 13:07:25 ds4-server: chat ctx=0..200008:200008 prefill chunk 71680/200008 (35.8%) chunk=724.47 t/s avg=830.79 t/s 86.280s
1002 13:07:27 ds4-server: chat ctx=0..200008:200008 prefill chunk 73728/200008 (36.9%) chunk=718.73 t/s avg=827.21 t/s 89.129s
1002 13:07:30 ds4-server: chat ctx=0..200008:200008 prefill chunk 75776/200008 (37.9%) chunk=707.06 t/s avg=823.42 t/s 92.026s
1002 13:07:33 ds4-server: chat ctx=0..200008:200008 prefill chunk 77824/200008 (38.9%) chunk=701.63 t/s avg=819.68 t/s 94.944s
1002 13:07:36 ds4-server: chat ctx=0..200008:200008 prefill chunk 79872/200008 (39.9%) chunk=703.73 t/s avg=816.23 t/s 97.855s
1002 13:07:39 ds4-server: chat ctx=0..200008:200008 prefill chunk 81920/200008 (41.0%) chunk=696.91 t/s avg=812.75 t/s 100.793s
1002 13:07:42 ds4-server: chat ctx=0..200008:200008 prefill chunk 83968/200008 (42.0%) chunk=673.32 t/s avg=808.67 t/s 103.835s
1002 13:07:45 ds4-server: chat ctx=0..200008:200008 prefill chunk 86016/200008 (43.0%) chunk=682.84 t/s avg=805.14 t/s 106.834s
1002 13:07:48 ds4-server: chat ctx=0..200008:200008 prefill chunk 88064/200008 (44.0%) chunk=679.62 t/s avg=801.69 t/s 109.848s
1002 13:07:51 ds4-server: chat ctx=0..200008:200008 prefill chunk 90112/200008 (45.1%) chunk=681.80 t/s avg=798.50 t/s 112.851s
1002 13:07:54 ds4-server: chat ctx=0..200008:200008 prefill chunk 92160/200008 (46.1%) chunk=673.34 t/s avg=795.22 t/s 115.893s
1002 13:07:57 ds4-server: chat ctx=0..200008:200008 prefill chunk 94208/200008 (47.1%) chunk=671.52 t/s avg=792.04 t/s 118.943s
1002 13:08:00 ds4-server: chat ctx=0..200008:200008 prefill chunk 96256/200008 (48.1%) chunk=659.46 t/s avg=788.67 t/s 122.048s
1002 13:08:04 ds4-server: chat ctx=0..200008:200008 prefill chunk 98304/200008 (49.2%) chunk=652.97 t/s avg=785.27 t/s 125.185s
1002 13:08:07 ds4-server: chat ctx=0..200008:200008 prefill chunk 100352/200008 (50.2%) chunk=649.22 t/s avg=781.93 t/s 128.339s
1002 13:08:10 ds4-server: chat ctx=0..200008:200008 prefill chunk 102400/200008 (51.2%) chunk=647.92 t/s avg=778.71 t/s 131.500s
1002 13:08:13 ds4-server: chat ctx=0..200008:200008 prefill chunk 104448/200008 (52.2%) chunk=645.78 t/s avg=775.58 t/s 134.672s
1002 13:08:16 ds4-server: chat ctx=0..200008:200008 prefill chunk 106496/200008 (53.2%) chunk=638.66 t/s avg=772.39 t/s 137.878s
1002 13:08:20 ds4-server: chat ctx=0..200008:200008 prefill chunk 108544/200008 (54.3%) chunk=625.44 t/s avg=768.98 t/s 141.153s
1002 13:08:23 ds4-server: chat ctx=0..200008:200008 prefill chunk 110592/200008 (55.3%) chunk=628.88 t/s avg=765.82 t/s 144.409s
1002 13:08:26 ds4-server: chat ctx=0..200008:200008 prefill chunk 112640/200008 (56.3%) chunk=630.10 t/s avg=762.83 t/s 147.660s
1002 13:08:29 ds4-server: chat ctx=0..200008:200008 prefill chunk 114688/200008 (57.3%) chunk=628.13 t/s avg=759.92 t/s 150.920s
1002 13:08:33 ds4-server: chat ctx=0..200008:200008 prefill chunk 116736/200008 (58.4%) chunk=616.75 t/s avg=756.84 t/s 154.241s
1002 13:08:36 ds4-server: chat ctx=0..200008:200008 prefill chunk 118784/200008 (59.4%) chunk=615.90 t/s avg=753.87 t/s 157.566s
1002 13:08:39 ds4-server: chat ctx=0..200008:200008 prefill chunk 120832/200008 (60.4%) chunk=602.16 t/s avg=750.66 t/s 160.967s
1002 13:08:43 ds4-server: chat ctx=0..200008:200008 prefill chunk 122880/200008 (61.4%) chunk=608.83 t/s avg=747.76 t/s 164.331s
1002 13:08:46 ds4-server: chat ctx=0..200008:200008 prefill chunk 124928/200008 (62.5%) chunk=601.90 t/s avg=744.80 t/s 167.734s
1002 13:08:49 ds4-server: chat ctx=0..200008:200008 prefill chunk 126976/200008 (63.5%) chunk=601.30 t/s avg=741.94 t/s 171.140s
1002 13:08:53 ds4-server: chat ctx=0..200008:200008 prefill chunk 129024/200008 (64.5%) chunk=596.59 t/s avg=739.09 t/s 174.572s
1002 13:08:56 ds4-server: chat ctx=0..200008:200008 prefill chunk 131072/200008 (65.5%) chunk=596.65 t/s avg=736.34 t/s 178.005s
1002 13:09:00 ds4-server: chat ctx=0..200008:200008 prefill chunk 133120/200008 (66.6%) chunk=584.34 t/s avg=733.40 t/s 181.510s
1002 13:09:03 ds4-server: chat ctx=0..200008:200008 prefill chunk 135168/200008 (67.6%) chunk=583.87 t/s avg=730.57 t/s 185.017s
1002 13:09:07 ds4-server: chat ctx=0..200008:200008 prefill chunk 137216/200008 (68.6%) chunk=577.40 t/s avg=727.69 t/s 188.564s
1002 13:09:10 ds4-server: chat ctx=0..200008:200008 prefill chunk 139264/200008 (69.6%) chunk=576.07 t/s avg=724.88 t/s 192.119s
1002 13:09:14 ds4-server: chat ctx=0..200008:200008 prefill chunk 141312/200008 (70.7%) chunk=575.28 t/s avg=722.16 t/s 195.679s
1002 13:09:18 ds4-server: chat ctx=0..200008:200008 prefill chunk 143360/200008 (71.7%) chunk=571.97 t/s avg=719.46 t/s 199.260s
1002 13:09:21 ds4-server: chat ctx=0..200008:200008 prefill chunk 145408/200008 (72.7%) chunk=564.39 t/s avg=716.69 t/s 202.889s
1002 13:09:25 ds4-server: chat ctx=0..200008:200008 prefill chunk 147456/200008 (73.7%) chunk=563.25 t/s avg=713.99 t/s 206.525s
1002 13:09:29 ds4-server: chat ctx=0..200008:200008 prefill chunk 149504/200008 (74.7%) chunk=560.60 t/s avg=711.32 t/s 210.178s
1002 13:09:32 ds4-server: chat ctx=0..200008:200008 prefill chunk 151552/200008 (75.8%) chunk=556.03 t/s avg=708.65 t/s 213.861s
1002 13:09:36 ds4-server: chat ctx=0..200008:200008 prefill chunk 153600/200008 (76.8%) chunk=553.14 t/s avg=706.00 t/s 217.564s
1002 13:09:40 ds4-server: chat ctx=0..200008:200008 prefill chunk 155648/200008 (77.8%) chunk=553.97 t/s avg=703.46 t/s 221.261s
1002 13:09:43 ds4-server: chat ctx=0..200008:200008 prefill chunk 157696/200008 (78.8%) chunk=545.66 t/s avg=700.83 t/s 225.014s
1002 13:09:47 ds4-server: chat ctx=0..200008:200008 prefill chunk 159744/200008 (79.9%) chunk=542.80 t/s avg=698.22 t/s 228.787s
1002 13:09:51 ds4-server: chat ctx=0..200008:200008 prefill chunk 161792/200008 (80.9%) chunk=542.26 t/s avg=695.69 t/s 232.564s
1002 13:09:55 ds4-server: chat ctx=0..200008:200008 prefill chunk 163840/200008 (81.9%) chunk=536.92 t/s avg=693.13 t/s 236.378s
1002 13:09:59 ds4-server: chat ctx=0..200008:200008 prefill chunk 165888/200008 (82.9%) chunk=534.54 t/s avg=690.60 t/s 240.210s
1002 13:10:02 ds4-server: chat ctx=0..200008:200008 prefill chunk 167936/200008 (84.0%) chunk=539.90 t/s avg=688.25 t/s 244.003s
1002 13:10:06 ds4-server: chat ctx=0..200008:200008 prefill chunk 169984/200008 (85.0%) chunk=537.48 t/s avg=685.94 t/s 247.813s
1002 13:10:10 ds4-server: chat ctx=0..200008:200008 prefill chunk 172032/200008 (86.0%) chunk=535.49 t/s avg=683.65 t/s 251.638s
1002 13:10:14 ds4-server: chat ctx=0..200008:200008 prefill chunk 174080/200008 (87.0%) chunk=530.44 t/s avg=681.33 t/s 255.499s
1002 13:10:18 ds4-server: chat ctx=0..200008:200008 prefill chunk 176128/200008 (88.1%) chunk=527.97 t/s avg=679.04 t/s 259.378s
1002 13:10:22 ds4-server: chat ctx=0..200008:200008 prefill chunk 178176/200008 (89.1%) chunk=525.37 t/s avg=676.77 t/s 263.276s
1002 13:10:26 ds4-server: chat ctx=0..200008:200008 prefill chunk 180224/200008 (90.1%) chunk=523.76 t/s avg=674.53 t/s 267.186s
1002 13:10:29 ds4-server: chat ctx=0..200008:200008 prefill chunk 182272/200008 (91.1%) chunk=518.95 t/s avg=672.26 t/s 271.132s
1002 13:10:33 ds4-server: chat ctx=0..200008:200008 prefill chunk 184320/200008 (92.2%) chunk=516.85 t/s avg=670.02 t/s 275.095s
1002 13:10:37 ds4-server: chat ctx=0..200008:200008 prefill chunk 186368/200008 (93.2%) chunk=514.54 t/s avg=667.81 t/s 279.075s
1002 13:10:41 ds4-server: chat ctx=0..200008:200008 prefill chunk 188416/200008 (94.2%) chunk=512.49 t/s avg=665.61 t/s 283.071s
1002 13:10:45 ds4-server: chat ctx=0..200008:200008 prefill chunk 190464/200008 (95.2%) chunk=507.63 t/s avg=663.39 t/s 287.106s
1002 13:10:50 ds4-server: chat ctx=0..200008:200008 prefill chunk 192512/200008 (96.3%) chunk=506.15 t/s avg=661.21 t/s 291.152s
1002 13:10:54 ds4-server: chat ctx=0..200008:200008 prefill chunk 194560/200008 (97.3%) chunk=503.68 t/s avg=659.04 t/s 295.218s
1002 13:10:58 ds4-server: chat ctx=0..200008:200008 prefill chunk 196608/200008 (98.3%) chunk=501.90 t/s avg=656.90 t/s 299.298s
1002 13:11:02 ds4-server: chat ctx=0..200008:200008 prefill chunk 198656/200008 (99.3%) chunk=497.54 t/s avg=654.73 t/s 303.415s
1002 13:11:05 ds4-server: chat ctx=0..200008:200008 prefill chunk 200008/200008 (100.0%) chunk=436.14 t/s avg=652.52 t/s 306.515s
1002 13:11:05 ds4-server: chat ctx=0..200008:200008 prompt done 306.515s
1002 13:11:05 ds4-server: chat ctx=200008..200024:16 gen=16 decoding chunk=37.18 t/s avg=37.18 t/s 0.430s
1002 13:11:05 ds4-server: chat ctx=0..200008:200008 gen=16 finish=stop 306.945s
1002 13:11:05 ds4-server: live kv cache miss live=200024 prompt=200005 common=30 vision=match reason=token-mismatch
1002 13:11:05 ds4-server: chat ctx=0..200005:200005 prompt start
1002 13:11:05 ds4-server: chat ctx=0..200005:200005 prefill chunk 0/200005 (0.0%) chunk=0.00 t/s avg=0.00 t/s 0.000s
1002 13:11:07 ds4-server: chat ctx=0..200005:200005 prefill chunk 2048/200005 (1.0%) chunk=1037.64 t/s avg=1037.57 t/s 1.974s
1002 13:11:09 ds4-server: chat ctx=0..200005:200005 prefill chunk 4096/200005 (2.0%) chunk=959.89 t/s avg=997.22 t/s 4.107s
1002 13:11:12 ds4-server: chat ctx=0..200005:200005 prefill chunk 6144/200005 (3.1%) chunk=953.14 t/s avg=982.08 t/s 6.256s
1002 13:11:14 ds4-server: chat ctx=0..200005:200005 prefill chunk 8192/200005 (4.1%) chunk=950.93 t/s avg=974.10 t/s 8.410s
1002 13:11:16 ds4-server: chat ctx=0..200005:200005 prefill chunk 10240/200005 (5.1%) chunk=932.83 t/s avg=965.56 t/s 10.605s
1002 13:11:18 ds4-server: chat ctx=0..200005:200005 prefill chunk 12288/200005 (6.1%) chunk=926.37 t/s avg=958.80 t/s 12.816s
1002 13:11:20 ds4-server: chat ctx=0..200005:200005 prefill chunk 14336/200005 (7.2%) chunk=919.13 t/s avg=952.92 t/s 15.044s
1002 13:11:23 ds4-server: chat ctx=0..200005:200005 prefill chunk 16384/200005 (8.2%) chunk=914.49 t/s avg=947.94 t/s 17.284s
1002 13:11:25 ds4-server: chat ctx=0..200005:200005 prefill chunk 18432/200005 (9.2%) chunk=899.10 t/s avg=942.26 t/s 19.562s
1002 13:11:27 ds4-server: chat ctx=0..200005:200005 prefill chunk 20480/200005 (10.2%) chunk=894.47 t/s avg=937.25 t/s 21.851s
1002 13:11:30 ds4-server: chat ctx=0..200005:200005 prefill chunk 22528/200005 (11.3%) chunk=887.31 t/s avg=932.48 t/s 24.159s
1002 13:11:32 ds4-server: chat ctx=0..200005:200005 prefill chunk 24576/200005 (12.3%) chunk=884.17 t/s avg=928.25 t/s 26.476s
1002 13:11:34 ds4-server: chat ctx=0..200005:200005 prefill chunk 26624/200005 (13.3%) chunk=869.15 t/s avg=923.42 t/s 28.832s
1002 13:11:37 ds4-server: chat ctx=0..200005:200005 prefill chunk 28672/200005 (14.3%) chunk=863.08 t/s avg=918.83 t/s 31.205s
1002 13:11:39 ds4-server: chat ctx=0..200005:200005 prefill chunk 30720/200005 (15.4%) chunk=856.36 t/s avg=914.39 t/s 33.596s
1002 13:11:41 ds4-server: chat ctx=0..200005:200005 prefill chunk 32768/200005 (16.4%) chunk=851.70 t/s avg=910.20 t/s 36.001s
1002 13:11:44 ds4-server: chat ctx=0..200005:200005 prefill chunk 34816/200005 (17.4%) chunk=837.86 t/s avg=905.60 t/s 38.445s
1002 13:11:46 ds4-server: chat ctx=0..200005:200005 prefill chunk 36864/200005 (18.4%) chunk=833.41 t/s avg=901.26 t/s 40.903s
1002 13:11:49 ds4-server: chat ctx=0..200005:200005 prefill chunk 38912/200005 (19.5%) chunk=826.64 t/s avg=897.00 t/s 43.380s
1002 13:11:51 ds4-server: chat ctx=0..200005:200005 prefill chunk 40960/200005 (20.5%) chunk=822.51 t/s avg=892.96 t/s 45.870s
1002 13:11:54 ds4-server: chat ctx=0..200005:200005 prefill chunk 43008/200005 (21.5%) chunk=809.26 t/s avg=888.58 t/s 48.401s
1002 13:11:56 ds4-server: chat ctx=0..200005:200005 prefill chunk 45056/200005 (22.5%) chunk=792.72 t/s avg=883.72 t/s 50.984s
1002 13:11:59 ds4-server: chat ctx=0..200005:200005 prefill chunk 47104/200005 (23.6%) chunk=787.62 t/s avg=879.06 t/s 53.584s
1002 13:12:02 ds4-server: chat ctx=0..200005:200005 prefill chunk 49152/200005 (24.6%) chunk=786.00 t/s avg=874.75 t/s 56.190s
1002 13:12:04 ds4-server: chat ctx=0..200005:200005 prefill chunk 51200/200005 (25.6%) chunk=774.73 t/s avg=870.25 t/s 58.834s
1002 13:12:07 ds4-server: chat ctx=0..200005:200005 prefill chunk 53248/200005 (26.6%) chunk=770.68 t/s avg=865.95 t/s 61.491s
1002 13:12:10 ds4-server: chat ctx=0..200005:200005 prefill chunk 55296/200005 (27.6%) chunk=754.60 t/s avg=861.24 t/s 64.205s
1002 13:12:12 ds4-server: chat ctx=0..200005:200005 prefill chunk 57344/200005 (28.7%) chunk=766.11 t/s avg=857.44 t/s 66.878s
1002 13:12:15 ds4-server: chat ctx=0..200005:200005 prefill chunk 59392/200005 (29.7%) chunk=752.03 t/s avg=853.32 t/s 69.601s
1002 13:12:18 ds4-server: chat ctx=0..200005:200005 prefill chunk 61440/200005 (30.7%) chunk=748.81 t/s avg=849.36 t/s 72.336s
1002 13:12:20 ds4-server: chat ctx=0..200005:200005 prefill chunk 63488/200005 (31.7%) chunk=742.08 t/s avg=845.42 t/s 75.096s
1002 13:12:23 ds4-server: chat ctx=0..200005:200005 prefill chunk 65536/200005 (32.8%) chunk=743.77 t/s avg=841.83 t/s 77.850s
1002 13:12:26 ds4-server: chat ctx=0..200005:200005 prefill chunk 67584/200005 (33.8%) chunk=728.52 t/s avg=837.88 t/s 80.661s
1002 13:12:29 ds4-server: chat ctx=0..200005:200005 prefill chunk 69632/200005 (34.8%) chunk=721.63 t/s avg=833.93 t/s 83.499s
1002 13:12:32 ds4-server: chat ctx=0..200005:200005 prefill chunk 71680/200005 (35.8%) chunk=717.65 t/s avg=830.08 t/s 86.353s
1002 13:12:35 ds4-server: chat ctx=0..200005:200005 prefill chunk 73728/200005 (36.9%) chunk=711.27 t/s avg=826.25 t/s 89.232s
1002 13:12:38 ds4-server: chat ctx=0..200005:200005 prefill chunk 75776/200005 (37.9%) chunk=704.36 t/s avg=822.40 t/s 92.140s
1002 13:12:40 ds4-server: chat ctx=0..200005:200005 prefill chunk 77824/200005 (38.9%) chunk=703.92 t/s avg=818.78 t/s 95.049s
1002 13:12:43 ds4-server: chat ctx=0..200005:200005 prefill chunk 79872/200005 (39.9%) chunk=702.46 t/s avg=815.31 t/s 97.965s
1002 13:12:46 ds4-server: chat ctx=0..200005:200005 prefill chunk 81920/200005 (41.0%) chunk=700.81 t/s avg=812.00 t/s 100.887s
1002 13:12:49 ds4-server: chat ctx=0..200005:200005 prefill chunk 83968/200005 (42.0%) chunk=689.48 t/s avg=808.49 t/s 103.857s
1002 13:12:52 ds4-server: chat ctx=0..200005:200005 prefill chunk 86016/200005 (43.0%) chunk=682.76 t/s avg=804.96 t/s 106.857s
1002 13:12:55 ds4-server: chat ctx=0..200005:200005 prefill chunk 88064/200005 (44.0%) chunk=679.74 t/s avg=801.53 t/s 109.870s
1002 13:12:58 ds4-server: chat ctx=0..200005:200005 prefill chunk 90112/200005 (45.1%) chunk=674.14 t/s avg=798.10 t/s 112.908s
1002 13:13:01 ds4-server: chat ctx=0..200005:200005 prefill chunk 92160/200005 (46.1%) chunk=670.55 t/s avg=794.74 t/s 115.962s
1002 13:13:04 ds4-server: chat ctx=0..200005:200005 prefill chunk 94208/200005 (47.1%) chunk=668.27 t/s avg=791.49 t/s 119.027s
1002 13:13:08 ds4-server: chat ctx=0..200005:200005 prefill chunk 96256/200005 (48.1%) chunk=656.39 t/s avg=788.04 t/s 122.147s
1002 13:13:11 ds4-server: chat ctx=0..200005:200005 prefill chunk 98304/200005 (49.2%) chunk=656.95 t/s avg=784.77 t/s 125.264s
1002 13:13:14 ds4-server: chat ctx=0..200005:200005 prefill chunk 100352/200005 (50.2%) chunk=648.97 t/s avg=781.44 t/s 128.420s
1002 13:13:17 ds4-server: chat ctx=0..200005:200005 prefill chunk 102400/200005 (51.2%) chunk=652.35 t/s avg=778.36 t/s 131.559s
1002 13:13:20 ds4-server: chat ctx=0..200005:200005 prefill chunk 104448/200005 (52.2%) chunk=647.06 t/s avg=775.27 t/s 134.724s
1002 13:13:23 ds4-server: chat ctx=0..200005:200005 prefill chunk 106496/200005 (53.2%) chunk=641.55 t/s avg=772.18 t/s 137.917s
1002 13:13:27 ds4-server: chat ctx=0..200005:200005 prefill chunk 108544/200005 (54.3%) chunk=631.74 t/s avg=768.95 t/s 141.159s
1002 13:13:30 ds4-server: chat ctx=0..200005:200005 prefill chunk 110592/200005 (55.3%) chunk=629.63 t/s avg=765.81 t/s 144.411s
1002 13:13:33 ds4-server: chat ctx=0..200005:200005 prefill chunk 112640/200005 (56.3%) chunk=629.06 t/s avg=762.80 t/s 147.667s
1002 13:13:36 ds4-server: chat ctx=0..200005:200005 prefill chunk 114688/200005 (57.3%) chunk=624.97 t/s avg=759.81 t/s 150.944s
1002 13:13:40 ds4-server: chat ctx=0..200005:200005 prefill chunk 116736/200005 (58.4%) chunk=620.78 t/s avg=756.83 t/s 154.243s
1002 13:13:43 ds4-server: chat ctx=0..200005:200005 prefill chunk 118784/200005 (59.4%) chunk=615.73 t/s avg=753.85 t/s 157.569s
1002 13:13:46 ds4-server: chat ctx=0..200005:200005 prefill chunk 120832/200005 (60.4%) chunk=614.20 t/s avg=750.96 t/s 160.903s
1002 13:13:50 ds4-server: chat ctx=0..200005:200005 prefill chunk 122880/200005 (61.4%) chunk=611.70 t/s avg=748.12 t/s 164.252s
1002 13:13:53 ds4-server: chat ctx=0..200005:200005 prefill chunk 124928/200005 (62.5%) chunk=604.79 t/s avg=745.23 t/s 167.638s
1002 13:13:56 ds4-server: chat ctx=0..200005:200005 prefill chunk 126976/200005 (63.5%) chunk=605.18 t/s avg=742.45 t/s 171.022s
1002 13:14:00 ds4-server: chat ctx=0..200005:200005 prefill chunk 129024/200005 (64.5%) chunk=599.75 t/s avg=739.66 t/s 174.437s
1002 13:14:03 ds4-server: chat ctx=0..200005:200005 prefill chunk 131072/200005 (65.5%) chunk=590.88 t/s avg=736.76 t/s 177.903s
1002 13:14:07 ds4-server: chat ctx=0..200005:200005 prefill chunk 133120/200005 (66.6%) chunk=583.84 t/s avg=733.81 t/s 181.410s
1002 13:14:10 ds4-server: chat ctx=0..200005:200005 prefill chunk 135168/200005 (67.6%) chunk=579.32 t/s avg=730.85 t/s 184.946s
1002 13:14:14 ds4-server: chat ctx=0..200005:200005 prefill chunk 137216/200005 (68.6%) chunk=580.66 t/s avg=728.04 t/s 188.473s
1002 13:14:17 ds4-server: chat ctx=0..200005:200005 prefill chunk 139264/200005 (69.6%) chunk=578.58 t/s avg=725.29 t/s 192.012s
1002 13:14:21 ds4-server: chat ctx=0..200005:200005 prefill chunk 141312/200005 (70.7%) chunk=573.46 t/s avg=722.51 t/s 195.584s
1002 13:14:25 ds4-server: chat ctx=0..200005:200005 prefill chunk 143360/200005 (71.7%) chunk=572.16 t/s avg=719.81 t/s 199.163s
1002 13:14:28 ds4-server: chat ctx=0..200005:200005 prefill chunk 145408/200005 (72.7%) chunk=563.40 t/s avg=717.01 t/s 202.798s
1002 13:14:32 ds4-server: chat ctx=0..200005:200005 prefill chunk 147456/200005 (73.7%) chunk=561.83 t/s avg=714.27 t/s 206.443s
1002 13:14:36 ds4-server: chat ctx=0..200005:200005 prefill chunk 149504/200005 (74.8%) chunk=557.78 t/s avg=711.53 t/s 210.115s
1002 13:14:39 ds4-server: chat ctx=0..200005:200005 prefill chunk 151552/200005 (75.8%) chunk=555.95 t/s avg=708.85 t/s 213.799s
1002 13:14:43 ds4-server: chat ctx=0..200005:200005 prefill chunk 153600/200005 (76.8%) chunk=550.68 t/s avg=706.15 t/s 217.518s
1002 13:14:47 ds4-server: chat ctx=0..200005:200005 prefill chunk 155648/200005 (77.8%) chunk=549.16 t/s avg=703.50 t/s 221.247s
1002 13:14:50 ds4-server: chat ctx=0..200005:200005 prefill chunk 157696/200005 (78.8%) chunk=545.58 t/s avg=700.87 t/s 225.001s
1002 13:14:54 ds4-server: chat ctx=0..200005:200005 prefill chunk 159744/200005 (79.9%) chunk=545.71 t/s avg=698.32 t/s 228.754s
1002 13:14:58 ds4-server: chat ctx=0..200005:200005 prefill chunk 161792/200005 (80.9%) chunk=537.46 t/s avg=695.69 t/s 232.565s
1002 13:15:02 ds4-server: chat ctx=0..200005:200005 prefill chunk 163840/200005 (81.9%) chunk=538.88 t/s avg=693.17 t/s 236.365s
1002 13:15:06 ds4-server: chat ctx=0..200005:200005 prefill chunk 165888/200005 (82.9%) chunk=541.67 t/s avg=690.78 t/s 240.146s
1002 13:15:09 ds4-server: chat ctx=0..200005:200005 prefill chunk 167936/200005 (84.0%) chunk=540.60 t/s avg=688.45 t/s 243.934s
1002 13:15:13 ds4-server: chat ctx=0..200005:200005 prefill chunk 169984/200005 (85.0%) chunk=537.77 t/s avg=686.13 t/s 247.743s
1002 13:15:17 ds4-server: chat ctx=0..200005:200005 prefill chunk 172032/200005 (86.0%) chunk=535.57 t/s avg=683.84 t/s 251.567s
1002 13:15:21 ds4-server: chat ctx=0..200005:200005 prefill chunk 174080/200005 (87.0%) chunk=529.60 t/s avg=681.51 t/s 255.434s
1002 13:15:25 ds4-server: chat ctx=0..200005:200005 prefill chunk 176128/200005 (88.1%) chunk=528.49 t/s avg=679.22 t/s 259.309s
1002 13:15:29 ds4-server: chat ctx=0..200005:200005 prefill chunk 178176/200005 (89.1%) chunk=525.52 t/s avg=676.95 t/s 263.206s
1002 13:15:33 ds4-server: chat ctx=0..200005:200005 prefill chunk 180224/200005 (90.1%) chunk=523.79 t/s avg=674.70 t/s 267.116s
1002 13:15:36 ds4-server: chat ctx=0..200005:200005 prefill chunk 182272/200005 (91.1%) chunk=518.85 t/s avg=672.43 t/s 271.063s
1002 13:15:40 ds4-server: chat ctx=0..200005:200005 prefill chunk 184320/200005 (92.2%) chunk=516.44 t/s avg=670.18 t/s 275.029s
1002 13:15:44 ds4-server: chat ctx=0..200005:200005 prefill chunk 186368/200005 (93.2%) chunk=514.24 t/s avg=667.96 t/s 279.011s
1002 13:15:48 ds4-server: chat ctx=0..200005:200005 prefill chunk 188416/200005 (94.2%) chunk=512.58 t/s avg=665.77 t/s 283.007s
1002 13:15:52 ds4-server: chat ctx=0..200005:200005 prefill chunk 190464/200005 (95.2%) chunk=507.79 t/s avg=663.55 t/s 287.040s
1002 13:15:56 ds4-server: chat ctx=0..200005:200005 prefill chunk 192512/200005 (96.3%) chunk=506.04 t/s avg=661.36 t/s 291.087s
1002 13:16:01 ds4-server: chat ctx=0..200005:200005 prefill chunk 194560/200005 (97.3%) chunk=503.66 t/s avg=659.18 t/s 295.153s
1002 13:16:05 ds4-server: chat ctx=0..200005:200005 prefill chunk 196608/200005 (98.3%) chunk=501.65 t/s avg=657.03 t/s 299.236s
1002 13:16:09 ds4-server: chat ctx=0..200005:200005 prefill chunk 198656/200005 (99.3%) chunk=497.02 t/s avg=654.86 t/s 303.356s
1002 13:16:13 ds4-server: chat ctx=0..200005:200005 prefill chunk 200005/200005 (100.0%) chunk=342.96 t/s avg=650.87 t/s 307.290s
1002 13:16:13 ds4-server: chat ctx=0..200005:200005 prompt done 307.290s
1002 13:16:13 ds4-server: chat ctx=200005..200019:14 gen=14 decoding chunk=37.06 t/s avg=37.06 t/s 0.378s
1002 13:16:13 ds4-server: chat ctx=0..200005:200005 gen=14 finish=stop 307.668s
1002 13:16:13 ds4-server: live kv cache miss live=200019 prompt=200004 common=30 vision=match reason=token-mismatch
1002 13:16:13 ds4-server: chat ctx=0..200004:200004 prompt start
1002 13:16:13 ds4-server: chat ctx=0..200004:200004 prefill chunk 0/200004 (0.0%) chunk=0.00 t/s avg=0.00 t/s 0.000s
1002 13:16:15 ds4-server: chat ctx=0..200004:200004 prefill chunk 2048/200004 (1.0%) chunk=1037.78 t/s avg=1037.71 t/s 1.974s
1002 13:16:17 ds4-server: chat ctx=0..200004:200004 prefill chunk 4096/200004 (2.0%) chunk=960.73 t/s avg=997.74 t/s 4.105s
1002 13:16:19 ds4-server: chat ctx=0..200004:200004 prefill chunk 6144/200004 (3.1%) chunk=952.76 t/s avg=982.28 t/s 6.255s
1002 13:16:22 ds4-server: chat ctx=0..200004:200004 prefill chunk 8192/200004 (4.1%) chunk=949.24 t/s avg=973.81 t/s 8.412s
1002 13:16:24 ds4-server: chat ctx=0..200004:200004 prefill chunk 10240/200004 (5.1%) chunk=931.83 t/s avg=965.11 t/s 10.610s
1002 13:16:26 ds4-server: chat ctx=0..200004:200004 prefill chunk 12288/200004 (6.1%) chunk=926.11 t/s avg=958.38 t/s 12.822s
1002 13:16:28 ds4-server: chat ctx=0..200004:200004 prefill chunk 14336/200004 (7.2%) chunk=919.85 t/s avg=952.68 t/s 15.048s
1002 13:16:30 ds4-server: chat ctx=0..200004:200004 prefill chunk 16384/200004 (8.2%) chunk=915.48 t/s avg=947.87 t/s 17.285s
1002 13:16:33 ds4-server: chat ctx=0..200004:200004 prefill chunk 18432/200004 (9.2%) chunk=899.32 t/s avg=942.22 t/s 19.562s
1002 13:16:35 ds4-server: chat ctx=0..200004:200004 prefill chunk 20480/200004 (10.2%) chunk=895.10 t/s avg=937.28 t/s 21.850s
1002 13:16:37 ds4-server: chat ctx=0..200004:200004 prefill chunk 22528/200004 (11.3%) chunk=887.83 t/s avg=932.56 t/s 24.157s
1002 13:16:40 ds4-server: chat ctx=0..200004:200004 prefill chunk 24576/200004 (12.3%) chunk=884.80 t/s avg=928.38 t/s 26.472s
1002 13:16:42 ds4-server: chat ctx=0..200004:200004 prefill chunk 26624/200004 (13.3%) chunk=869.02 t/s avg=923.53 t/s 28.829s
1002 13:16:44 ds4-server: chat ctx=0..200004:200004 prefill chunk 28672/200004 (14.3%) chunk=863.38 t/s avg=918.96 t/s 31.201s
1002 13:16:47 ds4-server: chat ctx=0..200004:200004 prefill chunk 30720/200004 (15.4%) chunk=856.58 t/s avg=914.52 t/s 33.591s
1002 13:16:49 ds4-server: chat ctx=0..200004:200004 prefill chunk 32768/200004 (16.4%) chunk=852.44 t/s avg=910.37 t/s 35.994s
1002 13:16:52 ds4-server: chat ctx=0..200004:200004 prefill chunk 34816/200004 (17.4%) chunk=838.06 t/s avg=905.78 t/s 38.438s
1002 13:16:54 ds4-server: chat ctx=0..200004:200004 prefill chunk 36864/200004 (18.4%) chunk=833.27 t/s avg=901.42 t/s 40.896s
1002 13:16:57 ds4-server: chat ctx=0..200004:200004 prefill chunk 38912/200004 (19.5%) chunk=826.95 t/s avg=897.17 t/s 43.372s
1002 13:16:59 ds4-server: chat ctx=0..200004:200004 prefill chunk 40960/200004 (20.5%) chunk=823.34 t/s avg=893.16 t/s 45.860s
1002 13:17:02 ds4-server: chat ctx=0..200004:200004 prefill chunk 43008/200004 (21.5%) chunk=800.75 t/s avg=888.28 t/s 48.417s
1002 13:17:04 ds4-server: chat ctx=0..200004:200004 prefill chunk 45056/200004 (22.5%) chunk=795.09 t/s avg=883.57 t/s 50.993s
1002 13:17:07 ds4-server: chat ctx=0..200004:200004 prefill chunk 47104/200004 (23.6%) chunk=786.48 t/s avg=878.86 t/s 53.597s
1002 13:17:09 ds4-server: chat ctx=0..200004:200004 prefill chunk 49152/200004 (24.6%) chunk=786.64 t/s avg=874.58 t/s 56.200s
1002 13:17:12 ds4-server: chat ctx=0..200004:200004 prefill chunk 51200/200004 (25.6%) chunk=775.30 t/s avg=870.13 t/s 58.842s
1002 13:17:15 ds4-server: chat ctx=0..200004:200004 prefill chunk 53248/200004 (26.6%) chunk=768.03 t/s avg=865.70 t/s 61.509s
1002 13:17:17 ds4-server: chat ctx=0..200004:200004 prefill chunk 55296/200004 (27.6%) chunk=763.96 t/s avg=861.45 t/s 64.189s
1002 13:17:20 ds4-server: chat ctx=0..200004:200004 prefill chunk 57344/200004 (28.7%) chunk=762.42 t/s avg=857.47 t/s 66.876s
1002 13:17:23 ds4-server: chat ctx=0..200004:200004 prefill chunk 59392/200004 (29.7%) chunk=755.59 t/s avg=853.51 t/s 69.586s
1002 13:17:25 ds4-server: chat ctx=0..200004:200004 prefill chunk 61440/200004 (30.7%) chunk=749.13 t/s avg=849.56 t/s 72.320s
1002 13:17:28 ds4-server: chat ctx=0..200004:200004 prefill chunk 63488/200004 (31.7%) chunk=734.67 t/s avg=845.30 t/s 75.107s
1002 13:17:31 ds4-server: chat ctx=0..200004:200004 prefill chunk 65536/200004 (32.8%) chunk=736.17 t/s avg=841.40 t/s 77.889s
1002 13:17:34 ds4-server: chat ctx=0..200004:200004 prefill chunk 67584/200004 (33.8%) chunk=726.36 t/s avg=837.38 t/s 80.709s
1002 13:17:37 ds4-server: chat ctx=0..200004:200004 prefill chunk 69632/200004 (34.8%) chunk=722.92 t/s avg=833.50 t/s 83.542s
1002 13:17:40 ds4-server: chat ctx=0..200004:200004 prefill chunk 71680/200004 (35.8%) chunk=722.96 t/s avg=829.87 t/s 86.375s
1002 13:17:42 ds4-server: chat ctx=0..200004:200004 prefill chunk 73728/200004 (36.9%) chunk=714.65 t/s avg=826.17 t/s 89.240s
1002 13:17:45 ds4-server: chat ctx=0..200004:200004 prefill chunk 75776/200004 (37.9%) chunk=702.59 t/s avg=822.26 t/s 92.155s
1002 13:17:48 ds4-server: chat ctx=0..200004:200004 prefill chunk 77824/200004 (38.9%) chunk=705.83 t/s avg=818.71 t/s 95.057s
1002 13:17:51 ds4-server: chat ctx=0..200004:200004 prefill chunk 79872/200004 (39.9%) chunk=693.75 t/s avg=814.95 t/s 98.009s
1002 13:17:54 ds4-server: chat ctx=0..200004:200004 prefill chunk 81920/200004 (41.0%) chunk=692.51 t/s avg=811.36 t/s 100.966s
1002 13:17:57 ds4-server: chat ctx=0..200004:200004 prefill chunk 83968/200004 (42.0%) chunk=687.19 t/s avg=807.80 t/s 103.947s
1002 13:18:00 ds4-server: chat ctx=0..200004:200004 prefill chunk 86016/200004 (43.0%) chunk=683.59 t/s avg=804.32 t/s 106.943s
1002 13:18:03 ds4-server: chat ctx=0..200004:200004 prefill chunk 88064/200004 (44.0%) chunk=679.15 t/s avg=800.89 t/s 109.958s
1002 13:18:06 ds4-server: chat ctx=0..200004:200004 prefill chunk 90112/200004 (45.1%) chunk=675.54 t/s avg=797.52 t/s 112.990s
1002 13:18:09 ds4-server: chat ctx=0..200004:200004 prefill chunk 92160/200004 (46.1%) chunk=665.55 t/s avg=794.02 t/s 116.067s
1002 13:18:12 ds4-server: chat ctx=0..200004:200004 prefill chunk 94208/200004 (47.1%) chunk=667.93 t/s avg=790.78 t/s 119.133s
1002 13:18:15 ds4-server: chat ctx=0..200004:200004 prefill chunk 96256/200004 (48.1%) chunk=661.60 t/s avg=787.51 t/s 122.229s
1002 13:18:18 ds4-server: chat ctx=0..200004:200004 prefill chunk 98304/200004 (49.2%) chunk=655.98 t/s avg=784.23 t/s 125.351s
1002 13:18:22 ds4-server: chat ctx=0..200004:200004 prefill chunk 100352/200004 (50.2%) chunk=650.52 t/s avg=780.96 t/s 128.499s
1002 13:18:25 ds4-server: chat ctx=0..200004:200004 prefill chunk 102400/200004 (51.2%) chunk=652.17 t/s avg=777.88 t/s 131.639s
1002 13:18:28 ds4-server: chat ctx=0..200004:200004 prefill chunk 104448/200004 (52.2%) chunk=646.89 t/s avg=774.81 t/s 134.805s
1002 13:18:31 ds4-server: chat ctx=0..200004:200004 prefill chunk 106496/200004 (53.2%) chunk=643.32 t/s avg=771.77 t/s 137.989s
1002 13:18:34 ds4-server: chat ctx=0..200004:200004 prefill chunk 108544/200004 (54.3%) chunk=632.45 t/s avg=768.58 t/s 141.227s
1002 13:18:38 ds4-server: chat ctx=0..200004:200004 prefill chunk 110592/200004 (55.3%) chunk=630.03 t/s avg=765.46 t/s 144.477s
1002 13:18:41 ds4-server: chat ctx=0..200004:200004 prefill chunk 112640/200004 (56.3%) chunk=624.11 t/s avg=762.32 t/s 147.759s
1002 13:18:44 ds4-server: chat ctx=0..200004:200004 prefill chunk 114688/200004 (57.3%) chunk=623.84 t/s avg=759.31 t/s 151.042s
1002 13:18:48 ds4-server: chat ctx=0..200004:200004 prefill chunk 116736/200004 (58.4%) chunk=616.29 t/s avg=756.23 t/s 154.365s
1002 13:18:51 ds4-server: chat ctx=0..200004:200004 prefill chunk 118784/200004 (59.4%) chunk=610.90 t/s avg=753.15 t/s 157.717s
1002 13:18:54 ds4-server: chat ctx=0..200004:200004 prefill chunk 120832/200004 (60.4%) chunk=609.55 t/s avg=750.15 t/s 161.077s
1002 13:18:58 ds4-server: chat ctx=0..200004:200004 prefill chunk 122880/200004 (61.4%) chunk=610.39 t/s avg=747.30 t/s 164.432s
1002 13:19:01 ds4-server: chat ctx=0..200004:200004 prefill chunk 124928/200004 (62.5%) chunk=602.97 t/s avg=744.38 t/s 167.829s
1002 13:19:04 ds4-server: chat ctx=0..200004:200004 prefill chunk 126976/200004 (63.5%) chunk=600.32 t/s avg=741.51 t/s 171.240s
1002 13:19:08 ds4-server: chat ctx=0..200004:200004 prefill chunk 129024/200004 (64.5%) chunk=594.25 t/s avg=738.60 t/s 174.687s
1002 13:19:11 ds4-server: chat ctx=0..200004:200004 prefill chunk 131072/200004 (65.5%) chunk=593.41 t/s avg=735.79 t/s 178.138s
1002 13:19:15 ds4-server: chat ctx=0..200004:200004 prefill chunk 133120/200004 (66.6%) chunk=583.62 t/s avg=732.85 t/s 181.647s
1002 13:19:18 ds4-server: chat ctx=0..200004:200004 prefill chunk 135168/200004 (67.6%) chunk=582.87 t/s avg=730.00 t/s 185.161s
1002 13:19:22 ds4-server: chat ctx=0..200004:200004 prefill chunk 137216/200004 (68.6%) chunk=579.14 t/s avg=727.18 t/s 188.697s
1002 13:19:25 ds4-server: chat ctx=0..200004:200004 prefill chunk 139264/200004 (69.6%) chunk=574.56 t/s avg=724.35 t/s 192.261s
1002 13:19:29 ds4-server: chat ctx=0..200004:200004 prefill chunk 141312/200004 (70.7%) chunk=562.49 t/s avg=721.34 t/s 195.902s
1002 13:19:33 ds4-server: chat ctx=0..200004:200004 prefill chunk 143360/200004 (71.7%) chunk=567.83 t/s avg=718.56 t/s 199.509s
1002 13:19:36 ds4-server: chat ctx=0..200004:200004 prefill chunk 145408/200004 (72.7%) chunk=564.51 t/s avg=715.81 t/s 203.137s
1002 13:19:40 ds4-server: chat ctx=0..200004:200004 prefill chunk 147456/200004 (73.7%) chunk=566.57 t/s avg=713.20 t/s 206.752s
1002 13:19:44 ds4-server: chat ctx=0..200004:200004 prefill chunk 149504/200004 (74.8%) chunk=563.06 t/s avg=710.61 t/s 210.389s
1002 13:19:47 ds4-server: chat ctx=0..200004:200004 prefill chunk 151552/200004 (75.8%) chunk=554.17 t/s avg=707.91 t/s 214.085s
1002 13:19:51 ds4-server: chat ctx=0..200004:200004 prefill chunk 153600/200004 (76.8%) chunk=546.59 t/s avg=705.13 t/s 217.832s
1002 13:19:55 ds4-server: chat ctx=0..200004:200004 prefill chunk 155648/200004 (77.8%) chunk=550.73 t/s avg=702.54 t/s 221.550s
1002 13:19:58 ds4-server: chat ctx=0..200004:200004 prefill chunk 157696/200004 (78.8%) chunk=550.27 t/s avg=700.02 t/s 225.272s
1002 13:20:02 ds4-server: chat ctx=0..200004:200004 prefill chunk 159744/200004 (79.9%) chunk=548.25 t/s avg=697.55 t/s 229.008s
1002 13:20:06 ds4-server: chat ctx=0..200004:200004 prefill chunk 161792/200004 (80.9%) chunk=547.32 t/s avg=695.13 t/s 232.749s
1002 13:20:10 ds4-server: chat ctx=0..200004:200004 prefill chunk 163840/200004 (81.9%) chunk=548.01 t/s avg=692.81 t/s 236.487s
1002 13:20:13 ds4-server: chat ctx=0..200004:200004 prefill chunk 165888/200004 (82.9%) chunk=542.25 t/s avg=690.44 t/s 240.263s
1002 13:20:17 ds4-server: chat ctx=0..200004:200004 prefill chunk 167936/200004 (84.0%) chunk=540.62 t/s avg=688.12 t/s 244.052s
1002 13:20:21 ds4-server: chat ctx=0..200004:200004 prefill chunk 169984/200004 (85.0%) chunk=538.24 t/s avg=685.82 t/s 247.857s
1002 13:20:25 ds4-server: chat ctx=0..200004:200004 prefill chunk 172032/200004 (86.0%) chunk=535.46 t/s avg=683.53 t/s 251.681s
1002 13:20:29 ds4-server: chat ctx=0..200004:200004 prefill chunk 174080/200004 (87.0%) chunk=530.49 t/s avg=681.22 t/s 255.542s
1002 13:20:33 ds4-server: chat ctx=0..200004:200004 prefill chunk 176128/200004 (88.1%) chunk=528.42 t/s avg=678.94 t/s 259.418s
1002 13:20:36 ds4-server: chat ctx=0..200004:200004 prefill chunk 178176/200004 (89.1%) chunk=525.82 t/s avg=676.67 t/s 263.313s
1002 13:20:40 ds4-server: chat ctx=0..200004:200004 prefill chunk 180224/200004 (90.1%) chunk=523.40 t/s avg=674.43 t/s 267.225s
1002 13:20:44 ds4-server: chat ctx=0..200004:200004 prefill chunk 182272/200004 (91.1%) chunk=518.92 t/s avg=672.16 t/s 271.172s
1002 13:20:48 ds4-server: chat ctx=0..200004:200004 prefill chunk 184320/200004 (92.2%) chunk=516.99 t/s avg=669.93 t/s 275.133s
1002 13:20:52 ds4-server: chat ctx=0..200004:200004 prefill chunk 186368/200004 (93.2%) chunk=514.58 t/s avg=667.71 t/s 279.113s
1002 13:20:56 ds4-server: chat ctx=0..200004:200004 prefill chunk 188416/200004 (94.2%) chunk=513.00 t/s avg=665.53 t/s 283.106s
1002 13:21:00 ds4-server: chat ctx=0..200004:200004 prefill chunk 190464/200004 (95.2%) chunk=507.42 t/s avg=663.31 t/s 287.142s
1002 13:21:04 ds4-server: chat ctx=0..200004:200004 prefill chunk 192512/200004 (96.3%) chunk=505.87 t/s avg=661.12 t/s 291.190s
1002 13:21:08 ds4-server: chat ctx=0..200004:200004 prefill chunk 194560/200004 (97.3%) chunk=503.64 t/s avg=658.95 t/s 295.257s
1002 13:21:12 ds4-server: chat ctx=0..200004:200004 prefill chunk 196608/200004 (98.3%) chunk=502.02 t/s avg=656.81 t/s 299.336s
1002 13:21:17 ds4-server: chat ctx=0..200004:200004 prefill chunk 198656/200004 (99.3%) chunk=496.88 t/s avg=654.64 t/s 303.458s
1002 13:21:20 ds4-server: chat ctx=0..200004:200004 prefill chunk 200004/200004 (100.0%) chunk=435.16 t/s avg=652.42 t/s 306.556s
1002 13:21:20 ds4-server: chat ctx=0..200004:200004 prompt done 306.556s
1002 13:21:20 ds4-server: chat ctx=200004..200019:15 gen=15 decoding chunk=37.09 t/s avg=37.09 t/s 0.404s
1002 13:21:20 ds4-server: chat ctx=0..200004:200004 gen=15 finish=stop 306.961s
1002 13:21:20 ds4-server: shutdown requested, draining requests
