ds4: Metal device Apple M5 Ultra, 256.00 GiB RAM
ds4: Metal 4 tensor API enabled for Tensor kernels
ds4: drift-patch flags hc_stable=on norm_unify=on kv_raw_f32=off rope_exp2_log2=off math_safe=off tensor_matmul=on
ds4: Metal model views created in 4.583 ms, residency requested in 784.018 ms, warmup 5.682 ms (mapped 157001.67 MiB from offset 5.09 MiB)
ds4: Metal mapped mmaped model as 1 overlapping shared buffers
ds4: metal backend initialized for graph diagnostics
ds4: memory: KV 0.31 GiB (raw 0.19 + compressed 0.13) + buffers 0.06 GiB + resident model 153.32 GiB = 153.70 GiB planned
ds4: memory detail: ctx=16384 prefill_cap=2048 raw_kv_rows=2304 compressed_kv_rows=4098 backend=metal
1003 02:09:57 ds4-server: context buffers 387.14 MiB (ctx=16384, backend=metal, prefill_chunk=2048, raw_kv_rows=2304, compressed_kv_rows=4098)
1003 02:09:57 ds4-server: listening on http://127.0.0.1:18185
1003 02:09:57 ds4-server: chat ctx=0..8201:8201 prompt start
1003 02:09:57 ds4-server: chat ctx=0..8201:8201 prefill chunk 0/8201 (0.0%) chunk=0.00 t/s avg=0.00 t/s 0.000s
1003 02:09:59 ds4-server: chat ctx=0..8201:8201 prefill chunk 2048/8201 (25.0%) chunk=1016.38 t/s avg=1016.22 t/s 2.015s
1003 02:10:02 ds4-server: chat ctx=0..8201:8201 prefill chunk 4096/8201 (49.9%) chunk=967.70 t/s avg=991.37 t/s 4.132s
1003 02:10:04 ds4-server: chat ctx=0..8201:8201 prefill chunk 6144/8201 (74.9%) chunk=960.66 t/s avg=980.92 t/s 6.264s
1003 02:10:06 ds4-server: chat ctx=0..8201:8201 prefill chunk 8192/8201 (99.9%) chunk=956.34 t/s avg=974.65 t/s 8.405s
1003 02:10:06 ds4-server: chat ctx=0..8201:8201 prefill chunk 8201/8201 (100.0%) chunk=43.05 t/s avg=952.04 t/s 8.614s
1003 02:10:06 ds4-server: chat ctx=0..8201:8201 prompt done 8.614s
1003 02:10:07 ds4-server: chat ctx=8201..8251:50 gen=50 decoding chunk=55.27 t/s avg=55.27 t/s 0.905s
1003 02:10:08 ds4-server: chat ctx=8251..8301:50 gen=100 decoding chunk=55.69 t/s avg=55.48 t/s 1.802s
1003 02:10:09 ds4-server: chat ctx=8301..8351:50 gen=150 decoding chunk=55.54 t/s avg=55.50 t/s 2.703s
1003 02:10:10 ds4-server: chat ctx=8351..8401:50 gen=200 decoding chunk=55.55 t/s avg=55.51 t/s 3.603s
1003 02:10:11 ds4-server: chat ctx=8401..8451:50 gen=250 decoding chunk=55.41 t/s avg=55.49 t/s 4.505s
1003 02:10:11 ds4-server: chat ctx=8451..8457:6 gen=256 decoding chunk=55.37 t/s avg=55.49 t/s 4.613s
1003 02:10:11 ds4-server: chat ctx=0..8201:8201 gen=256 finish=length 13.228s
1003 02:10:11 ds4-server: live kv cache miss live=8457 prompt=8201 common=17 vision=match reason=token-mismatch
1003 02:10:11 ds4-server: chat ctx=0..8201:8201 prompt start
1003 02:10:11 ds4-server: chat ctx=0..8201:8201 prefill chunk 0/8201 (0.0%) chunk=0.00 t/s avg=0.00 t/s 0.000s
1003 02:10:13 ds4-server: chat ctx=0..8201:8201 prefill chunk 2048/8201 (25.0%) chunk=1040.20 t/s avg=1040.13 t/s 1.969s
1003 02:10:15 ds4-server: chat ctx=0..8201:8201 prefill chunk 4096/8201 (49.9%) chunk=968.84 t/s avg=1003.22 t/s 4.083s
1003 02:10:17 ds4-server: chat ctx=0..8201:8201 prefill chunk 6144/8201 (74.9%) chunk=960.73 t/s avg=988.64 t/s 6.215s
1003 02:10:19 ds4-server: chat ctx=0..8201:8201 prefill chunk 8192/8201 (99.9%) chunk=956.67 t/s avg=980.45 t/s 8.355s
1003 02:10:19 ds4-server: chat ctx=0..8201:8201 prefill chunk 8201/8201 (100.0%) chunk=66.93 t/s avg=965.98 t/s 8.490s
1003 02:10:19 ds4-server: chat ctx=0..8201:8201 prompt done 8.490s
1003 02:10:20 ds4-server: chat ctx=8201..8251:50 gen=50 decoding chunk=55.65 t/s avg=55.65 t/s 0.898s
1003 02:10:21 ds4-server: chat ctx=8251..8301:50 gen=100 decoding chunk=55.58 t/s avg=55.62 t/s 1.798s
1003 02:10:22 ds4-server: chat ctx=8301..8351:50 gen=150 decoding chunk=55.49 t/s avg=55.57 t/s 2.699s
1003 02:10:23 ds4-server: chat ctx=8351..8401:50 gen=200 decoding chunk=55.51 t/s avg=55.56 t/s 3.600s
1003 02:10:24 ds4-server: chat ctx=8401..8451:50 gen=250 decoding chunk=55.44 t/s avg=55.53 t/s 4.502s
1003 02:10:24 ds4-server: chat ctx=8451..8457:6 gen=256 decoding chunk=55.32 t/s avg=55.53 t/s 4.610s
1003 02:10:24 ds4-server: chat ctx=0..8201:8201 gen=256 finish=length 13.100s
1003 02:10:24 ds4-server: live kv cache miss live=8457 prompt=8201 common=17 vision=match reason=token-mismatch
1003 02:10:24 ds4-server: chat ctx=0..8201:8201 prompt start
1003 02:10:24 ds4-server: chat ctx=0..8201:8201 prefill chunk 0/8201 (0.0%) chunk=0.00 t/s avg=0.00 t/s 0.000s
1003 02:10:26 ds4-server: chat ctx=0..8201:8201 prefill chunk 2048/8201 (25.0%) chunk=1040.12 t/s avg=1040.04 t/s 1.969s
1003 02:10:28 ds4-server: chat ctx=0..8201:8201 prefill chunk 4096/8201 (49.9%) chunk=968.40 t/s avg=1002.94 t/s 4.084s
1003 02:10:30 ds4-server: chat ctx=0..8201:8201 prefill chunk 6144/8201 (74.9%) chunk=960.60 t/s avg=988.42 t/s 6.216s
1003 02:10:32 ds4-server: chat ctx=0..8201:8201 prefill chunk 8192/8201 (99.9%) chunk=955.76 t/s avg=980.05 t/s 8.359s
1003 02:10:32 ds4-server: chat ctx=0..8201:8201 prefill chunk 8201/8201 (100.0%) chunk=66.84 t/s avg=965.57 t/s 8.493s
1003 02:10:32 ds4-server: chat ctx=0..8201:8201 prompt done 8.493s
1003 02:10:33 ds4-server: chat ctx=8201..8251:50 gen=50 decoding chunk=55.61 t/s avg=55.61 t/s 0.899s
1003 02:10:34 ds4-server: chat ctx=8251..8301:50 gen=100 decoding chunk=55.60 t/s avg=55.61 t/s 1.798s
1003 02:10:35 ds4-server: chat ctx=8301..8351:50 gen=150 decoding chunk=55.43 t/s avg=55.55 t/s 2.700s
1003 02:10:36 ds4-server: chat ctx=8351..8401:50 gen=200 decoding chunk=55.44 t/s avg=55.52 t/s 3.602s
1003 02:10:37 ds4-server: chat ctx=8401..8451:50 gen=250 decoding chunk=55.35 t/s avg=55.49 t/s 4.506s
1003 02:10:37 ds4-server: chat ctx=8451..8457:6 gen=256 decoding chunk=55.33 t/s avg=55.48 t/s 4.614s
1003 02:10:37 ds4-server: chat ctx=0..8201:8201 gen=256 finish=length 13.108s
1003 02:10:37 ds4-server: live kv cache miss live=8457 prompt=8201 common=17 vision=match reason=token-mismatch
1003 02:10:37 ds4-server: chat ctx=0..8201:8201 prompt start
1003 02:10:37 ds4-server: chat ctx=0..8201:8201 prefill chunk 0/8201 (0.0%) chunk=0.00 t/s avg=0.00 t/s 0.000s
1003 02:10:39 ds4-server: chat ctx=0..8201:8201 prefill chunk 2048/8201 (25.0%) chunk=1039.20 t/s avg=1039.13 t/s 1.971s
1003 02:10:41 ds4-server: chat ctx=0..8201:8201 prefill chunk 4096/8201 (49.9%) chunk=967.40 t/s avg=1001.98 t/s 4.088s
1003 02:10:43 ds4-server: chat ctx=0..8201:8201 prefill chunk 6144/8201 (74.9%) chunk=960.47 t/s avg=987.75 t/s 6.220s
1003 02:10:45 ds4-server: chat ctx=0..8201:8201 prefill chunk 8192/8201 (99.9%) chunk=955.42 t/s avg=979.46 t/s 8.364s
1003 02:10:45 ds4-server: chat ctx=0..8201:8201 prefill chunk 8201/8201 (100.0%) chunk=66.83 t/s avg=965.00 t/s 8.498s
1003 02:10:45 ds4-server: chat ctx=0..8201:8201 prompt done 8.498s
1003 02:10:46 ds4-server: chat ctx=8201..8251:50 gen=50 decoding chunk=55.57 t/s avg=55.57 t/s 0.900s
1003 02:10:47 ds4-server: chat ctx=8251..8301:50 gen=100 decoding chunk=55.61 t/s avg=55.59 t/s 1.799s
1003 02:10:48 ds4-server: chat ctx=8301..8351:50 gen=150 decoding chunk=55.48 t/s avg=55.55 t/s 2.700s
1003 02:10:49 ds4-server: chat ctx=8351..8401:50 gen=200 decoding chunk=55.42 t/s avg=55.52 t/s 3.602s
1003 02:10:50 ds4-server: chat ctx=8401..8451:50 gen=250 decoding chunk=55.39 t/s avg=55.49 t/s 4.505s
1003 02:10:50 ds4-server: chat ctx=8451..8457:6 gen=256 decoding chunk=55.30 t/s avg=55.49 t/s 4.613s
1003 02:10:50 ds4-server: chat ctx=0..8201:8201 gen=256 finish=length 13.112s
1003 02:10:50 ds4-server: live kv cache miss live=8457 prompt=8201 common=17 vision=match reason=token-mismatch
1003 02:10:50 ds4-server: chat ctx=0..8201:8201 prompt start
1003 02:10:50 ds4-server: chat ctx=0..8201:8201 prefill chunk 0/8201 (0.0%) chunk=0.00 t/s avg=0.00 t/s 0.000s
1003 02:10:52 ds4-server: chat ctx=0..8201:8201 prefill chunk 2048/8201 (25.0%) chunk=1038.77 t/s avg=1038.70 t/s 1.972s
1003 02:10:54 ds4-server: chat ctx=0..8201:8201 prefill chunk 4096/8201 (49.9%) chunk=969.05 t/s avg=1002.67 t/s 4.085s
1003 02:10:56 ds4-server: chat ctx=0..8201:8201 prefill chunk 6144/8201 (74.9%) chunk=960.55 t/s avg=988.22 t/s 6.217s
1003 02:10:58 ds4-server: chat ctx=0..8201:8201 prefill chunk 8192/8201 (99.9%) chunk=953.96 t/s avg=979.43 t/s 8.364s
1003 02:10:58 ds4-server: chat ctx=0..8201:8201 prefill chunk 8201/8201 (100.0%) chunk=66.90 t/s avg=964.98 t/s 8.499s
1003 02:10:58 ds4-server: chat ctx=0..8201:8201 prompt done 8.499s
1003 02:10:59 ds4-server: chat ctx=8201..8251:50 gen=50 decoding chunk=55.67 t/s avg=55.67 t/s 0.898s
1003 02:11:00 ds4-server: chat ctx=8251..8301:50 gen=100 decoding chunk=55.58 t/s avg=55.62 t/s 1.798s
1003 02:11:01 ds4-server: chat ctx=8301..8351:50 gen=150 decoding chunk=55.43 t/s avg=55.56 t/s 2.700s
1003 02:11:02 ds4-server: chat ctx=8351..8401:50 gen=200 decoding chunk=55.42 t/s avg=55.53 t/s 3.602s
1003 02:11:03 ds4-server: chat ctx=8401..8451:50 gen=250 decoding chunk=55.39 t/s avg=55.50 t/s 4.505s
1003 02:11:03 ds4-server: chat ctx=8451..8457:6 gen=256 decoding chunk=55.35 t/s avg=55.49 t/s 4.613s
1003 02:11:03 ds4-server: chat ctx=0..8201:8201 gen=256 finish=length 13.112s
1003 02:11:03 ds4-server: live kv cache miss live=8457 prompt=8201 common=17 vision=match reason=token-mismatch
1003 02:11:03 ds4-server: chat ctx=0..8201:8201 prompt start
1003 02:11:03 ds4-server: chat ctx=0..8201:8201 prefill chunk 0/8201 (0.0%) chunk=0.00 t/s avg=0.00 t/s 0.000s
1003 02:11:05 ds4-server: chat ctx=0..8201:8201 prefill chunk 2048/8201 (25.0%) chunk=1039.90 t/s avg=1039.82 t/s 1.970s
1003 02:11:07 ds4-server: chat ctx=0..8201:8201 prefill chunk 4096/8201 (49.9%) chunk=967.48 t/s avg=1002.35 t/s 4.086s
1003 02:11:09 ds4-server: chat ctx=0..8201:8201 prefill chunk 6144/8201 (74.9%) chunk=960.01 t/s avg=987.82 t/s 6.220s
1003 02:11:11 ds4-server: chat ctx=0..8201:8201 prefill chunk 8192/8201 (99.9%) chunk=955.91 t/s avg=979.65 t/s 8.362s
1003 02:11:12 ds4-server: chat ctx=0..8201:8201 prefill chunk 8201/8201 (100.0%) chunk=66.67 t/s avg=965.14 t/s 8.497s
1003 02:11:12 ds4-server: chat ctx=0..8201:8201 prompt done 8.497s
1003 02:11:12 ds4-server: chat ctx=8201..8251:50 gen=50 decoding chunk=55.54 t/s avg=55.54 t/s 0.900s
1003 02:11:13 ds4-server: chat ctx=8251..8301:50 gen=100 decoding chunk=55.55 t/s avg=55.54 t/s 1.800s
1003 02:11:14 ds4-server: chat ctx=8301..8351:50 gen=150 decoding chunk=55.43 t/s avg=55.51 t/s 2.702s
1003 02:11:15 ds4-server: chat ctx=8351..8401:50 gen=200 decoding chunk=55.41 t/s avg=55.48 t/s 3.605s
1003 02:11:16 ds4-server: chat ctx=8401..8451:50 gen=250 decoding chunk=55.34 t/s avg=55.45 t/s 4.508s
1003 02:11:16 ds4-server: chat ctx=8451..8457:6 gen=256 decoding chunk=54.99 t/s avg=55.44 t/s 4.617s
1003 02:11:16 ds4-server: chat ctx=0..8201:8201 gen=256 finish=length 13.115s
1003 02:11:16 ds4-server: live kv cache miss live=8457 prompt=8201 common=17 vision=match reason=token-mismatch
1003 02:11:16 ds4-server: chat ctx=0..8201:8201 prompt start
1003 02:11:16 ds4-server: chat ctx=0..8201:8201 prefill chunk 0/8201 (0.0%) chunk=0.00 t/s avg=0.00 t/s 0.000s
1003 02:11:18 ds4-server: chat ctx=0..8201:8201 prefill chunk 2048/8201 (25.0%) chunk=1040.36 t/s avg=1040.28 t/s 1.969s
1003 02:11:20 ds4-server: chat ctx=0..8201:8201 prefill chunk 4096/8201 (49.9%) chunk=968.59 t/s avg=1003.16 t/s 4.083s
1003 02:11:22 ds4-server: chat ctx=0..8201:8201 prefill chunk 6144/8201 (74.9%) chunk=960.52 t/s avg=988.53 t/s 6.215s
1003 02:11:25 ds4-server: chat ctx=0..8201:8201 prefill chunk 8192/8201 (99.9%) chunk=956.24 t/s avg=980.25 t/s 8.357s
1003 02:11:25 ds4-server: chat ctx=0..8201:8201 prefill chunk 8201/8201 (100.0%) chunk=66.63 t/s avg=965.72 t/s 8.492s
1003 02:11:25 ds4-server: chat ctx=0..8201:8201 prompt done 8.492s
1003 02:11:26 ds4-server: chat ctx=8201..8251:50 gen=50 decoding chunk=55.55 t/s avg=55.55 t/s 0.900s
1003 02:11:26 ds4-server: chat ctx=8251..8301:50 gen=100 decoding chunk=55.49 t/s avg=55.52 t/s 1.801s
1003 02:11:27 ds4-server: chat ctx=8301..8351:50 gen=150 decoding chunk=55.35 t/s avg=55.46 t/s 2.704s
1003 02:11:28 ds4-server: chat ctx=8351..8401:50 gen=200 decoding chunk=55.33 t/s avg=55.43 t/s 3.608s
1003 02:11:29 ds4-server: chat ctx=8401..8451:50 gen=250 decoding chunk=55.30 t/s avg=55.40 t/s 4.512s
1003 02:11:29 ds4-server: chat ctx=8451..8457:6 gen=256 decoding chunk=55.26 t/s avg=55.40 t/s 4.621s
1003 02:11:29 ds4-server: chat ctx=0..8201:8201 gen=256 finish=length 13.113s
1003 02:11:29 ds4-server: live kv cache miss live=8457 prompt=8201 common=17 vision=match reason=token-mismatch
1003 02:11:29 ds4-server: chat ctx=0..8201:8201 prompt start
1003 02:11:29 ds4-server: chat ctx=0..8201:8201 prefill chunk 0/8201 (0.0%) chunk=0.00 t/s avg=0.00 t/s 0.000s
1003 02:11:31 ds4-server: chat ctx=0..8201:8201 prefill chunk 2048/8201 (25.0%) chunk=1038.73 t/s avg=1038.66 t/s 1.972s
1003 02:11:33 ds4-server: chat ctx=0..8201:8201 prefill chunk 4096/8201 (49.9%) chunk=968.63 t/s avg=1002.42 t/s 4.086s
1003 02:11:36 ds4-server: chat ctx=0..8201:8201 prefill chunk 6144/8201 (74.9%) chunk=961.02 t/s avg=988.23 t/s 6.217s
1003 02:11:38 ds4-server: chat ctx=0..8201:8201 prefill chunk 8192/8201 (99.9%) chunk=955.91 t/s avg=979.94 t/s 8.360s
1003 02:11:38 ds4-server: chat ctx=0..8201:8201 prefill chunk 8201/8201 (100.0%) chunk=66.73 t/s avg=965.44 t/s 8.495s
1003 02:11:38 ds4-server: chat ctx=0..8201:8201 prompt done 8.495s
1003 02:11:39 ds4-server: chat ctx=8201..8251:50 gen=50 decoding chunk=55.47 t/s avg=55.47 t/s 0.901s
1003 02:11:40 ds4-server: chat ctx=8251..8301:50 gen=100 decoding chunk=55.46 t/s avg=55.46 t/s 1.803s
1003 02:11:41 ds4-server: chat ctx=8301..8351:50 gen=150 decoding chunk=55.34 t/s avg=55.42 t/s 2.707s
1003 02:11:41 ds4-server: chat ctx=8351..8401:50 gen=200 decoding chunk=55.32 t/s avg=55.40 t/s 3.610s
1003 02:11:42 ds4-server: chat ctx=8401..8451:50 gen=250 decoding chunk=55.26 t/s avg=55.37 t/s 4.515s
1003 02:11:42 ds4-server: chat ctx=8451..8457:6 gen=256 decoding chunk=55.19 t/s avg=55.36 t/s 4.624s
1003 02:11:42 ds4-server: chat ctx=0..8201:8201 gen=256 finish=length 13.119s
1003 02:11:42 ds4-server: live kv cache miss live=8457 prompt=8201 common=17 vision=match reason=token-mismatch
1003 02:11:42 ds4-server: chat ctx=0..8201:8201 prompt start
1003 02:11:42 ds4-server: chat ctx=0..8201:8201 prefill chunk 0/8201 (0.0%) chunk=0.00 t/s avg=0.00 t/s 0.000s
1003 02:11:44 ds4-server: chat ctx=0..8201:8201 prefill chunk 2048/8201 (25.0%) chunk=1039.62 t/s avg=1039.55 t/s 1.970s
1003 02:11:47 ds4-server: chat ctx=0..8201:8201 prefill chunk 4096/8201 (49.9%) chunk=967.46 t/s avg=1002.21 t/s 4.087s
1003 02:11:49 ds4-server: chat ctx=0..8201:8201 prefill chunk 6144/8201 (74.9%) chunk=958.64 t/s avg=987.25 t/s 6.223s
1003 02:11:51 ds4-server: chat ctx=0..8201:8201 prefill chunk 8192/8201 (99.9%) chunk=955.75 t/s avg=979.19 t/s 8.366s
1003 02:11:51 ds4-server: chat ctx=0..8201:8201 prefill chunk 8201/8201 (100.0%) chunk=66.57 t/s avg=964.67 t/s 8.501s
1003 02:11:51 ds4-server: chat ctx=0..8201:8201 prompt done 8.501s
1003 02:11:52 ds4-server: chat ctx=8201..8251:50 gen=50 decoding chunk=55.43 t/s avg=55.43 t/s 0.902s
1003 02:11:53 ds4-server: chat ctx=8251..8301:50 gen=100 decoding chunk=55.45 t/s avg=55.44 t/s 1.804s
1003 02:11:54 ds4-server: chat ctx=8301..8351:50 gen=150 decoding chunk=55.31 t/s avg=55.40 t/s 2.708s
1003 02:11:55 ds4-server: chat ctx=8351..8401:50 gen=200 decoding chunk=55.34 t/s avg=55.38 t/s 3.611s
1003 02:11:55 ds4-server: chat ctx=8401..8451:50 gen=250 decoding chunk=55.28 t/s avg=55.36 t/s 4.516s
1003 02:11:56 ds4-server: chat ctx=8451..8457:6 gen=256 decoding chunk=55.18 t/s avg=55.36 t/s 4.625s
1003 02:11:56 ds4-server: chat ctx=0..8201:8201 gen=256 finish=length 13.126s
1003 02:11:56 ds4-server: live kv cache miss live=8457 prompt=8201 common=17 vision=match reason=token-mismatch
1003 02:11:56 ds4-server: chat ctx=0..8201:8201 prompt start
1003 02:11:56 ds4-server: chat ctx=0..8201:8201 prefill chunk 0/8201 (0.0%) chunk=0.00 t/s avg=0.00 t/s 0.000s
1003 02:11:58 ds4-server: chat ctx=0..8201:8201 prefill chunk 2048/8201 (25.0%) chunk=1038.84 t/s avg=1038.77 t/s 1.972s
1003 02:12:00 ds4-server: chat ctx=0..8201:8201 prefill chunk 4096/8201 (49.9%) chunk=967.68 t/s avg=1001.96 t/s 4.088s
1003 02:12:02 ds4-server: chat ctx=0..8201:8201 prefill chunk 6144/8201 (74.9%) chunk=959.09 t/s avg=987.25 t/s 6.223s
1003 02:12:04 ds4-server: chat ctx=0..8201:8201 prefill chunk 8192/8201 (99.9%) chunk=955.46 t/s avg=979.11 t/s 8.367s
1003 02:12:04 ds4-server: chat ctx=0..8201:8201 prefill chunk 8201/8201 (100.0%) chunk=66.45 t/s avg=964.57 t/s 8.502s
1003 02:12:04 ds4-server: chat ctx=0..8201:8201 prompt done 8.502s
1003 02:12:05 ds4-server: chat ctx=8201..8251:50 gen=50 decoding chunk=55.44 t/s avg=55.44 t/s 0.902s
1003 02:12:06 ds4-server: chat ctx=8251..8301:50 gen=100 decoding chunk=55.45 t/s avg=55.45 t/s 1.804s
1003 02:12:07 ds4-server: chat ctx=8301..8351:50 gen=150 decoding chunk=55.35 t/s avg=55.41 t/s 2.707s
1003 02:12:08 ds4-server: chat ctx=8351..8401:50 gen=200 decoding chunk=55.35 t/s avg=55.40 t/s 3.610s
1003 02:12:09 ds4-server: chat ctx=8401..8451:50 gen=250 decoding chunk=55.30 t/s avg=55.38 t/s 4.514s
1003 02:12:09 ds4-server: chat ctx=8451..8457:6 gen=256 decoding chunk=55.13 t/s avg=55.37 t/s 4.623s
1003 02:12:09 ds4-server: chat ctx=0..8201:8201 gen=256 finish=length 13.126s
1003 02:12:09 ds4-server: live kv cache miss live=8457 prompt=8201 common=17 vision=match reason=token-mismatch
1003 02:12:09 ds4-server: chat ctx=0..8201:8201 prompt start
1003 02:12:09 ds4-server: chat ctx=0..8201:8201 prefill chunk 0/8201 (0.0%) chunk=0.00 t/s avg=0.00 t/s 0.000s
1003 02:12:11 ds4-server: chat ctx=0..8201:8201 prefill chunk 2048/8201 (25.0%) chunk=1037.90 t/s avg=1037.82 t/s 1.973s
1003 02:12:13 ds4-server: chat ctx=0..8201:8201 prefill chunk 4096/8201 (49.9%) chunk=967.84 t/s avg=1001.61 t/s 4.089s
1003 02:12:15 ds4-server: chat ctx=0..8201:8201 prefill chunk 6144/8201 (74.9%) chunk=960.84 t/s avg=987.64 t/s 6.221s
1003 02:12:17 ds4-server: chat ctx=0..8201:8201 prefill chunk 8192/8201 (99.9%) chunk=955.32 t/s avg=979.36 t/s 8.365s
1003 02:12:17 ds4-server: chat ctx=0..8201:8201 prefill chunk 8201/8201 (100.0%) chunk=66.59 t/s avg=964.84 t/s 8.500s
1003 02:12:17 ds4-server: chat ctx=0..8201:8201 prompt done 8.500s
1003 02:12:18 ds4-server: chat ctx=8201..8251:50 gen=50 decoding chunk=55.52 t/s avg=55.52 t/s 0.901s
1003 02:12:19 ds4-server: chat ctx=8251..8301:50 gen=100 decoding chunk=55.53 t/s avg=55.52 t/s 1.801s
1003 02:12:20 ds4-server: chat ctx=8301..8351:50 gen=150 decoding chunk=55.39 t/s avg=55.48 t/s 2.704s
1003 02:12:21 ds4-server: chat ctx=8351..8401:50 gen=200 decoding chunk=55.41 t/s avg=55.46 t/s 3.606s
1003 02:12:22 ds4-server: chat ctx=8401..8451:50 gen=250 decoding chunk=55.30 t/s avg=55.43 t/s 4.510s
1003 02:12:22 ds4-server: chat ctx=8451..8457:6 gen=256 decoding chunk=55.31 t/s avg=55.43 t/s 4.619s
1003 02:12:22 ds4-server: chat ctx=0..8201:8201 gen=256 finish=length 13.119s
1003 02:12:22 ds4-server: live kv cache miss live=8457 prompt=8201 common=17 vision=match reason=token-mismatch
1003 02:12:22 ds4-server: chat ctx=0..8201:8201 prompt start
1003 02:12:22 ds4-server: chat ctx=0..8201:8201 prefill chunk 0/8201 (0.0%) chunk=0.00 t/s avg=0.00 t/s 0.000s
1003 02:12:24 ds4-server: chat ctx=0..8201:8201 prefill chunk 2048/8201 (25.0%) chunk=1037.94 t/s avg=1037.86 t/s 1.973s
1003 02:12:26 ds4-server: chat ctx=0..8201:8201 prefill chunk 4096/8201 (49.9%) chunk=968.71 t/s avg=1002.09 t/s 4.087s
1003 02:12:28 ds4-server: chat ctx=0..8201:8201 prefill chunk 6144/8201 (74.9%) chunk=959.65 t/s avg=987.54 t/s 6.222s
1003 02:12:30 ds4-server: chat ctx=0..8201:8201 prefill chunk 8192/8201 (99.9%) chunk=955.06 t/s avg=979.21 t/s 8.366s
1003 02:12:30 ds4-server: chat ctx=0..8201:8201 prefill chunk 8201/8201 (100.0%) chunk=66.57 t/s avg=964.70 t/s 8.501s
1003 02:12:30 ds4-server: chat ctx=0..8201:8201 prompt done 8.501s
1003 02:12:31 ds4-server: chat ctx=8201..8251:50 gen=50 decoding chunk=55.54 t/s avg=55.54 t/s 0.900s
1003 02:12:32 ds4-server: chat ctx=8251..8301:50 gen=100 decoding chunk=55.51 t/s avg=55.53 t/s 1.801s
1003 02:12:33 ds4-server: chat ctx=8301..8351:50 gen=150 decoding chunk=55.46 t/s avg=55.51 t/s 2.702s
1003 02:12:34 ds4-server: chat ctx=8351..8401:50 gen=200 decoding chunk=55.45 t/s avg=55.49 t/s 3.604s
1003 02:12:35 ds4-server: chat ctx=8401..8451:50 gen=250 decoding chunk=55.34 t/s avg=55.46 t/s 4.508s
1003 02:12:35 ds4-server: chat ctx=8451..8457:6 gen=256 decoding chunk=55.25 t/s avg=55.46 t/s 4.616s
1003 02:12:35 ds4-server: chat ctx=0..8201:8201 gen=256 finish=length 13.118s
1003 02:12:35 ds4-server: live kv cache miss live=8457 prompt=8201 common=17 vision=match reason=token-mismatch
1003 02:12:35 ds4-server: chat ctx=0..8201:8201 prompt start
1003 02:12:35 ds4-server: chat ctx=0..8201:8201 prefill chunk 0/8201 (0.0%) chunk=0.00 t/s avg=0.00 t/s 0.000s
1003 02:12:37 ds4-server: chat ctx=0..8201:8201 prefill chunk 2048/8201 (25.0%) chunk=1038.32 t/s avg=1038.24 t/s 1.973s
1003 02:12:39 ds4-server: chat ctx=0..8201:8201 prefill chunk 4096/8201 (49.9%) chunk=967.35 t/s avg=1001.54 t/s 4.090s
1003 02:12:41 ds4-server: chat ctx=0..8201:8201 prefill chunk 6144/8201 (74.9%) chunk=959.22 t/s avg=987.03 t/s 6.225s
1003 02:12:43 ds4-server: chat ctx=0..8201:8201 prefill chunk 8192/8201 (99.9%) chunk=955.03 t/s avg=978.83 t/s 8.369s
1003 02:12:43 ds4-server: chat ctx=0..8201:8201 prefill chunk 8201/8201 (100.0%) chunk=66.57 t/s avg=964.33 t/s 8.504s
1003 02:12:43 ds4-server: chat ctx=0..8201:8201 prompt done 8.504s
1003 02:12:44 ds4-server: chat ctx=8201..8251:50 gen=50 decoding chunk=55.52 t/s avg=55.52 t/s 0.900s
1003 02:12:45 ds4-server: chat ctx=8251..8301:50 gen=100 decoding chunk=55.48 t/s avg=55.50 t/s 1.802s
1003 02:12:46 ds4-server: chat ctx=8301..8351:50 gen=150 decoding chunk=55.44 t/s avg=55.48 t/s 2.704s
1003 02:12:47 ds4-server: chat ctx=8351..8401:50 gen=200 decoding chunk=55.38 t/s avg=55.46 t/s 3.606s
1003 02:12:48 ds4-server: chat ctx=8401..8451:50 gen=250 decoding chunk=55.35 t/s avg=55.43 t/s 4.510s
1003 02:12:48 ds4-server: chat ctx=8451..8457:6 gen=256 decoding chunk=55.27 t/s avg=55.43 t/s 4.618s
1003 02:12:48 ds4-server: chat ctx=0..8201:8201 gen=256 finish=length 13.123s
1003 02:12:48 ds4-server: live kv cache miss live=8457 prompt=8201 common=17 vision=match reason=token-mismatch
1003 02:12:48 ds4-server: chat ctx=0..8201:8201 prompt start
1003 02:12:48 ds4-server: chat ctx=0..8201:8201 prefill chunk 0/8201 (0.0%) chunk=0.00 t/s avg=0.00 t/s 0.000s
1003 02:12:50 ds4-server: chat ctx=0..8201:8201 prefill chunk 2048/8201 (25.0%) chunk=1037.56 t/s avg=1037.43 t/s 1.974s
1003 02:12:52 ds4-server: chat ctx=0..8201:8201 prefill chunk 4096/8201 (49.9%) chunk=968.20 t/s avg=1001.62 t/s 4.089s
1003 02:12:54 ds4-server: chat ctx=0..8201:8201 prefill chunk 6144/8201 (74.9%) chunk=960.28 t/s avg=987.45 t/s 6.222s
1003 02:12:56 ds4-server: chat ctx=0..8201:8201 prefill chunk 8192/8201 (99.9%) chunk=955.31 t/s avg=979.22 t/s 8.366s
1003 02:12:57 ds4-server: chat ctx=0..8201:8201 prefill chunk 8201/8201 (100.0%) chunk=66.56 t/s avg=964.70 t/s 8.501s
1003 02:12:57 ds4-server: chat ctx=0..8201:8201 prompt done 8.501s
1003 02:12:57 ds4-server: chat ctx=8201..8251:50 gen=50 decoding chunk=55.53 t/s avg=55.53 t/s 0.900s
1003 02:12:58 ds4-server: chat ctx=8251..8301:50 gen=100 decoding chunk=55.54 t/s avg=55.53 t/s 1.801s
1003 02:12:59 ds4-server: chat ctx=8301..8351:50 gen=150 decoding chunk=55.44 t/s avg=55.50 t/s 2.703s
1003 02:13:00 ds4-server: chat ctx=8351..8401:50 gen=200 decoding chunk=55.40 t/s avg=55.48 t/s 3.605s
1003 02:13:01 ds4-server: chat ctx=8401..8451:50 gen=250 decoding chunk=55.31 t/s avg=55.44 t/s 4.509s
1003 02:13:01 ds4-server: chat ctx=8451..8457:6 gen=256 decoding chunk=55.23 t/s avg=55.44 t/s 4.618s
1003 02:13:01 ds4-server: chat ctx=0..8201:8201 gen=256 finish=length 13.119s
1003 02:13:01 ds4-server: live kv cache miss live=8457 prompt=8201 common=17 vision=match reason=token-mismatch
1003 02:13:01 ds4-server: chat ctx=0..8201:8201 prompt start
1003 02:13:01 ds4-server: chat ctx=0..8201:8201 prefill chunk 0/8201 (0.0%) chunk=0.00 t/s avg=0.00 t/s 0.000s
1003 02:13:03 ds4-server: chat ctx=0..8201:8201 prefill chunk 2048/8201 (25.0%) chunk=1039.02 t/s avg=1038.94 t/s 1.971s
1003 02:13:05 ds4-server: chat ctx=0..8201:8201 prefill chunk 4096/8201 (49.9%) chunk=968.06 t/s avg=1002.25 t/s 4.087s
1003 02:13:07 ds4-server: chat ctx=0..8201:8201 prefill chunk 6144/8201 (74.9%) chunk=960.13 t/s avg=987.81 t/s 6.220s
1003 02:13:10 ds4-server: chat ctx=0..8201:8201 prefill chunk 8192/8201 (99.9%) chunk=955.76 t/s avg=979.59 t/s 8.363s
1003 02:13:10 ds4-server: chat ctx=0..8201:8201 prefill chunk 8201/8201 (100.0%) chunk=66.55 t/s avg=965.06 t/s 8.498s
1003 02:13:10 ds4-server: chat ctx=0..8201:8201 prompt done 8.498s
1003 02:13:11 ds4-server: chat ctx=8201..8251:50 gen=50 decoding chunk=55.47 t/s avg=55.47 t/s 0.901s
1003 02:13:12 ds4-server: chat ctx=8251..8301:50 gen=100 decoding chunk=55.47 t/s avg=55.47 t/s 1.803s
1003 02:13:12 ds4-server: chat ctx=8301..8351:50 gen=150 decoding chunk=55.38 t/s avg=55.44 t/s 2.706s
1003 02:13:13 ds4-server: chat ctx=8351..8401:50 gen=200 decoding chunk=55.39 t/s avg=55.43 t/s 3.608s
1003 02:13:14 ds4-server: chat ctx=8401..8451:50 gen=250 decoding chunk=55.30 t/s avg=55.40 t/s 4.512s
1003 02:13:14 ds4-server: chat ctx=8451..8457:6 gen=256 decoding chunk=55.30 t/s avg=55.40 t/s 4.621s
1003 02:13:14 ds4-server: chat ctx=0..8201:8201 gen=256 finish=length 13.119s
1003 02:13:14 ds4-server: live kv cache miss live=8457 prompt=8201 common=17 vision=match reason=token-mismatch
1003 02:13:14 ds4-server: chat ctx=0..8201:8201 prompt start
1003 02:13:14 ds4-server: chat ctx=0..8201:8201 prefill chunk 0/8201 (0.0%) chunk=0.00 t/s avg=0.00 t/s 0.000s
1003 02:13:16 ds4-server: chat ctx=0..8201:8201 prefill chunk 2048/8201 (25.0%) chunk=1038.37 t/s avg=1038.29 t/s 1.972s
1003 02:13:18 ds4-server: chat ctx=0..8201:8201 prefill chunk 4096/8201 (49.9%) chunk=967.95 t/s avg=1001.89 t/s 4.088s
1003 02:13:21 ds4-server: chat ctx=0..8201:8201 prefill chunk 6144/8201 (74.9%) chunk=960.82 t/s avg=987.81 t/s 6.220s
1003 02:13:23 ds4-server: chat ctx=0..8201:8201 prefill chunk 8192/8201 (99.9%) chunk=954.93 t/s avg=979.38 t/s 8.364s
1003 02:13:23 ds4-server: chat ctx=0..8201:8201 prefill chunk 8201/8201 (100.0%) chunk=66.54 t/s avg=964.86 t/s 8.500s
1003 02:13:23 ds4-server: chat ctx=0..8201:8201 prompt done 8.500s
1003 02:13:24 ds4-server: chat ctx=8201..8251:50 gen=50 decoding chunk=55.50 t/s avg=55.50 t/s 0.901s
1003 02:13:25 ds4-server: chat ctx=8251..8301:50 gen=100 decoding chunk=55.50 t/s avg=55.50 t/s 1.802s
1003 02:13:26 ds4-server: chat ctx=8301..8351:50 gen=150 decoding chunk=55.38 t/s avg=55.46 t/s 2.705s
1003 02:13:26 ds4-server: chat ctx=8351..8401:50 gen=200 decoding chunk=55.36 t/s avg=55.43 t/s 3.608s
1003 02:13:27 ds4-server: chat ctx=8401..8451:50 gen=250 decoding chunk=55.28 t/s avg=55.40 t/s 4.512s
1003 02:13:27 ds4-server: chat ctx=8451..8457:6 gen=256 decoding chunk=55.27 t/s avg=55.40 t/s 4.621s
1003 02:13:27 ds4-server: chat ctx=0..8201:8201 gen=256 finish=length 13.121s
1003 02:13:27 ds4-server: live kv cache miss live=8457 prompt=8201 common=17 vision=match reason=token-mismatch
1003 02:13:27 ds4-server: chat ctx=0..8201:8201 prompt start
1003 02:13:27 ds4-server: chat ctx=0..8201:8201 prefill chunk 0/8201 (0.0%) chunk=0.00 t/s avg=0.00 t/s 0.000s
1003 02:13:29 ds4-server: chat ctx=0..8201:8201 prefill chunk 2048/8201 (25.0%) chunk=1039.04 t/s avg=1038.93 t/s 1.971s
1003 02:13:32 ds4-server: chat ctx=0..8201:8201 prefill chunk 4096/8201 (49.9%) chunk=967.96 t/s avg=1002.19 t/s 4.087s
1003 02:13:34 ds4-server: chat ctx=0..8201:8201 prefill chunk 6144/8201 (74.9%) chunk=960.52 t/s avg=987.91 t/s 6.219s
1003 02:13:36 ds4-server: chat ctx=0..8201:8201 prefill chunk 8192/8201 (99.9%) chunk=956.17 t/s avg=979.78 t/s 8.361s
1003 02:13:36 ds4-server: chat ctx=0..8201:8201 prefill chunk 8201/8201 (100.0%) chunk=66.44 t/s avg=965.21 t/s 8.497s
1003 02:13:36 ds4-server: chat ctx=0..8201:8201 prompt done 8.497s
1003 02:13:37 ds4-server: chat ctx=8201..8251:50 gen=50 decoding chunk=55.46 t/s avg=55.46 t/s 0.902s
1003 02:13:38 ds4-server: chat ctx=8251..8301:50 gen=100 decoding chunk=55.49 t/s avg=55.48 t/s 1.803s
1003 02:13:39 ds4-server: chat ctx=8301..8351:50 gen=150 decoding chunk=55.37 t/s avg=55.44 t/s 2.706s
1003 02:13:40 ds4-server: chat ctx=8351..8401:50 gen=200 decoding chunk=55.37 t/s avg=55.42 t/s 3.609s
1003 02:13:40 ds4-server: chat ctx=8401..8451:50 gen=250 decoding chunk=55.31 t/s avg=55.40 t/s 4.513s
1003 02:13:41 ds4-server: chat ctx=8451..8457:6 gen=256 decoding chunk=55.25 t/s avg=55.39 t/s 4.621s
1003 02:13:41 ds4-server: chat ctx=0..8201:8201 gen=256 finish=length 13.118s
1003 02:13:41 ds4-server: live kv cache miss live=8457 prompt=8201 common=17 vision=match reason=token-mismatch
1003 02:13:41 ds4-server: chat ctx=0..8201:8201 prompt start
1003 02:13:41 ds4-server: chat ctx=0..8201:8201 prefill chunk 0/8201 (0.0%) chunk=0.00 t/s avg=0.00 t/s 0.000s
1003 02:13:43 ds4-server: chat ctx=0..8201:8201 prefill chunk 2048/8201 (25.0%) chunk=1038.37 t/s avg=1038.30 t/s 1.972s
1003 02:13:45 ds4-server: chat ctx=0..8201:8201 prefill chunk 4096/8201 (49.9%) chunk=968.65 t/s avg=1002.26 t/s 4.087s
1003 02:13:47 ds4-server: chat ctx=0..8201:8201 prefill chunk 6144/8201 (74.9%) chunk=959.69 t/s avg=987.66 t/s 6.221s
1003 02:13:49 ds4-server: chat ctx=0..8201:8201 prefill chunk 8192/8201 (99.9%) chunk=955.62 t/s avg=979.45 t/s 8.364s
1003 02:13:49 ds4-server: chat ctx=0..8201:8201 prefill chunk 8201/8201 (100.0%) chunk=66.57 t/s avg=964.93 t/s 8.499s
1003 02:13:49 ds4-server: chat ctx=0..8201:8201 prompt done 8.499s
1003 02:13:50 ds4-server: chat ctx=8201..8251:50 gen=50 decoding chunk=55.49 t/s avg=55.49 t/s 0.901s
1003 02:13:51 ds4-server: chat ctx=8251..8301:50 gen=100 decoding chunk=55.49 t/s avg=55.49 t/s 1.802s
1003 02:13:52 ds4-server: chat ctx=8301..8351:50 gen=150 decoding chunk=55.32 t/s avg=55.43 t/s 2.706s
1003 02:13:53 ds4-server: chat ctx=8351..8401:50 gen=200 decoding chunk=55.34 t/s avg=55.41 t/s 3.610s
1003 02:13:54 ds4-server: chat ctx=8401..8451:50 gen=250 decoding chunk=55.29 t/s avg=55.38 t/s 4.514s
1003 02:13:54 ds4-server: chat ctx=8451..8457:6 gen=256 decoding chunk=55.17 t/s avg=55.38 t/s 4.623s
1003 02:13:54 ds4-server: chat ctx=0..8201:8201 gen=256 finish=length 13.122s
1003 02:13:54 ds4-server: live kv cache miss live=8457 prompt=8201 common=17 vision=match reason=token-mismatch
1003 02:13:54 ds4-server: chat ctx=0..8201:8201 prompt start
1003 02:13:54 ds4-server: chat ctx=0..8201:8201 prefill chunk 0/8201 (0.0%) chunk=0.00 t/s avg=0.00 t/s 0.000s
1003 02:13:56 ds4-server: chat ctx=0..8201:8201 prefill chunk 2048/8201 (25.0%) chunk=1038.51 t/s avg=1038.38 t/s 1.972s
1003 02:13:58 ds4-server: chat ctx=0..8201:8201 prefill chunk 4096/8201 (49.9%) chunk=967.95 t/s avg=1001.93 t/s 4.088s
1003 02:14:00 ds4-server: chat ctx=0..8201:8201 prefill chunk 6144/8201 (74.9%) chunk=960.89 t/s avg=987.86 t/s 6.219s
1003 02:14:02 ds4-server: chat ctx=0..8201:8201 prefill chunk 8192/8201 (99.9%) chunk=956.30 t/s avg=979.78 t/s 8.361s
1003 02:14:02 ds4-server: chat ctx=0..8201:8201 prefill chunk 8201/8201 (100.0%) chunk=66.43 t/s avg=965.22 t/s 8.497s
1003 02:14:02 ds4-server: chat ctx=0..8201:8201 prompt done 8.497s
1003 02:14:03 ds4-server: chat ctx=8201..8251:50 gen=50 decoding chunk=55.48 t/s avg=55.48 t/s 0.901s
1003 02:14:04 ds4-server: chat ctx=8251..8301:50 gen=100 decoding chunk=55.47 t/s avg=55.48 t/s 1.803s
1003 02:14:05 ds4-server: chat ctx=8301..8351:50 gen=150 decoding chunk=55.38 t/s avg=55.44 t/s 2.705s
1003 02:14:06 ds4-server: chat ctx=8351..8401:50 gen=200 decoding chunk=55.33 t/s avg=55.41 t/s 3.609s
1003 02:14:07 ds4-server: chat ctx=8401..8451:50 gen=250 decoding chunk=55.24 t/s avg=55.38 t/s 4.514s
1003 02:14:07 ds4-server: chat ctx=8451..8457:6 gen=256 decoding chunk=55.20 t/s avg=55.38 t/s 4.623s
1003 02:14:07 ds4-server: chat ctx=0..8201:8201 gen=256 finish=length 13.120s
1003 02:14:07 ds4-server: live kv cache miss live=8457 prompt=8201 common=17 vision=match reason=token-mismatch
1003 02:14:07 ds4-server: chat ctx=0..8201:8201 prompt start
1003 02:14:07 ds4-server: chat ctx=0..8201:8201 prefill chunk 0/8201 (0.0%) chunk=0.00 t/s avg=0.00 t/s 0.000s
1003 02:14:09 ds4-server: chat ctx=0..8201:8201 prefill chunk 2048/8201 (25.0%) chunk=1038.32 t/s avg=1038.24 t/s 1.973s
1003 02:14:11 ds4-server: chat ctx=0..8201:8201 prefill chunk 4096/8201 (49.9%) chunk=967.99 t/s avg=1001.88 t/s 4.088s
1003 02:14:13 ds4-server: chat ctx=0..8201:8201 prefill chunk 6144/8201 (74.9%) chunk=959.68 t/s avg=987.41 t/s 6.222s
1003 02:14:15 ds4-server: chat ctx=0..8201:8201 prefill chunk 8192/8201 (99.9%) chunk=955.27 t/s avg=979.17 t/s 8.366s
1003 02:14:15 ds4-server: chat ctx=0..8201:8201 prefill chunk 8201/8201 (100.0%) chunk=66.54 t/s avg=964.65 t/s 8.501s
1003 02:14:15 ds4-server: chat ctx=0..8201:8201 prompt done 8.502s
1003 02:14:16 ds4-server: chat ctx=8201..8251:50 gen=50 decoding chunk=55.50 t/s avg=55.50 t/s 0.901s
1003 02:14:17 ds4-server: chat ctx=8251..8301:50 gen=100 decoding chunk=55.48 t/s avg=55.49 t/s 1.802s
1003 02:14:18 ds4-server: chat ctx=8301..8351:50 gen=150 decoding chunk=55.39 t/s avg=55.46 t/s 2.705s
1003 02:14:19 ds4-server: chat ctx=8351..8401:50 gen=200 decoding chunk=55.36 t/s avg=55.43 t/s 3.608s
1003 02:14:20 ds4-server: chat ctx=8401..8451:50 gen=250 decoding chunk=55.32 t/s avg=55.41 t/s 4.512s
1003 02:14:20 ds4-server: chat ctx=8451..8457:6 gen=256 decoding chunk=55.28 t/s avg=55.40 t/s 4.621s
1003 02:14:20 ds4-server: chat ctx=0..8201:8201 gen=256 finish=length 13.122s
1003 02:14:20 ds4-server: live kv cache miss live=8457 prompt=8201 common=17 vision=match reason=token-mismatch
1003 02:14:20 ds4-server: chat ctx=0..8201:8201 prompt start
1003 02:14:20 ds4-server: chat ctx=0..8201:8201 prefill chunk 0/8201 (0.0%) chunk=0.00 t/s avg=0.00 t/s 0.000s
1003 02:14:22 ds4-server: chat ctx=0..8201:8201 prefill chunk 2048/8201 (25.0%) chunk=1038.43 t/s avg=1038.35 t/s 1.972s
1003 02:14:24 ds4-server: chat ctx=0..8201:8201 prefill chunk 4096/8201 (49.9%) chunk=968.63 t/s avg=1002.28 t/s 4.087s
1003 02:14:26 ds4-server: chat ctx=0..8201:8201 prefill chunk 6144/8201 (74.9%) chunk=960.90 t/s avg=988.10 t/s 6.218s
1003 02:14:28 ds4-server: chat ctx=0..8201:8201 prefill chunk 8192/8201 (99.9%) chunk=954.40 t/s avg=979.45 t/s 8.364s
1003 02:14:28 ds4-server: chat ctx=0..8201:8201 prefill chunk 8201/8201 (100.0%) chunk=66.51 t/s avg=964.92 t/s 8.499s
1003 02:14:28 ds4-server: chat ctx=0..8201:8201 prompt done 8.499s
1003 02:14:29 ds4-server: chat ctx=8201..8251:50 gen=50 decoding chunk=55.50 t/s avg=55.50 t/s 0.901s
1003 02:14:30 ds4-server: chat ctx=8251..8301:50 gen=100 decoding chunk=55.48 t/s avg=55.49 t/s 1.802s
1003 02:14:31 ds4-server: chat ctx=8301..8351:50 gen=150 decoding chunk=55.39 t/s avg=55.46 t/s 2.705s
1003 02:14:32 ds4-server: chat ctx=8351..8401:50 gen=200 decoding chunk=55.32 t/s avg=55.42 t/s 3.609s
1003 02:14:33 ds4-server: chat ctx=8401..8451:50 gen=250 decoding chunk=55.32 t/s avg=55.40 t/s 4.513s
1003 02:14:33 ds4-server: chat ctx=8451..8457:6 gen=256 decoding chunk=55.21 t/s avg=55.40 t/s 4.621s
1003 02:14:33 ds4-server: chat ctx=0..8201:8201 gen=256 finish=length 13.121s
1003 02:14:33 ds4-server: live kv cache miss live=8457 prompt=8201 common=17 vision=match reason=token-mismatch
1003 02:14:33 ds4-server: chat ctx=0..8201:8201 prompt start
1003 02:14:33 ds4-server: chat ctx=0..8201:8201 prefill chunk 0/8201 (0.0%) chunk=0.00 t/s avg=0.00 t/s 0.000s
1003 02:14:35 ds4-server: chat ctx=0..8201:8201 prefill chunk 2048/8201 (25.0%) chunk=1038.64 t/s avg=1038.56 t/s 1.972s
1003 02:14:37 ds4-server: chat ctx=0..8201:8201 prefill chunk 4096/8201 (49.9%) chunk=967.32 t/s avg=1001.68 t/s 4.089s
1003 02:14:39 ds4-server: chat ctx=0..8201:8201 prefill chunk 6144/8201 (74.9%) chunk=959.86 t/s avg=987.34 t/s 6.223s
1003 02:14:41 ds4-server: chat ctx=0..8201:8201 prefill chunk 8192/8201 (99.9%) chunk=956.16 t/s avg=979.36 t/s 8.365s
1003 02:14:42 ds4-server: chat ctx=0..8201:8201 prefill chunk 8201/8201 (100.0%) chunk=66.55 t/s avg=964.83 t/s 8.500s
1003 02:14:42 ds4-server: chat ctx=0..8201:8201 prompt done 8.500s
1003 02:14:42 ds4-server: chat ctx=8201..8251:50 gen=50 decoding chunk=55.51 t/s avg=55.51 t/s 0.901s
1003 02:14:43 ds4-server: chat ctx=8251..8301:50 gen=100 decoding chunk=55.47 t/s avg=55.49 t/s 1.802s
1003 02:14:44 ds4-server: chat ctx=8301..8351:50 gen=150 decoding chunk=55.36 t/s avg=55.45 t/s 2.705s
1003 02:14:45 ds4-server: chat ctx=8351..8401:50 gen=200 decoding chunk=55.32 t/s avg=55.41 t/s 3.609s
1003 02:14:46 ds4-server: chat ctx=8401..8451:50 gen=250 decoding chunk=55.29 t/s avg=55.39 t/s 4.514s
1003 02:14:46 ds4-server: chat ctx=8451..8457:6 gen=256 decoding chunk=55.17 t/s avg=55.38 t/s 4.622s
1003 02:14:46 ds4-server: chat ctx=0..8201:8201 gen=256 finish=length 13.122s
1003 02:14:46 ds4-server: live kv cache miss live=8457 prompt=8201 common=17 vision=match reason=token-mismatch
1003 02:14:46 ds4-server: chat ctx=0..8201:8201 prompt start
1003 02:14:46 ds4-server: chat ctx=0..8201:8201 prefill chunk 0/8201 (0.0%) chunk=0.00 t/s avg=0.00 t/s 0.000s
1003 02:14:48 ds4-server: chat ctx=0..8201:8201 prefill chunk 2048/8201 (25.0%) chunk=1037.40 t/s avg=1037.32 t/s 1.974s
1003 02:14:50 ds4-server: chat ctx=0..8201:8201 prefill chunk 4096/8201 (49.9%) chunk=967.45 t/s avg=1001.17 t/s 4.091s
1003 02:14:52 ds4-server: chat ctx=0..8201:8201 prefill chunk 6144/8201 (74.9%) chunk=959.31 t/s avg=986.82 t/s 6.226s
1003 02:14:55 ds4-server: chat ctx=0..8201:8201 prefill chunk 8192/8201 (99.9%) chunk=955.31 t/s avg=978.75 t/s 8.370s
1003 02:14:55 ds4-server: chat ctx=0..8201:8201 prefill chunk 8201/8201 (100.0%) chunk=66.61 t/s avg=964.26 t/s 8.505s
1003 02:14:55 ds4-server: chat ctx=0..8201:8201 prompt done 8.505s
1003 02:14:56 ds4-server: chat ctx=8201..8251:50 gen=50 decoding chunk=55.47 t/s avg=55.47 t/s 0.901s
1003 02:14:57 ds4-server: chat ctx=8251..8301:50 gen=100 decoding chunk=55.48 t/s avg=55.47 t/s 1.803s
1003 02:14:57 ds4-server: chat ctx=8301..8351:50 gen=150 decoding chunk=55.38 t/s avg=55.44 t/s 2.706s
1003 02:14:58 ds4-server: chat ctx=8351..8401:50 gen=200 decoding chunk=55.38 t/s avg=55.42 t/s 3.608s
1003 02:14:59 ds4-server: chat ctx=8401..8451:50 gen=250 decoding chunk=55.30 t/s avg=55.40 t/s 4.513s
1003 02:14:59 ds4-server: chat ctx=8451..8457:6 gen=256 decoding chunk=55.19 t/s avg=55.39 t/s 4.621s
1003 02:14:59 ds4-server: chat ctx=0..8201:8201 gen=256 finish=length 13.127s
1003 02:14:59 ds4-server: live kv cache miss live=8457 prompt=8201 common=17 vision=match reason=token-mismatch
1003 02:14:59 ds4-server: chat ctx=0..8201:8201 prompt start
1003 02:14:59 ds4-server: chat ctx=0..8201:8201 prefill chunk 0/8201 (0.0%) chunk=0.00 t/s avg=0.00 t/s 0.000s
1003 02:15:01 ds4-server: chat ctx=0..8201:8201 prefill chunk 2048/8201 (25.0%) chunk=1038.82 t/s avg=1038.74 t/s 1.972s
1003 02:15:03 ds4-server: chat ctx=0..8201:8201 prefill chunk 4096/8201 (49.9%) chunk=967.42 t/s avg=1001.82 t/s 4.089s
1003 02:15:06 ds4-server: chat ctx=0..8201:8201 prefill chunk 6144/8201 (74.9%) chunk=959.71 t/s avg=987.37 t/s 6.223s
1003 02:15:08 ds4-server: chat ctx=0..8201:8201 prefill chunk 8192/8201 (99.9%) chunk=955.84 t/s avg=979.30 t/s 8.365s
1003 02:15:08 ds4-server: chat ctx=0..8201:8201 prefill chunk 8201/8201 (100.0%) chunk=66.57 t/s avg=964.78 t/s 8.500s
1003 02:15:08 ds4-server: chat ctx=0..8201:8201 prompt done 8.500s
1003 02:15:09 ds4-server: chat ctx=8201..8251:50 gen=50 decoding chunk=55.48 t/s avg=55.48 t/s 0.901s
1003 02:15:10 ds4-server: chat ctx=8251..8301:50 gen=100 decoding chunk=55.47 t/s avg=55.47 t/s 1.803s
1003 02:15:11 ds4-server: chat ctx=8301..8351:50 gen=150 decoding chunk=55.33 t/s avg=55.43 t/s 2.706s
1003 02:15:11 ds4-server: chat ctx=8351..8401:50 gen=200 decoding chunk=55.33 t/s avg=55.40 t/s 3.610s
1003 02:15:12 ds4-server: chat ctx=8401..8451:50 gen=250 decoding chunk=55.27 t/s avg=55.38 t/s 4.515s
1003 02:15:12 ds4-server: chat ctx=8451..8457:6 gen=256 decoding chunk=55.20 t/s avg=55.37 t/s 4.623s
1003 02:15:12 ds4-server: chat ctx=0..8201:8201 gen=256 finish=length 13.124s
1003 02:15:12 ds4-server: live kv cache miss live=8457 prompt=8201 common=17 vision=match reason=token-mismatch
1003 02:15:12 ds4-server: chat ctx=0..8201:8201 prompt start
1003 02:15:12 ds4-server: chat ctx=0..8201:8201 prefill chunk 0/8201 (0.0%) chunk=0.00 t/s avg=0.00 t/s 0.000s
1003 02:15:14 ds4-server: chat ctx=0..8201:8201 prefill chunk 2048/8201 (25.0%) chunk=1038.98 t/s avg=1038.91 t/s 1.971s
1003 02:15:17 ds4-server: chat ctx=0..8201:8201 prefill chunk 4096/8201 (49.9%) chunk=967.49 t/s avg=1001.93 t/s 4.088s
1003 02:15:19 ds4-server: chat ctx=0..8201:8201 prefill chunk 6144/8201 (74.9%) chunk=961.03 t/s avg=987.91 t/s 6.219s
1003 02:15:21 ds4-server: chat ctx=0..8201:8201 prefill chunk 8192/8201 (99.9%) chunk=955.56 t/s avg=979.62 t/s 8.362s
1003 02:15:21 ds4-server: chat ctx=0..8201:8201 prefill chunk 8201/8201 (100.0%) chunk=66.58 t/s avg=965.10 t/s 8.498s
1003 02:15:21 ds4-server: chat ctx=0..8201:8201 prompt done 8.498s
1003 02:15:22 ds4-server: chat ctx=8201..8251:50 gen=50 decoding chunk=55.46 t/s avg=55.46 t/s 0.902s
1003 02:15:23 ds4-server: chat ctx=8251..8301:50 gen=100 decoding chunk=55.48 t/s avg=55.47 t/s 1.803s
1003 02:15:24 ds4-server: chat ctx=8301..8351:50 gen=150 decoding chunk=55.34 t/s avg=55.43 t/s 2.706s
1003 02:15:25 ds4-server: chat ctx=8351..8401:50 gen=200 decoding chunk=55.33 t/s avg=55.40 t/s 3.610s
1003 02:15:25 ds4-server: chat ctx=8401..8451:50 gen=250 decoding chunk=55.26 t/s avg=55.37 t/s 4.515s
1003 02:15:26 ds4-server: chat ctx=8451..8457:6 gen=256 decoding chunk=55.18 t/s avg=55.37 t/s 4.624s
1003 02:15:26 ds4-server: chat ctx=0..8201:8201 gen=256 finish=length 13.121s
1003 02:15:26 ds4-server: live kv cache miss live=8457 prompt=8201 common=17 vision=match reason=token-mismatch
1003 02:15:26 ds4-server: chat ctx=0..8201:8201 prompt start
1003 02:15:26 ds4-server: chat ctx=0..8201:8201 prefill chunk 0/8201 (0.0%) chunk=0.00 t/s avg=0.00 t/s 0.000s
1003 02:15:28 ds4-server: chat ctx=0..8201:8201 prefill chunk 2048/8201 (25.0%) chunk=1040.25 t/s avg=1040.13 t/s 1.969s
1003 02:15:30 ds4-server: chat ctx=0..8201:8201 prefill chunk 4096/8201 (49.9%) chunk=969.11 t/s avg=1003.36 t/s 4.082s
1003 02:15:32 ds4-server: chat ctx=0..8201:8201 prefill chunk 6144/8201 (74.9%) chunk=960.30 t/s avg=988.59 t/s 6.215s
1003 02:15:34 ds4-server: chat ctx=0..8201:8201 prefill chunk 8192/8201 (99.9%) chunk=956.59 t/s avg=980.39 t/s 8.356s
1003 02:15:34 ds4-server: chat ctx=0..8201:8201 prefill chunk 8201/8201 (100.0%) chunk=66.64 t/s avg=965.85 t/s 8.491s
1003 02:15:34 ds4-server: chat ctx=0..8201:8201 prompt done 8.491s
1003 02:15:35 ds4-server: chat ctx=8201..8251:50 gen=50 decoding chunk=55.51 t/s avg=55.51 t/s 0.901s
1003 02:15:36 ds4-server: chat ctx=8251..8301:50 gen=100 decoding chunk=55.46 t/s avg=55.48 t/s 1.802s
1003 02:15:37 ds4-server: chat ctx=8301..8351:50 gen=150 decoding chunk=55.32 t/s avg=55.43 t/s 2.706s
1003 02:15:38 ds4-server: chat ctx=8351..8401:50 gen=200 decoding chunk=55.37 t/s avg=55.41 t/s 3.609s
1003 02:15:39 ds4-server: chat ctx=8401..8451:50 gen=250 decoding chunk=55.28 t/s avg=55.39 t/s 4.514s
1003 02:15:39 ds4-server: chat ctx=8451..8457:6 gen=256 decoding chunk=55.18 t/s avg=55.38 t/s 4.623s
1003 02:15:39 ds4-server: chat ctx=0..8201:8201 gen=256 finish=length 13.114s
1003 02:15:39 ds4-server: live kv cache miss live=8457 prompt=8201 common=17 vision=match reason=token-mismatch
1003 02:15:39 ds4-server: chat ctx=0..8201:8201 prompt start
1003 02:15:39 ds4-server: chat ctx=0..8201:8201 prefill chunk 0/8201 (0.0%) chunk=0.00 t/s avg=0.00 t/s 0.000s
1003 02:15:41 ds4-server: chat ctx=0..8201:8201 prefill chunk 2048/8201 (25.0%) chunk=1039.55 t/s avg=1039.47 t/s 1.970s
1003 02:15:43 ds4-server: chat ctx=0..8201:8201 prefill chunk 4096/8201 (49.9%) chunk=968.62 t/s avg=1002.79 t/s 4.085s
1003 02:15:45 ds4-server: chat ctx=0..8201:8201 prefill chunk 6144/8201 (74.9%) chunk=960.75 t/s avg=988.38 t/s 6.216s
1003 02:15:47 ds4-server: chat ctx=0..8201:8201 prefill chunk 8192/8201 (99.9%) chunk=955.16 t/s avg=979.86 t/s 8.360s
1003 02:15:47 ds4-server: chat ctx=0..8201:8201 prefill chunk 8201/8201 (100.0%) chunk=66.63 t/s avg=965.34 t/s 8.495s
1003 02:15:47 ds4-server: chat ctx=0..8201:8201 prompt done 8.496s
1003 02:15:48 ds4-server: chat ctx=8201..8251:50 gen=50 decoding chunk=55.47 t/s avg=55.47 t/s 0.901s
1003 02:15:49 ds4-server: chat ctx=8251..8301:50 gen=100 decoding chunk=55.47 t/s avg=55.47 t/s 1.803s
1003 02:15:50 ds4-server: chat ctx=8301..8351:50 gen=150 decoding chunk=55.35 t/s avg=55.43 t/s 2.706s
1003 02:15:51 ds4-server: chat ctx=8351..8401:50 gen=200 decoding chunk=55.32 t/s avg=55.40 t/s 3.610s
1003 02:15:52 ds4-server: chat ctx=8401..8451:50 gen=250 decoding chunk=55.25 t/s avg=55.37 t/s 4.515s
1003 02:15:52 ds4-server: chat ctx=8451..8457:6 gen=256 decoding chunk=55.15 t/s avg=55.37 t/s 4.624s
1003 02:15:52 ds4-server: chat ctx=0..8201:8201 gen=256 finish=length 13.119s
1003 02:15:52 ds4-server: live kv cache miss live=8457 prompt=8201 common=17 vision=match reason=token-mismatch
1003 02:15:52 ds4-server: chat ctx=0..8201:8201 prompt start
1003 02:15:52 ds4-server: chat ctx=0..8201:8201 prefill chunk 0/8201 (0.0%) chunk=0.00 t/s avg=0.00 t/s 0.000s
1003 02:15:54 ds4-server: chat ctx=0..8201:8201 prefill chunk 2048/8201 (25.0%) chunk=1040.12 t/s avg=1040.05 t/s 1.969s
1003 02:15:56 ds4-server: chat ctx=0..8201:8201 prefill chunk 4096/8201 (49.9%) chunk=967.94 t/s avg=1002.70 t/s 4.085s
1003 02:15:58 ds4-server: chat ctx=0..8201:8201 prefill chunk 6144/8201 (74.9%) chunk=959.98 t/s avg=988.04 t/s 6.218s
1003 02:16:00 ds4-server: chat ctx=0..8201:8201 prefill chunk 8192/8201 (99.9%) chunk=955.48 t/s avg=979.70 t/s 8.362s
1003 02:16:00 ds4-server: chat ctx=0..8201:8201 prefill chunk 8201/8201 (100.0%) chunk=66.48 t/s avg=965.15 t/s 8.497s
1003 02:16:00 ds4-server: chat ctx=0..8201:8201 prompt done 8.497s
1003 02:16:01 ds4-server: chat ctx=8201..8251:50 gen=50 decoding chunk=55.50 t/s avg=55.50 t/s 0.901s
1003 02:16:02 ds4-server: chat ctx=8251..8301:50 gen=100 decoding chunk=55.41 t/s avg=55.46 t/s 1.803s
1003 02:16:03 ds4-server: chat ctx=8301..8351:50 gen=150 decoding chunk=55.35 t/s avg=55.42 t/s 2.707s
1003 02:16:04 ds4-server: chat ctx=8351..8401:50 gen=200 decoding chunk=55.35 t/s avg=55.40 t/s 3.610s
1003 02:16:05 ds4-server: chat ctx=8401..8451:50 gen=250 decoding chunk=55.28 t/s avg=55.38 t/s 4.514s
1003 02:16:05 ds4-server: chat ctx=8451..8457:6 gen=256 decoding chunk=55.21 t/s avg=55.38 t/s 4.623s
1003 02:16:05 ds4-server: chat ctx=0..8201:8201 gen=256 finish=length 13.120s
1003 02:16:05 ds4-server: live kv cache miss live=8457 prompt=8201 common=17 vision=match reason=token-mismatch
1003 02:16:05 ds4-server: chat ctx=0..8201:8201 prompt start
1003 02:16:05 ds4-server: chat ctx=0..8201:8201 prefill chunk 0/8201 (0.0%) chunk=0.00 t/s avg=0.00 t/s 0.000s
1003 02:16:07 ds4-server: chat ctx=0..8201:8201 prefill chunk 2048/8201 (25.0%) chunk=1038.76 t/s avg=1038.63 t/s 1.972s
1003 02:16:09 ds4-server: chat ctx=0..8201:8201 prefill chunk 4096/8201 (49.9%) chunk=967.31 t/s avg=1001.70 t/s 4.089s
1003 02:16:11 ds4-server: chat ctx=0..8201:8201 prefill chunk 6144/8201 (74.9%) chunk=959.79 t/s avg=987.33 t/s 6.223s
1003 02:16:13 ds4-server: chat ctx=0..8201:8201 prefill chunk 8192/8201 (99.9%) chunk=954.94 t/s avg=979.03 t/s 8.367s
1003 02:16:13 ds4-server: chat ctx=0..8201:8201 prefill chunk 8201/8201 (100.0%) chunk=66.68 t/s avg=964.54 t/s 8.502s
1003 02:16:13 ds4-server: chat ctx=0..8201:8201 prompt done 8.503s
1003 02:16:14 ds4-server: chat ctx=8201..8251:50 gen=50 decoding chunk=55.49 t/s avg=55.49 t/s 0.901s
1003 02:16:15 ds4-server: chat ctx=8251..8301:50 gen=100 decoding chunk=55.49 t/s avg=55.49 t/s 1.802s
1003 02:16:16 ds4-server: chat ctx=8301..8351:50 gen=150 decoding chunk=55.37 t/s avg=55.45 t/s 2.705s
1003 02:16:17 ds4-server: chat ctx=8351..8401:50 gen=200 decoding chunk=55.33 t/s avg=55.42 t/s 3.609s
1003 02:16:18 ds4-server: chat ctx=8401..8451:50 gen=250 decoding chunk=55.26 t/s avg=55.39 t/s 4.514s
1003 02:16:18 ds4-server: chat ctx=8451..8457:6 gen=256 decoding chunk=55.25 t/s avg=55.38 t/s 4.622s
1003 02:16:18 ds4-server: chat ctx=0..8201:8201 gen=256 finish=length 13.125s
1003 02:16:18 ds4-server: live kv cache miss live=8457 prompt=8201 common=17 vision=match reason=token-mismatch
1003 02:16:18 ds4-server: chat ctx=0..8201:8201 prompt start
1003 02:16:18 ds4-server: chat ctx=0..8201:8201 prefill chunk 0/8201 (0.0%) chunk=0.00 t/s avg=0.00 t/s 0.000s
1003 02:16:20 ds4-server: chat ctx=0..8201:8201 prefill chunk 2048/8201 (25.0%) chunk=1039.05 t/s avg=1038.98 t/s 1.971s
1003 02:16:22 ds4-server: chat ctx=0..8201:8201 prefill chunk 4096/8201 (49.9%) chunk=967.47 t/s avg=1001.95 t/s 4.088s
1003 02:16:24 ds4-server: chat ctx=0..8201:8201 prefill chunk 6144/8201 (74.9%) chunk=960.43 t/s avg=987.72 t/s 6.220s
1003 02:16:26 ds4-server: chat ctx=0..8201:8201 prefill chunk 8192/8201 (99.9%) chunk=955.73 t/s avg=979.52 t/s 8.363s
1003 02:16:27 ds4-server: chat ctx=0..8201:8201 prefill chunk 8201/8201 (100.0%) chunk=66.55 t/s avg=964.99 t/s 8.498s
1003 02:16:27 ds4-server: chat ctx=0..8201:8201 prompt done 8.499s
1003 02:16:27 ds4-server: chat ctx=8201..8251:50 gen=50 decoding chunk=55.54 t/s avg=55.54 t/s 0.900s
1003 02:16:28 ds4-server: chat ctx=8251..8301:50 gen=100 decoding chunk=55.48 t/s avg=55.51 t/s 1.801s
1003 02:16:29 ds4-server: chat ctx=8301..8351:50 gen=150 decoding chunk=55.38 t/s avg=55.47 t/s 2.704s
1003 02:16:30 ds4-server: chat ctx=8351..8401:50 gen=200 decoding chunk=55.36 t/s avg=55.44 t/s 3.608s
1003 02:16:31 ds4-server: chat ctx=8401..8451:50 gen=250 decoding chunk=55.30 t/s avg=55.41 t/s 4.512s
1003 02:16:31 ds4-server: chat ctx=8451..8457:6 gen=256 decoding chunk=55.28 t/s avg=55.41 t/s 4.620s
1003 02:16:31 ds4-server: chat ctx=0..8201:8201 gen=256 finish=length 13.119s
1003 02:16:31 ds4-server: live kv cache miss live=8457 prompt=8201 common=17 vision=match reason=token-mismatch
1003 02:16:31 ds4-server: chat ctx=0..8201:8201 prompt start
1003 02:16:31 ds4-server: chat ctx=0..8201:8201 prefill chunk 0/8201 (0.0%) chunk=0.00 t/s avg=0.00 t/s 0.000s
1003 02:16:33 ds4-server: chat ctx=0..8201:8201 prefill chunk 2048/8201 (25.0%) chunk=1038.61 t/s avg=1038.49 t/s 1.972s
1003 02:16:35 ds4-server: chat ctx=0..8201:8201 prefill chunk 4096/8201 (49.9%) chunk=968.05 t/s avg=1002.03 t/s 4.088s
1003 02:16:37 ds4-server: chat ctx=0..8201:8201 prefill chunk 6144/8201 (74.9%) chunk=960.43 t/s avg=987.77 t/s 6.220s
1003 02:16:40 ds4-server: chat ctx=0..8201:8201 prefill chunk 8192/8201 (99.9%) chunk=956.34 t/s avg=979.72 t/s 8.362s
1003 02:16:40 ds4-server: chat ctx=0..8201:8201 prefill chunk 8201/8201 (100.0%) chunk=66.77 t/s avg=965.24 t/s 8.496s
1003 02:16:40 ds4-server: chat ctx=0..8201:8201 prompt done 8.496s
1003 02:16:41 ds4-server: chat ctx=8201..8251:50 gen=50 decoding chunk=55.49 t/s avg=55.49 t/s 0.901s
1003 02:16:42 ds4-server: chat ctx=8251..8301:50 gen=100 decoding chunk=55.48 t/s avg=55.49 t/s 1.802s
1003 02:16:42 ds4-server: chat ctx=8301..8351:50 gen=150 decoding chunk=55.37 t/s avg=55.45 t/s 2.705s
1003 02:16:43 ds4-server: chat ctx=8351..8401:50 gen=200 decoding chunk=55.34 t/s avg=55.42 t/s 3.609s
1003 02:16:44 ds4-server: chat ctx=8401..8451:50 gen=250 decoding chunk=55.29 t/s avg=55.39 t/s 4.513s
1003 02:16:44 ds4-server: chat ctx=8451..8457:6 gen=256 decoding chunk=55.19 t/s avg=55.39 t/s 4.622s
1003 02:16:44 ds4-server: chat ctx=0..8201:8201 gen=256 finish=length 13.118s
1003 02:16:44 ds4-server: live kv cache miss live=8457 prompt=8201 common=17 vision=match reason=token-mismatch
1003 02:16:44 ds4-server: chat ctx=0..8201:8201 prompt start
1003 02:16:44 ds4-server: chat ctx=0..8201:8201 prefill chunk 0/8201 (0.0%) chunk=0.00 t/s avg=0.00 t/s 0.000s
1003 02:16:46 ds4-server: chat ctx=0..8201:8201 prefill chunk 2048/8201 (25.0%) chunk=1038.57 t/s avg=1038.48 t/s 1.972s
1003 02:16:48 ds4-server: chat ctx=0..8201:8201 prefill chunk 4096/8201 (49.9%) chunk=967.88 t/s avg=1001.94 t/s 4.088s
1003 02:16:51 ds4-server: chat ctx=0..8201:8201 prefill chunk 6144/8201 (74.9%) chunk=960.31 t/s avg=987.67 t/s 6.221s
1003 02:16:53 ds4-server: chat ctx=0..8201:8201 prefill chunk 8192/8201 (99.9%) chunk=956.01 t/s avg=979.56 t/s 8.363s
1003 02:16:53 ds4-server: chat ctx=0..8201:8201 prefill chunk 8201/8201 (100.0%) chunk=66.64 t/s avg=965.05 t/s 8.498s
1003 02:16:53 ds4-server: chat ctx=0..8201:8201 prompt done 8.498s
1003 02:16:54 ds4-server: chat ctx=8201..8251:50 gen=50 decoding chunk=55.48 t/s avg=55.48 t/s 0.901s
1003 02:16:55 ds4-server: chat ctx=8251..8301:50 gen=100 decoding chunk=55.44 t/s avg=55.46 t/s 1.803s
1003 02:16:56 ds4-server: chat ctx=8301..8351:50 gen=150 decoding chunk=55.35 t/s avg=55.42 t/s 2.707s
1003 02:16:56 ds4-server: chat ctx=8351..8401:50 gen=200 decoding chunk=55.36 t/s avg=55.41 t/s 3.610s
1003 02:16:57 ds4-server: chat ctx=8401..8451:50 gen=250 decoding chunk=55.22 t/s avg=55.37 t/s 4.515s
1003 02:16:57 ds4-server: chat ctx=8451..8457:6 gen=256 decoding chunk=55.22 t/s avg=55.37 t/s 4.624s
1003 02:16:57 ds4-server: chat ctx=0..8201:8201 gen=256 finish=length 13.122s
1003 02:16:57 ds4-server: live kv cache miss live=8457 prompt=8201 common=17 vision=match reason=token-mismatch
1003 02:16:57 ds4-server: chat ctx=0..8201:8201 prompt start
1003 02:16:57 ds4-server: chat ctx=0..8201:8201 prefill chunk 0/8201 (0.0%) chunk=0.00 t/s avg=0.00 t/s 0.000s
1003 02:16:59 ds4-server: chat ctx=0..8201:8201 prefill chunk 2048/8201 (25.0%) chunk=1039.64 t/s avg=1039.56 t/s 1.970s
1003 02:17:02 ds4-server: chat ctx=0..8201:8201 prefill chunk 4096/8201 (49.9%) chunk=968.26 t/s avg=1002.64 t/s 4.085s
1003 02:17:04 ds4-server: chat ctx=0..8201:8201 prefill chunk 6144/8201 (74.9%) chunk=960.96 t/s avg=988.35 t/s 6.216s
1003 02:17:06 ds4-server: chat ctx=0..8201:8201 prefill chunk 8192/8201 (99.9%) chunk=955.69 t/s avg=979.98 t/s 8.359s
1003 02:17:06 ds4-server: chat ctx=0..8201:8201 prefill chunk 8201/8201 (100.0%) chunk=66.56 t/s avg=965.44 t/s 8.495s
1003 02:17:06 ds4-server: chat ctx=0..8201:8201 prompt done 8.495s
1003 02:17:07 ds4-server: chat ctx=8201..8251:50 gen=50 decoding chunk=55.47 t/s avg=55.47 t/s 0.901s
1003 02:17:08 ds4-server: chat ctx=8251..8301:50 gen=100 decoding chunk=55.51 t/s avg=55.49 t/s 1.802s
1003 02:17:09 ds4-server: chat ctx=8301..8351:50 gen=150 decoding chunk=55.42 t/s avg=55.46 t/s 2.704s
1003 02:17:10 ds4-server: chat ctx=8351..8401:50 gen=200 decoding chunk=55.37 t/s avg=55.44 t/s 3.607s
1003 02:17:10 ds4-server: chat ctx=8401..8451:50 gen=250 decoding chunk=55.32 t/s avg=55.42 t/s 4.511s
1003 02:17:11 ds4-server: chat ctx=8451..8457:6 gen=256 decoding chunk=55.18 t/s avg=55.41 t/s 4.620s
1003 02:17:11 ds4-server: chat ctx=0..8201:8201 gen=256 finish=length 13.115s
1003 02:17:11 ds4-server: live kv cache miss live=8457 prompt=8201 common=17 vision=match reason=token-mismatch
1003 02:17:11 ds4-server: chat ctx=0..8201:8201 prompt start
1003 02:17:11 ds4-server: chat ctx=0..8201:8201 prefill chunk 0/8201 (0.0%) chunk=0.00 t/s avg=0.00 t/s 0.000s
1003 02:17:13 ds4-server: chat ctx=0..8201:8201 prefill chunk 2048/8201 (25.0%) chunk=1037.78 t/s avg=1037.70 t/s 1.974s
1003 02:17:15 ds4-server: chat ctx=0..8201:8201 prefill chunk 4096/8201 (49.9%) chunk=968.30 t/s avg=1001.80 t/s 4.089s
1003 02:17:17 ds4-server: chat ctx=0..8201:8201 prefill chunk 6144/8201 (74.9%) chunk=960.49 t/s avg=987.64 t/s 6.221s
1003 02:17:19 ds4-server: chat ctx=0..8201:8201 prefill chunk 8192/8201 (99.9%) chunk=955.37 t/s avg=979.37 t/s 8.365s
1003 02:17:19 ds4-server: chat ctx=0..8201:8201 prefill chunk 8201/8201 (100.0%) chunk=66.71 t/s avg=964.88 t/s 8.499s
1003 02:17:19 ds4-server: chat ctx=0..8201:8201 prompt done 8.499s
1003 02:17:20 ds4-server: chat ctx=8201..8251:50 gen=50 decoding chunk=55.46 t/s avg=55.46 t/s 0.902s
1003 02:17:21 ds4-server: chat ctx=8251..8301:50 gen=100 decoding chunk=55.46 t/s avg=55.46 t/s 1.803s
1003 02:17:22 ds4-server: chat ctx=8301..8351:50 gen=150 decoding chunk=55.34 t/s avg=55.42 t/s 2.707s
1003 02:17:23 ds4-server: chat ctx=8351..8401:50 gen=200 decoding chunk=55.34 t/s avg=55.40 t/s 3.610s
1003 02:17:24 ds4-server: chat ctx=8401..8451:50 gen=250 decoding chunk=55.29 t/s avg=55.38 t/s 4.515s
1003 02:17:24 ds4-server: chat ctx=8451..8457:6 gen=256 decoding chunk=55.25 t/s avg=55.37 t/s 4.623s
1003 02:17:24 ds4-server: chat ctx=0..8201:8201 gen=256 finish=length 13.123s
1003 02:17:24 ds4-server: live kv cache miss live=8457 prompt=8201 common=17 vision=match reason=token-mismatch
1003 02:17:24 ds4-server: chat ctx=0..8201:8201 prompt start
1003 02:17:24 ds4-server: chat ctx=0..8201:8201 prefill chunk 0/8201 (0.0%) chunk=0.00 t/s avg=0.00 t/s 0.000s
1003 02:17:26 ds4-server: chat ctx=0..8201:8201 prefill chunk 2048/8201 (25.0%) chunk=1035.63 t/s avg=1035.51 t/s 1.978s
1003 02:17:28 ds4-server: chat ctx=0..8201:8201 prefill chunk 4096/8201 (49.9%) chunk=966.46 t/s avg=999.80 t/s 4.097s
1003 02:17:30 ds4-server: chat ctx=0..8201:8201 prefill chunk 6144/8201 (74.9%) chunk=960.01 t/s avg=986.17 t/s 6.230s
1003 02:17:32 ds4-server: chat ctx=0..8201:8201 prefill chunk 8192/8201 (99.9%) chunk=954.47 t/s avg=978.05 t/s 8.376s
1003 02:17:32 ds4-server: chat ctx=0..8201:8201 prefill chunk 8201/8201 (100.0%) chunk=66.71 t/s avg=963.60 t/s 8.511s
1003 02:17:32 ds4-server: chat ctx=0..8201:8201 prompt done 8.511s
1003 02:17:33 ds4-server: chat ctx=8201..8251:50 gen=50 decoding chunk=55.51 t/s avg=55.51 t/s 0.901s
1003 02:17:34 ds4-server: chat ctx=8251..8301:50 gen=100 decoding chunk=55.49 t/s avg=55.50 t/s 1.802s
1003 02:17:35 ds4-server: chat ctx=8301..8351:50 gen=150 decoding chunk=55.37 t/s avg=55.46 t/s 2.705s
1003 02:17:36 ds4-server: chat ctx=8351..8401:50 gen=200 decoding chunk=55.33 t/s avg=55.42 t/s 3.609s
1003 02:17:37 ds4-server: chat ctx=8401..8451:50 gen=250 decoding chunk=55.24 t/s avg=55.39 t/s 4.514s
1003 02:17:37 ds4-server: chat ctx=8451..8457:6 gen=256 decoding chunk=55.23 t/s avg=55.38 t/s 4.622s
1003 02:17:37 ds4-server: chat ctx=0..8201:8201 gen=256 finish=length 13.133s
1003 02:17:37 ds4-server: live kv cache miss live=8457 prompt=8201 common=17 vision=match reason=token-mismatch
1003 02:17:37 ds4-server: chat ctx=0..8201:8201 prompt start
1003 02:17:37 ds4-server: chat ctx=0..8201:8201 prefill chunk 0/8201 (0.0%) chunk=0.00 t/s avg=0.00 t/s 0.000s
1003 02:17:39 ds4-server: chat ctx=0..8201:8201 prefill chunk 2048/8201 (25.0%) chunk=1038.82 t/s avg=1038.73 t/s 1.972s
1003 02:17:41 ds4-server: chat ctx=0..8201:8201 prefill chunk 4096/8201 (49.9%) chunk=968.03 t/s avg=1002.14 t/s 4.087s
1003 02:17:43 ds4-server: chat ctx=0..8201:8201 prefill chunk 6144/8201 (74.9%) chunk=960.14 t/s avg=987.74 t/s 6.220s
1003 02:17:45 ds4-server: chat ctx=0..8201:8201 prefill chunk 8192/8201 (99.9%) chunk=954.88 t/s avg=979.31 t/s 8.365s
1003 02:17:45 ds4-server: chat ctx=0..8201:8201 prefill chunk 8201/8201 (100.0%) chunk=66.59 t/s avg=964.80 t/s 8.500s
1003 02:17:45 ds4-server: chat ctx=0..8201:8201 prompt done 8.500s
1003 02:17:46 ds4-server: chat ctx=8201..8251:50 gen=50 decoding chunk=55.47 t/s avg=55.47 t/s 0.901s
1003 02:17:47 ds4-server: chat ctx=8251..8301:50 gen=100 decoding chunk=55.43 t/s avg=55.45 t/s 1.803s
1003 02:17:48 ds4-server: chat ctx=8301..8351:50 gen=150 decoding chunk=55.33 t/s avg=55.41 t/s 2.707s
1003 02:17:49 ds4-server: chat ctx=8351..8401:50 gen=200 decoding chunk=55.34 t/s avg=55.39 t/s 3.611s
1003 02:17:50 ds4-server: chat ctx=8401..8451:50 gen=250 decoding chunk=55.26 t/s avg=55.37 t/s 4.515s
1003 02:17:50 ds4-server: chat ctx=8451..8457:6 gen=256 decoding chunk=55.19 t/s avg=55.36 t/s 4.624s
1003 02:17:50 ds4-server: chat ctx=0..8201:8201 gen=256 finish=length 13.125s
1003 02:17:50 ds4-server: live kv cache miss live=8457 prompt=8201 common=17 vision=match reason=token-mismatch
1003 02:17:50 ds4-server: chat ctx=0..8201:8201 prompt start
1003 02:17:50 ds4-server: chat ctx=0..8201:8201 prefill chunk 0/8201 (0.0%) chunk=0.00 t/s avg=0.00 t/s 0.000s
1003 02:17:52 ds4-server: chat ctx=0..8201:8201 prefill chunk 2048/8201 (25.0%) chunk=1037.95 t/s avg=1037.83 t/s 1.973s
1003 02:17:54 ds4-server: chat ctx=0..8201:8201 prefill chunk 4096/8201 (49.9%) chunk=968.15 t/s avg=1001.78 t/s 4.089s
1003 02:17:56 ds4-server: chat ctx=0..8201:8201 prefill chunk 6144/8201 (74.9%) chunk=960.37 t/s avg=987.59 t/s 6.221s
1003 02:17:58 ds4-server: chat ctx=0..8201:8201 prefill chunk 8192/8201 (99.9%) chunk=956.35 t/s avg=979.59 t/s 8.363s
1003 02:17:58 ds4-server: chat ctx=0..8201:8201 prefill chunk 8201/8201 (100.0%) chunk=66.72 t/s avg=965.10 t/s 8.498s
1003 02:17:58 ds4-server: chat ctx=0..8201:8201 prompt done 8.498s
1003 02:17:59 ds4-server: chat ctx=8201..8251:50 gen=50 decoding chunk=55.50 t/s avg=55.50 t/s 0.901s
1003 02:18:00 ds4-server: chat ctx=8251..8301:50 gen=100 decoding chunk=55.46 t/s avg=55.48 t/s 1.802s
1003 02:18:01 ds4-server: chat ctx=8301..8351:50 gen=150 decoding chunk=55.31 t/s avg=55.42 t/s 2.706s
1003 02:18:02 ds4-server: chat ctx=8351..8401:50 gen=200 decoding chunk=55.27 t/s avg=55.38 t/s 3.611s
1003 02:18:03 ds4-server: chat ctx=8401..8451:50 gen=250 decoding chunk=55.27 t/s avg=55.36 t/s 4.516s
1003 02:18:03 ds4-server: chat ctx=8451..8457:6 gen=256 decoding chunk=55.15 t/s avg=55.36 t/s 4.625s
1003 02:18:03 ds4-server: chat ctx=0..8201:8201 gen=256 finish=length 13.122s
1003 02:18:03 ds4-server: live kv cache miss live=8457 prompt=8201 common=17 vision=match reason=token-mismatch
1003 02:18:03 ds4-server: chat ctx=0..8201:8201 prompt start
1003 02:18:03 ds4-server: chat ctx=0..8201:8201 prefill chunk 0/8201 (0.0%) chunk=0.00 t/s avg=0.00 t/s 0.000s
1003 02:18:05 ds4-server: chat ctx=0..8201:8201 prefill chunk 2048/8201 (25.0%) chunk=1038.70 t/s avg=1038.58 t/s 1.972s
1003 02:18:07 ds4-server: chat ctx=0..8201:8201 prefill chunk 4096/8201 (49.9%) chunk=968.07 t/s avg=1002.08 t/s 4.087s
1003 02:18:09 ds4-server: chat ctx=0..8201:8201 prefill chunk 6144/8201 (74.9%) chunk=958.99 t/s avg=987.29 t/s 6.223s
1003 02:18:11 ds4-server: chat ctx=0..8201:8201 prefill chunk 8192/8201 (99.9%) chunk=955.31 t/s avg=979.10 t/s 8.367s
1003 02:18:12 ds4-server: chat ctx=0..8201:8201 prefill chunk 8201/8201 (100.0%) chunk=66.69 t/s avg=964.62 t/s 8.502s
1003 02:18:12 ds4-server: chat ctx=0..8201:8201 prompt done 8.502s
1003 02:18:13 ds4-server: chat ctx=8201..8251:50 gen=50 decoding chunk=55.49 t/s avg=55.49 t/s 0.901s
1003 02:18:13 ds4-server: chat ctx=8251..8301:50 gen=100 decoding chunk=55.47 t/s avg=55.48 t/s 1.802s
1003 02:18:14 ds4-server: chat ctx=8301..8351:50 gen=150 decoding chunk=55.34 t/s avg=55.43 t/s 2.706s
1003 02:18:15 ds4-server: chat ctx=8351..8401:50 gen=200 decoding chunk=55.34 t/s avg=55.41 t/s 3.609s
1003 02:18:16 ds4-server: chat ctx=8401..8451:50 gen=250 decoding chunk=55.27 t/s avg=55.38 t/s 4.514s
1003 02:18:16 ds4-server: chat ctx=8451..8457:6 gen=256 decoding chunk=55.19 t/s avg=55.38 t/s 4.623s
1003 02:18:16 ds4-server: chat ctx=0..8201:8201 gen=256 finish=length 13.125s
1003 02:18:16 ds4-server: live kv cache miss live=8457 prompt=8201 common=17 vision=match reason=token-mismatch
1003 02:18:16 ds4-server: chat ctx=0..8201:8201 prompt start
1003 02:18:16 ds4-server: chat ctx=0..8201:8201 prefill chunk 0/8201 (0.0%) chunk=0.00 t/s avg=0.00 t/s 0.000s
1003 02:18:18 ds4-server: chat ctx=0..8201:8201 prefill chunk 2048/8201 (25.0%) chunk=1038.94 t/s avg=1038.87 t/s 1.971s
1003 02:18:20 ds4-server: chat ctx=0..8201:8201 prefill chunk 4096/8201 (49.9%) chunk=968.09 t/s avg=1002.23 t/s 4.087s
1003 02:18:22 ds4-server: chat ctx=0..8201:8201 prefill chunk 6144/8201 (74.9%) chunk=960.53 t/s avg=987.93 t/s 6.219s
1003 02:18:25 ds4-server: chat ctx=0..8201:8201 prefill chunk 8192/8201 (99.9%) chunk=956.34 t/s avg=979.84 t/s 8.361s
1003 02:18:25 ds4-server: chat ctx=0..8201:8201 prefill chunk 8201/8201 (100.0%) chunk=66.67 t/s avg=965.33 t/s 8.496s
1003 02:18:25 ds4-server: chat ctx=0..8201:8201 prompt done 8.496s
1003 02:18:26 ds4-server: chat ctx=8201..8251:50 gen=50 decoding chunk=55.53 t/s avg=55.53 t/s 0.900s
1003 02:18:27 ds4-server: chat ctx=8251..8301:50 gen=100 decoding chunk=55.50 t/s avg=55.51 t/s 1.801s
1003 02:18:27 ds4-server: chat ctx=8301..8351:50 gen=150 decoding chunk=55.28 t/s avg=55.43 t/s 2.706s
1003 02:18:28 ds4-server: chat ctx=8351..8401:50 gen=200 decoding chunk=55.35 t/s avg=55.41 t/s 3.609s
1003 02:18:29 ds4-server: chat ctx=8401..8451:50 gen=250 decoding chunk=55.27 t/s avg=55.38 t/s 4.514s
1003 02:18:29 ds4-server: chat ctx=8451..8457:6 gen=256 decoding chunk=55.19 t/s avg=55.38 t/s 4.623s
1003 02:18:29 ds4-server: chat ctx=0..8201:8201 gen=256 finish=length 13.118s
1003 02:18:29 ds4-server: live kv cache miss live=8457 prompt=8201 common=17 vision=match reason=token-mismatch
1003 02:18:29 ds4-server: chat ctx=0..8201:8201 prompt start
1003 02:18:29 ds4-server: chat ctx=0..8201:8201 prefill chunk 0/8201 (0.0%) chunk=0.00 t/s avg=0.00 t/s 0.000s
1003 02:18:31 ds4-server: chat ctx=0..8201:8201 prefill chunk 2048/8201 (25.0%) chunk=1038.90 t/s avg=1038.83 t/s 1.971s
1003 02:18:33 ds4-server: chat ctx=0..8201:8201 prefill chunk 4096/8201 (49.9%) chunk=967.73 t/s avg=1002.02 t/s 4.088s
1003 02:18:36 ds4-server: chat ctx=0..8201:8201 prefill chunk 6144/8201 (74.9%) chunk=960.86 t/s avg=987.91 t/s 6.219s
1003 02:18:38 ds4-server: chat ctx=0..8201:8201 prefill chunk 8192/8201 (99.9%) chunk=955.30 t/s avg=979.55 t/s 8.363s
1003 02:18:38 ds4-server: chat ctx=0..8201:8201 prefill chunk 8201/8201 (100.0%) chunk=66.79 t/s avg=965.08 t/s 8.498s
1003 02:18:38 ds4-server: chat ctx=0..8201:8201 prompt done 8.498s
1003 02:18:39 ds4-server: chat ctx=8201..8251:50 gen=50 decoding chunk=55.50 t/s avg=55.50 t/s 0.901s
1003 02:18:40 ds4-server: chat ctx=8251..8301:50 gen=100 decoding chunk=55.49 t/s avg=55.50 t/s 1.802s
1003 02:18:41 ds4-server: chat ctx=8301..8351:50 gen=150 decoding chunk=55.38 t/s avg=55.46 t/s 2.705s
1003 02:18:41 ds4-server: chat ctx=8351..8401:50 gen=200 decoding chunk=55.37 t/s avg=55.44 t/s 3.608s
1003 02:18:42 ds4-server: chat ctx=8401..8451:50 gen=250 decoding chunk=55.24 t/s avg=55.40 t/s 4.513s
1003 02:18:42 ds4-server: chat ctx=8451..8457:6 gen=256 decoding chunk=55.18 t/s avg=55.39 t/s 4.622s
1003 02:18:42 ds4-server: chat ctx=0..8201:8201 gen=256 finish=length 13.120s
1003 02:18:42 ds4-server: live kv cache miss live=8457 prompt=8201 common=17 vision=match reason=token-mismatch
1003 02:18:42 ds4-server: chat ctx=0..8201:8201 prompt start
1003 02:18:42 ds4-server: chat ctx=0..8201:8201 prefill chunk 0/8201 (0.0%) chunk=0.00 t/s avg=0.00 t/s 0.000s
1003 02:18:44 ds4-server: chat ctx=0..8201:8201 prefill chunk 2048/8201 (25.0%) chunk=1038.41 t/s avg=1038.30 t/s 1.972s
1003 02:18:47 ds4-server: chat ctx=0..8201:8201 prefill chunk 4096/8201 (49.9%) chunk=968.66 t/s avg=1002.27 t/s 4.087s
1003 02:18:49 ds4-server: chat ctx=0..8201:8201 prefill chunk 6144/8201 (74.9%) chunk=960.75 t/s avg=988.04 t/s 6.218s
1003 02:18:51 ds4-server: chat ctx=0..8201:8201 prefill chunk 8192/8201 (99.9%) chunk=956.42 t/s avg=979.94 t/s 8.360s
1003 02:18:51 ds4-server: chat ctx=0..8201:8201 prefill chunk 8201/8201 (100.0%) chunk=66.62 t/s avg=965.42 t/s 8.495s
1003 02:18:51 ds4-server: chat ctx=0..8201:8201 prompt done 8.495s
1003 02:18:52 ds4-server: chat ctx=8201..8251:50 gen=50 decoding chunk=55.51 t/s avg=55.51 t/s 0.901s
1003 02:18:53 ds4-server: chat ctx=8251..8301:50 gen=100 decoding chunk=55.48 t/s avg=55.50 t/s 1.802s
1003 02:18:54 ds4-server: chat ctx=8301..8351:50 gen=150 decoding chunk=55.38 t/s avg=55.46 t/s 2.705s
1003 02:18:55 ds4-server: chat ctx=8351..8401:50 gen=200 decoding chunk=55.38 t/s avg=55.44 t/s 3.608s
1003 02:18:55 ds4-server: chat ctx=8401..8451:50 gen=250 decoding chunk=55.29 t/s avg=55.41 t/s 4.512s
1003 02:18:56 ds4-server: chat ctx=8451..8457:6 gen=256 decoding chunk=55.23 t/s avg=55.41 t/s 4.620s
1003 02:18:56 ds4-server: chat ctx=0..8201:8201 gen=256 finish=length 13.115s
1003 02:18:56 ds4-server: live kv cache miss live=8457 prompt=8201 common=17 vision=match reason=token-mismatch
1003 02:18:56 ds4-server: chat ctx=0..8201:8201 prompt start
1003 02:18:56 ds4-server: chat ctx=0..8201:8201 prefill chunk 0/8201 (0.0%) chunk=0.00 t/s avg=0.00 t/s 0.000s
1003 02:18:58 ds4-server: chat ctx=0..8201:8201 prefill chunk 2048/8201 (25.0%) chunk=1039.16 t/s avg=1039.09 t/s 1.971s
1003 02:19:00 ds4-server: chat ctx=0..8201:8201 prefill chunk 4096/8201 (49.9%) chunk=968.12 t/s avg=1002.35 t/s 4.086s
1003 02:19:02 ds4-server: chat ctx=0..8201:8201 prefill chunk 6144/8201 (74.9%) chunk=959.82 t/s avg=987.76 t/s 6.220s
1003 02:19:04 ds4-server: chat ctx=0..8201:8201 prefill chunk 8192/8201 (99.9%) chunk=956.09 t/s avg=979.65 t/s 8.362s
1003 02:19:04 ds4-server: chat ctx=0..8201:8201 prefill chunk 8201/8201 (100.0%) chunk=66.67 t/s avg=965.14 t/s 8.497s
1003 02:19:04 ds4-server: chat ctx=0..8201:8201 prompt done 8.497s
1003 02:19:05 ds4-server: chat ctx=8201..8251:50 gen=50 decoding chunk=55.52 t/s avg=55.52 t/s 0.901s
1003 02:19:06 ds4-server: chat ctx=8251..8301:50 gen=100 decoding chunk=55.50 t/s avg=55.51 t/s 1.801s
1003 02:19:07 ds4-server: chat ctx=8301..8351:50 gen=150 decoding chunk=55.34 t/s avg=55.45 t/s 2.705s
1003 02:19:08 ds4-server: chat ctx=8351..8401:50 gen=200 decoding chunk=55.40 t/s avg=55.44 t/s 3.608s
1003 02:19:09 ds4-server: chat ctx=8401..8451:50 gen=250 decoding chunk=55.38 t/s avg=55.43 t/s 4.510s
1003 02:19:09 ds4-server: chat ctx=8451..8457:6 gen=256 decoding chunk=55.28 t/s avg=55.42 t/s 4.619s
1003 02:19:09 ds4-server: chat ctx=0..8201:8201 gen=256 finish=length 13.116s
1003 02:19:09 ds4-server: live kv cache miss live=8457 prompt=8201 common=17 vision=match reason=token-mismatch
1003 02:19:09 ds4-server: chat ctx=0..8201:8201 prompt start
1003 02:19:09 ds4-server: chat ctx=0..8201:8201 prefill chunk 0/8201 (0.0%) chunk=0.00 t/s avg=0.00 t/s 0.000s
1003 02:19:11 ds4-server: chat ctx=0..8201:8201 prefill chunk 2048/8201 (25.0%) chunk=1038.96 t/s avg=1038.83 t/s 1.971s
1003 02:19:13 ds4-server: chat ctx=0..8201:8201 prefill chunk 4096/8201 (49.9%) chunk=967.91 t/s avg=1002.12 t/s 4.087s
1003 02:19:15 ds4-server: chat ctx=0..8201:8201 prefill chunk 6144/8201 (74.9%) chunk=960.27 t/s avg=987.77 t/s 6.220s
1003 02:19:17 ds4-server: chat ctx=0..8201:8201 prefill chunk 8192/8201 (99.9%) chunk=955.13 t/s avg=979.40 t/s 8.364s
1003 02:19:17 ds4-server: chat ctx=0..8201:8201 prefill chunk 8201/8201 (100.0%) chunk=66.60 t/s avg=964.89 t/s 8.499s
1003 02:19:17 ds4-server: chat ctx=0..8201:8201 prompt done 8.499s
1003 02:19:18 ds4-server: chat ctx=8201..8251:50 gen=50 decoding chunk=55.50 t/s avg=55.50 t/s 0.901s
1003 02:19:19 ds4-server: chat ctx=8251..8301:50 gen=100 decoding chunk=55.46 t/s avg=55.48 t/s 1.802s
1003 02:19:20 ds4-server: chat ctx=8301..8351:50 gen=150 decoding chunk=55.35 t/s avg=55.44 t/s 2.706s
1003 02:19:21 ds4-server: chat ctx=8351..8401:50 gen=200 decoding chunk=55.33 t/s avg=55.41 t/s 3.609s
1003 02:19:22 ds4-server: chat ctx=8401..8451:50 gen=250 decoding chunk=55.25 t/s avg=55.38 t/s 4.514s
1003 02:19:22 ds4-server: chat ctx=8451..8457:6 gen=256 decoding chunk=55.17 t/s avg=55.37 t/s 4.623s
1003 02:19:22 ds4-server: chat ctx=0..8201:8201 gen=256 finish=length 13.123s
1003 02:19:22 ds4-server: live kv cache miss live=8457 prompt=8201 common=17 vision=match reason=token-mismatch
1003 02:19:22 ds4-server: chat ctx=0..8201:8201 prompt start
1003 02:19:22 ds4-server: chat ctx=0..8201:8201 prefill chunk 0/8201 (0.0%) chunk=0.00 t/s avg=0.00 t/s 0.000s
1003 02:19:24 ds4-server: chat ctx=0..8201:8201 prefill chunk 2048/8201 (25.0%) chunk=1038.21 t/s avg=1038.13 t/s 1.973s
1003 02:19:26 ds4-server: chat ctx=0..8201:8201 prefill chunk 4096/8201 (49.9%) chunk=968.29 t/s avg=1002.00 t/s 4.088s
1003 02:19:28 ds4-server: chat ctx=0..8201:8201 prefill chunk 6144/8201 (74.9%) chunk=960.70 t/s avg=987.84 t/s 6.220s
1003 02:19:30 ds4-server: chat ctx=0..8201:8201 prefill chunk 8192/8201 (99.9%) chunk=955.93 t/s avg=979.67 t/s 8.362s
1003 02:19:30 ds4-server: chat ctx=0..8201:8201 prefill chunk 8201/8201 (100.0%) chunk=66.62 t/s avg=965.15 t/s 8.497s
1003 02:19:30 ds4-server: chat ctx=0..8201:8201 prompt done 8.497s
1003 02:19:31 ds4-server: chat ctx=8201..8251:50 gen=50 decoding chunk=55.50 t/s avg=55.50 t/s 0.901s
1003 02:19:32 ds4-server: chat ctx=8251..8301:50 gen=100 decoding chunk=55.44 t/s avg=55.47 t/s 1.803s
1003 02:19:33 ds4-server: chat ctx=8301..8351:50 gen=150 decoding chunk=55.37 t/s avg=55.44 t/s 2.706s
1003 02:19:34 ds4-server: chat ctx=8351..8401:50 gen=200 decoding chunk=55.33 t/s avg=55.41 t/s 3.610s
1003 02:19:35 ds4-server: chat ctx=8401..8451:50 gen=250 decoding chunk=55.25 t/s avg=55.38 t/s 4.515s
1003 02:19:35 ds4-server: chat ctx=8451..8457:6 gen=256 decoding chunk=55.16 t/s avg=55.37 t/s 4.623s
1003 02:19:35 ds4-server: chat ctx=0..8201:8201 gen=256 finish=length 13.121s
1003 02:19:35 ds4-server: live kv cache miss live=8457 prompt=8201 common=17 vision=match reason=token-mismatch
1003 02:19:35 ds4-server: chat ctx=0..8201:8201 prompt start
1003 02:19:35 ds4-server: chat ctx=0..8201:8201 prefill chunk 0/8201 (0.0%) chunk=0.00 t/s avg=0.00 t/s 0.000s
1003 02:19:37 ds4-server: chat ctx=0..8201:8201 prefill chunk 2048/8201 (25.0%) chunk=1038.34 t/s avg=1038.26 t/s 1.973s
1003 02:19:39 ds4-server: chat ctx=0..8201:8201 prefill chunk 4096/8201 (49.9%) chunk=968.00 t/s avg=1001.90 t/s 4.088s
1003 02:19:41 ds4-server: chat ctx=0..8201:8201 prefill chunk 6144/8201 (74.9%) chunk=959.45 t/s avg=987.34 t/s 6.223s
1003 02:19:43 ds4-server: chat ctx=0..8201:8201 prefill chunk 8192/8201 (99.9%) chunk=955.37 t/s avg=979.15 t/s 8.366s
1003 02:19:43 ds4-server: chat ctx=0..8201:8201 prefill chunk 8201/8201 (100.0%) chunk=66.68 t/s avg=964.66 t/s 8.501s
1003 02:19:43 ds4-server: chat ctx=0..8201:8201 prompt done 8.501s
1003 02:19:44 ds4-server: chat ctx=8201..8251:50 gen=50 decoding chunk=55.48 t/s avg=55.48 t/s 0.901s
1003 02:19:45 ds4-server: chat ctx=8251..8301:50 gen=100 decoding chunk=55.44 t/s avg=55.46 t/s 1.803s
1003 02:19:46 ds4-server: chat ctx=8301..8351:50 gen=150 decoding chunk=55.35 t/s avg=55.42 t/s 2.707s
1003 02:19:47 ds4-server: chat ctx=8351..8401:50 gen=200 decoding chunk=55.31 t/s avg=55.39 t/s 3.611s
1003 02:19:48 ds4-server: chat ctx=8401..8451:50 gen=250 decoding chunk=55.27 t/s avg=55.37 t/s 4.515s
1003 02:19:48 ds4-server: chat ctx=8451..8457:6 gen=256 decoding chunk=55.23 t/s avg=55.37 t/s 4.624s
1003 02:19:48 ds4-server: chat ctx=0..8201:8201 gen=256 finish=length 13.125s
1003 02:19:48 ds4-server: live kv cache miss live=8457 prompt=8201 common=17 vision=match reason=token-mismatch
1003 02:19:48 ds4-server: chat ctx=0..8201:8201 prompt start
1003 02:19:48 ds4-server: chat ctx=0..8201:8201 prefill chunk 0/8201 (0.0%) chunk=0.00 t/s avg=0.00 t/s 0.000s
1003 02:19:50 ds4-server: chat ctx=0..8201:8201 prefill chunk 2048/8201 (25.0%) chunk=1038.67 t/s avg=1038.55 t/s 1.972s
1003 02:19:52 ds4-server: chat ctx=0..8201:8201 prefill chunk 4096/8201 (49.9%) chunk=967.69 t/s avg=1001.87 t/s 4.088s
1003 02:19:54 ds4-server: chat ctx=0..8201:8201 prefill chunk 6144/8201 (74.9%) chunk=960.32 t/s avg=987.62 t/s 6.221s
1003 02:19:56 ds4-server: chat ctx=0..8201:8201 prefill chunk 8192/8201 (99.9%) chunk=955.88 t/s avg=979.49 t/s 8.364s
1003 02:19:57 ds4-server: chat ctx=0..8201:8201 prefill chunk 8201/8201 (100.0%) chunk=66.75 t/s avg=965.01 t/s 8.498s
1003 02:19:57 ds4-server: chat ctx=0..8201:8201 prompt done 8.498s
1003 02:19:58 ds4-server: chat ctx=8201..8251:50 gen=50 decoding chunk=55.45 t/s avg=55.45 t/s 0.902s
1003 02:19:58 ds4-server: chat ctx=8251..8301:50 gen=100 decoding chunk=55.49 t/s avg=55.47 t/s 1.803s
1003 02:19:59 ds4-server: chat ctx=8301..8351:50 gen=150 decoding chunk=55.39 t/s avg=55.44 t/s 2.706s
1003 02:20:00 ds4-server: chat ctx=8351..8401:50 gen=200 decoding chunk=55.33 t/s avg=55.41 t/s 3.609s
1003 02:20:01 ds4-server: chat ctx=8401..8451:50 gen=250 decoding chunk=55.27 t/s avg=55.39 t/s 4.514s
1003 02:20:01 ds4-server: chat ctx=8451..8457:6 gen=256 decoding chunk=55.24 t/s avg=55.38 t/s 4.622s
1003 02:20:01 ds4-server: chat ctx=0..8201:8201 gen=256 finish=length 13.121s
1003 02:20:01 ds4-server: live kv cache miss live=8457 prompt=8201 common=17 vision=match reason=token-mismatch
1003 02:20:01 ds4-server: chat ctx=0..8201:8201 prompt start
1003 02:20:01 ds4-server: chat ctx=0..8201:8201 prefill chunk 0/8201 (0.0%) chunk=0.00 t/s avg=0.00 t/s 0.000s
1003 02:20:03 ds4-server: chat ctx=0..8201:8201 prefill chunk 2048/8201 (25.0%) chunk=1039.00 t/s avg=1038.93 t/s 1.971s
1003 02:20:05 ds4-server: chat ctx=0..8201:8201 prefill chunk 4096/8201 (49.9%) chunk=967.87 t/s avg=1002.14 t/s 4.087s
1003 02:20:07 ds4-server: chat ctx=0..8201:8201 prefill chunk 6144/8201 (74.9%) chunk=960.21 t/s avg=987.76 t/s 6.220s
1003 02:20:10 ds4-server: chat ctx=0..8201:8201 prefill chunk 8192/8201 (99.9%) chunk=956.05 t/s avg=979.64 t/s 8.362s
1003 02:20:10 ds4-server: chat ctx=0..8201:8201 prefill chunk 8201/8201 (100.0%) chunk=66.68 t/s avg=965.14 t/s 8.497s
1003 02:20:10 ds4-server: chat ctx=0..8201:8201 prompt done 8.497s
1003 02:20:11 ds4-server: chat ctx=8201..8251:50 gen=50 decoding chunk=55.52 t/s avg=55.52 t/s 0.900s
1003 02:20:12 ds4-server: chat ctx=8251..8301:50 gen=100 decoding chunk=55.59 t/s avg=55.56 t/s 1.800s
1003 02:20:12 ds4-server: chat ctx=8301..8351:50 gen=150 decoding chunk=55.42 t/s avg=55.51 t/s 2.702s
1003 02:20:13 ds4-server: chat ctx=8351..8401:50 gen=200 decoding chunk=55.37 t/s avg=55.48 t/s 3.605s
1003 02:20:14 ds4-server: chat ctx=8401..8451:50 gen=250 decoding chunk=55.28 t/s avg=55.44 t/s 4.510s
1003 02:20:14 ds4-server: chat ctx=8451..8457:6 gen=256 decoding chunk=55.18 t/s avg=55.43 t/s 4.618s
1003 02:20:14 ds4-server: chat ctx=0..8201:8201 gen=256 finish=length 13.116s
1003 02:20:14 ds4-server: live kv cache miss live=8457 prompt=8201 common=17 vision=match reason=token-mismatch
1003 02:20:14 ds4-server: chat ctx=0..8201:8201 prompt start
1003 02:20:14 ds4-server: chat ctx=0..8201:8201 prefill chunk 0/8201 (0.0%) chunk=0.00 t/s avg=0.00 t/s 0.000s
1003 02:20:16 ds4-server: chat ctx=0..8201:8201 prefill chunk 2048/8201 (25.0%) chunk=1039.79 t/s avg=1039.72 t/s 1.970s
1003 02:20:18 ds4-server: chat ctx=0..8201:8201 prefill chunk 4096/8201 (49.9%) chunk=968.38 t/s avg=1002.78 t/s 4.085s
1003 02:20:21 ds4-server: chat ctx=0..8201:8201 prefill chunk 6144/8201 (74.9%) chunk=960.51 t/s avg=988.29 t/s 6.217s
1003 02:20:23 ds4-server: chat ctx=0..8201:8201 prefill chunk 8192/8201 (99.9%) chunk=955.93 t/s avg=979.99 t/s 8.359s
1003 02:20:23 ds4-server: chat ctx=0..8201:8201 prefill chunk 8201/8201 (100.0%) chunk=66.61 t/s avg=965.46 t/s 8.494s
1003 02:20:23 ds4-server: chat ctx=0..8201:8201 prompt done 8.494s
1003 02:20:24 ds4-server: chat ctx=8201..8251:50 gen=50 decoding chunk=55.50 t/s avg=55.50 t/s 0.901s
1003 02:20:25 ds4-server: chat ctx=8251..8301:50 gen=100 decoding chunk=55.47 t/s avg=55.49 t/s 1.802s
1003 02:20:26 ds4-server: chat ctx=8301..8351:50 gen=150 decoding chunk=55.35 t/s avg=55.44 t/s 2.706s
1003 02:20:26 ds4-server: chat ctx=8351..8401:50 gen=200 decoding chunk=55.33 t/s avg=55.41 t/s 3.609s
1003 02:20:27 ds4-server: chat ctx=8401..8451:50 gen=250 decoding chunk=55.25 t/s avg=55.38 t/s 4.514s
1003 02:20:27 ds4-server: chat ctx=8451..8457:6 gen=256 decoding chunk=55.19 t/s avg=55.38 t/s 4.623s
1003 02:20:27 ds4-server: chat ctx=0..8201:8201 gen=256 finish=length 13.117s
1003 02:20:27 ds4-server: live kv cache miss live=8457 prompt=8201 common=17 vision=match reason=token-mismatch
1003 02:20:27 ds4-server: chat ctx=0..8201:8201 prompt start
1003 02:20:27 ds4-server: chat ctx=0..8201:8201 prefill chunk 0/8201 (0.0%) chunk=0.00 t/s avg=0.00 t/s 0.000s
1003 02:20:29 ds4-server: chat ctx=0..8201:8201 prefill chunk 2048/8201 (25.0%) chunk=1039.55 t/s avg=1039.47 t/s 1.970s
1003 02:20:32 ds4-server: chat ctx=0..8201:8201 prefill chunk 4096/8201 (49.9%) chunk=968.69 t/s avg=1002.83 t/s 4.084s
1003 02:20:34 ds4-server: chat ctx=0..8201:8201 prefill chunk 6144/8201 (74.9%) chunk=960.64 t/s avg=988.36 t/s 6.216s
1003 02:20:36 ds4-server: chat ctx=0..8201:8201 prefill chunk 8192/8201 (99.9%) chunk=956.19 t/s avg=980.12 t/s 8.358s
1003 02:20:36 ds4-server: chat ctx=0..8201:8201 prefill chunk 8201/8201 (100.0%) chunk=66.73 t/s avg=965.61 t/s 8.493s
1003 02:20:36 ds4-server: chat ctx=0..8201:8201 prompt done 8.493s
1003 02:20:37 ds4-server: chat ctx=8201..8251:50 gen=50 decoding chunk=55.48 t/s avg=55.48 t/s 0.901s
1003 02:20:38 ds4-server: chat ctx=8251..8301:50 gen=100 decoding chunk=55.47 t/s avg=55.47 t/s 1.803s
1003 02:20:39 ds4-server: chat ctx=8301..8351:50 gen=150 decoding chunk=55.37 t/s avg=55.44 t/s 2.706s
1003 02:20:40 ds4-server: chat ctx=8351..8401:50 gen=200 decoding chunk=55.36 t/s avg=55.42 t/s 3.609s
1003 02:20:40 ds4-server: chat ctx=8401..8451:50 gen=250 decoding chunk=55.28 t/s avg=55.39 t/s 4.513s
1003 02:20:41 ds4-server: chat ctx=8451..8457:6 gen=256 decoding chunk=55.20 t/s avg=55.39 t/s 4.622s
1003 02:20:41 ds4-server: chat ctx=0..8201:8201 gen=256 finish=length 13.115s
1003 02:20:41 ds4-server: live kv cache miss live=8457 prompt=8201 common=17 vision=match reason=token-mismatch
1003 02:20:41 ds4-server: chat ctx=0..8201:8201 prompt start
1003 02:20:41 ds4-server: chat ctx=0..8201:8201 prefill chunk 0/8201 (0.0%) chunk=0.00 t/s avg=0.00 t/s 0.000s
1003 02:20:43 ds4-server: chat ctx=0..8201:8201 prefill chunk 2048/8201 (25.0%) chunk=1038.11 t/s avg=1037.98 t/s 1.973s
1003 02:20:45 ds4-server: chat ctx=0..8201:8201 prefill chunk 4096/8201 (49.9%) chunk=968.50 t/s avg=1002.04 t/s 4.088s
1003 02:20:47 ds4-server: chat ctx=0..8201:8201 prefill chunk 6144/8201 (74.9%) chunk=959.56 t/s avg=987.47 t/s 6.222s
1003 02:20:49 ds4-server: chat ctx=0..8201:8201 prefill chunk 8192/8201 (99.9%) chunk=956.67 t/s avg=979.58 t/s 8.363s
1003 02:20:49 ds4-server: chat ctx=0..8201:8201 prefill chunk 8201/8201 (100.0%) chunk=66.66 t/s avg=965.08 t/s 8.498s
1003 02:20:49 ds4-server: chat ctx=0..8201:8201 prompt done 8.498s
1003 02:20:50 ds4-server: chat ctx=8201..8251:50 gen=50 decoding chunk=55.51 t/s avg=55.51 t/s 0.901s
1003 02:20:51 ds4-server: chat ctx=8251..8301:50 gen=100 decoding chunk=55.47 t/s avg=55.49 t/s 1.802s
1003 02:20:52 ds4-server: chat ctx=8301..8351:50 gen=150 decoding chunk=55.34 t/s avg=55.44 t/s 2.706s
1003 02:20:53 ds4-server: chat ctx=8351..8401:50 gen=200 decoding chunk=55.35 t/s avg=55.42 t/s 3.609s
1003 02:20:54 ds4-server: chat ctx=8401..8451:50 gen=250 decoding chunk=55.29 t/s avg=55.39 t/s 4.513s
1003 02:20:54 ds4-server: chat ctx=8451..8457:6 gen=256 decoding chunk=55.20 t/s avg=55.39 t/s 4.622s
1003 02:20:54 ds4-server: chat ctx=0..8201:8201 gen=256 finish=length 13.120s
1003 02:20:54 ds4-server: live kv cache miss live=8457 prompt=8201 common=17 vision=match reason=token-mismatch
1003 02:20:54 ds4-server: chat ctx=0..8201:8201 prompt start
1003 02:20:54 ds4-server: chat ctx=0..8201:8201 prefill chunk 0/8201 (0.0%) chunk=0.00 t/s avg=0.00 t/s 0.000s
1003 02:20:56 ds4-server: chat ctx=0..8201:8201 prefill chunk 2048/8201 (25.0%) chunk=1039.30 t/s avg=1039.21 t/s 1.971s
1003 02:20:58 ds4-server: chat ctx=0..8201:8201 prefill chunk 4096/8201 (49.9%) chunk=968.53 t/s avg=1002.63 t/s 4.085s
1003 02:21:00 ds4-server: chat ctx=0..8201:8201 prefill chunk 6144/8201 (74.9%) chunk=960.46 t/s avg=988.17 t/s 6.218s
1003 02:21:02 ds4-server: chat ctx=0..8201:8201 prefill chunk 8192/8201 (99.9%) chunk=955.51 t/s avg=979.80 t/s 8.361s
1003 02:21:02 ds4-server: chat ctx=0..8201:8201 prefill chunk 8201/8201 (100.0%) chunk=66.44 t/s avg=965.23 t/s 8.496s
1003 02:21:02 ds4-server: chat ctx=0..8201:8201 prompt done 8.496s
1003 02:21:03 ds4-server: chat ctx=8201..8251:50 gen=50 decoding chunk=55.52 t/s avg=55.52 t/s 0.901s
1003 02:21:04 ds4-server: chat ctx=8251..8301:50 gen=100 decoding chunk=55.46 t/s avg=55.49 t/s 1.802s
1003 02:21:05 ds4-server: chat ctx=8301..8351:50 gen=150 decoding chunk=55.38 t/s avg=55.45 t/s 2.705s
1003 02:21:06 ds4-server: chat ctx=8351..8401:50 gen=200 decoding chunk=55.35 t/s avg=55.43 t/s 3.608s
1003 02:21:07 ds4-server: chat ctx=8401..8451:50 gen=250 decoding chunk=55.26 t/s avg=55.39 t/s 4.513s
1003 02:21:07 ds4-server: chat ctx=8451..8457:6 gen=256 decoding chunk=55.14 t/s avg=55.39 t/s 4.622s
1003 02:21:07 ds4-server: chat ctx=0..8201:8201 gen=256 finish=length 13.119s
1003 02:21:07 ds4-server: live kv cache miss live=8457 prompt=8201 common=17 vision=match reason=token-mismatch
1003 02:21:07 ds4-server: chat ctx=0..8201:8201 prompt start
1003 02:21:07 ds4-server: chat ctx=0..8201:8201 prefill chunk 0/8201 (0.0%) chunk=0.00 t/s avg=0.00 t/s 0.000s
1003 02:21:09 ds4-server: chat ctx=0..8201:8201 prefill chunk 2048/8201 (25.0%) chunk=1039.50 t/s avg=1039.42 t/s 1.970s
1003 02:21:11 ds4-server: chat ctx=0..8201:8201 prefill chunk 4096/8201 (49.9%) chunk=967.67 t/s avg=1002.26 t/s 4.087s
1003 02:21:13 ds4-server: chat ctx=0..8201:8201 prefill chunk 6144/8201 (74.9%) chunk=959.65 t/s avg=987.65 t/s 6.221s
1003 02:21:15 ds4-server: chat ctx=0..8201:8201 prefill chunk 8192/8201 (99.9%) chunk=956.56 t/s avg=979.69 t/s 8.362s
1003 02:21:15 ds4-server: chat ctx=0..8201:8201 prefill chunk 8201/8201 (100.0%) chunk=66.64 t/s avg=965.17 t/s 8.497s
1003 02:21:15 ds4-server: chat ctx=0..8201:8201 prompt done 8.497s
1003 02:21:16 ds4-server: chat ctx=8201..8251:50 gen=50 decoding chunk=55.53 t/s avg=55.53 t/s 0.900s
1003 02:21:17 ds4-server: chat ctx=8251..8301:50 gen=100 decoding chunk=55.44 t/s avg=55.48 t/s 1.802s
1003 02:21:18 ds4-server: chat ctx=8301..8351:50 gen=150 decoding chunk=55.35 t/s avg=55.44 t/s 2.706s
1003 02:21:19 ds4-server: chat ctx=8351..8401:50 gen=200 decoding chunk=55.32 t/s avg=55.41 t/s 3.610s
1003 02:21:20 ds4-server: chat ctx=8401..8451:50 gen=250 decoding chunk=55.28 t/s avg=55.38 t/s 4.514s
1003 02:21:20 ds4-server: chat ctx=8451..8457:6 gen=256 decoding chunk=55.16 t/s avg=55.38 t/s 4.623s
1003 02:21:20 ds4-server: chat ctx=0..8201:8201 gen=256 finish=length 13.120s
1003 02:21:20 ds4-server: live kv cache miss live=8457 prompt=8201 common=17 vision=match reason=token-mismatch
1003 02:21:20 ds4-server: chat ctx=0..8201:8201 prompt start
1003 02:21:20 ds4-server: chat ctx=0..8201:8201 prefill chunk 0/8201 (0.0%) chunk=0.00 t/s avg=0.00 t/s 0.000s
1003 02:21:22 ds4-server: chat ctx=0..8201:8201 prefill chunk 2048/8201 (25.0%) chunk=1038.71 t/s avg=1038.59 t/s 1.972s
1003 02:21:24 ds4-server: chat ctx=0..8201:8201 prefill chunk 4096/8201 (49.9%) chunk=968.05 t/s avg=1002.08 t/s 4.088s
1003 02:21:26 ds4-server: chat ctx=0..8201:8201 prefill chunk 6144/8201 (74.9%) chunk=960.54 t/s avg=987.84 t/s 6.220s
1003 02:21:28 ds4-server: chat ctx=0..8201:8201 prefill chunk 8192/8201 (99.9%) chunk=955.24 t/s avg=979.48 t/s 8.364s
1003 02:21:28 ds4-server: chat ctx=0..8201:8201 prefill chunk 8201/8201 (100.0%) chunk=66.79 t/s avg=965.01 t/s 8.498s
1003 02:21:28 ds4-server: chat ctx=0..8201:8201 prompt done 8.498s
1003 02:21:29 ds4-server: chat ctx=8201..8251:50 gen=50 decoding chunk=55.47 t/s avg=55.47 t/s 0.901s
1003 02:21:30 ds4-server: chat ctx=8251..8301:50 gen=100 decoding chunk=55.46 t/s avg=55.47 t/s 1.803s
1003 02:21:31 ds4-server: chat ctx=8301..8351:50 gen=150 decoding chunk=55.35 t/s avg=55.43 t/s 2.706s
1003 02:21:32 ds4-server: chat ctx=8351..8401:50 gen=200 decoding chunk=55.27 t/s avg=55.39 t/s 3.611s
1003 02:21:33 ds4-server: chat ctx=8401..8451:50 gen=250 decoding chunk=55.28 t/s avg=55.37 t/s 4.515s
1003 02:21:33 ds4-server: chat ctx=8451..8457:6 gen=256 decoding chunk=55.21 t/s avg=55.36 t/s 4.624s
1003 02:21:33 ds4-server: chat ctx=0..8201:8201 gen=256 finish=length 13.123s
1003 02:21:33 ds4-server: live kv cache miss live=8457 prompt=8201 common=17 vision=match reason=token-mismatch
1003 02:21:33 ds4-server: chat ctx=0..8201:8201 prompt start
1003 02:21:33 ds4-server: chat ctx=0..8201:8201 prefill chunk 0/8201 (0.0%) chunk=0.00 t/s avg=0.00 t/s 0.000s
1003 02:21:35 ds4-server: chat ctx=0..8201:8201 prefill chunk 2048/8201 (25.0%) chunk=1039.24 t/s avg=1039.17 t/s 1.971s
1003 02:21:37 ds4-server: chat ctx=0..8201:8201 prefill chunk 4096/8201 (49.9%) chunk=967.84 t/s avg=1002.24 t/s 4.087s
1003 02:21:39 ds4-server: chat ctx=0..8201:8201 prefill chunk 6144/8201 (74.9%) chunk=960.96 t/s avg=988.09 t/s 6.218s
1003 02:21:41 ds4-server: chat ctx=0..8201:8201 prefill chunk 8192/8201 (99.9%) chunk=956.14 t/s avg=979.90 t/s 8.360s
1003 02:21:42 ds4-server: chat ctx=0..8201:8201 prefill chunk 8201/8201 (100.0%) chunk=66.75 t/s avg=965.41 t/s 8.495s
1003 02:21:42 ds4-server: chat ctx=0..8201:8201 prompt done 8.495s
1003 02:21:42 ds4-server: chat ctx=8201..8251:50 gen=50 decoding chunk=55.46 t/s avg=55.46 t/s 0.902s
1003 02:21:43 ds4-server: chat ctx=8251..8301:50 gen=100 decoding chunk=55.48 t/s avg=55.47 t/s 1.803s
1003 02:21:44 ds4-server: chat ctx=8301..8351:50 gen=150 decoding chunk=55.35 t/s avg=55.43 t/s 2.706s
1003 02:21:45 ds4-server: chat ctx=8351..8401:50 gen=200 decoding chunk=55.36 t/s avg=55.41 t/s 3.609s
1003 02:21:46 ds4-server: chat ctx=8401..8451:50 gen=250 decoding chunk=55.29 t/s avg=55.39 t/s 4.514s
1003 02:21:46 ds4-server: chat ctx=8451..8457:6 gen=256 decoding chunk=55.22 t/s avg=55.38 t/s 4.622s
1003 02:21:46 ds4-server: chat ctx=0..8201:8201 gen=256 finish=length 13.117s
1003 02:21:46 ds4-server: live kv cache miss live=8457 prompt=8201 common=17 vision=match reason=token-mismatch
1003 02:21:46 ds4-server: chat ctx=0..8201:8201 prompt start
1003 02:21:46 ds4-server: chat ctx=0..8201:8201 prefill chunk 0/8201 (0.0%) chunk=0.00 t/s avg=0.00 t/s 0.000s
1003 02:21:48 ds4-server: chat ctx=0..8201:8201 prefill chunk 2048/8201 (25.0%) chunk=1037.88 t/s avg=1037.81 t/s 1.973s
1003 02:21:50 ds4-server: chat ctx=0..8201:8201 prefill chunk 4096/8201 (49.9%) chunk=968.08 t/s avg=1001.73 t/s 4.089s
1003 02:21:52 ds4-server: chat ctx=0..8201:8201 prefill chunk 6144/8201 (74.9%) chunk=959.74 t/s avg=987.33 t/s 6.223s
1003 02:21:55 ds4-server: chat ctx=0..8201:8201 prefill chunk 8192/8201 (99.9%) chunk=956.44 t/s avg=979.42 t/s 8.364s
1003 02:21:55 ds4-server: chat ctx=0..8201:8201 prefill chunk 8201/8201 (100.0%) chunk=66.83 t/s avg=964.96 t/s 8.499s
1003 02:21:55 ds4-server: chat ctx=0..8201:8201 prompt done 8.499s
1003 02:21:56 ds4-server: chat ctx=8201..8251:50 gen=50 decoding chunk=55.51 t/s avg=55.51 t/s 0.901s
1003 02:21:57 ds4-server: chat ctx=8251..8301:50 gen=100 decoding chunk=55.41 t/s avg=55.46 t/s 1.803s
1003 02:21:57 ds4-server: chat ctx=8301..8351:50 gen=150 decoding chunk=55.42 t/s avg=55.45 t/s 2.705s
1003 02:21:58 ds4-server: chat ctx=8351..8401:50 gen=200 decoding chunk=55.36 t/s avg=55.43 t/s 3.608s
1003 02:21:59 ds4-server: chat ctx=8401..8451:50 gen=250 decoding chunk=55.20 t/s avg=55.38 t/s 4.514s
1003 02:21:59 ds4-server: chat ctx=8451..8457:6 gen=256 decoding chunk=55.27 t/s avg=55.38 t/s 4.623s
1003 02:21:59 ds4-server: chat ctx=0..8201:8201 gen=256 finish=length 13.122s
1003 02:21:59 ds4-server: live kv cache miss live=8457 prompt=8201 common=17 vision=match reason=token-mismatch
1003 02:21:59 ds4-server: chat ctx=0..8201:8201 prompt start
1003 02:21:59 ds4-server: chat ctx=0..8201:8201 prefill chunk 0/8201 (0.0%) chunk=0.00 t/s avg=0.00 t/s 0.000s
1003 02:22:01 ds4-server: chat ctx=0..8201:8201 prefill chunk 2048/8201 (25.0%) chunk=1038.55 t/s avg=1038.42 t/s 1.972s
1003 02:22:03 ds4-server: chat ctx=0..8201:8201 prefill chunk 4096/8201 (49.9%) chunk=967.88 t/s avg=1001.91 t/s 4.088s
1003 02:22:06 ds4-server: chat ctx=0..8201:8201 prefill chunk 6144/8201 (74.9%) chunk=960.08 t/s avg=987.57 t/s 6.221s
1003 02:22:08 ds4-server: chat ctx=0..8201:8201 prefill chunk 8192/8201 (99.9%) chunk=955.53 t/s avg=979.36 t/s 8.365s
1003 02:22:08 ds4-server: chat ctx=0..8201:8201 prefill chunk 8201/8201 (100.0%) chunk=66.77 t/s avg=964.89 t/s 8.499s
1003 02:22:08 ds4-server: chat ctx=0..8201:8201 prompt done 8.500s
1003 02:22:09 ds4-server: chat ctx=8201..8251:50 gen=50 decoding chunk=55.51 t/s avg=55.51 t/s 0.901s
1003 02:22:10 ds4-server: chat ctx=8251..8301:50 gen=100 decoding chunk=55.46 t/s avg=55.48 t/s 1.802s
1003 02:22:11 ds4-server: chat ctx=8301..8351:50 gen=150 decoding chunk=55.34 t/s avg=55.44 t/s 2.706s
1003 02:22:11 ds4-server: chat ctx=8351..8401:50 gen=200 decoding chunk=55.44 t/s avg=55.44 t/s 3.608s
1003 02:22:12 ds4-server: chat ctx=8401..8451:50 gen=250 decoding chunk=55.32 t/s avg=55.41 t/s 4.511s
1003 02:22:12 ds4-server: chat ctx=8451..8457:6 gen=256 decoding chunk=55.23 t/s avg=55.41 t/s 4.620s
1003 02:22:12 ds4-server: chat ctx=0..8201:8201 gen=256 finish=length 13.120s
1003 02:22:12 ds4-server: live kv cache miss live=8457 prompt=8201 common=17 vision=match reason=token-mismatch
1003 02:22:12 ds4-server: chat ctx=0..8201:8201 prompt start
1003 02:22:12 ds4-server: chat ctx=0..8201:8201 prefill chunk 0/8201 (0.0%) chunk=0.00 t/s avg=0.00 t/s 0.000s
1003 02:22:14 ds4-server: chat ctx=0..8201:8201 prefill chunk 2048/8201 (25.0%) chunk=1040.18 t/s avg=1040.11 t/s 1.969s
1003 02:22:17 ds4-server: chat ctx=0..8201:8201 prefill chunk 4096/8201 (49.9%) chunk=968.43 t/s avg=1002.99 t/s 4.084s
1003 02:22:19 ds4-server: chat ctx=0..8201:8201 prefill chunk 6144/8201 (74.9%) chunk=960.14 t/s avg=988.29 t/s 6.217s
1003 02:22:21 ds4-server: chat ctx=0..8201:8201 prefill chunk 8192/8201 (99.9%) chunk=955.85 t/s avg=979.97 t/s 8.359s
1003 02:22:21 ds4-server: chat ctx=0..8201:8201 prefill chunk 8201/8201 (100.0%) chunk=66.66 t/s avg=965.46 t/s 8.494s
1003 02:22:21 ds4-server: chat ctx=0..8201:8201 prompt done 8.494s
1003 02:22:22 ds4-server: chat ctx=8201..8251:50 gen=50 decoding chunk=55.47 t/s avg=55.47 t/s 0.901s
1003 02:22:23 ds4-server: chat ctx=8251..8301:50 gen=100 decoding chunk=55.45 t/s avg=55.46 t/s 1.803s
1003 02:22:24 ds4-server: chat ctx=8301..8351:50 gen=150 decoding chunk=55.36 t/s avg=55.42 t/s 2.706s
1003 02:22:25 ds4-server: chat ctx=8351..8401:50 gen=200 decoding chunk=55.34 t/s avg=55.40 t/s 3.610s
1003 02:22:25 ds4-server: chat ctx=8401..8451:50 gen=250 decoding chunk=55.26 t/s avg=55.38 t/s 4.515s
1003 02:22:26 ds4-server: chat ctx=8451..8457:6 gen=256 decoding chunk=54.99 t/s avg=55.37 t/s 4.624s
1003 02:22:26 ds4-server: chat ctx=0..8201:8201 gen=256 finish=length 13.118s
1003 02:22:26 ds4-server: live kv cache miss live=8457 prompt=8201 common=17 vision=match reason=token-mismatch
1003 02:22:26 ds4-server: chat ctx=0..8201:8201 prompt start
1003 02:22:26 ds4-server: chat ctx=0..8201:8201 prefill chunk 0/8201 (0.0%) chunk=0.00 t/s avg=0.00 t/s 0.000s
1003 02:22:28 ds4-server: chat ctx=0..8201:8201 prefill chunk 2048/8201 (25.0%) chunk=1039.52 t/s avg=1039.42 t/s 1.970s
1003 02:22:30 ds4-server: chat ctx=0..8201:8201 prefill chunk 4096/8201 (49.9%) chunk=968.33 t/s avg=1002.61 t/s 4.085s
1003 02:22:32 ds4-server: chat ctx=0..8201:8201 prefill chunk 6144/8201 (74.9%) chunk=960.31 t/s avg=988.10 t/s 6.218s
1003 02:22:34 ds4-server: chat ctx=0..8201:8201 prefill chunk 8192/8201 (99.9%) chunk=956.79 t/s avg=980.08 t/s 8.358s
1003 02:22:34 ds4-server: chat ctx=0..8201:8201 prefill chunk 8201/8201 (100.0%) chunk=66.79 t/s avg=965.60 t/s 8.493s
1003 02:22:34 ds4-server: chat ctx=0..8201:8201 prompt done 8.493s
1003 02:22:35 ds4-server: chat ctx=8201..8251:50 gen=50 decoding chunk=55.51 t/s avg=55.51 t/s 0.901s
1003 02:22:36 ds4-server: chat ctx=8251..8301:50 gen=100 decoding chunk=55.46 t/s avg=55.48 t/s 1.802s
1003 02:22:37 ds4-server: chat ctx=8301..8351:50 gen=150 decoding chunk=55.30 t/s avg=55.42 t/s 2.706s
1003 02:22:38 ds4-server: chat ctx=8351..8401:50 gen=200 decoding chunk=55.34 t/s avg=55.40 t/s 3.610s
1003 02:22:39 ds4-server: chat ctx=8401..8451:50 gen=250 decoding chunk=55.27 t/s avg=55.38 t/s 4.515s
1003 02:22:39 ds4-server: chat ctx=8451..8457:6 gen=256 decoding chunk=55.18 t/s avg=55.37 t/s 4.623s
1003 02:22:39 ds4-server: chat ctx=0..8201:8201 gen=256 finish=length 13.117s
1003 02:22:39 ds4-server: live kv cache miss live=8457 prompt=8201 common=17 vision=match reason=token-mismatch
1003 02:22:39 ds4-server: chat ctx=0..8201:8201 prompt start
1003 02:22:39 ds4-server: chat ctx=0..8201:8201 prefill chunk 0/8201 (0.0%) chunk=0.00 t/s avg=0.00 t/s 0.000s
1003 02:22:41 ds4-server: chat ctx=0..8201:8201 prefill chunk 2048/8201 (25.0%) chunk=1038.59 t/s avg=1038.52 t/s 1.972s
1003 02:22:43 ds4-server: chat ctx=0..8201:8201 prefill chunk 4096/8201 (49.9%) chunk=967.51 t/s avg=1001.76 t/s 4.089s
1003 02:22:45 ds4-server: chat ctx=0..8201:8201 prefill chunk 6144/8201 (74.9%) chunk=960.79 t/s avg=987.72 t/s 6.220s
1003 02:22:47 ds4-server: chat ctx=0..8201:8201 prefill chunk 8192/8201 (99.9%) chunk=955.49 t/s avg=979.46 t/s 8.364s
1003 02:22:47 ds4-server: chat ctx=0..8201:8201 prefill chunk 8201/8201 (100.0%) chunk=66.76 t/s avg=964.98 t/s 8.499s
1003 02:22:47 ds4-server: chat ctx=0..8201:8201 prompt done 8.499s
1003 02:22:48 ds4-server: chat ctx=8201..8251:50 gen=50 decoding chunk=55.49 t/s avg=55.49 t/s 0.901s
1003 02:22:49 ds4-server: chat ctx=8251..8301:50 gen=100 decoding chunk=55.43 t/s avg=55.46 t/s 1.803s
1003 02:22:50 ds4-server: chat ctx=8301..8351:50 gen=150 decoding chunk=55.35 t/s avg=55.42 t/s 2.706s
1003 02:22:51 ds4-server: chat ctx=8351..8401:50 gen=200 decoding chunk=55.33 t/s avg=55.40 t/s 3.610s
1003 02:22:52 ds4-server: chat ctx=8401..8451:50 gen=250 decoding chunk=55.27 t/s avg=55.37 t/s 4.515s
1003 02:22:52 ds4-server: chat ctx=8451..8457:6 gen=256 decoding chunk=54.86 t/s avg=55.36 t/s 4.624s
1003 02:22:52 ds4-server: chat ctx=0..8201:8201 gen=256 finish=length 13.123s
1003 02:22:52 ds4-server: live kv cache miss live=8457 prompt=8201 common=17 vision=match reason=token-mismatch
1003 02:22:52 ds4-server: chat ctx=0..8201:8201 prompt start
1003 02:22:52 ds4-server: chat ctx=0..8201:8201 prefill chunk 0/8201 (0.0%) chunk=0.00 t/s avg=0.00 t/s 0.000s
1003 02:22:54 ds4-server: chat ctx=0..8201:8201 prefill chunk 2048/8201 (25.0%) chunk=1039.51 t/s avg=1039.44 t/s 1.970s
1003 02:22:56 ds4-server: chat ctx=0..8201:8201 prefill chunk 4096/8201 (49.9%) chunk=968.45 t/s avg=1002.69 t/s 4.085s
1003 02:22:58 ds4-server: chat ctx=0..8201:8201 prefill chunk 6144/8201 (74.9%) chunk=959.98 t/s avg=988.04 t/s 6.218s
1003 02:23:00 ds4-server: chat ctx=0..8201:8201 prefill chunk 8192/8201 (99.9%) chunk=955.91 t/s avg=979.80 t/s 8.361s
1003 02:23:00 ds4-server: chat ctx=0..8201:8201 prefill chunk 8201/8201 (100.0%) chunk=66.66 t/s avg=965.29 t/s 8.496s
1003 02:23:00 ds4-server: chat ctx=0..8201:8201 prompt done 8.496s
1003 02:23:01 ds4-server: chat ctx=8201..8251:50 gen=50 decoding chunk=55.52 t/s avg=55.52 t/s 0.901s
1003 02:23:02 ds4-server: chat ctx=8251..8301:50 gen=100 decoding chunk=55.44 t/s avg=55.48 t/s 1.802s
1003 02:23:03 ds4-server: chat ctx=8301..8351:50 gen=150 decoding chunk=55.34 t/s avg=55.43 t/s 2.706s
1003 02:23:04 ds4-server: chat ctx=8351..8401:50 gen=200 decoding chunk=55.34 t/s avg=55.41 t/s 3.609s
1003 02:23:05 ds4-server: chat ctx=8401..8451:50 gen=250 decoding chunk=55.27 t/s avg=55.38 t/s 4.514s
1003 02:23:05 ds4-server: chat ctx=8451..8457:6 gen=256 decoding chunk=55.20 t/s avg=55.38 t/s 4.623s
1003 02:23:05 ds4-server: chat ctx=0..8201:8201 gen=256 finish=length 13.119s
1003 02:23:05 ds4-server: live kv cache miss live=8457 prompt=8201 common=17 vision=match reason=token-mismatch
1003 02:23:05 ds4-server: chat ctx=0..8201:8201 prompt start
1003 02:23:05 ds4-server: chat ctx=0..8201:8201 prefill chunk 0/8201 (0.0%) chunk=0.00 t/s avg=0.00 t/s 0.000s
1003 02:23:07 ds4-server: chat ctx=0..8201:8201 prefill chunk 2048/8201 (25.0%) chunk=1037.88 t/s avg=1037.80 t/s 1.973s
1003 02:23:09 ds4-server: chat ctx=0..8201:8201 prefill chunk 4096/8201 (49.9%) chunk=968.43 t/s avg=1001.92 t/s 4.088s
1003 02:23:11 ds4-server: chat ctx=0..8201:8201 prefill chunk 6144/8201 (74.9%) chunk=960.06 t/s avg=987.56 t/s 6.221s
1003 02:23:13 ds4-server: chat ctx=0..8201:8201 prefill chunk 8192/8201 (99.9%) chunk=955.98 t/s avg=979.47 t/s 8.364s
1003 02:23:13 ds4-server: chat ctx=0..8201:8201 prefill chunk 8201/8201 (100.0%) chunk=66.81 t/s avg=965.01 t/s 8.498s
1003 02:23:13 ds4-server: chat ctx=0..8201:8201 prompt done 8.498s
1003 02:23:14 ds4-server: chat ctx=8201..8251:50 gen=50 decoding chunk=55.49 t/s avg=55.49 t/s 0.901s
1003 02:23:15 ds4-server: chat ctx=8251..8301:50 gen=100 decoding chunk=55.46 t/s avg=55.48 t/s 1.803s
1003 02:23:16 ds4-server: chat ctx=8301..8351:50 gen=150 decoding chunk=55.35 t/s avg=55.43 t/s 2.706s
1003 02:23:17 ds4-server: chat ctx=8351..8401:50 gen=200 decoding chunk=55.31 t/s avg=55.40 t/s 3.610s
1003 02:23:18 ds4-server: chat ctx=8401..8451:50 gen=250 decoding chunk=55.27 t/s avg=55.38 t/s 4.515s
1003 02:23:18 ds4-server: chat ctx=8451..8457:6 gen=256 decoding chunk=55.17 t/s avg=55.37 t/s 4.623s
1003 02:23:18 ds4-server: chat ctx=0..8201:8201 gen=256 finish=length 13.122s
1003 02:23:18 ds4-server: live kv cache miss live=8457 prompt=8201 common=17 vision=match reason=token-mismatch
1003 02:23:18 ds4-server: chat ctx=0..8201:8201 prompt start
1003 02:23:18 ds4-server: chat ctx=0..8201:8201 prefill chunk 0/8201 (0.0%) chunk=0.00 t/s avg=0.00 t/s 0.000s
1003 02:23:20 ds4-server: chat ctx=0..8201:8201 prefill chunk 2048/8201 (25.0%) chunk=1038.45 t/s avg=1038.33 t/s 1.972s
1003 02:23:22 ds4-server: chat ctx=0..8201:8201 prefill chunk 4096/8201 (49.9%) chunk=967.96 t/s avg=1001.91 t/s 4.088s
1003 02:23:24 ds4-server: chat ctx=0..8201:8201 prefill chunk 6144/8201 (74.9%) chunk=959.94 t/s avg=987.52 t/s 6.222s
1003 02:23:26 ds4-server: chat ctx=0..8201:8201 prefill chunk 8192/8201 (99.9%) chunk=955.84 t/s avg=979.40 t/s 8.364s
1003 02:23:27 ds4-server: chat ctx=0..8201:8201 prefill chunk 8201/8201 (100.0%) chunk=66.80 t/s avg=964.94 t/s 8.499s
1003 02:23:27 ds4-server: chat ctx=0..8201:8201 prompt done 8.499s
1003 02:23:27 ds4-server: chat ctx=8201..8251:50 gen=50 decoding chunk=55.46 t/s avg=55.46 t/s 0.901s
1003 02:23:28 ds4-server: chat ctx=8251..8301:50 gen=100 decoding chunk=55.47 t/s avg=55.47 t/s 1.803s
1003 02:23:29 ds4-server: chat ctx=8301..8351:50 gen=150 decoding chunk=55.33 t/s avg=55.42 t/s 2.707s
1003 02:23:30 ds4-server: chat ctx=8351..8401:50 gen=200 decoding chunk=55.35 t/s avg=55.40 t/s 3.610s
1003 02:23:31 ds4-server: chat ctx=8401..8451:50 gen=250 decoding chunk=55.28 t/s avg=55.38 t/s 4.514s
1003 02:23:31 ds4-server: chat ctx=8451..8457:6 gen=256 decoding chunk=55.19 t/s avg=55.37 t/s 4.623s
1003 02:23:31 ds4-server: chat ctx=0..8201:8201 gen=256 finish=length 13.122s
1003 02:23:31 ds4-server: shutdown requested, draining requests
